{"type":"FeatureCollection","crs":{"type":"name","properties":{"name":"EPSG:3857"}},"features":[{"type":"Feature","id":0,"geometry":{"type":"Point","coordinates":[775189.66582645581,6892228.7481128396]},"properties":{"FID":0,"ID_con":2045,"bw_id":"DIN_QUE_125","name":"Querung Trinkwasserleitung","GEW":"DIN","stat_von":125,"bauart":"Dükerung","baujahr":" ","upflicht":"WAZ","KTR":" ","FSK":"033147019001110023__","bemerk":" ","beschreib":"Dükerung einer Trinkwasserleitung","beschreib_":" ","foto1":"https://nlwkn.hannit-share.de/index.php/core/preview?fileId=11067865&x=1280&y=819&a=true","foto2":"https://nlwkn.hannit-share.de/index.php/core/preview?fileId=11067868&x=1280&y=819&a=true","foto3":"https://nlwkn.hannit-share.de/index.php/core/preview?fileId=11067871&x=1280&y=819&a=true","foto4":"https://nlwkn.hannit-share.de/index.php/core/preview?fileId=11067874&x=1280&y=819&a=true","link1":"https://nlwkn.hannit-share.de/index.php/core/preview?fileId=11067877&x=1280&y=819&a=true","link2":"https://nlwkn.hannit-share.de/index.php/core/preview?fileId=11067880&x=1280&y=819&a=true","Schild":" ","BW_QUE_Sho":0,"Bw_QUE_DN":" ","BW_QUE_Ver":0,"BW_QUE_V_1":0,"rwert":361794,"hwert":5819323}},{"type":"Feature","id":1,"geometry":{"type":"Point","coordinates":[774979.38669729803,6891773.8689759327]},"properties":{"FID":1,"ID_con":2048,"bw_id":"DIN_QUE_435","name":"Dükerung","GEW":"DIN","stat_von":435,"bauart":"Dükerung","baujahr":" ","upflicht":"??","KTR":" ","FSK":"033147001000010048__","bemerk":" ","beschreib":"Dükerung??","beschreib_":" ","foto1":"https://nlwkn.hannit-share.de/index.php/core/preview?fileId=11067904&x=1280&y=819&a=true","foto2":"https://nlwkn.hannit-share.de/index.php/core/preview?fileId=11067907&x=1280&y=819&a=true","foto3":"https://nlwkn.hannit-share.de/index.php/core/preview?fileId=11067910&x=1280&y=819&a=true","foto4":" ","link1":" ","link2":" ","Schild":"Dükerschild","BW_QUE_Sho":0,"Bw_QUE_DN":" ","BW_QUE_Ver":0,"BW_QUE_V_1":0,"rwert":361658,"hwert":5819050}},{"type":"Feature","id":2,"geometry":{"type":"Point","coordinates":[775502.29148955375,6889393.1376468893]},"properties":{"FID":2,"ID_con":2061,"bw_id":"DIN_QUE_2145","name":"Dükerung","GEW":"DIN","stat_von":2145,"bauart":"Dükerung","baujahr":" ","upflicht":"??","KTR":" ","FSK":"033147008000940060__","bemerk":"Beschilderung verblichen","beschreib":"Kabeldüker","beschreib_":" ","foto1":"https://nlwkn.hannit-share.de/index.php/core/preview?fileId=11067883&x=1280&y=819&a=true","foto2":"https://nlwkn.hannit-share.de/index.php/core/preview?fileId=11067886&x=1280&y=819&a=true","foto3":" ","foto4":" ","link1":" ","link2":" ","Schild":"Dükerschild","BW_QUE_Sho":0,"Bw_QUE_DN":" ","BW_QUE_Ver":0,"BW_QUE_V_1":0,"rwert":361936,"hwert":5817593}},{"type":"Feature","id":3,"geometry":{"type":"Point","coordinates":[775748.47093218751,6888392.4369877195]},"properties":{"FID":3,"ID_con":2481,"bw_id":"DIN_QUE_2775","name":"Dükerung Telekommunikationskabel PE DN 180 x 16,4","GEW":"DIN","stat_von":2775,"bauart":"Dükerung (HZB)","baujahr":"2023","upflicht":"EWE Netz","KTR":" ","FSK":"03314704700001______","bemerk":"Dükerschild kontrollieren, Vertrag abschließen, Sohllage nachtragen","beschreib":"Dükerung EWE Netz TK - Kabel PE 180x16,4","beschreib_":"62018-GLD-Stellungnahme - Anlagen in und am Gewässer-1022/2023-1855/2023-3901/2023","foto1":" ","foto2":" ","foto3":" ","foto4":" ","link1":" ","link2":" ","Schild":" ","BW_QUE_Sho":0,"Bw_QUE_DN":"180","BW_QUE_Ver":0,"BW_QUE_V_1":0,"rwert":362069,"hwert":5816980}},{"type":"Feature","id":4,"geometry":{"type":"Point","coordinates":[775433.18118585902,6887709.6517040143]},"properties":{"FID":4,"ID_con":812,"bw_id":"DIN_QUE_3270","name":"Gasleitung","GEW":"DIN","stat_von":3270,"bauart":"Dükerung","baujahr":" ","upflicht":"TyssenGas","KTR":" ","FSK":"03314704800067______","bemerk":" ","beschreib":"Gasleitungsdüker","beschreib_":" ","foto1":"https://nlwkn.hannit-share.de/index.php/core/preview?fileId=11067889&x=1280&y=819&a=true","foto2":"https://nlwkn.hannit-share.de/index.php/core/preview?fileId=11067892&x=1280&y=819&a=true","foto3":"https://nlwkn.hannit-share.de/index.php/core/preview?fileId=11067895&x=1280&y=819&a=true","foto4":" ","link1":" ","link2":" ","Schild":" ","BW_QUE_Sho":0,"Bw_QUE_DN":" ","BW_QUE_Ver":0,"BW_QUE_V_1":0,"rwert":361865,"hwert":5816570}},{"type":"Feature","id":5,"geometry":{"type":"Point","coordinates":[775440.37989087077,6887686.8452290064]},"properties":{"FID":5,"ID_con":813,"bw_id":"DIN_QUE_3285","name":"Gasleitung","GEW":"DIN","stat_von":3285,"bauart":"Dükerung","baujahr":" ","upflicht":"Erdgas Münster?","KTR":" ","FSK":"03314704800067______","bemerk":" ","beschreib":"Gasleitungsdüker","beschreib_":" ","foto1":"https://nlwkn.hannit-share.de/index.php/core/preview?fileId=11067898&x=1280&y=819&a=true","foto2":" ","foto3":" ","foto4":" ","link1":" ","link2":" ","Schild":" ","BW_QUE_Sho":0,"Bw_QUE_DN":" ","BW_QUE_Ver":0,"BW_QUE_V_1":0,"rwert":361869,"hwert":5816556}},{"type":"Feature","id":6,"geometry":{"type":"Point","coordinates":[775962.6546336544,6886659.6309646899]},"properties":{"FID":6,"ID_con":814,"bw_id":"DIN_QUE_4020","name":"Oberleitung für Hausanschluss??","GEW":"DIN","stat_von":4020,"bauart":"Oberleitung","baujahr":" ","upflicht":"??","KTR":" ","FSK":"033143002000160002__","bemerk":" ","beschreib":"Oberleitung für Hausversorgung","beschreib_":" ","foto1":"https://nlwkn.hannit-share.de/index.php/core/preview?fileId=11067901&x=1280&y=819&a=true","foto2":" ","foto3":" ","foto4":" ","link1":" ","link2":" ","Schild":" ","BW_QUE_Sho":0,"Bw_QUE_DN":" ","BW_QUE_Ver":0,"BW_QUE_V_1":0,"rwert":362170,"hwert":5815922}},{"type":"Feature","id":7,"geometry":{"type":"Point","coordinates":[775560.85637877847,6884448.164972188]},"properties":{"FID":7,"ID_con":815,"bw_id":"DIN_QUE_5810","name":"Dükerung Gasleitung","GEW":"DIN","stat_von":5810,"bauart":"Dükerung","baujahr":" ","upflicht":"Erdgas Münster","KTR":" ","FSK":"033143003001420005__","bemerk":" ","beschreib":"Dükerung Gasleitung","beschreib_":" ","foto1":"https://nlwkn.hannit-share.de/index.php/core/preview?fileId=11067916&x=1280&y=819&a=true","foto2":"https://nlwkn.hannit-share.de/index.php/core/preview?fileId=11067919&x=1280&y=819&a=true","foto3":" ","foto4":" ","link1":" ","link2":" ","Schild":"Dükerschild","BW_QUE_Sho":0,"Bw_QUE_DN":" ","BW_QUE_Ver":0,"BW_QUE_V_1":0,"rwert":361887,"hwert":5814583}},{"type":"Feature","id":8,"geometry":{"type":"Point","coordinates":[774226.26720196474,6881916.8686100421]},"properties":{"FID":8,"ID_con":817,"bw_id":"DIN_QUE_7615","name":"Stromleitung","GEW":"DIN","stat_von":7615,"bauart":"Dükerung oder Oberleitung??","baujahr":" ","upflicht":"??","KTR":" ","FSK":"033142006000400031__","bemerk":"Dükerung oder Oberleitung??","beschreib":"Dükerung??","beschreib_":" ","foto1":"https://nlwkn.hannit-share.de/index.php/core/preview?fileId=11067928&x=1280&y=819&a=true","foto2":"https://nlwkn.hannit-share.de/index.php/core/preview?fileId=11067931&x=1280&y=819&a=true","foto3":"https://nlwkn.hannit-share.de/index.php/core/preview?fileId=11067934&x=1280&y=819&a=true","foto4":" ","link1":" ","link2":" ","Schild":" ","BW_QUE_Sho":0,"Bw_QUE_DN":" ","BW_QUE_Ver":0,"BW_QUE_V_1":0,"rwert":361029,"hwert":5813065}},{"type":"Feature","id":9,"geometry":{"type":"Point","coordinates":[766803.30028572783,6912723.9160763705]},"properties":{"FID":9,"ID_con":818,"bw_id":"ELK_QUE_190","name":"Oberleitung","GEW":"ELK","stat_von":190,"bauart":"Oberleitiung","baujahr":" ","upflicht":"??","KTR":" ","FSK":"03312900900474______","bemerk":" ","beschreib":"Oberleitiung","beschreib_":" ","foto1":" ","foto2":" ","foto3":" ","foto4":" ","link1":" ","link2":" ","Schild":" ","BW_QUE_Sho":0,"Bw_QUE_DN":" ","BW_QUE_Ver":0,"BW_QUE_V_1":0,"rwert":357046,"hwert":5831917}},{"type":"Feature","id":10,"geometry":{"type":"Point","coordinates":[766137.64467732748,6911812.4563015141]},"properties":{"FID":10,"ID_con":819,"bw_id":"ELK_QUE_900","name":"Oberleitung","GEW":"ELK","stat_von":900,"bauart":"Oberleitung","baujahr":" ","upflicht":"??","KTR":" ","FSK":"03312900900474______","bemerk":" ","beschreib":"Oberleitung","beschreib_":" ","foto1":" ","foto2":" ","foto3":" ","foto4":" ","link1":" ","link2":" ","Schild":" ","BW_QUE_Sho":0,"Bw_QUE_DN":" ","BW_QUE_Ver":0,"BW_QUE_V_1":0,"rwert":356625,"hwert":5831376}},{"type":"Feature","id":11,"geometry":{"type":"Point","coordinates":[813425.78635928128,6884873.5878284732]},"properties":{"FID":11,"ID_con":2566,"bw_id":"EVK_QUE_160","name":"Kreuzung Niederspannungskabel (4x150qmm)","GEW":"EVK","stat_von":160,"bauart":"Dükerung (HDD)","baujahr":"2024","upflicht":"Stadtwerke Schüttorf","KTR":" ","FSK":"033163002000360007__","bemerk":"Infos sind zu ergänzen wenn Bau erfolgt ist, Vertrag abschließen, Akte anlegen","beschreib":"Kreuzung des EmsVechte-Kanals durch die Stadtwerke Schüttorf Emsbüren GmbH mit einem Niederspannungskabel NAYY 4x150mm2","beschreib_":"Kreuzung des EmsVechte-Kanals durch die Stadtwerke Schüttorf Emsbüren GmbH mit einem Niederspannungskabel NAYY 4x150mm2","foto1":"https://nlwkn.hannit-share.de/index.php/core/preview?fileId=11066998&x=1280&y=819&a=true","foto2":"https://nlwkn.hannit-share.de/index.php/core/preview?fileId=11067001&x=1280&y=819&a=true","foto3":"https://nlwkn.hannit-share.de/index.php/core/preview?fileId=11067004&x=1280&y=819&a=true","foto4":"https://nlwkn.hannit-share.de/index.php/core/preview?fileId=11067007&x=1280&y=819&a=true","link1":" ","link2":" ","Schild":"noch nicht erfolgt","BW_QUE_Sho":0,"Bw_QUE_DN":"4x150 qmm","BW_QUE_Ver":0,"BW_QUE_V_1":0,"rwert":384999,"hwert":5814246}},{"type":"Feature","id":12,"geometry":{"type":"Point","coordinates":[812067.71669593954,6884922.066705185]},"properties":{"FID":12,"ID_con":820,"bw_id":"EVK_QUE_1260","name":"Oberleitung","GEW":"EVK","stat_von":1260,"bauart":"Oberleitung","baujahr":" ","upflicht":"??","KTR":" ","FSK":"03316300700052______","bemerk":" ","beschreib":"Oberleitung","beschreib_":" ","foto1":"https://nlwkn.hannit-share.de/index.php/core/preview?fileId=11066941&x=1280&y=819&a=true","foto2":"https://nlwkn.hannit-share.de/index.php/core/preview?fileId=11066944&x=1280&y=819&a=true","foto3":"https://nlwkn.hannit-share.de/index.php/core/preview?fileId=11066947&x=1280&y=819&a=true","foto4":" ","link1":" ","link2":" ","Schild":" ","BW_QUE_Sho":0,"Bw_QUE_DN":" ","BW_QUE_Ver":0,"BW_QUE_V_1":0,"rwert":384171,"hwert":5814295}},{"type":"Feature","id":13,"geometry":{"type":"Point","coordinates":[812008.86831610475,6884915.7451101234]},"properties":{"FID":13,"ID_con":822,"bw_id":"EVK_QUE_1295","name":"Oberleitung","GEW":"EVK","stat_von":1295,"bauart":"Oberleitung","baujahr":" ","upflicht":"??","KTR":" ","FSK":"03316300700052______","bemerk":" ","beschreib":"Oberleitung","beschreib_":" ","foto1":"https://nlwkn.hannit-share.de/index.php/core/preview?fileId=11066962&x=1280&y=819&a=true","foto2":" ","foto3":" ","foto4":" ","link1":" ","link2":" ","Schild":" ","BW_QUE_Sho":0,"Bw_QUE_DN":" ","BW_QUE_Ver":0,"BW_QUE_V_1":0,"rwert":384135,"hwert":5814292}},{"type":"Feature","id":14,"geometry":{"type":"Point","coordinates":[808525.19217123464,6884623.8760358077]},"properties":{"FID":14,"ID_con":2354,"bw_id":"EVK_QUE_3435","name":"Dükerung Schutzrohr für LWL-Kabel","GEW":"EVK","stat_von":3435,"bauart":"Dükerung","baujahr":"2015","upflicht":"EWE","KTR":" ","FSK":"03316300700052______","bemerk":"??Lage an Hand Antragsunterlagen prüfen","beschreib":"Dükerung Schutzrohr für LWL-Kabel","beschreib_":" ","foto1":" ","foto2":" ","foto3":" ","foto4":" ","link1":" ","link2":" ","Schild":" ","BW_QUE_Sho":0,"Bw_QUE_DN":" ","BW_QUE_Ver":0,"BW_QUE_V_1":0,"rwert":382005,"hwert":5814165}},{"type":"Feature","id":15,"geometry":{"type":"Point","coordinates":[805792.9040958056,6883363.2802109839]},"properties":{"FID":15,"ID_con":2521,"bw_id":"EVK_QUE_5270","name":"Dükerung Gasleitung","GEW":"EVK","stat_von":5270,"bauart":"Dükerung Gasleitung","baujahr":" ","upflicht":"Gasunie","KTR":" ","FSK":"033157058000180017__","bemerk":" ","beschreib":"Dükerung Gasleitung","beschreib_":" ","foto1":"https://nlwkn.hannit-share.de/index.php/core/preview?fileId=11067016&x=1280&y=819&a=true","foto2":"https://nlwkn.hannit-share.de/index.php/core/preview?fileId=11067019&x=1280&y=819&a=true","foto3":"https://nlwkn.hannit-share.de/index.php/core/preview?fileId=11067022&x=1280&y=819&a=true","foto4":" ","link1":" ","link2":" ","Schild":" ","BW_QUE_Sho":0,"Bw_QUE_DN":" ","BW_QUE_Ver":0,"BW_QUE_V_1":0,"rwert":380319,"hwert":5813438}},{"type":"Feature","id":16,"geometry":{"type":"Point","coordinates":[805763.74794970662,6883349.4265757911]},"properties":{"FID":16,"ID_con":2669,"bw_id":"EVK_QUE_5310","name":"Wasserstoffleitung Nr. 503/000/000 (H2ercules Nordsee-Ruhr-Link (NRL III))","GEW":"EVK","stat_von":5310,"bauart":"Dükerung Wasserstoffleitung (offenen Bauweise)","baujahr":"2026","upflicht":"OGE","KTR":" ","FSK":"033157058000180017__","bemerk":"Daten nachtragen","beschreib":" ","beschreib_":" ","foto1":" ","foto2":" ","foto3":" ","foto4":" ","link1":" ","link2":" ","Schild":" ","BW_QUE_Sho":0,"Bw_QUE_DN":" ","BW_QUE_Ver":0,"BW_QUE_V_1":0,"rwert":380301,"hwert":5813430}},{"type":"Feature","id":17,"geometry":{"type":"Point","coordinates":[794161.58904844453,6879590.6508288924]},"properties":{"FID":17,"ID_con":821,"bw_id":"EVK_QUE_12770","name":"Dükerung Betriebsstoffleitung (Lingen-Engden)","GEW":"EVK","stat_von":12770,"bauart":"Dükerung","baujahr":"2020","upflicht":"Bundeswehr","KTR":" ","FSK":"033152010000060004__","bemerk":"Bundeswehrleitung, Tel. : 06781 - 24015\r\n0170 8518436","beschreib":"Tel. : 06781 - 24015\r\n0170 8518436","beschreib_":" ","foto1":"https://nlwkn.hannit-share.de/index.php/core/preview?fileId=11066950&x=1280&y=819&a=true","foto2":"https://nlwkn.hannit-share.de/index.php/core/preview?fileId=11066953&x=1280&y=819&a=true","foto3":"https://nlwkn.hannit-share.de/index.php/core/preview?fileId=11066956&x=1280&y=819&a=true","foto4":"https://nlwkn.hannit-share.de/index.php/core/preview?fileId=11066959&x=1280&y=819&a=true","link1":" ","link2":" ","Schild":"Beschilderung mit Betreiber Telefonnummer","BW_QUE_Sho":0,"Bw_QUE_DN":" ","BW_QUE_Ver":1,"BW_QUE_V_1":1,"rwert":373161,"hwert":5811319}},{"type":"Feature","id":18,"geometry":{"type":"Point","coordinates":[794137.20801217912,6879583.4521226855]},"properties":{"FID":18,"ID_con":2671,"bw_id":"EVK_QUE_12815","name":"Dükerung Höchstspannungsleitung A-Nord (Amprion)","GEW":"EVK","stat_von":12815,"bauart":"Dükerung (?)","baujahr":"2026","upflicht":"Amprion","KTR":" ","FSK":"033152010000060004__","bemerk":"Infos nachtragen","beschreib":"Dükerung Höchstspannungsleitung A-Nord (Amprion)","beschreib_":"Dükerung Höchstspannungsleitung A-Nord (Amprion)","foto1":"https://nlwkn.hannit-share.de/index.php/core/preview?fileId=12712856&x=1280&y=819&a=true","foto2":"https://nlwkn.hannit-share.de/index.php/core/preview?fileId=12712854&x=1280&y=819&a=true","foto3":"https://nlwkn.hannit-share.de/index.php/core/preview?fileId=12712856&x=1280&y=819&a=true","foto4":"https://nlwkn.hannit-share.de/index.php/core/preview?fileId=12712855&x=1280&y=819&a=true","link1":" ","link2":" ","Schild":" ","BW_QUE_Sho":0,"Bw_QUE_DN":" ","BW_QUE_Ver":1,"BW_QUE_V_1":0,"rwert":373146,"hwert":5811315}},{"type":"Feature","id":19,"geometry":{"type":"Point","coordinates":[793344.03028756205,6879349.4364165142]},"properties":{"FID":19,"ID_con":2527,"bw_id":"EVK_QUE_13290","name":"Dükerung","GEW":"EVK","stat_von":13290,"bauart":"Dükerung","baujahr":" ","upflicht":"??","KTR":" ","FSK":"033152010000060004__","bemerk":" ","beschreib":"Dükerung","beschreib_":" ","foto1":"https://nlwkn.hannit-share.de/index.php/core/preview?fileId=11066965&x=1280&y=819&a=true","foto2":" ","foto3":" ","foto4":" ","link1":" ","link2":" ","Schild":" ","BW_QUE_Sho":0,"Bw_QUE_DN":" ","BW_QUE_Ver":0,"BW_QUE_V_1":0,"rwert":372658,"hwert":5811185}},{"type":"Feature","id":20,"geometry":{"type":"Point","coordinates":[792645.1819480462,6879142.4356094934]},"properties":{"FID":20,"ID_con":2066,"bw_id":"EVK_QUE_13865","name":"Dükerung Ferngas (Open Grid Europe)","GEW":"EVK","stat_von":13865,"bauart":"Dükerung","baujahr":" ","upflicht":"Open Grid Europe (Nr. 311)","KTR":" ","FSK":"033152010000060004__","bemerk":"Tel. 08 00 - 33 55 33 0\r\n0201 3642-11400","beschreib":"Dükerung Ferngas (Open Grid Europe)","beschreib_":" ","foto1":"https://nlwkn.hannit-share.de/index.php/core/preview?fileId=11066968&x=1280&y=819&a=true","foto2":"https://nlwkn.hannit-share.de/index.php/core/preview?fileId=11066971&x=1280&y=819&a=true","foto3":"https://nlwkn.hannit-share.de/index.php/core/preview?fileId=11066974&x=1280&y=819&a=true","foto4":"https://nlwkn.hannit-share.de/index.php/core/preview?fileId=11066977&x=1280&y=819&a=true","link1":"https://nlwkn.hannit-share.de/index.php/core/preview?fileId=11066980&x=1280&y=819&a=true","link2":" ","Schild":" ","BW_QUE_Sho":0,"Bw_QUE_DN":" ","BW_QUE_Ver":0,"BW_QUE_V_1":0,"rwert":372228,"hwert":5811070}},{"type":"Feature","id":21,"geometry":{"type":"Point","coordinates":[790935.88742010423,6878687.2463999754]},"properties":{"FID":21,"ID_con":823,"bw_id":"EVK_QUE_14820","name":"Oberleitung","GEW":"EVK","stat_von":14820,"bauart":"Oberleitung","baujahr":" ","upflicht":"??","KTR":" ","FSK":"033152010000060004__","bemerk":" ","beschreib":"Oberleitung","beschreib_":" ","foto1":"https://nlwkn.hannit-share.de/index.php/core/preview?fileId=11066983&x=1280&y=819&a=true","foto2":" ","foto3":" ","foto4":" ","link1":" ","link2":" ","Schild":" ","BW_QUE_Sho":0,"Bw_QUE_DN":" ","BW_QUE_Ver":0,"BW_QUE_V_1":0,"rwert":371177,"hwert":5810820}},{"type":"Feature","id":22,"geometry":{"type":"Point","coordinates":[790565.28458856803,6878956.5871724747]},"properties":{"FID":22,"ID_con":2515,"bw_id":"EVK_QUE_15110","name":"Dükerung Glasfaserkabel","GEW":"EVK","stat_von":15110,"bauart":"Dükerung (HDD)","baujahr":"2023","upflicht":"Breitband Grafschaft Bentheim GmbH & Co. KG","KTR":" ","FSK":"03315107000114______","bemerk":"Lage prüfen ; Akte nachtragen; Beschilderung prüfen","beschreib":"Dükerung Glasfaserkabel im Abschnitt Wasserstraße/Immenweg Nordhorn mit HDD-Bohrung ca. 60m im Zuge des Breitbandausbaus Grafschaft Bentheim","beschreib_":" ","foto1":" ","foto2":" ","foto3":" ","foto4":" ","link1":" ","link2":" ","Schild":" ","BW_QUE_Sho":0,"Bw_QUE_DN":" ","BW_QUE_Ver":0,"BW_QUE_V_1":0,"rwert":370955,"hwert":5810990}},{"type":"Feature","id":23,"geometry":{"type":"Point","coordinates":[790549.82502920541,6878984.089768948]},"properties":{"FID":23,"ID_con":824,"bw_id":"EVK_QUE_15128","name":"Dükerung","GEW":"EVK","stat_von":15128,"bauart":"Dükerung","baujahr":" ","upflicht":"RWE ?? (Tel. 0541 - 316-1)","KTR":" ","FSK":"03315107000114______","bemerk":" ","beschreib":"Dükerung","beschreib_":" ","foto1":"https://nlwkn.hannit-share.de/index.php/core/preview?fileId=11066986&x=1280&y=819&a=true","foto2":"https://nlwkn.hannit-share.de/index.php/core/preview?fileId=11066989&x=1280&y=819&a=true","foto3":"https://nlwkn.hannit-share.de/index.php/core/preview?fileId=11066992&x=1280&y=819&a=true","foto4":"https://nlwkn.hannit-share.de/index.php/core/preview?fileId=11066995&x=1280&y=819&a=true","link1":" ","link2":" ","Schild":"Dükerschilder links rechts","BW_QUE_Sho":0,"Bw_QUE_DN":" ","BW_QUE_Ver":0,"BW_QUE_V_1":0,"rwert":370946,"hwert":5811007}},{"type":"Feature","id":24,"geometry":{"type":"Point","coordinates":[788902.3174562658,6880101.327203148]},"properties":{"FID":24,"ID_con":2532,"bw_id":"EVK_QUE_16430","name":"Dükerung","GEW":"EVK","stat_von":16430,"bauart":"Dükerung","baujahr":" ","upflicht":"??","KTR":" ","FSK":"033151068002640002__","bemerk":" ","beschreib":"Dükerung","beschreib_":" ","foto1":"https://nlwkn.hannit-share.de/index.php/core/preview?fileId=11067010&x=1280&y=819&a=true","foto2":"https://nlwkn.hannit-share.de/index.php/core/preview?fileId=11067013&x=1280&y=819&a=true","foto3":" ","foto4":" ","link1":" ","link2":" ","Schild":"Dükerschild","BW_QUE_Sho":0,"Bw_QUE_DN":" ","BW_QUE_Ver":0,"BW_QUE_V_1":0,"rwert":369958,"hwert":5811714}},{"type":"Feature","id":25,"geometry":{"type":"Point","coordinates":[787894.10130515287,6880197.6492937785]},"properties":{"FID":25,"ID_con":2355,"bw_id":"EVK_QUE_17050","name":"Dükeruing von 4 HDPE-Rohren da50","GEW":"EVK","stat_von":17050,"bauart":"Dükerung (HDD)","baujahr":"2018","upflicht":"Vodafone Deutschland GmbH","KTR":" ","FSK":"033151020004300017__","bemerk":"??Lage an Hand der Antragsunterlagen prüfen ; ?? Beschilderung prüfen","beschreib":"Dükerung im Bereich Altendorfer Ring/Ems-Vechte-Kanal. Durchführung in geschlossener Bauweise mittels Spülbohrverfahren zur Verlegung von 4 HDPE-Rohren da50","beschreib_":" ","foto1":" ","foto2":" ","foto3":" ","foto4":" ","link1":" ","link2":" ","Schild":" ","BW_QUE_Sho":0,"Bw_QUE_DN":"4xDN 50","BW_QUE_Ver":0,"BW_QUE_V_1":0,"rwert":369344,"hwert":5811789}},{"type":"Feature","id":26,"geometry":{"type":"Point","coordinates":[786468.2125509975,6883542.7191992132]},"properties":{"FID":26,"ID_con":2600,"bw_id":"EVK_QUE_19735","name":"Dükerung (HDD) NVB Mittel- und Niederspannungskabel","GEW":"EVK","stat_von":19735,"bauart":"Dükerung (HDD)","baujahr":"2025","upflicht":"NVB","KTR":" ","FSK":"033151025000760004__","bemerk":"Vertrag, Akte, Beschilderung, Fotos","beschreib":"Verlegt werden 1x Mittelspannungskabel NA2XS(F)2Y 1x185 mm², verlegt in Schutzrohr HDPE Ø 160 mm 2x Niederspannungskabel NAYY-J 4x1x150 mm², verlegt in Schutzrohr HDPEv Ø 110 mm","beschreib_":"Die abgängigen Leitungen an der Brücke über den Ems-Vechte-Kanal im Zuge des Hohenkörbener Weges in Richtung Pestalozzistraße in Nordhorn sollen durch eine neue Dükerung ersetzt werden. Die Dükerung soll im HorizontalLenkbohrverfahren hergestellt","foto1":"https://nlwkn.hannit-share.de/index.php/core/preview?fileId=11475719&x=1280&y=819&a=true","foto2":"https://nlwkn.hannit-share.de/index.php/core/preview?fileId=11475717&x=1280&y=819&a=true","foto3":"https://nlwkn.hannit-share.de/index.php/core/preview?fileId=11475716&x=1280&y=819&a=true","foto4":"https://nlwkn.hannit-share.de/index.php/core/preview?fileId=11475718&x=1280&y=819&a=true","link1":" ","link2":" ","Schild":"Nachtragen","BW_QUE_Sho":0,"Bw_QUE_DN":" ","BW_QUE_Ver":0,"BW_QUE_V_1":0,"rwert":368528,"hwert":5813849}},{"type":"Feature","id":27,"geometry":{"type":"Point","coordinates":[819343.40318506688,6982824.694627434]},"properties":{"FID":27,"ID_con":825,"bw_id":"GFD_QUE_1830","name":"Dükerung Gasleitung","GEW":"GFD","stat_von":1830,"bauart":"Dükerung (Stahlrohr)","baujahr":" ","upflicht":"EWE Netz GmbH","KTR":" ","FSK":"03184702800005______","bemerk":" ","beschreib":"Dükerung Gasleitung (Gesamtlänge = 50,00 m)","beschreib_":" ","foto1":"https://nlwkn.hannit-share.de/index.php/core/preview?fileId=11066266&x=1280&y=819&a=true","foto2":"https://nlwkn.hannit-share.de/index.php/core/preview?fileId=11066269&x=1280&y=819&a=true","foto3":"https://nlwkn.hannit-share.de/index.php/core/preview?fileId=11066272&x=1280&y=819&a=true","foto4":"https://nlwkn.hannit-share.de/index.php/core/preview?fileId=11066275&x=1280&y=819&a=true","link1":" ","link2":" ","Schild":"Dükerschild","BW_QUE_Sho":0.31000000238418579,"Bw_QUE_DN":"200","BW_QUE_Ver":0,"BW_QUE_V_1":0,"rwert":389960,"hwert":5873424}},{"type":"Feature","id":28,"geometry":{"type":"Point","coordinates":[819256.08094809472,6983161.9424096886]},"properties":{"FID":28,"ID_con":826,"bw_id":"GFD_QUE_2040","name":"Dükerung (Stromleitung)","GEW":"GFD","stat_von":2040,"bauart":"Dükerung","baujahr":" ","upflicht":"EWE (ID 2)","KTR":" ","FSK":"03184702800005______","bemerk":" ","beschreib":"Dükerung","beschreib_":" ","foto1":"https://nlwkn.hannit-share.de/index.php/core/preview?fileId=11066278&x=1280&y=819&a=true","foto2":"https://nlwkn.hannit-share.de/index.php/core/preview?fileId=11066281&x=1280&y=819&a=true","foto3":"https://nlwkn.hannit-share.de/index.php/core/preview?fileId=11066284&x=1280&y=819&a=true","foto4":" ","link1":" ","link2":" ","Schild":"fehlt","BW_QUE_Sho":0,"Bw_QUE_DN":"125 mm","BW_QUE_Ver":0,"BW_QUE_V_1":0,"rwert":389912,"hwert":5873628}},{"type":"Feature","id":29,"geometry":{"type":"Point","coordinates":[819248.72789942916,6983193.3713006256]},"properties":{"FID":29,"ID_con":827,"bw_id":"GFD_QUE_2060","name":"Oberleitung","GEW":"GFD","stat_von":2060,"bauart":"Oberleitung","baujahr":" ","upflicht":"??","KTR":" ","FSK":"03184700400026______","bemerk":"U-Pflicht??","beschreib":"U-Pflicht??","beschreib_":" ","foto1":"https://nlwkn.hannit-share.de/index.php/core/preview?fileId=11066287&x=1280&y=819&a=true","foto2":" ","foto3":" ","foto4":" ","link1":" ","link2":" ","Schild":" ","BW_QUE_Sho":0,"Bw_QUE_DN":" ","BW_QUE_Ver":0,"BW_QUE_V_1":0,"rwert":389908,"hwert":5873647}},{"type":"Feature","id":30,"geometry":{"type":"Point","coordinates":[819245.18410324643,6983203.2682219632]},"properties":{"FID":30,"ID_con":828,"bw_id":"GFD_QUE_2065","name":"Dükerung (Gas oder Wasser??)","GEW":"GFD","stat_von":2065,"bauart":"Dükerung (Gas oder Wasser??)","baujahr":" ","upflicht":"??","KTR":" ","FSK":"03184700400026______","bemerk":"Dükerschild abgängig","beschreib":"Dükerung Gas oder Wasserleitung? Ggf. ist dies das Bauwerk Nr. 10 mit DN 125 und Sohle auf 0,35 als TWL mit Baujahr 1966","beschreib_":" ","foto1":"https://nlwkn.hannit-share.de/index.php/core/preview?fileId=11066290&x=1280&y=819&a=true","foto2":" ","foto3":" ","foto4":" ","link1":" ","link2":" ","Schild":"Dükerschild","BW_QUE_Sho":0,"Bw_QUE_DN":" ","BW_QUE_Ver":0,"BW_QUE_V_1":0,"rwert":389906,"hwert":5873653}},{"type":"Feature","id":31,"geometry":{"type":"Point","coordinates":[818405.44523357472,6984156.8992048483]},"properties":{"FID":31,"ID_con":2175,"bw_id":"GFD_QUE_2844","name":"Dükerung 1 kV","GEW":"GFD","stat_von":2844,"bauart":"Dükerung","baujahr":"2022","upflicht":"EWE Netz GmbH","KTR":" ","FSK":"03184700400011______","bemerk":"im Antragsstadium","beschreib":"Dükerung 1 kV","beschreib_":" ","foto1":" ","foto2":" ","foto3":" ","foto4":" ","link1":" ","link2":" ","Schild":" ","BW_QUE_Sho":0,"Bw_QUE_DN":"90","BW_QUE_Ver":0,"BW_QUE_V_1":0,"rwert":389413,"hwert":5874238}},{"type":"Feature","id":32,"geometry":{"type":"Point","coordinates":[818405.52145376406,6984153.5745010134]},"properties":{"FID":32,"ID_con":829,"bw_id":"GFD_QUE_2845","name":"Oberleitung","GEW":"GFD","stat_von":2845,"bauart":"Oberleitung","baujahr":" ","upflicht":"??","KTR":" ","FSK":"03184700400026______","bemerk":" ","beschreib":"Oberleitung","beschreib_":" ","foto1":"https://nlwkn.hannit-share.de/index.php/core/preview?fileId=11066302&x=1280&y=819&a=true","foto2":"https://nlwkn.hannit-share.de/index.php/core/preview?fileId=11066305&x=1280&y=819&a=true","foto3":"https://nlwkn.hannit-share.de/index.php/core/preview?fileId=11066308&x=1280&y=819&a=true","foto4":"https://nlwkn.hannit-share.de/index.php/core/preview?fileId=11066311&x=1280&y=819&a=true","link1":" ","link2":" ","Schild":" ","BW_QUE_Sho":0,"Bw_QUE_DN":" ","BW_QUE_Ver":0,"BW_QUE_V_1":0,"rwert":389413,"hwert":5874236}},{"type":"Feature","id":33,"geometry":{"type":"Point","coordinates":[818385.16442381893,6984173.0642800247]},"properties":{"FID":33,"ID_con":830,"bw_id":"GFD_QUE_2860","name":"Dükerung","GEW":"GFD","stat_von":2860,"bauart":"Dükerung","baujahr":" ","upflicht":"??","KTR":" ","FSK":"031847004000020003__","bemerk":" ","beschreib":"Dükerung","beschreib_":" ","foto1":"https://nlwkn.hannit-share.de/index.php/core/preview?fileId=11066314&x=1280&y=819&a=true","foto2":"https://nlwkn.hannit-share.de/index.php/core/preview?fileId=11066317&x=1280&y=819&a=true","foto3":" ","foto4":" ","link1":" ","link2":" ","Schild":" ","BW_QUE_Sho":0,"Bw_QUE_DN":" ","BW_QUE_Ver":0,"BW_QUE_V_1":0,"rwert":389401,"hwert":5874248}},{"type":"Feature","id":34,"geometry":{"type":"Point","coordinates":[816640.39763685525,6985504.9545994755]},"properties":{"FID":34,"ID_con":831,"bw_id":"GFD_QUE_4250","name":"Dükerung oh B 70","GEW":"GFD","stat_von":4250,"bauart":"Dükerung","baujahr":" ","upflicht":"??","KTR":" ","FSK":"031847002000210004__","bemerk":" ","beschreib":"Dükerung","beschreib_":" ","foto1":"https://nlwkn.hannit-share.de/index.php/core/preview?fileId=11066320&x=1280&y=819&a=true","foto2":"https://nlwkn.hannit-share.de/index.php/core/preview?fileId=11066323&x=1280&y=819&a=true","foto3":" ","foto4":" ","link1":" ","link2":" ","Schild":"Dükerschil","BW_QUE_Sho":0,"Bw_QUE_DN":" ","BW_QUE_Ver":0,"BW_QUE_V_1":0,"rwert":388368,"hwert":5875073}},{"type":"Feature","id":35,"geometry":{"type":"Point","coordinates":[816578.45300395589,6985528.4661681056]},"properties":{"FID":35,"ID_con":832,"bw_id":"GFD_QUE_4290","name":"Dükerung EWE uh Brücke B70","GEW":"GFD","stat_von":4290,"bauart":"HDD Dükerung","baujahr":"2021","upflicht":"EWE","KTR":" ","FSK":"03184700100011______","bemerk":" ","beschreib":"3 Leitungen d60 KSR, d90 KSR, d110 Gas\r\nDükerschild prüfen, Position prüfen","beschreib_":" ","foto1":"https://nlwkn.hannit-share.de/index.php/core/preview?fileId=11066326&x=1280&y=819&a=true","foto2":"https://nlwkn.hannit-share.de/index.php/core/preview?fileId=11066329&x=1280&y=819&a=true","foto3":"https://nlwkn.hannit-share.de/index.php/core/preview?fileId=11066332&x=1280&y=819&a=true","foto4":"https://nlwkn.hannit-share.de/index.php/core/preview?fileId=11066335&x=1280&y=819&a=true","link1":" ","link2":" ","Schild":"Dükerschild","BW_QUE_Sho":0,"Bw_QUE_DN":" ","BW_QUE_Ver":0,"BW_QUE_V_1":0,"rwert":388331,"hwert":5875088}},{"type":"Feature","id":36,"geometry":{"type":"Point","coordinates":[816563.37180823495,6985534.7692999812]},"properties":{"FID":36,"ID_con":833,"bw_id":"GFD_QUE_4300","name":"Dükerung","GEW":"GFD","stat_von":4300,"bauart":"Dükerung 20 kV-Leitung","baujahr":"2021","upflicht":"EWE","KTR":" ","FSK":"03184700100007______","bemerk":" ","beschreib":"Kreuzung der Goldfischdever mit einer 20 kV-Leitung, einer 1 kV-Leitung und einem Leerrohr","beschreib_":" ","foto1":"https://nlwkn.hannit-share.de/index.php/core/preview?fileId=11066338&x=1280&y=819&a=true","foto2":"https://nlwkn.hannit-share.de/index.php/core/preview?fileId=11066341&x=1280&y=819&a=true","foto3":"https://nlwkn.hannit-share.de/index.php/core/preview?fileId=11066344&x=1280&y=819&a=true","foto4":" ","link1":" ","link2":" ","Schild":"Betonschild","BW_QUE_Sho":0,"Bw_QUE_DN":"160","BW_QUE_Ver":0,"BW_QUE_V_1":0,"rwert":388322,"hwert":5875092}},{"type":"Feature","id":37,"geometry":{"type":"Point","coordinates":[814145.29208916705,6925514.4643665282]},"properties":{"FID":37,"ID_con":835,"bw_id":"HAS_QUE_2000","name":"Gasleitung","GEW":"HAS","stat_von":2000,"bauart":"Dükerung","baujahr":" ","upflicht":"??","KTR":" ","FSK":"033110012000690009__","bemerk":"Info aus URPL (Prüfen)","beschreib":"Gasleitung","beschreib_":" ","foto1":" ","foto2":" ","foto3":" ","foto4":" ","link1":" ","link2":" ","Schild":"INfo aus URPL","BW_QUE_Sho":0,"Bw_QUE_DN":" ","BW_QUE_Ver":0,"BW_QUE_V_1":0,"rwert":386015,"hwert":5838911}},{"type":"Feature","id":38,"geometry":{"type":"Point","coordinates":[814202.13820663956,6925548.8222038578]},"properties":{"FID":38,"ID_con":2104,"bw_id":"HAS_QUE_2035","name":"Dükerung Abwasserleitung","GEW":"HAS","stat_von":2035,"bauart":"Dükerung (Druckrohr CPE)","baujahr":" ","upflicht":"Stadt Meppen","KTR":" ","FSK":"033110012000690009__","bemerk":"Nr. 1/9 ; Prüfen ob Bauwerk noch vorhanden","beschreib":"Dükerung","beschreib_":" ","foto1":" ","foto2":" ","foto3":" ","foto4":" ","link1":" ","link2":" ","Schild":" ","BW_QUE_Sho":0,"Bw_QUE_DN":" ","BW_QUE_Ver":0,"BW_QUE_V_1":0,"rwert":386050,"hwert":5838931}},{"type":"Feature","id":39,"geometry":{"type":"Point","coordinates":[817859.93441807129,6926646.0698803635]},"properties":{"FID":39,"ID_con":862,"bw_id":"HAS_QUE_7825","name":"Seilkrananlage Pegel Bokeloh (GLD)","GEW":"HAS","stat_von":7825,"bauart":"Sonderbauwerk","baujahr":" ","upflicht":"NLWKN","KTR":" ","FSK":"033219004000010013__","bemerk":" ","beschreib":"Seilkrananlage Pegel Bokeloh (GLD)","beschreib_":" ","foto1":"https://nlwkn.hannit-share.de/index.php/core/preview?fileId=11065096&x=1280&y=819&a=true","foto2":" ","foto3":" ","foto4":" ","link1":" ","link2":" ","Schild":" ","BW_QUE_Sho":0,"Bw_QUE_DN":" ","BW_QUE_Ver":0,"BW_QUE_V_1":0,"rwert":388286,"hwert":5839544}},{"type":"Feature","id":40,"geometry":{"type":"Point","coordinates":[817914.63505335432,6926847.1504135337]},"properties":{"FID":40,"ID_con":863,"bw_id":"HAS_QUE_7950","name":"Dükerung Trinkwasserleitung (TAV)","GEW":"HAS","stat_von":7950,"bauart":"Dükerung","baujahr":" ","upflicht":"TAV Bourtanger Moor","KTR":" ","FSK":"03321900400042______","bemerk":" ","beschreib":"Dükerung","beschreib_":" ","foto1":"https://nlwkn.hannit-share.de/index.php/core/preview?fileId=11065099&x=1280&y=819&a=true","foto2":"https://nlwkn.hannit-share.de/index.php/core/preview?fileId=11065102&x=1280&y=819&a=true","foto3":"https://nlwkn.hannit-share.de/index.php/core/preview?fileId=11065105&x=1280&y=819&a=true","foto4":"https://nlwkn.hannit-share.de/index.php/core/preview?fileId=11065108&x=1280&y=819&a=true","link1":" ","link2":" ","Schild":"Dükerschild mit Namen des Betreibers","BW_QUE_Sho":0,"Bw_QUE_DN":" ","BW_QUE_Ver":0,"BW_QUE_V_1":0,"rwert":388322,"hwert":5839665}},{"type":"Feature","id":41,"geometry":{"type":"Point","coordinates":[820718.68399154302,6926032.6429944551]},"properties":{"FID":41,"ID_con":834,"bw_id":"HAS_QUE_11985","name":"Glasfaserkabel, Westnetz GmbH","GEW":"HAS","stat_von":11985,"bauart":"Dükerung","baujahr":"2020","upflicht":"Westnetz GmbH (Teil von Innogy), Professor Prakke Str. 1, 48455 Bad Bentheim","KTR":" ","FSK":"033221006000950011__","bemerk":"km prüfen","beschreib":"Kreuzung der Hase mit einem Leerrohrsystem für den Glasfaser-Breitbandausbau zwischen den Orten Dörgen(Haselünne) und Bokeloh (Meppen)","beschreib_":" ","foto1":" ","foto2":" ","foto3":" ","foto4":" ","link1":" ","link2":" ","Schild":"Dükerschild mit Namen des Betreibers in Abstimmung mit NLWKN","BW_QUE_Sho":0,"Bw_QUE_DN":" ","BW_QUE_Ver":1,"BW_QUE_V_1":1,"rwert":390013,"hwert":5839133}},{"type":"Feature","id":42,"geometry":{"type":"Point","coordinates":[825452.96622142335,6923244.3080217112]},"properties":{"FID":42,"ID_con":2247,"bw_id":"HAS_QUE_21340","name":"Dükerung Gas- und Fernmeldeleitung","GEW":"HAS","stat_von":21340,"bauart":"Dükerung","baujahr":" ","upflicht":"EWE","KTR":" ","FSK":"033224003001620002__","bemerk":"Vertrag??","beschreib":"Dükerung","beschreib_":" ","foto1":"https://nlwkn.hannit-share.de/index.php/core/preview?fileId=11064961&x=1280&y=819&a=true","foto2":"https://nlwkn.hannit-share.de/index.php/core/preview?fileId=11064964&x=1280&y=819&a=true","foto3":"https://nlwkn.hannit-share.de/index.php/core/preview?fileId=11064967&x=1280&y=819&a=true","foto4":" ","link1":" ","link2":" ","Schild":" ","BW_QUE_Sho":0,"Bw_QUE_DN":" ","BW_QUE_Ver":0,"BW_QUE_V_1":0,"rwert":392850,"hwert":5837380}},{"type":"Feature","id":43,"geometry":{"type":"Point","coordinates":[825898.70038542396,6922364.4530775612]},"properties":{"FID":43,"ID_con":2556,"bw_id":"HAS_QUE_21940","name":"Dükerung Breitband Muenet","GEW":"HAS","stat_von":21940,"bauart":"Dükerung (HDD)","baujahr":"2023","upflicht":"Muenet","KTR":" ","FSK":"03322300200001______","bemerk":"Vertrag ist noch abzuschließen","beschreib":"Breitbandausbau Landkreis Emsland, Dükerung Breitbandleitung HDD (Fa. Muenet)","beschreib_":" ","foto1":"https://nlwkn.hannit-share.de/index.php/core/preview?fileId=11064970&x=1280&y=819&a=true","foto2":"https://nlwkn.hannit-share.de/index.php/core/preview?fileId=11064973&x=1280&y=819&a=true","foto3":" ","foto4":" ","link1":" ","link2":" ","Schild":" ","BW_QUE_Sho":0,"Bw_QUE_DN":" ","BW_QUE_Ver":1,"BW_QUE_V_1":0,"rwert":393109,"hwert":5836841}},{"type":"Feature","id":44,"geometry":{"type":"Point","coordinates":[826701.54516288801,6921485.8964426769]},"properties":{"FID":44,"ID_con":836,"bw_id":"HAS_QUE_22980","name":"Freileitung","GEW":"HAS","stat_von":22980,"bauart":"Oberleitung","baujahr":"2020","upflicht":"Westnetz GmbH (Teil von Innogy), Professor Prakke Str. 1, 48455 Bad Bentheim","KTR":" ","FSK":"033225002000310002__","bemerk":" ","beschreib":"Oberleitung","beschreib_":" ","foto1":"https://nlwkn.hannit-share.de/index.php/core/preview?fileId=11064976&x=1280&y=819&a=true","foto2":" ","foto3":" ","foto4":" ","link1":" ","link2":" ","Schild":"auf beiden Seiten mit Namen des Betreibers","BW_QUE_Sho":0,"Bw_QUE_DN":" ","BW_QUE_Ver":1,"BW_QUE_V_1":1,"rwert":393585,"hwert":5836298}},{"type":"Feature","id":45,"geometry":{"type":"Point","coordinates":[826929.58841063059,6921446.3279537261]},"properties":{"FID":45,"ID_con":837,"bw_id":"HAS_QUE_23137","name":"LWL Kabel, Westnetz GmbH","GEW":"HAS","stat_von":23137,"bauart":"Dükerung","baujahr":" ","upflicht":"Westnetz GmbH, Lohberg 10, 49716 Meppen","KTR":" ","FSK":"033225002000310002__","bemerk":"km prüfen","beschreib":"Gewässerquerung mit LWL Kabel DN Vertrag?","beschreib_":" ","foto1":" ","foto2":" ","foto3":" ","foto4":" ","link1":" ","link2":" ","Schild":"Dükerschild","BW_QUE_Sho":0,"Bw_QUE_DN":" ","BW_QUE_Ver":0,"BW_QUE_V_1":0,"rwert":393723,"hwert":5836271}},{"type":"Feature","id":46,"geometry":{"type":"Point","coordinates":[827091.19766741118,6921509.2722667344]},"properties":{"FID":46,"ID_con":838,"bw_id":"HAS_QUE_23245","name":"Dükerung NWO","GEW":"HAS","stat_von":23245,"bauart":"Dükerung","baujahr":" ","upflicht":"Nord-West-Oelleitung GmbH (ID: 307)","KTR":" ","FSK":"033226001001010006__","bemerk":" ","beschreib":"Dükerung","beschreib_":" ","foto1":" ","foto2":" ","foto3":" ","foto4":" ","link1":" ","link2":" ","Schild":" ","BW_QUE_Sho":0,"Bw_QUE_DN":" ","BW_QUE_Ver":0,"BW_QUE_V_1":0,"rwert":393822,"hwert":5836307}},{"type":"Feature","id":47,"geometry":{"type":"Point","coordinates":[827897.12850893207,6920097.7765918123]},"properties":{"FID":47,"ID_con":839,"bw_id":"HAS_QUE_24985","name":"Düker Trinkwasserleitung TAV Bourtanger Moor","GEW":"HAS","stat_von":24985,"bauart":"Dükerung","baujahr":" ","upflicht":"Trink- und Abwasserverband Bourtanger Moor","KTR":" ","FSK":"033225004000380001__","bemerk":" ","beschreib":"Düker Trinkwasserleitung TAV Bourtanger Moor","beschreib_":"Düker Trinkwasserleitung TAV Bourtanger Moor","foto1":"https://nlwkn.hannit-share.de/index.php/core/preview?fileId=11064979&x=1280&y=819&a=true","foto2":" ","foto3":" ","foto4":" ","link1":" ","link2":" ","Schild":"Dükerschild und Schild mit Namen des Betreibers","BW_QUE_Sho":0,"Bw_QUE_DN":" ","BW_QUE_Ver":1,"BW_QUE_V_1":0,"rwert":394293,"hwert":5835441}},{"type":"Feature","id":48,"geometry":{"type":"Point","coordinates":[828002.37900695938,6919416.9756563948]},"properties":{"FID":48,"ID_con":2568,"bw_id":"HAS_QUE_25035","name":"Dükerung Mittelspannungskabel Westnetz","GEW":"HAS","stat_von":25035,"bauart":"Dükerung (HDD)","baujahr":"2023","upflicht":"Westnetz GmbH","KTR":" ","FSK":"033225004000380001__","bemerk":"Vertrag abschließen, Dükerschild kontrollieren","beschreib":"Kreuzung der Hase (Gewässer I. Ordnung) mit einem Mittelspannungskabel in  einem Schutzrohr DN 295 mm","beschreib_":"Kreuzung der Hase (Gewässer I. Ordnung) mit einem Mittelspannungskabel im Zuge eines Netzausbau mit einem Schutzrohr DA225 PE-HD mit mindestens 2,5m Überdeckung. In dieses Schutzrohr wird ein Mittelspannungskabel NA2XS(F)2Y 3x1x300mm\r\neingeführt. Die","foto1":"https://nlwkn.hannit-share.de/index.php/core/preview?fileId=11064982&x=1280&y=819&a=true","foto2":"https://nlwkn.hannit-share.de/index.php/core/preview?fileId=11064985&x=1280&y=819&a=true","foto3":"https://nlwkn.hannit-share.de/index.php/core/preview?fileId=11064988&x=1280&y=819&a=true","foto4":"https://nlwkn.hannit-share.de/index.php/core/preview?fileId=11064991&x=1280&y=819&a=true","link1":" ","link2":" ","Schild":"Dükerschild","BW_QUE_Sho":9,"Bw_QUE_DN":"295","BW_QUE_Ver":0,"BW_QUE_V_1":0,"rwert":394348,"hwert":5835027}},{"type":"Feature","id":49,"geometry":{"type":"Point","coordinates":[827954.11024123931,6919594.1181069473]},"properties":{"FID":49,"ID_con":840,"bw_id":"HAS_QUE_25290","name":"Freileitung","GEW":"HAS","stat_von":25290,"bauart":"Oberleitung","baujahr":"2020","upflicht":"Westnetz GmbH (Teil von Innogy), Professor Prakke Str. 1, 48455 Bad Bentheim","KTR":" ","FSK":"033225004000380001__","bemerk":" ","beschreib":"Oberleitung","beschreib_":" ","foto1":"https://nlwkn.hannit-share.de/index.php/core/preview?fileId=11064994&x=1280&y=819&a=true","foto2":"https://nlwkn.hannit-share.de/index.php/core/preview?fileId=11064997&x=1280&y=819&a=true","foto3":" ","foto4":" ","link1":" ","link2":" ","Schild":"auf beiden Seiten mit Namen des Betreibers","BW_QUE_Sho":0,"Bw_QUE_DN":" ","BW_QUE_Ver":1,"BW_QUE_V_1":1,"rwert":394321,"hwert":5835135}},{"type":"Feature","id":50,"geometry":{"type":"Point","coordinates":[828932.01710012893,6918051.3217625972]},"properties":{"FID":50,"ID_con":841,"bw_id":"HAS_QUE_27990","name":"Freileitung","GEW":"HAS","stat_von":27990,"bauart":"Oberleitung","baujahr":" ","upflicht":"Innogy SE, Goethering 23 -29, 49074 Osnabrück","KTR":" ","FSK":"033213023000960010__","bemerk":"km prüfen","beschreib":"Oberleitung","beschreib_":" ","foto1":" ","foto2":" ","foto3":" ","foto4":" ","link1":" ","link2":" ","Schild":"kein","BW_QUE_Sho":0,"Bw_QUE_DN":" ","BW_QUE_Ver":1,"BW_QUE_V_1":1,"rwert":394895,"hwert":5834187}},{"type":"Feature","id":51,"geometry":{"type":"Point","coordinates":[829700.18790392939,6919064.3222916778]},"properties":{"FID":51,"ID_con":842,"bw_id":"HAS_QUE_29230","name":"Dükerung","GEW":"HAS","stat_von":29230,"bauart":"Dükerung","baujahr":" ","upflicht":"??","KTR":" ","FSK":"033213023000960010__","bemerk":" ","beschreib":"Dükerung","beschreib_":" ","foto1":"https://nlwkn.hannit-share.de/index.php/core/preview?fileId=11065000&x=1280&y=819&a=true","foto2":" ","foto3":" ","foto4":" ","link1":" ","link2":" ","Schild":" ","BW_QUE_Sho":0,"Bw_QUE_DN":" ","BW_QUE_Ver":0,"BW_QUE_V_1":0,"rwert":395375,"hwert":5834791}},{"type":"Feature","id":52,"geometry":{"type":"Point","coordinates":[831524.49798352842,6920190.6839015326]},"properties":{"FID":52,"ID_con":843,"bw_id":"HAS_QUE_31915","name":"Dükerung Druckrohrleitung Vivaris zur Kläranlage","GEW":"HAS","stat_von":31915,"bauart":"Dükerung Druckrohrleitung","baujahr":"2021","upflicht":"Stadt Haselünne","KTR":" ","FSK":"033213020001560017__","bemerk":" ","beschreib":"Dükerung Druckrohrleitung Vivaris zur Kläranlage","beschreib_":" ","foto1":" ","foto2":" ","foto3":" ","foto4":" ","link1":" ","link2":" ","Schild":" ","BW_QUE_Sho":0,"Bw_QUE_DN":"200","BW_QUE_Ver":0,"BW_QUE_V_1":0,"rwert":396498,"hwert":5835450}},{"type":"Feature","id":53,"geometry":{"type":"Point","coordinates":[831745.85163103056,6920464.3574909149]},"properties":{"FID":53,"ID_con":844,"bw_id":"HAS_QUE_32130","name":"Dükerung","GEW":"HAS","stat_von":32130,"bauart":"Dükerung","baujahr":" ","upflicht":"??","KTR":" ","FSK":"033213020001560017__","bemerk":" ","beschreib":"Dükerung","beschreib_":" ","foto1":"https://nlwkn.hannit-share.de/index.php/core/preview?fileId=11065003&x=1280&y=819&a=true","foto2":"https://nlwkn.hannit-share.de/index.php/core/preview?fileId=11065006&x=1280&y=819&a=true","foto3":"https://nlwkn.hannit-share.de/index.php/core/preview?fileId=11065009&x=1280&y=819&a=true","foto4":"https://nlwkn.hannit-share.de/index.php/core/preview?fileId=11065012&x=1280&y=819&a=true","link1":" ","link2":" ","Schild":" ","BW_QUE_Sho":0,"Bw_QUE_DN":" ","BW_QUE_Ver":0,"BW_QUE_V_1":0,"rwert":396636,"hwert":5835613}},{"type":"Feature","id":54,"geometry":{"type":"Point","coordinates":[831760.24046613683,6920484.4648074005]},"properties":{"FID":54,"ID_con":845,"bw_id":"HAS_QUE_32144","name":"Freileitung??","GEW":"HAS","stat_von":32144,"bauart":"Oberleitung","baujahr":" ","upflicht":"Innogy SE, Goethering 23 -29, 49074 Osnabrück","KTR":" ","FSK":"033213020001560017__","bemerk":"km prüfen","beschreib":"Oberleitung","beschreib_":" ","foto1":" ","foto2":" ","foto3":" ","foto4":" ","link1":" ","link2":" ","Schild":"kein","BW_QUE_Sho":0,"Bw_QUE_DN":" ","BW_QUE_Ver":1,"BW_QUE_V_1":1,"rwert":396645,"hwert":5835625}},{"type":"Feature","id":55,"geometry":{"type":"Point","coordinates":[832827.49841970077,6922020.3862523595]},"properties":{"FID":55,"ID_con":2480,"bw_id":"HAS_QUE_33280","name":"Dükerung Trinkwasserleitung TAV \"Bourtanger Moor\"","GEW":"HAS","stat_von":33280,"bauart":"Dükerung Trinkwasserleitung (HLB)","baujahr":"2023","upflicht":"TAV \"Bourtanger Moor\"","KTR":" ","FSK":"033213020001560017__","bemerk":"wurde in 2023 durch HLB neu errichtet, da die alte Leitung aus 2008 uh der Brücke bei den Neubauarbeiten zur Brücke beschädigt wurde","beschreib":"Dükerung Trinkwasserleitung (PE 100 OD 225 x 13,4 mm) TAV Bourtanger Moor","beschreib_":"Im Zuge der Bauarbeiten für den Neubau einer Fuß- und Radwegbrücke über die Hase bei km 31,620 in Haselünne, zwischen der Straße Piusweg und Sportzentrum, ist unsere Trinkwasserleitung PE 100 OD 225 x 13,4 mm bei Rammarbeiten beschädigt worden. Ei","foto1":"https://nlwkn.hannit-share.de/index.php/core/preview?fileId=11065015&x=1280&y=819&a=true","foto2":" ","foto3":" ","foto4":" ","link1":" ","link2":" ","Schild":" ","BW_QUE_Sho":0,"Bw_QUE_DN":"100","BW_QUE_Ver":0,"BW_QUE_V_1":0,"rwert":397313,"hwert":5836542}},{"type":"Feature","id":56,"geometry":{"type":"Point","coordinates":[832843.57302696374,6922038.8806379186]},"properties":{"FID":56,"ID_con":846,"bw_id":"HAS_QUE_33295","name":"PE-Gasleitung in Haselünne (Brücke Piusweg)","GEW":"HAS","stat_von":33295,"bauart":"Dükerung","baujahr":"2020","upflicht":"EWE Netz GmbH (Tel. 0800 0 500505)","KTR":" ","FSK":"033213020001560017__","bemerk":"Erneuerung eines vorhandenen Dükers aufgrund aufge","beschreib":"Dükerung","beschreib_":"Dükerung der Hase mit einem MD d 160 PE ohne Schutzrohr, Überdeckunk 2,50 m HZ unterhalb Durchlass und einem TK PE 50 x 4,6; Überdekcung 2,50 m HZ unterhalb Durchlass\r\n\r\nIm Zuge der Bauarbeiten für den Neubau einer Fuß- uI Radwegbrücke über die Ha","foto1":"https://nlwkn.hannit-share.de/index.php/core/preview?fileId=11065018&x=1280&y=819&a=true","foto2":"https://nlwkn.hannit-share.de/index.php/core/preview?fileId=11065021&x=1280&y=819&a=true","foto3":"https://nlwkn.hannit-share.de/index.php/core/preview?fileId=11065024&x=1280&y=819&a=true","foto4":"https://nlwkn.hannit-share.de/index.php/core/preview?fileId=11065027&x=1280&y=819&a=true","link1":" ","link2":" ","Schild":"Dükerschild mit dem Namen des Betreibers","BW_QUE_Sho":0,"Bw_QUE_DN":" ","BW_QUE_Ver":1,"BW_QUE_V_1":1,"rwert":397323,"hwert":5836553}},{"type":"Feature","id":57,"geometry":{"type":"Point","coordinates":[833848.889608889,6922540.3500315873]},"properties":{"FID":57,"ID_con":847,"bw_id":"HAS_QUE_33390","name":"Düker Trinkwasserleitung","GEW":"HAS","stat_von":33390,"bauart":"Dükerung","baujahr":" ","upflicht":"TAV","KTR":" ","FSK":"033213018000080028__","bemerk":" ","beschreib":"Dükerung Trinkwasserleitung","beschreib_":" ","foto1":" ","foto2":" ","foto3":" ","foto4":" ","link1":" ","link2":" ","Schild":" ","BW_QUE_Sho":0,"Bw_QUE_DN":" ","BW_QUE_Ver":0,"BW_QUE_V_1":0,"rwert":397940,"hwert":5836844}},{"type":"Feature","id":58,"geometry":{"type":"Point","coordinates":[836704.32869651087,6921314.1520164395]},"properties":{"FID":58,"ID_con":848,"bw_id":"HAS_QUE_37980","name":"Dükerung??","GEW":"HAS","stat_von":37980,"bauart":"Dükerung","baujahr":" ","upflicht":"??","KTR":" ","FSK":"033214009000800001__","bemerk":"Dükerung Gasleitung EWE??","beschreib":"Dükerung Gasleitung EWE??","beschreib_":"Dükerung Gasleitung EWE??","foto1":"https://nlwkn.hannit-share.de/index.php/core/preview?fileId=11065039&x=1280&y=819&a=true","foto2":"https://nlwkn.hannit-share.de/index.php/core/preview?fileId=11065042&x=1280&y=819&a=true","foto3":"https://nlwkn.hannit-share.de/index.php/core/preview?fileId=11065045&x=1280&y=819&a=true","foto4":" ","link1":" ","link2":" ","Schild":"Dükerschild","BW_QUE_Sho":0,"Bw_QUE_DN":" ","BW_QUE_Ver":1,"BW_QUE_V_1":0,"rwert":399659,"hwert":5836065}},{"type":"Feature","id":59,"geometry":{"type":"Point","coordinates":[836746.50177099346,6921344.7276271274]},"properties":{"FID":59,"ID_con":849,"bw_id":"HAS_QUE_38010","name":"20 kv, Windpark Andrup GmbH","GEW":"HAS","stat_von":38010,"bauart":"Dükerung","baujahr":"2020","upflicht":"Windpark Andrup GmbH & Co. KG","KTR":" ","FSK":"033210007000980003__","bemerk":"km prüfen","beschreib":"Gewässerunterquerung der Hase an der Brücke Andrup mit zwei Schutzrohren DN 160 DN 50 für ein 20 kv Erdkabel und einden Netzanschluss des Windparks Andrup an den Netzverknüpfungspunkt am Umspannwerk in Haselünne","beschreib_":"Gewässerunterquerung der Hase an der Brücke Andrup mit zwei Schutzrohren DN 160 DN 50 für ein 20 kv Erdkabel und einden Netzanschluss des Windparks Andrup an den Netzverknüpfungspunkt am Umspannwerk in Haselünne","foto1":" ","foto2":" ","foto3":" ","foto4":" ","link1":" ","link2":" ","Schild":"Dükerschild mit dem Namen des Betreibers","BW_QUE_Sho":13.800000190734863,"Bw_QUE_DN":" ","BW_QUE_Ver":1,"BW_QUE_V_1":1,"rwert":399685,"hwert":5836083}},{"type":"Feature","id":60,"geometry":{"type":"Point","coordinates":[836762.92292788543,6921346.7168386811]},"properties":{"FID":60,"ID_con":850,"bw_id":"HAS_QUE_38020","name":"Dükerung Trinkwasserleitung TAV Bourtanger Moor","GEW":"HAS","stat_von":38020,"bauart":"Dükerung","baujahr":" ","upflicht":"Trink- und Abwasserverband Bourtanger Moor","KTR":" ","FSK":"033210007000980003__","bemerk":" ","beschreib":"Dükerung Trinkwasserleitung TAV Bourtanger Moor","beschreib_":"Dükerung Trinkwasserleitung TAV Bourtanger Moor","foto1":"https://nlwkn.hannit-share.de/index.php/core/preview?fileId=11065048&x=1280&y=819&a=true","foto2":"https://nlwkn.hannit-share.de/index.php/core/preview?fileId=11065051&x=1280&y=819&a=true","foto3":"https://nlwkn.hannit-share.de/index.php/core/preview?fileId=11065054&x=1280&y=819&a=true","foto4":" ","link1":" ","link2":" ","Schild":"Schild mit Betreiber","BW_QUE_Sho":0,"Bw_QUE_DN":" ","BW_QUE_Ver":0,"BW_QUE_V_1":0,"rwert":399695,"hwert":5836084}},{"type":"Feature","id":61,"geometry":{"type":"Point","coordinates":[836771.08269614785,6921350.1858069152]},"properties":{"FID":61,"ID_con":851,"bw_id":"HAS_QUE_38025","name":"Glasfaserkabel, Westnetz GmbH","GEW":"HAS","stat_von":38025,"bauart":"Dükerung","baujahr":"2020","upflicht":"Westnetz GmbH (Teil von Innogy), Professor Prakke Str. 1, 48455 Bad Bentheim","KTR":" ","FSK":"033210007000980003__","bemerk":"km prüfen","beschreib":"Kreuzung der Hase mit einem Schutzrohr für die FTTB Erschließung Emsland Mitte in der Stadt Haselünne","beschreib_":" ","foto1":"https://nlwkn.hannit-share.de/index.php/core/preview?fileId=11065057&x=1280&y=819&a=true","foto2":" ","foto3":" ","foto4":" ","link1":" ","link2":" ","Schild":"Dükerschild","BW_QUE_Sho":0,"Bw_QUE_DN":" ","BW_QUE_Ver":1,"BW_QUE_V_1":1,"rwert":399700,"hwert":5836086}},{"type":"Feature","id":62,"geometry":{"type":"Point","coordinates":[841804.273073697,6924950.2079152036]},"properties":{"FID":62,"ID_con":852,"bw_id":"HAS_QUE_42709","name":"Glasfaserkabel, Westnetz GmbH","GEW":"HAS","stat_von":42709,"bauart":"Dükerung","baujahr":" ","upflicht":"Westnetz GmbH, Lohberg 10, 49716 Meppen","KTR":" ","FSK":"033209005001070020__","bemerk":"Gewässerquerung mit LWL Kabel DN Vertrag?","beschreib":"Gewässerquerung mit LWL Kabel DN Vertrag?","beschreib_":" ","foto1":" ","foto2":" ","foto3":" ","foto4":" ","link1":" ","link2":" ","Schild":"Dükerschild","BW_QUE_Sho":0,"Bw_QUE_DN":" ","BW_QUE_Ver":0,"BW_QUE_V_1":0,"rwert":402801,"hwert":5838205}},{"type":"Feature","id":63,"geometry":{"type":"Point","coordinates":[842537.31191242812,6925357.79528323]},"properties":{"FID":63,"ID_con":853,"bw_id":"HAS_QUE_43245","name":"Dükerung Gasleitung??","GEW":"HAS","stat_von":43245,"bauart":"Dükerung","baujahr":" ","upflicht":"??","KTR":" ","FSK":"033209005001070020__","bemerk":"Sohllage, U-Pflicht, Vertrag prüfen","beschreib":"Sohllage, U-Pflicht, Vertrag prüfen","beschreib_":" ","foto1":"https://nlwkn.hannit-share.de/index.php/core/preview?fileId=11065060&x=1280&y=819&a=true","foto2":"https://nlwkn.hannit-share.de/index.php/core/preview?fileId=11065063&x=1280&y=819&a=true","foto3":"https://nlwkn.hannit-share.de/index.php/core/preview?fileId=11065066&x=1280&y=819&a=true","foto4":" ","link1":" ","link2":" ","Schild":"Schild","BW_QUE_Sho":0,"Bw_QUE_DN":" ","BW_QUE_Ver":0,"BW_QUE_V_1":0,"rwert":403251,"hwert":5838443}},{"type":"Feature","id":64,"geometry":{"type":"Point","coordinates":[844837.71325811709,6925213.4200883461]},"properties":{"FID":64,"ID_con":854,"bw_id":"HAS_QUE_44650","name":"Dükerung mit Schutzrohr (PE-HD DA 160x9,1)","GEW":"HAS","stat_von":44650,"bauart":"Dükerung","baujahr":"2021","upflicht":"Westnetz (Teil von Innogy)","KTR":" ","FSK":"03323102000043______","bemerk":" ","beschreib":"Dükerung","beschreib_":" ","foto1":" ","foto2":" ","foto3":" ","foto4":" ","link1":" ","link2":" ","Schild":" ","BW_QUE_Sho":0,"Bw_QUE_DN":"160","BW_QUE_Ver":1,"BW_QUE_V_1":1,"rwert":404646,"hwert":5838328}},{"type":"Feature","id":65,"geometry":{"type":"Point","coordinates":[844953.21543728362,6925202.4786245394]},"properties":{"FID":65,"ID_con":855,"bw_id":"HAS_QUE_44720","name":"Dükerung Erdgasleitung MD d 225 PE","GEW":"HAS","stat_von":44720,"bauart":"Dükerung","baujahr":"2021","upflicht":"EWE Netz GmbH","KTR":" ","FSK":"03323102000043______","bemerk":"Beschilderung prüfen, Bestandspläne fehlen","beschreib":"Kreuzung mit einer Erdgasleitung MD d 225 PE","beschreib_":" ","foto1":" ","foto2":" ","foto3":" ","foto4":" ","link1":" ","link2":" ","Schild":"Dükerschild mit Betreiber","BW_QUE_Sho":0,"Bw_QUE_DN":"225","BW_QUE_Ver":1,"BW_QUE_V_1":1,"rwert":404716,"hwert":5838320}},{"type":"Feature","id":66,"geometry":{"type":"Point","coordinates":[845746.6054913447,6925056.2035805779]},"properties":{"FID":66,"ID_con":2446,"bw_id":"HAS_QUE_45210","name":"Dükerung Abwasserdruckrohrleitung","GEW":"HAS","stat_von":45210,"bauart":"Dükerung Abwasserdruckrohr","baujahr":"2023","upflicht":"TAV Bourtanger Moor","KTR":" ","FSK":"03323102000043______","bemerk":"??Vertrag ist noch abzuschließen??","beschreib":"Dükerung Abwasserdruckrohrleitung (AW-Druckrohrleitung PE100-RC OD225 x13,4mm)","beschreib_":" ","foto1":"https://nlwkn.hannit-share.de/index.php/core/preview?fileId=11065069&x=1280&y=819&a=true","foto2":"https://nlwkn.hannit-share.de/index.php/core/preview?fileId=11065072&x=1280&y=819&a=true","foto3":"https://nlwkn.hannit-share.de/index.php/core/preview?fileId=11065075&x=1280&y=819&a=true","foto4":"https://nlwkn.hannit-share.de/index.php/core/preview?fileId=11065078&x=1280&y=819&a=true","link1":" ","link2":" ","Schild":" ","BW_QUE_Sho":11.050000190734863,"Bw_QUE_DN":"100","BW_QUE_Ver":0,"BW_QUE_V_1":0,"rwert":405196,"hwert":5838222}},{"type":"Feature","id":67,"geometry":{"type":"Point","coordinates":[846220.2815058094,6924664.2467188826]},"properties":{"FID":67,"ID_con":856,"bw_id":"HAS_QUE_45595","name":"Gasleitungsdüker","GEW":"HAS","stat_von":45595,"bauart":"Dükerung","baujahr":" ","upflicht":"EWE","KTR":" ","FSK":"03323101900169______","bemerk":" ","beschreib":"Dükerung","beschreib_":" ","foto1":"https://nlwkn.hannit-share.de/index.php/core/preview?fileId=11065081&x=1280&y=819&a=true","foto2":"https://nlwkn.hannit-share.de/index.php/core/preview?fileId=11065084&x=1280&y=819&a=true","foto3":"https://nlwkn.hannit-share.de/index.php/core/preview?fileId=11065087&x=1280&y=819&a=true","foto4":" ","link1":" ","link2":" ","Schild":" ","BW_QUE_Sho":0,"Bw_QUE_DN":" ","BW_QUE_Ver":0,"BW_QUE_V_1":0,"rwert":405479,"hwert":5837979}},{"type":"Feature","id":68,"geometry":{"type":"Point","coordinates":[848641.39184708532,6923961.5008103931]},"properties":{"FID":68,"ID_con":857,"bw_id":"HAS_QUE_47453","name":"Glasfaserkabel, Westnetz GmbH","GEW":"HAS","stat_von":47453,"bauart":"Dükerung","baujahr":" ","upflicht":"Westnetz GmbH, Lohberg 10, 49716 Meppen","KTR":" ","FSK":"03323101500075______","bemerk":"Gewässerquerung mit LWL Kabel DN Vertrag?","beschreib":"Gewässerquerung mit LWL Kabel DN Vertrag?","beschreib_":" ","foto1":" ","foto2":" ","foto3":" ","foto4":" ","link1":" ","link2":" ","Schild":"Dükerschild","BW_QUE_Sho":0,"Bw_QUE_DN":" ","BW_QUE_Ver":1,"BW_QUE_V_1":0,"rwert":406941,"hwert":5837525}},{"type":"Feature","id":69,"geometry":{"type":"Point","coordinates":[848626.70264618541,6923954.6162145324]},"properties":{"FID":69,"ID_con":858,"bw_id":"HAS_QUE_47454","name":"Glasfaserkabel, Westnetz GmbH","GEW":"HAS","stat_von":47454,"bauart":"Dükerung","baujahr":" ","upflicht":"Westnetz GmbH, Lohberg 10, 49716 Meppen","KTR":" ","FSK":"03323101500075______","bemerk":"Gewässerquerung mit LWL Kabel DN Vertrag?","beschreib":"Gewässerquerung mit LWL Kabel DN Vertrag?","beschreib_":" ","foto1":" ","foto2":" ","foto3":" ","foto4":" ","link1":" ","link2":" ","Schild":"Dükerschild","BW_QUE_Sho":0,"Bw_QUE_DN":" ","BW_QUE_Ver":1,"BW_QUE_V_1":0,"rwert":406932,"hwert":5837521}},{"type":"Feature","id":70,"geometry":{"type":"Point","coordinates":[848656.0496196067,6923970.0355804693]},"properties":{"FID":70,"ID_con":859,"bw_id":"HAS_QUE_47464","name":"Glasfaserkabel, Westnetz GmbH","GEW":"HAS","stat_von":47464,"bauart":"Dükerung","baujahr":" ","upflicht":"Westnetz GmbH, Lohberg 10, 49716 Meppen","KTR":" ","FSK":"03323101500075______","bemerk":"Gewässerquerung mit LWL Kabel DN Vertrag?","beschreib":"Gewässerquerung mit LWL Kabel DN Vertrag?","beschreib_":" ","foto1":" ","foto2":" ","foto3":" ","foto4":" ","link1":" ","link2":" ","Schild":"Dükerschild","BW_QUE_Sho":0,"Bw_QUE_DN":" ","BW_QUE_Ver":1,"BW_QUE_V_1":0,"rwert":406950,"hwert":5837530}},{"type":"Feature","id":71,"geometry":{"type":"Point","coordinates":[851228.89468112995,6926043.0438025473]},"properties":{"FID":71,"ID_con":860,"bw_id":"HAS_QUE_50000","name":"Gewässerquerung mit LWL Kabel DN 50","GEW":"HAS","stat_von":50000,"bauart":"Dükerung","baujahr":"2020","upflicht":"Westnetz GmbH (Teil von Innogy), Professor Prakke Str. 1, 48455 Bad Bentheim","KTR":" ","FSK":"033232005000840011__","bemerk":"Schild fehlt","beschreib":"Gewässerquerung mit LWL Kabel DN 50","beschreib_":" ","foto1":" ","foto2":" ","foto3":" ","foto4":" ","link1":" ","link2":" ","Schild":"Dükerschild mit dem Namen des Betreibers","BW_QUE_Sho":0,"Bw_QUE_DN":"50","BW_QUE_Ver":1,"BW_QUE_V_1":1,"rwert":408536,"hwert":5838756}},{"type":"Feature","id":72,"geometry":{"type":"Point","coordinates":[851225.13747855672,6926067.7413275335]},"properties":{"FID":72,"ID_con":861,"bw_id":"HAS_QUE_50015","name":"Gewässerquerung mit TWL","GEW":"HAS","stat_von":50015,"bauart":"Dükerung","baujahr":" ","upflicht":"TAV Bourtanger Moor (ID 27)","KTR":" ","FSK":"033232005000840011__","bemerk":" ","beschreib":"Gewässerquerung mit Trinkwasserleitung","beschreib_":" ","foto1":"https://nlwkn.hannit-share.de/index.php/core/preview?fileId=11065090&x=1280&y=819&a=true","foto2":" ","foto3":" ","foto4":" ","link1":" ","link2":" ","Schild":"Dükerschilt mit Namen des Betreibers","BW_QUE_Sho":0,"Bw_QUE_DN":" ","BW_QUE_Ver":0,"BW_QUE_V_1":0,"rwert":408534,"hwert":5838771}},{"type":"Feature","id":73,"geometry":{"type":"Point","coordinates":[806655.29808932228,6943923.7661490012]},"properties":{"FID":73,"ID_con":905,"bw_id":"HRK_QUE_105","name":"Dükerung oh Schleuse I","GEW":"HRK","stat_von":105,"bauart":"Dükerung","baujahr":" ","upflicht":"??","KTR":" ","FSK":"033103003002700004__","bemerk":" ","beschreib":"Dükerung","beschreib_":" ","foto1":"https://nlwkn.hannit-share.de/index.php/core/preview?fileId=11062567&x=1280&y=819&a=true","foto2":"https://nlwkn.hannit-share.de/index.php/core/preview?fileId=11062570&x=1280&y=819&a=true","foto3":"https://nlwkn.hannit-share.de/index.php/core/preview?fileId=11062573&x=1280&y=819&a=true","foto4":"https://nlwkn.hannit-share.de/index.php/core/preview?fileId=11062576&x=1280&y=819&a=true","link1":" ","link2":" ","Schild":"Dükerschild","BW_QUE_Sho":0,"Bw_QUE_DN":" ","BW_QUE_Ver":0,"BW_QUE_V_1":0,"rwert":381739,"hwert":5850156}},{"type":"Feature","id":74,"geometry":{"type":"Point","coordinates":[805898.79770000419,6943872.1393297473]},"properties":{"FID":74,"ID_con":2558,"bw_id":"HRK_QUE_565","name":"Querung von drei Mittelspannungskabel","GEW":"HRK","stat_von":565,"bauart":"Kreuzung Mittelspannungskabel","baujahr":"2023","upflicht":"Westnetz GmbH","KTR":" ","FSK":"03310301600136______","bemerk":"Hier ist der Vertrag noch abzuschließen","beschreib":"Querung von drei Mittelspannungskabeln der Westnetz GmbH incl. Längsverlegung auf nördlicher Kanalseite","beschreib_":"Querung von drei Mitelspannungskabeln:\r\n1x MSK NAXS(F)2Y 3x1x300 (10kV)\r\nim Schutzrohr DA160x14,6 SDR11 PE100\r\n1x MSK NAXS(F)2Y 3x1x630 (30kV)\r\nim Schutzrohr DA250x22,7 SDR11 PE100\r\n1x MSK NAXS(F)2Y 3x1x630 (30kV)\r\nim Schutzrohr DA250x22,7 SDR11 PE100","foto1":"https://nlwkn.hannit-share.de/index.php/core/preview?fileId=11062732&x=1280&y=819&a=true","foto2":"https://nlwkn.hannit-share.de/index.php/core/preview?fileId=11062735&x=1280&y=819&a=true","foto3":"https://nlwkn.hannit-share.de/index.php/core/preview?fileId=11062738&x=1280&y=819&a=true","foto4":"https://nlwkn.hannit-share.de/index.php/core/preview?fileId=11062741&x=1280&y=819&a=true","link1":" ","link2":" ","Schild":" ","BW_QUE_Sho":4.75,"Bw_QUE_DN":" ","BW_QUE_Ver":0,"BW_QUE_V_1":0,"rwert":381280,"hwert":5850136}},{"type":"Feature","id":75,"geometry":{"type":"Point","coordinates":[805565.41167150775,6944070.8234510357]},"properties":{"FID":75,"ID_con":897,"bw_id":"HRK_QUE_805","name":"Wärmeleitung DN 50","GEW":"HRK","stat_von":805,"bauart":"Dükerung","baujahr":"2010","upflicht":"Wärmenetz Landegge GmbH & Co. KG, vertreten durch Herrn Heinz Töpker, Landegger Straße 89, 49733 Haren (Ems)","KTR":" ","FSK":"03310301600136______","bemerk":"Baujahr nicht gesichert","beschreib":"Kreuzung des Haren-Rütenbrock-Kanals mit einer Wärmeleitung DN 50","beschreib_":" ","foto1":" ","foto2":" ","foto3":" ","foto4":" ","link1":" ","link2":" ","Schild":"Dükerschild mit Namen des Betreibers","BW_QUE_Sho":0,"Bw_QUE_DN":"50","BW_QUE_Ver":1,"BW_QUE_V_1":1,"rwert":381081,"hwert":5850261}},{"type":"Feature","id":76,"geometry":{"type":"Point","coordinates":[805533.17270804336,6944106.4409316918]},"properties":{"FID":76,"ID_con":900,"bw_id":"HRK_QUE_835","name":"Dükerung","GEW":"HRK","stat_von":835,"bauart":"Dükerung (Gasleitung)","baujahr":" ","upflicht":"??","KTR":" ","FSK":"03310301600131______","bemerk":"Vertrag??","beschreib":"Dükerung (Gasleitung)","beschreib_":"Dükerung (Gasleitung)","foto1":"https://nlwkn.hannit-share.de/index.php/core/preview?fileId=11062792&x=1280&y=819&a=true","foto2":"https://nlwkn.hannit-share.de/index.php/core/preview?fileId=11062795&x=1280&y=819&a=true","foto3":"https://nlwkn.hannit-share.de/index.php/core/preview?fileId=11062798&x=1280&y=819&a=true","foto4":"https://nlwkn.hannit-share.de/index.php/core/preview?fileId=11062801&x=1280&y=819&a=true","link1":" ","link2":" ","Schild":"Dükerschild","BW_QUE_Sho":0,"Bw_QUE_DN":" ","BW_QUE_Ver":0,"BW_QUE_V_1":0,"rwert":381062,"hwert":5850283}},{"type":"Feature","id":77,"geometry":{"type":"Point","coordinates":[805519.64943771157,6944119.3484945055]},"properties":{"FID":77,"ID_con":907,"bw_id":"HRK_QUE_840","name":"Gasleitungsdüker","GEW":"HRK","stat_von":840,"bauart":"Dükerung","baujahr":" ","upflicht":"??","KTR":" ","FSK":"03310301600131______","bemerk":" ","beschreib":"Dükerung","beschreib_":" ","foto1":"https://nlwkn.hannit-share.de/index.php/core/preview?fileId=11062810&x=1280&y=819&a=true","foto2":"https://nlwkn.hannit-share.de/index.php/core/preview?fileId=11062813&x=1280&y=819&a=true","foto3":"https://nlwkn.hannit-share.de/index.php/core/preview?fileId=11062816&x=1280&y=819&a=true","foto4":" ","link1":" ","link2":" ","Schild":"Dükerschild","BW_QUE_Sho":0,"Bw_QUE_DN":" ","BW_QUE_Ver":0,"BW_QUE_V_1":0,"rwert":381054,"hwert":5850291}},{"type":"Feature","id":78,"geometry":{"type":"Point","coordinates":[805356.96178869263,6944290.7794624036]},"properties":{"FID":78,"ID_con":906,"bw_id":"HRK_QUE_985","name":"Dükerung Abwasserleitung","GEW":"HRK","stat_von":985,"bauart":"Dükerung","baujahr":" ","upflicht":"TAV Bourtanger Moor","KTR":" ","FSK":"03310301600131______","bemerk":" ","beschreib":"Dükerung","beschreib_":" ","foto1":"https://nlwkn.hannit-share.de/index.php/core/preview?fileId=11062840&x=1280&y=819&a=true","foto2":"https://nlwkn.hannit-share.de/index.php/core/preview?fileId=11062843&x=1280&y=819&a=true","foto3":" ","foto4":" ","link1":" ","link2":" ","Schild":" ","BW_QUE_Sho":0,"Bw_QUE_DN":" ","BW_QUE_Ver":0,"BW_QUE_V_1":0,"rwert":380958,"hwert":5850397}},{"type":"Feature","id":79,"geometry":{"type":"Point","coordinates":[805338.32595849189,6944310.1813933682]},"properties":{"FID":79,"ID_con":1892,"bw_id":"HRK_QUE_1005","name":"Dükerung Gasleitung","GEW":"HRK","stat_von":1005,"bauart":"Dükerung","baujahr":" ","upflicht":"??","KTR":" ","FSK":"03310301600131______","bemerk":" ","beschreib":"Dükerung","beschreib_":" ","foto1":"https://nlwkn.hannit-share.de/index.php/core/preview?fileId=11062534&x=1280&y=819&a=true","foto2":" ","foto3":" ","foto4":" ","link1":" ","link2":" ","Schild":"Dükerschild (Gasleitung)","BW_QUE_Sho":0,"Bw_QUE_DN":" ","BW_QUE_Ver":0,"BW_QUE_V_1":0,"rwert":380947,"hwert":5850409}},{"type":"Feature","id":80,"geometry":{"type":"Point","coordinates":[805324.76152305212,6944324.7429949269]},"properties":{"FID":80,"ID_con":867,"bw_id":"HRK_QUE_1025","name":"Dükerung Trinkwasser","GEW":"HRK","stat_von":1025,"bauart":"Dükerung","baujahr":" ","upflicht":"TAV Bourtanger Moor","KTR":" ","FSK":"03310301600131______","bemerk":" ","beschreib":"Dükerung","beschreib_":" ","foto1":"https://nlwkn.hannit-share.de/index.php/core/preview?fileId=11062561&x=1280&y=819&a=true","foto2":"https://nlwkn.hannit-share.de/index.php/core/preview?fileId=11062564&x=1280&y=819&a=true","foto3":" ","foto4":" ","link1":" ","link2":" ","Schild":"Dükerschild mit Betreiber","BW_QUE_Sho":0,"Bw_QUE_DN":" ","BW_QUE_Ver":0,"BW_QUE_V_1":0,"rwert":380939,"hwert":5850418}},{"type":"Feature","id":81,"geometry":{"type":"Point","coordinates":[805241.72387289372,6944412.072031877]},"properties":{"FID":81,"ID_con":870,"bw_id":"HRK_QUE_1110","name":"Dükerung","GEW":"HRK","stat_von":1110,"bauart":"Dükerung","baujahr":" ","upflicht":"??","KTR":" ","FSK":"03310301600131______","bemerk":" ","beschreib":"Dükerung","beschreib_":" ","foto1":"https://nlwkn.hannit-share.de/index.php/core/preview?fileId=11062594&x=1280&y=819&a=true","foto2":"https://nlwkn.hannit-share.de/index.php/core/preview?fileId=11062597&x=1280&y=819&a=true","foto3":"https://nlwkn.hannit-share.de/index.php/core/preview?fileId=11062600&x=1280&y=819&a=true","foto4":"https://nlwkn.hannit-share.de/index.php/core/preview?fileId=11062603&x=1280&y=819&a=true","link1":" ","link2":" ","Schild":"Dükerschild","BW_QUE_Sho":0,"Bw_QUE_DN":" ","BW_QUE_Ver":0,"BW_QUE_V_1":0,"rwert":380890,"hwert":5850472}},{"type":"Feature","id":82,"geometry":{"type":"Point","coordinates":[805197.64828115772,6944458.9837751472]},"properties":{"FID":82,"ID_con":876,"bw_id":"HRK_QUE_1270","name":"Düker Trinkwasserleitung","GEW":"HRK","stat_von":1270,"bauart":"Dükerung","baujahr":" ","upflicht":"??","KTR":" ","FSK":"03310301400005______","bemerk":" ","beschreib":"Dükerung","beschreib_":" ","foto1":"https://nlwkn.hannit-share.de/index.php/core/preview?fileId=11062636&x=1280&y=819&a=true","foto2":" ","foto3":" ","foto4":" ","link1":" ","link2":" ","Schild":" ","BW_QUE_Sho":0,"Bw_QUE_DN":" ","BW_QUE_Ver":0,"BW_QUE_V_1":0,"rwert":380864,"hwert":5850501}},{"type":"Feature","id":83,"geometry":{"type":"Point","coordinates":[804461.48150797328,6945122.7395623466]},"properties":{"FID":83,"ID_con":882,"bw_id":"HRK_QUE_1735","name":"Dükerung","GEW":"HRK","stat_von":1735,"bauart":"Dükerung","baujahr":" ","upflicht":"??","KTR":" ","FSK":"03310301400005______","bemerk":" ","beschreib":"Dükerung","beschreib_":" ","foto1":"https://nlwkn.hannit-share.de/index.php/core/preview?fileId=11062663&x=1280&y=819&a=true","foto2":"https://nlwkn.hannit-share.de/index.php/core/preview?fileId=11062666&x=1280&y=819&a=true","foto3":"https://nlwkn.hannit-share.de/index.php/core/preview?fileId=11062669&x=1280&y=819&a=true","foto4":"https://nlwkn.hannit-share.de/index.php/core/preview?fileId=11062672&x=1280&y=819&a=true","link1":" ","link2":" ","Schild":"Dükerschild","BW_QUE_Sho":0,"Bw_QUE_DN":" ","BW_QUE_Ver":0,"BW_QUE_V_1":0,"rwert":380428,"hwert":5850913}},{"type":"Feature","id":84,"geometry":{"type":"Point","coordinates":[803154.02447602246,6945712.6943603009]},"properties":{"FID":84,"ID_con":883,"bw_id":"HRK_QUE_2605","name":"Dükerung","GEW":"HRK","stat_von":2605,"bauart":"Dükerung","baujahr":" ","upflicht":"??","KTR":" ","FSK":"033103014000020002__","bemerk":" ","beschreib":"Dükerung","beschreib_":" ","foto1":"https://nlwkn.hannit-share.de/index.php/core/preview?fileId=11062675&x=1280&y=819&a=true","foto2":"https://nlwkn.hannit-share.de/index.php/core/preview?fileId=11062678&x=1280&y=819&a=true","foto3":" ","foto4":" ","link1":" ","link2":" ","Schild":"Dükerschild","BW_QUE_Sho":0,"Bw_QUE_DN":" ","BW_QUE_Ver":0,"BW_QUE_V_1":0,"rwert":379645,"hwert":5851289}},{"type":"Feature","id":85,"geometry":{"type":"Point","coordinates":[803081.99807531596,6945753.940520932]},"properties":{"FID":85,"ID_con":884,"bw_id":"HRK_QUE_2655","name":"Dükerung","GEW":"HRK","stat_von":2655,"bauart":"Dükerung","baujahr":" ","upflicht":"??","KTR":" ","FSK":"03310302100003______","bemerk":" ","beschreib":"Dükerung","beschreib_":" ","foto1":"https://nlwkn.hannit-share.de/index.php/core/preview?fileId=11062681&x=1280&y=819&a=true","foto2":"https://nlwkn.hannit-share.de/index.php/core/preview?fileId=11062684&x=1280&y=819&a=true","foto3":" ","foto4":" ","link1":" ","link2":" ","Schild":"Dükerschild","BW_QUE_Sho":0,"Bw_QUE_DN":" ","BW_QUE_Ver":0,"BW_QUE_V_1":0,"rwert":379602,"hwert":5851315}},{"type":"Feature","id":86,"geometry":{"type":"Point","coordinates":[803045.56936389825,6945757.9995938167]},"properties":{"FID":86,"ID_con":2178,"bw_id":"HRK_QUE_2675","name":"Dükerung","GEW":"HRK","stat_von":2675,"bauart":"Dükerung","baujahr":" ","upflicht":"??","KTR":" ","FSK":"033103021000040001__","bemerk":" ","beschreib":"Dükerung","beschreib_":" ","foto1":"https://nlwkn.hannit-share.de/index.php/core/preview?fileId=11062687&x=1280&y=819&a=true","foto2":" ","foto3":" ","foto4":" ","link1":" ","link2":" ","Schild":"Dükerschild","BW_QUE_Sho":0,"Bw_QUE_DN":" ","BW_QUE_Ver":0,"BW_QUE_V_1":0,"rwert":379580,"hwert":5851318}},{"type":"Feature","id":87,"geometry":{"type":"Point","coordinates":[801699.85734754417,6947409.695387749]},"properties":{"FID":87,"ID_con":885,"bw_id":"HRK_QUE_3985","name":"Dükerung","GEW":"HRK","stat_von":3985,"bauart":"Dükerung","baujahr":" ","upflicht":"??","KTR":" ","FSK":"03310302400002______","bemerk":" ","beschreib":"Dükerung","beschreib_":" ","foto1":"https://nlwkn.hannit-share.de/index.php/core/preview?fileId=11062690&x=1280&y=819&a=true","foto2":"https://nlwkn.hannit-share.de/index.php/core/preview?fileId=11062693&x=1280&y=819&a=true","foto3":"https://nlwkn.hannit-share.de/index.php/core/preview?fileId=11062696&x=1280&y=819&a=true","foto4":"https://nlwkn.hannit-share.de/index.php/core/preview?fileId=11062699&x=1280&y=819&a=true","link1":" ","link2":" ","Schild":"Dükerschild","BW_QUE_Sho":0,"Bw_QUE_DN":"??","BW_QUE_Ver":0,"BW_QUE_V_1":0,"rwert":378790,"hwert":5852336}},{"type":"Feature","id":88,"geometry":{"type":"Point","coordinates":[800869.0668110979,6948201.8071904005]},"properties":{"FID":88,"ID_con":886,"bw_id":"HRK_QUE_4683","name":"Oberleitung","GEW":"HRK","stat_von":4683,"bauart":"Oberleitung","baujahr":" ","upflicht":"??","KTR":" ","FSK":"03310302400002______","bemerk":" ","beschreib":"Oberleitung","beschreib_":" ","foto1":"https://nlwkn.hannit-share.de/index.php/core/preview?fileId=11062702&x=1280&y=819&a=true","foto2":"https://nlwkn.hannit-share.de/index.php/core/preview?fileId=11062705&x=1280&y=819&a=true","foto3":" ","foto4":" ","link1":" ","link2":" ","Schild":" ","BW_QUE_Sho":0,"Bw_QUE_DN":" ","BW_QUE_Ver":0,"BW_QUE_V_1":0,"rwert":378299,"hwert":5852827}},{"type":"Feature","id":89,"geometry":{"type":"Point","coordinates":[800863.94873484399,6948208.3017558577]},"properties":{"FID":89,"ID_con":887,"bw_id":"HRK_QUE_4687","name":"Dükerung","GEW":"HRK","stat_von":4687,"bauart":"Dükerung","baujahr":" ","upflicht":"??","KTR":" ","FSK":"03310302400002______","bemerk":" ","beschreib":"Dükerung","beschreib_":" ","foto1":"https://nlwkn.hannit-share.de/index.php/core/preview?fileId=11062708&x=1280&y=819&a=true","foto2":"https://nlwkn.hannit-share.de/index.php/core/preview?fileId=11062711&x=1280&y=819&a=true","foto3":"https://nlwkn.hannit-share.de/index.php/core/preview?fileId=11062714&x=1280&y=819&a=true","foto4":"https://nlwkn.hannit-share.de/index.php/core/preview?fileId=11062717&x=1280&y=819&a=true","link1":" ","link2":" ","Schild":"Dükerschild","BW_QUE_Sho":0,"Bw_QUE_DN":"??","BW_QUE_Ver":0,"BW_QUE_V_1":0,"rwert":378296,"hwert":5852831}},{"type":"Feature","id":90,"geometry":{"type":"Point","coordinates":[800867.3331476656,6948205.0752531867]},"properties":{"FID":90,"ID_con":888,"bw_id":"HRK_QUE_4865","name":"Kabeldüker","GEW":"HRK","stat_von":4865,"bauart":"Dükerung","baujahr":" ","upflicht":"??","KTR":" ","FSK":"03310302400002______","bemerk":"Name des Betreibers fehlt","beschreib":"Name des Betreibers fehlt","beschreib_":" ","foto1":"https://nlwkn.hannit-share.de/index.php/core/preview?fileId=11062720&x=1280&y=819&a=true","foto2":"https://nlwkn.hannit-share.de/index.php/core/preview?fileId=11062723&x=1280&y=819&a=true","foto3":"https://nlwkn.hannit-share.de/index.php/core/preview?fileId=11062726&x=1280&y=819&a=true","foto4":" ","link1":" ","link2":" ","Schild":"Dükerschild","BW_QUE_Sho":0,"Bw_QUE_DN":"??","BW_QUE_Ver":0,"BW_QUE_V_1":0,"rwert":378298,"hwert":5852829}},{"type":"Feature","id":91,"geometry":{"type":"Point","coordinates":[800351.80193154467,6949132.6592185106]},"properties":{"FID":91,"ID_con":889,"bw_id":"HRK_QUE_5335","name":"Gasleitungsdüker","GEW":"HRK","stat_von":5335,"bauart":"Dükerung","baujahr":" ","upflicht":"Wintershall AG (05943 / 9339222)","KTR":" ","FSK":"03310302800025______","bemerk":"könnte auch längsverlegung sein??","beschreib":"könnte auch längsverlegung sein??","beschreib_":" ","foto1":"https://nlwkn.hannit-share.de/index.php/core/preview?fileId=11062729&x=1280&y=819&a=true","foto2":" ","foto3":" ","foto4":" ","link1":" ","link2":" ","Schild":"Schild","BW_QUE_Sho":0,"Bw_QUE_DN":" ","BW_QUE_Ver":0,"BW_QUE_V_1":0,"rwert":378000,"hwert":5853397}},{"type":"Feature","id":92,"geometry":{"type":"Point","coordinates":[799561.70571702311,6951181.3413973702]},"properties":{"FID":92,"ID_con":890,"bw_id":"HRK_QUE_6670","name":"Oberleitung","GEW":"HRK","stat_von":6670,"bauart":"Oberleitung","baujahr":" ","upflicht":"??","KTR":" ","FSK":"03310302800025______","bemerk":" ","beschreib":"Oberleitung","beschreib_":" ","foto1":" ","foto2":" ","foto3":" ","foto4":" ","link1":" ","link2":" ","Schild":" ","BW_QUE_Sho":0,"Bw_QUE_DN":" ","BW_QUE_Ver":0,"BW_QUE_V_1":0,"rwert":377553,"hwert":5854646}},{"type":"Feature","id":93,"geometry":{"type":"Point","coordinates":[799046.83552775311,6951350.4886064986]},"properties":{"FID":93,"ID_con":891,"bw_id":"HRK_QUE_7000","name":"Dükerung TWL","GEW":"HRK","stat_von":7000,"bauart":"Dükerung","baujahr":" ","upflicht":"TAV Bourtanger Moor (Tel. 05931 / 9300 - 16)","KTR":" ","FSK":"03173600300002______","bemerk":" ","beschreib":"Dükerung","beschreib_":" ","foto1":"https://nlwkn.hannit-share.de/index.php/core/preview?fileId=11062744&x=1280&y=819&a=true","foto2":"https://nlwkn.hannit-share.de/index.php/core/preview?fileId=11062747&x=1280&y=819&a=true","foto3":"https://nlwkn.hannit-share.de/index.php/core/preview?fileId=11062750&x=1280&y=819&a=true","foto4":" ","link1":" ","link2":" ","Schild":" ","BW_QUE_Sho":0,"Bw_QUE_DN":" ","BW_QUE_Ver":0,"BW_QUE_V_1":0,"rwert":377244,"hwert":5854756}},{"type":"Feature","id":94,"geometry":{"type":"Point","coordinates":[798903.72785245348,6951389.920127851]},"properties":{"FID":94,"ID_con":892,"bw_id":"HRK_QUE_7090","name":"Oberleitung","GEW":"HRK","stat_von":7090,"bauart":"Oberleitung","baujahr":" ","upflicht":"??","KTR":" ","FSK":"03173600300002______","bemerk":" ","beschreib":"Oberleitung","beschreib_":" ","foto1":" ","foto2":" ","foto3":" ","foto4":" ","link1":" ","link2":" ","Schild":" ","BW_QUE_Sho":0,"Bw_QUE_DN":" ","BW_QUE_Ver":0,"BW_QUE_V_1":0,"rwert":377158,"hwert":5854782}},{"type":"Feature","id":95,"geometry":{"type":"Point","coordinates":[798840.430450015,6951409.8450241908]},"properties":{"FID":95,"ID_con":893,"bw_id":"HRK_QUE_7130","name":"Glasfaserkabel, Westnetz GmbH","GEW":"HRK","stat_von":7130,"bauart":"Dükerung","baujahr":"2020","upflicht":"Westnetz GmbH, Lohberg 10, 49716 Meppen","KTR":" ","FSK":"03173600300002______","bemerk":" ","beschreib":"Dükerung","beschreib_":" ","foto1":"https://nlwkn.hannit-share.de/index.php/core/preview?fileId=11636020&x=1280&y=819&a=true","foto2":"https://nlwkn.hannit-share.de/index.php/core/preview?fileId=11636021&x=1280&y=819&a=true","foto3":" ","foto4":" ","link1":" ","link2":" ","Schild":"Dükerschild","BW_QUE_Sho":0,"Bw_QUE_DN":"160","BW_QUE_Ver":1,"BW_QUE_V_1":0,"rwert":377120,"hwert":5854795}},{"type":"Feature","id":96,"geometry":{"type":"Point","coordinates":[798808.84449729114,6951417.3241191907]},"properties":{"FID":96,"ID_con":2618,"bw_id":"HRK_QUE_7150","name":"LWL Querung","GEW":"HRK","stat_von":7150,"bauart":"HDD Düker","baujahr":"2025","upflicht":"GasLine","KTR":" ","FSK":"03173600300002______","bemerk":"Beschilderung??","beschreib":"Die GasLine GmbH & Co. KG beabsichtigt eine neue 216 faserige LWL-Trasse als Lückenschluss zwischen Bunde und Nordhorn (Wietmarschen) zu bauen.","beschreib_":"Die GasLine GmbH & Co. KG beabsichtigt eine neue 216 faserige LWL-Trasse als Lückenschluss zwischen Bunde und Nordhorn (Wietmarschen) zu bauen. Die LWL-Trasse verläuft im angemieteten Kabelschutzrohr PE-HD DA 50x4,6 mm der Amprion. Di eAmprion verlegt","foto1":" ","foto2":" ","foto3":" ","foto4":" ","link1":" ","link2":" ","Schild":" ","BW_QUE_Sho":0,"Bw_QUE_DN":"50","BW_QUE_Ver":0,"BW_QUE_V_1":0,"rwert":377101,"hwert":5854800}},{"type":"Feature","id":97,"geometry":{"type":"Point","coordinates":[798783.86405791924,6951424.9711684855]},"properties":{"FID":97,"ID_con":2590,"bw_id":"HRK_QUE_7165","name":"Höchstspannungsleitung","GEW":"HRK","stat_von":7165,"bauart":"Dükerung HDD","baujahr":"2024","upflicht":"Amprion","KTR":" ","FSK":"03173600300002______","bemerk":"Weitere Infos nacharbeiten","beschreib":"Dükerung Höchstspannungsleitung A-Nord (Amprion)","beschreib_":"Dükerung Höchstspannungsleitung A-Nord (Amprion)","foto1":"https://nlwkn.hannit-share.de/index.php/core/preview?fileId=11261952&x=1280&y=819&a=true","foto2":"https://nlwkn.hannit-share.de/index.php/core/preview?fileId=11261953&x=1280&y=819&a=true","foto3":" ","foto4":" ","link1":" ","link2":" ","Schild":" ","BW_QUE_Sho":0,"Bw_QUE_DN":" ","BW_QUE_Ver":0,"BW_QUE_V_1":0,"rwert":377086,"hwert":5854805}},{"type":"Feature","id":98,"geometry":{"type":"Point","coordinates":[798021.42811044469,6951645.734455172]},"properties":{"FID":98,"ID_con":894,"bw_id":"HRK_QUE_7645","name":"Oberleitung","GEW":"HRK","stat_von":7645,"bauart":"Oberleitung","baujahr":" ","upflicht":"??","KTR":" ","FSK":"03173600300002______","bemerk":" ","beschreib":"Oberleitung","beschreib_":" ","foto1":" ","foto2":" ","foto3":" ","foto4":" ","link1":" ","link2":" ","Schild":" ","BW_QUE_Sho":0,"Bw_QUE_DN":" ","BW_QUE_Ver":0,"BW_QUE_V_1":0,"rwert":376628,"hwert":5854950}},{"type":"Feature","id":99,"geometry":{"type":"Point","coordinates":[797618.49403240171,6951764.6467838185]},"properties":{"FID":99,"ID_con":895,"bw_id":"HRK_QUE_7900","name":"Kabeldüker","GEW":"HRK","stat_von":7900,"bauart":"Dükerung","baujahr":" ","upflicht":"RWE (0541 / 316 -1)","KTR":" ","FSK":"03173600300002______","bemerk":" ","beschreib":"Dükerung","beschreib_":" ","foto1":"https://nlwkn.hannit-share.de/index.php/core/preview?fileId=11062753&x=1280&y=819&a=true","foto2":"https://nlwkn.hannit-share.de/index.php/core/preview?fileId=11062756&x=1280&y=819&a=true","foto3":"https://nlwkn.hannit-share.de/index.php/core/preview?fileId=11062759&x=1280&y=819&a=true","foto4":" ","link1":" ","link2":" ","Schild":"Dükerschild mit Betreiber","BW_QUE_Sho":0,"Bw_QUE_DN":"??","BW_QUE_Ver":0,"BW_QUE_V_1":0,"rwert":376386,"hwert":5855028}},{"type":"Feature","id":100,"geometry":{"type":"Point","coordinates":[797553.6235022184,6951781.2090104194]},"properties":{"FID":100,"ID_con":896,"bw_id":"HRK_QUE_7940","name":"Glasfaserkabel, Westnetz GmbH","GEW":"HRK","stat_von":7940,"bauart":"Dükerung","baujahr":" ","upflicht":"Westnetz GmbH, Lohberg 10, 49716 Meppen","KTR":" ","FSK":"03173600300002______","bemerk":"Gewässerquerung mit LWL Kabel DN Vertrag?","beschreib":"Gewässerquerung mit LWL Kabel DN Vertrag?","beschreib_":" ","foto1":" ","foto2":" ","foto3":" ","foto4":" ","link1":" ","link2":" ","Schild":"Dükerschild","BW_QUE_Sho":0,"Bw_QUE_DN":" ","BW_QUE_Ver":1,"BW_QUE_V_1":0,"rwert":376347,"hwert":5855039}},{"type":"Feature","id":101,"geometry":{"type":"Point","coordinates":[797443.74139428127,6951813.184048662]},"properties":{"FID":101,"ID_con":2145,"bw_id":"HRK_QUE_8010","name":"Dükerung Mittelspannungskabel","GEW":"HRK","stat_von":8010,"bauart":"Dükerung","baujahr":"2021","upflicht":"Westnetz","KTR":" ","FSK":"03173600300002______","bemerk":" ","beschreib":"Dükerung Mittelspannungskabel Westnetz in zwei Schutzrohren (160 mm und 50 mm)","beschreib_":"Dükerung Mittelspannungskabel Westnetz in zwei Schutzrohren (160 mm und 50 mm)","foto1":"https://nlwkn.hannit-share.de/index.php/core/preview?fileId=11062762&x=1280&y=819&a=true","foto2":"https://nlwkn.hannit-share.de/index.php/core/preview?fileId=11062765&x=1280&y=819&a=true","foto3":"https://nlwkn.hannit-share.de/index.php/core/preview?fileId=11659284&x=1280&y=819&a=true","foto4":"https://nlwkn.hannit-share.de/index.php/core/preview?fileId=11659283&x=1280&y=819&a=true","link1":" ","link2":" ","Schild":"Dükerschild","BW_QUE_Sho":8.6999998092651367,"Bw_QUE_DN":"160","BW_QUE_Ver":0,"BW_QUE_V_1":0,"rwert":376281,"hwert":5855060}},{"type":"Feature","id":102,"geometry":{"type":"Point","coordinates":[797157.40867070493,6951895.3023349429]},"properties":{"FID":102,"ID_con":898,"bw_id":"HRK_QUE_8185","name":"Kabeldüker","GEW":"HRK","stat_von":8185,"bauart":"Dükerung","baujahr":" ","upflicht":"RWE (05941 / 316 - 1)","KTR":" ","FSK":"031736002000020001__","bemerk":" ","beschreib":"Dükerung","beschreib_":" ","foto1":"https://nlwkn.hannit-share.de/index.php/core/preview?fileId=11062768&x=1280&y=819&a=true","foto2":"https://nlwkn.hannit-share.de/index.php/core/preview?fileId=11062771&x=1280&y=819&a=true","foto3":"https://nlwkn.hannit-share.de/index.php/core/preview?fileId=11062774&x=1280&y=819&a=true","foto4":"https://nlwkn.hannit-share.de/index.php/core/preview?fileId=11062777&x=1280&y=819&a=true","link1":" ","link2":" ","Schild":"Dükerschild mit Namen des Betreibers","BW_QUE_Sho":0,"Bw_QUE_DN":"??","BW_QUE_Ver":0,"BW_QUE_V_1":0,"rwert":376109,"hwert":5855114}},{"type":"Feature","id":103,"geometry":{"type":"Point","coordinates":[797132.38297843328,6951904.600163714]},"properties":{"FID":103,"ID_con":2674,"bw_id":"HRK_QUE_8205","name":"Dükerung Gasleitung OGE","GEW":"HRK","stat_von":8205,"bauart":"Dükerung Gasleitung (HDD)","baujahr":"2026","upflicht":"OGE","KTR":" ","FSK":"031736002000020001__","bemerk":"Daten nachtragen!!","beschreib":"Dükerung Gasleitung OGE","beschreib_":"Dükerung Gasleitung OGE","foto1":"https://nlwkn.hannit-share.de/index.php/core/preview?fileId=11062768&x=1280&y=819&a=true","foto2":"https://nlwkn.hannit-share.de/index.php/core/preview?fileId=12738277&x=1280&y=819&a=true","foto3":"https://nlwkn.hannit-share.de/index.php/core/preview?fileId=12738276&x=1280&y=819&a=true","foto4":"https://nlwkn.hannit-share.de/index.php/core/preview?fileId=12738279&x=1280&y=819&a=true","link1":" ","link2":" ","Schild":" ","BW_QUE_Sho":0,"Bw_QUE_DN":" ","BW_QUE_Ver":0,"BW_QUE_V_1":0,"rwert":376094,"hwert":5855120}},{"type":"Feature","id":104,"geometry":{"type":"Point","coordinates":[797142.41861644364,6951899.8877167227]},"properties":{"FID":104,"ID_con":899,"bw_id":"HRK_QUE_8210","name":"Gasleitungsdüker","GEW":"HRK","stat_von":8210,"bauart":"Dükerung","baujahr":" ","upflicht":"EWE (Tel. 01801 / 39 32 00)","KTR":" ","FSK":"031736002000020001__","bemerk":" ","beschreib":"Dükerung","beschreib_":" ","foto1":"https://nlwkn.hannit-share.de/index.php/core/preview?fileId=11062780&x=1280&y=819&a=true","foto2":"https://nlwkn.hannit-share.de/index.php/core/preview?fileId=11062783&x=1280&y=819&a=true","foto3":"https://nlwkn.hannit-share.de/index.php/core/preview?fileId=11062786&x=1280&y=819&a=true","foto4":"https://nlwkn.hannit-share.de/index.php/core/preview?fileId=11062789&x=1280&y=819&a=true","link1":" ","link2":" ","Schild":"Dükerschild mit Namen des Betreibers","BW_QUE_Sho":0,"Bw_QUE_DN":"??","BW_QUE_Ver":0,"BW_QUE_V_1":0,"rwert":376100,"hwert":5855117}},{"type":"Feature","id":105,"geometry":{"type":"Point","coordinates":[796887.71206001018,6951972.8686014758]},"properties":{"FID":105,"ID_con":901,"bw_id":"HRK_QUE_8360","name":"Gasleitungsdüker","GEW":"HRK","stat_von":8360,"bauart":"Dükerung","baujahr":" ","upflicht":"Open Grid Europe (0201 / 3642 - 11400)","KTR":" ","FSK":"031736002000020001__","bemerk":" ","beschreib":"Dükerung","beschreib_":" ","foto1":"https://nlwkn.hannit-share.de/index.php/core/preview?fileId=11062804&x=1280&y=819&a=true","foto2":"https://nlwkn.hannit-share.de/index.php/core/preview?fileId=11062807&x=1280&y=819&a=true","foto3":" ","foto4":" ","link1":" ","link2":" ","Schild":"Dükerschild mit Namen des Betreibers","BW_QUE_Sho":0,"Bw_QUE_DN":" ","BW_QUE_Ver":0,"BW_QUE_V_1":0,"rwert":375947,"hwert":5855165}},{"type":"Feature","id":106,"geometry":{"type":"Point","coordinates":[795577.47913839517,6952348.3102293704]},"properties":{"FID":106,"ID_con":902,"bw_id":"HRK_QUE_9185","name":"Gasleitungsdüker ; Glasfaserkabel, EWE Netz GmbH","GEW":"HRK","stat_von":9185,"bauart":"Dükerung","baujahr":"2020","upflicht":"EWE Netz GmbH, Netzregion Cloppenburg/Emsland, Meppener Straße 6, 49740 Haselünne","KTR":" ","FSK":"031736002000020001__","bemerk":" ","beschreib":"Kreuzung des Haren-Rütenbrock-Kanals mit einem Kabelschutzrohr PE 50 x 4,6 in Höhe Marienstraße 3,","beschreib_":" ","foto1":"https://nlwkn.hannit-share.de/index.php/core/preview?fileId=11062819&x=1280&y=819&a=true","foto2":"https://nlwkn.hannit-share.de/index.php/core/preview?fileId=11062822&x=1280&y=819&a=true","foto3":"https://nlwkn.hannit-share.de/index.php/core/preview?fileId=11062825&x=1280&y=819&a=true","foto4":" ","link1":" ","link2":" ","Schild":"Dükerschild","BW_QUE_Sho":0,"Bw_QUE_DN":"50","BW_QUE_Ver":1,"BW_QUE_V_1":1,"rwert":375160,"hwert":5855412}},{"type":"Feature","id":107,"geometry":{"type":"Point","coordinates":[795307.66746338701,6952429.1382745942]},"properties":{"FID":107,"ID_con":903,"bw_id":"HRK_QUE_9355","name":"Glasfaserkabel, Westnetz GmbH","GEW":"HRK","stat_von":9355,"bauart":"Dükerung","baujahr":" ","upflicht":"Westnetz GmbH, Lohberg 10, 49716 Meppen","KTR":" ","FSK":"031736002004060001__","bemerk":"Gewässerquerung mit LWL Kabel DN Vertrag?","beschreib":"Gewässerquerung mit LWL Kabel DN Vertrag?","beschreib_":" ","foto1":" ","foto2":" ","foto3":" ","foto4":" ","link1":" ","link2":" ","Schild":"Dükerschild","BW_QUE_Sho":0,"Bw_QUE_DN":" ","BW_QUE_Ver":1,"BW_QUE_V_1":0,"rwert":374998,"hwert":5855465}},{"type":"Feature","id":108,"geometry":{"type":"Point","coordinates":[795510.90574481746,6952366.4698514417]},"properties":{"FID":108,"ID_con":904,"bw_id":"HRK_QUE_9375","name":"Dükerung","GEW":"HRK","stat_von":9375,"bauart":"Dükerung","baujahr":" ","upflicht":"??","KTR":" ","FSK":"031736002004060001__","bemerk":" ","beschreib":"Dükerung","beschreib_":" ","foto1":"https://nlwkn.hannit-share.de/index.php/core/preview?fileId=11062828&x=1280&y=819&a=true","foto2":"https://nlwkn.hannit-share.de/index.php/core/preview?fileId=11062831&x=1280&y=819&a=true","foto3":"https://nlwkn.hannit-share.de/index.php/core/preview?fileId=11062834&x=1280&y=819&a=true","foto4":"https://nlwkn.hannit-share.de/index.php/core/preview?fileId=11062837&x=1280&y=819&a=true","link1":" ","link2":" ","Schild":"Dükerschild","BW_QUE_Sho":0,"Bw_QUE_DN":" ","BW_QUE_Ver":0,"BW_QUE_V_1":0,"rwert":375120,"hwert":5855424}},{"type":"Feature","id":109,"geometry":{"type":"Point","coordinates":[794092.03344432544,6952783.611287646]},"properties":{"FID":109,"ID_con":864,"bw_id":"HRK_QUE_10120","name":"Mittelspannungsleitung, Agrowea GmbH & Co. KG","GEW":"HRK","stat_von":10120,"bauart":"Dükerung","baujahr":"2011","upflicht":"Agrowea GmbH & Co. KG","KTR":" ","FSK":"031736002004060001__","bemerk":"Baujahr nicht gesichert und Koordinaten nicht gesi","beschreib":"Gewässerquerung für Mittelspannungsleitung (Windpark)","beschreib_":" ","foto1":"https://nlwkn.hannit-share.de/index.php/core/preview?fileId=11062537&x=1280&y=819&a=true","foto2":"https://nlwkn.hannit-share.de/index.php/core/preview?fileId=11062540&x=1280&y=819&a=true","foto3":" ","foto4":" ","link1":" ","link2":" ","Schild":"Dükerschild mit Namen des Betreibers","BW_QUE_Sho":0,"Bw_QUE_DN":" ","BW_QUE_Ver":1,"BW_QUE_V_1":1,"rwert":374268,"hwert":5855698}},{"type":"Feature","id":110,"geometry":{"type":"Point","coordinates":[794077.0829528874,6952786.5356698502]},"properties":{"FID":110,"ID_con":865,"bw_id":"HRK_QUE_10130","name":"Dükerung","GEW":"HRK","stat_von":10130,"bauart":"Dükerung","baujahr":" ","upflicht":"??","KTR":" ","FSK":"031736002004060001__","bemerk":" ","beschreib":"Dükerung","beschreib_":" ","foto1":"https://nlwkn.hannit-share.de/index.php/core/preview?fileId=11062543&x=1280&y=819&a=true","foto2":"https://nlwkn.hannit-share.de/index.php/core/preview?fileId=11062546&x=1280&y=819&a=true","foto3":"https://nlwkn.hannit-share.de/index.php/core/preview?fileId=11062549&x=1280&y=819&a=true","foto4":" ","link1":" ","link2":" ","Schild":" ","BW_QUE_Sho":0,"Bw_QUE_DN":" ","BW_QUE_Ver":0,"BW_QUE_V_1":0,"rwert":374259,"hwert":5855700}},{"type":"Feature","id":111,"geometry":{"type":"Point","coordinates":[793910.50296643167,6952836.871778368]},"properties":{"FID":111,"ID_con":866,"bw_id":"HRK_QUE_10235","name":"10 kV-Mittelspannungskabel","GEW":"HRK","stat_von":10235,"bauart":"Dükerung","baujahr":"2020","upflicht":"Westnetz (Teil von Innogy), Professor Prakke Straße, 48455 Bad Bentheim","KTR":" ","FSK":"031736002004060001__","bemerk":"Bauwerk noch nicht fertiggestellt. Baujahr nach Fe","beschreib":"Kreuzung des HRK mit einem 10 km Mittelspannungskabel und zwei Schutzrohre\r\nTel 0800 0793427","beschreib_":" ","foto1":"https://nlwkn.hannit-share.de/index.php/core/preview?fileId=11062552&x=1280&y=819&a=true","foto2":"https://nlwkn.hannit-share.de/index.php/core/preview?fileId=11062555&x=1280&y=819&a=true","foto3":"https://nlwkn.hannit-share.de/index.php/core/preview?fileId=11062558&x=1280&y=819&a=true","foto4":"https://nlwkn.hannit-share.de/index.php/core/preview?fileId=11635971&x=1280&y=819&a=true","link1":" ","link2":" ","Schild":"Dükerschild mit Namen des Betreibers","BW_QUE_Sho":5.0300002098083496,"Bw_QUE_DN":"2x 160 mm","BW_QUE_Ver":1,"BW_QUE_V_1":1,"rwert":374159,"hwert":5855733}},{"type":"Feature","id":112,"geometry":{"type":"Point","coordinates":[793157.80136172345,6953054.1517580198]},"properties":{"FID":112,"ID_con":868,"bw_id":"HRK_QUE_10710","name":"Dükerung","GEW":"HRK","stat_von":10710,"bauart":"Dükerung","baujahr":" ","upflicht":"RWE","KTR":" ","FSK":"031726021001430002__","bemerk":" ","beschreib":"Dükerung","beschreib_":" ","foto1":"https://nlwkn.hannit-share.de/index.php/core/preview?fileId=11062579&x=1280&y=819&a=true","foto2":"https://nlwkn.hannit-share.de/index.php/core/preview?fileId=11062582&x=1280&y=819&a=true","foto3":"https://nlwkn.hannit-share.de/index.php/core/preview?fileId=11062585&x=1280&y=819&a=true","foto4":"https://nlwkn.hannit-share.de/index.php/core/preview?fileId=11062588&x=1280&y=819&a=true","link1":" ","link2":" ","Schild":" ","BW_QUE_Sho":0,"Bw_QUE_DN":" ","BW_QUE_Ver":0,"BW_QUE_V_1":0,"rwert":373707,"hwert":5855876}},{"type":"Feature","id":113,"geometry":{"type":"Point","coordinates":[793006.16176098515,6953101.5477302233]},"properties":{"FID":113,"ID_con":869,"bw_id":"HRK_QUE_10805","name":"Dükerung LWL - Kabel","GEW":"HRK","stat_von":10805,"bauart":"Dükerung","baujahr":" ","upflicht":"Westnetz","KTR":" ","FSK":"031726021001430001__","bemerk":" ","beschreib":"Dükerung","beschreib_":" ","foto1":"https://nlwkn.hannit-share.de/index.php/core/preview?fileId=11062591&x=1280&y=819&a=true","foto2":" ","foto3":" ","foto4":" ","link1":" ","link2":" ","Schild":" ","BW_QUE_Sho":0,"Bw_QUE_DN":" ","BW_QUE_Ver":0,"BW_QUE_V_1":0,"rwert":373616,"hwert":5855907}},{"type":"Feature","id":114,"geometry":{"type":"Point","coordinates":[792489.26345586742,6953338.1956211058]},"properties":{"FID":114,"ID_con":871,"bw_id":"HRK_QUE_11150","name":"Gasleitungsdüker","GEW":"HRK","stat_von":11150,"bauart":"Dükerung","baujahr":" ","upflicht":"??","KTR":" ","FSK":"031726022001980003__","bemerk":" ","beschreib":"Gasleitungsdüker","beschreib_":" ","foto1":"https://nlwkn.hannit-share.de/index.php/core/preview?fileId=11062606&x=1280&y=819&a=true","foto2":" ","foto3":" ","foto4":" ","link1":" ","link2":" ","Schild":"Dükerschild","BW_QUE_Sho":0,"Bw_QUE_DN":" ","BW_QUE_Ver":0,"BW_QUE_V_1":0,"rwert":373307,"hwert":5856058}},{"type":"Feature","id":115,"geometry":{"type":"Point","coordinates":[792465.79331199534,6953350.8352604136]},"properties":{"FID":115,"ID_con":872,"bw_id":"HRK_QUE_11165","name":"Dükerung","GEW":"HRK","stat_von":11165,"bauart":"Dükerung","baujahr":" ","upflicht":"??","KTR":" ","FSK":"031726022001980001__","bemerk":" ","beschreib":"Dükerung","beschreib_":" ","foto1":"https://nlwkn.hannit-share.de/index.php/core/preview?fileId=11062609&x=1280&y=819&a=true","foto2":" ","foto3":" ","foto4":" ","link1":" ","link2":" ","Schild":"Dükerschild","BW_QUE_Sho":0,"Bw_QUE_DN":" ","BW_QUE_Ver":0,"BW_QUE_V_1":0,"rwert":373293,"hwert":5856066}},{"type":"Feature","id":116,"geometry":{"type":"Point","coordinates":[791151.65450679429,6953984.0145165101]},"properties":{"FID":116,"ID_con":873,"bw_id":"HRK_QUE_12045","name":"Grabenquerung","GEW":"HRK","stat_von":12045,"bauart":"Dükerung","baujahr":" ","upflicht":"Wasser- Und Bodenverband Rütenmoor","KTR":" ","FSK":"031726022000030001__","bemerk":" ","beschreib":"Düker Graben","beschreib_":" ","foto1":"https://nlwkn.hannit-share.de/index.php/core/preview?fileId=11062612&x=1280&y=819&a=true","foto2":"https://nlwkn.hannit-share.de/index.php/core/preview?fileId=11062615&x=1280&y=819&a=true","foto3":"https://nlwkn.hannit-share.de/index.php/core/preview?fileId=11062618&x=1280&y=819&a=true","foto4":"https://nlwkn.hannit-share.de/index.php/core/preview?fileId=11062621&x=1280&y=819&a=true","link1":" ","link2":" ","Schild":" ","BW_QUE_Sho":0,"Bw_QUE_DN":" ","BW_QUE_Ver":0,"BW_QUE_V_1":0,"rwert":372508,"hwert":5856469}},{"type":"Feature","id":117,"geometry":{"type":"Point","coordinates":[791059.58366129652,6954027.9807784464]},"properties":{"FID":117,"ID_con":874,"bw_id":"HRK_QUE_12110","name":"Dükerung","GEW":"HRK","stat_von":12110,"bauart":"Dükerung","baujahr":" ","upflicht":"??","KTR":" ","FSK":"031726022000010001__","bemerk":" ","beschreib":"Dükerung","beschreib_":" ","foto1":"https://nlwkn.hannit-share.de/index.php/core/preview?fileId=11062624&x=1280&y=819&a=true","foto2":"https://nlwkn.hannit-share.de/index.php/core/preview?fileId=11062627&x=1280&y=819&a=true","foto3":" ","foto4":" ","link1":" ","link2":" ","Schild":"Dükerschild","BW_QUE_Sho":0,"Bw_QUE_DN":" ","BW_QUE_Ver":0,"BW_QUE_V_1":0,"rwert":372453,"hwert":5856497}},{"type":"Feature","id":118,"geometry":{"type":"Point","coordinates":[790389.84429291112,6954351.6243525334]},"properties":{"FID":118,"ID_con":875,"bw_id":"HRK_QUE_12560","name":"Dükerung","GEW":"HRK","stat_von":12560,"bauart":"Dükerung","baujahr":" ","upflicht":"??","KTR":" ","FSK":"031726022000010001__","bemerk":" ","beschreib":"Dükerung","beschreib_":" ","foto1":"https://nlwkn.hannit-share.de/index.php/core/preview?fileId=11062630&x=1280&y=819&a=true","foto2":"https://nlwkn.hannit-share.de/index.php/core/preview?fileId=11062633&x=1280&y=819&a=true","foto3":" ","foto4":" ","link1":" ","link2":" ","Schild":" ","BW_QUE_Sho":0,"Bw_QUE_DN":" ","BW_QUE_Ver":0,"BW_QUE_V_1":0,"rwert":372053,"hwert":5856703}},{"type":"Feature","id":119,"geometry":{"type":"Point","coordinates":[789274.60932400543,6954890.4097418049]},"properties":{"FID":119,"ID_con":877,"bw_id":"HRK_QUE_13310","name":"Dükerung","GEW":"HRK","stat_von":13310,"bauart":"Dükerung","baujahr":" ","upflicht":"??","KTR":" ","FSK":"031726023000470001__","bemerk":" ","beschreib":"Dükerung","beschreib_":" ","foto1":"https://nlwkn.hannit-share.de/index.php/core/preview?fileId=11062639&x=1280&y=819&a=true","foto2":" ","foto3":" ","foto4":" ","link1":" ","link2":" ","Schild":"Dükerschild","BW_QUE_Sho":0,"Bw_QUE_DN":" ","BW_QUE_Ver":0,"BW_QUE_V_1":0,"rwert":371387,"hwert":5857046}},{"type":"Feature","id":120,"geometry":{"type":"Point","coordinates":[789244.43373942643,6954906.1783116255]},"properties":{"FID":120,"ID_con":878,"bw_id":"HRK_QUE_13330","name":"Dükerung","GEW":"HRK","stat_von":13330,"bauart":"Dükerung","baujahr":" ","upflicht":"??","KTR":" ","FSK":"031726023000470001__","bemerk":" ","beschreib":"Dükerung","beschreib_":" ","foto1":"https://nlwkn.hannit-share.de/index.php/core/preview?fileId=11062642&x=1280&y=819&a=true","foto2":"https://nlwkn.hannit-share.de/index.php/core/preview?fileId=11062645&x=1280&y=819&a=true","foto3":" ","foto4":" ","link1":" ","link2":" ","Schild":" ","BW_QUE_Sho":0,"Bw_QUE_DN":" ","BW_QUE_Ver":0,"BW_QUE_V_1":0,"rwert":371369,"hwert":5857056}},{"type":"Feature","id":121,"geometry":{"type":"Point","coordinates":[789214.30195636488,6954920.2907038983]},"properties":{"FID":121,"ID_con":879,"bw_id":"HRK_QUE_13350","name":"Glasfaserkabel, Westnetz GmbH","GEW":"HRK","stat_von":13350,"bauart":"Dükerung","baujahr":" ","upflicht":"Westnetz GmbH, Lohberg 10, 49716 Meppen","KTR":" ","FSK":"031726023000470001__","bemerk":" ","beschreib":"Gewässerquerung mit LWL Kabel DN 160 Vertrag?","beschreib_":" ","foto1":" ","foto2":" ","foto3":" ","foto4":" ","link1":" ","link2":" ","Schild":" ","BW_QUE_Sho":0,"Bw_QUE_DN":" ","BW_QUE_Ver":1,"BW_QUE_V_1":0,"rwert":371351,"hwert":5857065}},{"type":"Feature","id":122,"geometry":{"type":"Point","coordinates":[789132.25404836121,6954959.5353620593]},"properties":{"FID":122,"ID_con":880,"bw_id":"HRK_QUE_13405","name":"Oberleitung","GEW":"HRK","stat_von":13405,"bauart":"Oberleitung","baujahr":" ","upflicht":"??","KTR":" ","FSK":"031726023000460001__","bemerk":" ","beschreib":"Oberleitung","beschreib_":" ","foto1":"https://nlwkn.hannit-share.de/index.php/core/preview?fileId=11062648&x=1280&y=819&a=true","foto2":"https://nlwkn.hannit-share.de/index.php/core/preview?fileId=11062651&x=1280&y=819&a=true","foto3":" ","foto4":" ","link1":" ","link2":" ","Schild":" ","BW_QUE_Sho":0,"Bw_QUE_DN":" ","BW_QUE_Ver":0,"BW_QUE_V_1":0,"rwert":371302,"hwert":5857090}},{"type":"Feature","id":123,"geometry":{"type":"Point","coordinates":[789078.77355804865,6954981.3111909209]},"properties":{"FID":123,"ID_con":881,"bw_id":"HRK_QUE_13440","name":"Oberleitung","GEW":"HRK","stat_von":13440,"bauart":"Oberleitung","baujahr":" ","upflicht":"??","KTR":" ","FSK":"031726023000450001__","bemerk":" ","beschreib":"Oberleitung","beschreib_":" ","foto1":"https://nlwkn.hannit-share.de/index.php/core/preview?fileId=11062654&x=1280&y=819&a=true","foto2":"https://nlwkn.hannit-share.de/index.php/core/preview?fileId=11062657&x=1280&y=819&a=true","foto3":"https://nlwkn.hannit-share.de/index.php/core/preview?fileId=11062660&x=1280&y=819&a=true","foto4":" ","link1":" ","link2":" ","Schild":" ","BW_QUE_Sho":0,"Bw_QUE_DN":" ","BW_QUE_Ver":0,"BW_QUE_V_1":0,"rwert":371270,"hwert":5857104}},{"type":"Feature","id":124,"geometry":{"type":"Point","coordinates":[786344.25634448323,6879231.7689893264]},"properties":{"FID":124,"ID_con":2141,"bw_id":"KOR_QUE_645","name":"Dükerung","GEW":"KOR","stat_von":645,"bauart":"Dükerung","baujahr":" ","upflicht":"??","KTR":" ","FSK":"033151006001710013__","bemerk":" ","beschreib":"Dükerung","beschreib_":" ","foto1":"https://nlwkn.hannit-share.de/index.php/core/preview?fileId=11062187&x=1280&y=819&a=true","foto2":" ","foto3":" ","foto4":" ","link1":" ","link2":" ","Schild":" ","BW_QUE_Sho":0,"Bw_QUE_DN":" ","BW_QUE_Ver":0,"BW_QUE_V_1":0,"rwert":368382,"hwert":5811226}},{"type":"Feature","id":125,"geometry":{"type":"Point","coordinates":[786360.62169909314,6879232.2085995562]},"properties":{"FID":125,"ID_con":2142,"bw_id":"KOR_QUE_655","name":"Dükerung Abwasserleitung","GEW":"KOR","stat_von":655,"bauart":"Dükerung","baujahr":" ","upflicht":"??","KTR":" ","FSK":"033151006000010088__","bemerk":" ","beschreib":"Dükerung Abwasserleitung","beschreib_":" ","foto1":"https://nlwkn.hannit-share.de/index.php/core/preview?fileId=11062190&x=1280&y=819&a=true","foto2":" ","foto3":" ","foto4":" ","link1":" ","link2":" ","Schild":" ","BW_QUE_Sho":0,"Bw_QUE_DN":" ","BW_QUE_Ver":0,"BW_QUE_V_1":0,"rwert":368392,"hwert":5811226}},{"type":"Feature","id":126,"geometry":{"type":"Point","coordinates":[785375.45333120821,6873289.1223812867]},"properties":{"FID":126,"ID_con":2073,"bw_id":"NAK_QUE_415","name":"Dükerung Gasleitung","GEW":"NAK","stat_von":415,"bauart":"Dükerung","baujahr":"1978?","upflicht":"Thyssengas","KTR":" ","FSK":"033151010000710105__","bemerk":" ","beschreib":"Dükerung","beschreib_":" ","foto1":"https://nlwkn.hannit-share.de/index.php/core/preview?fileId=11061929&x=1280&y=819&a=true","foto2":"https://nlwkn.hannit-share.de/index.php/core/preview?fileId=11061932&x=1280&y=819&a=true","foto3":"https://nlwkn.hannit-share.de/index.php/core/preview?fileId=11061935&x=1280&y=819&a=true","foto4":"https://nlwkn.hannit-share.de/index.php/core/preview?fileId=11061938&x=1280&y=819&a=true","link1":"https://nlwkn.hannit-share.de/index.php/core/preview?fileId=11061941&x=1280&y=819&a=true","link2":"https://nlwkn.hannit-share.de/index.php/core/preview?fileId=11061944&x=1280&y=819&a=true","Schild":" ","BW_QUE_Sho":0,"Bw_QUE_DN":" ","BW_QUE_Ver":0,"BW_QUE_V_1":0,"rwert":367693,"hwert":5807621}},{"type":"Feature","id":127,"geometry":{"type":"Point","coordinates":[785744.77291081613,6874103.0152554847]},"properties":{"FID":127,"ID_con":910,"bw_id":"NAK_QUE_950","name":"Kreuzung NAK mit Trinkwasserleitung PVC 200","GEW":"NAK","stat_von":950,"bauart":"Dükerung","baujahr":"2020","upflicht":"NVB Nordhorn, Gildkamp 10, 48529 Nordhorn","KTR":" ","FSK":"033151010000710105__","bemerk":" ","beschreib":"Kreuzung des NAK mit einer Trinkwasserleitung PVC 200 (HDPE da 225 mm x 20,5mm) und Kreuzung mit der parallel zum NAK verlaufenden MD Erdgasleitung (HDPE da 225 mm x 20,5 mm) sowie einem Leerrohr (HDPE da 110x10mm)","beschreib_":" ","foto1":" ","foto2":" ","foto3":" ","foto4":" ","link1":" ","link2":" ","Schild":"Schilder mit der Bezeichnung \"Gasleitung/Trinkwasserleitung\" und dem Namen des Betreibers in Abstimmung mit NLWK","BW_QUE_Sho":0,"Bw_QUE_DN":"200","BW_QUE_Ver":1,"BW_QUE_V_1":1,"rwert":367932,"hwert":5808111}},{"type":"Feature","id":128,"geometry":{"type":"Point","coordinates":[785777.14163841424,6874177.7220361363]},"properties":{"FID":128,"ID_con":2380,"bw_id":"NAK_QUE_1000","name":"Abwasserdüker 2xDN250","GEW":"NAK","stat_von":1000,"bauart":"Dükerung Abwasserleitung","baujahr":"2022","upflicht":"Stadt Nordhorn","KTR":" ","FSK":"033151010000710105__","bemerk":"!! Dükerschild kontrollieren","beschreib":"Abwasserdüker 2 x DN 250 mit 2 Schächten jeweils rechts und links am NAK. Der dort bisher vorhandene Düker wurde in 2022/23 erneuert bzw. durch 2 Leitungen DN 250 ersetzt. Die Baumaßnahme wurde in offener Bauweise umgesetzt","beschreib_":"Abwasserdüker 2 x DN 250 mit 2 Schächten jeweils rechts und links am NAK. Der dort bisher vorhandene Düker wurde in 2022/23 erneuert bzw. durch 2 Leitungen DN 250 ersetzt. Die Baumaßnahme wurde in offener Bauweise umgesetzt. Der Düker befindet sich","foto1":"https://nlwkn.hannit-share.de/index.php/core/preview?fileId=11303155&x=1280&y=819&a=true","foto2":"https://nlwkn.hannit-share.de/index.php/core/preview?fileId=11303156&x=1280&y=819&a=true","foto3":"https://nlwkn.hannit-share.de/index.php/core/preview?fileId=11303157&x=1280&y=819&a=true","foto4":" ","link1":" ","link2":" ","Schild":"Dükerschild","BW_QUE_Sho":17.799999237060547,"Bw_QUE_DN":" ","BW_QUE_Ver":0,"BW_QUE_V_1":0,"rwert":367953,"hwert":5808156}},{"type":"Feature","id":129,"geometry":{"type":"Point","coordinates":[786451.98250185547,6875751.4835939957]},"properties":{"FID":129,"ID_con":908,"bw_id":"NAK_QUE_2045","name":"Querung mit 10 kv Stromleitung?","GEW":"NAK","stat_von":2045,"bauart":"Dükerung","baujahr":" ","upflicht":"Nordhorner Versorgungsbetriebe, Gildkamp 10, 48529 Nordhorn","KTR":" ","FSK":"03315105100002______","bemerk":"Die Leitung ist im Plan zur Leitung bei km 2020 (S","beschreib":"Dükerung","beschreib_":" ","foto1":" ","foto2":" ","foto3":" ","foto4":" ","link1":" ","link2":" ","Schild":" ","BW_QUE_Sho":0,"Bw_QUE_DN":" ","BW_QUE_Ver":0,"BW_QUE_V_1":0,"rwert":368391,"hwert":5809104}},{"type":"Feature","id":130,"geometry":{"type":"Point","coordinates":[786651.82912992081,6876114.615042028]},"properties":{"FID":130,"ID_con":909,"bw_id":"NAK_QUE_2300","name":"10 kv, NVB","GEW":"NAK","stat_von":2300,"bauart":"Dükerung","baujahr":"2020","upflicht":"Nordhorner Versorgungsbetriebe (NVB), Gildkamp 10, 48529 Nordhorn","KTR":" ","FSK":"033151052000680001__","bemerk":"Bestandspläne?","beschreib":"Kreuzung NAK mit mehreren Stromleitungen. Die Dükerung erfolgt im lenkbaren HDD-Verfahren, parallel zum Brückenbauwerk, Länge ca. 100 m, 4 x HDPE Rohr DN 150 als Schutzrohr für 10 kV Kabel 3x1x185 und 1 x Leerrohr PE 50, Überdeckung 4,00 m","beschreib_":" ","foto1":" ","foto2":" ","foto3":" ","foto4":" ","link1":" ","link2":" ","Schild":"Dükerschild","BW_QUE_Sho":0,"Bw_QUE_DN":" ","BW_QUE_Ver":1,"BW_QUE_V_1":1,"rwert":368519,"hwert":5809322}},{"type":"Feature","id":131,"geometry":{"type":"Point","coordinates":[787128.01695179217,6876675.5450409055]},"properties":{"FID":131,"ID_con":2229,"bw_id":"NAK_QUE_2750","name":"Dükerung Gasleitung","GEW":"NAK","stat_von":2750,"bauart":"Dükerung, Gasleitung DN 225 PE-HD","baujahr":" ","upflicht":"??","KTR":" ","FSK":"033151057001940007__","bemerk":"Noch im Antragsverfahren","beschreib":"Dükerung","beschreib_":" ","foto1":"https://nlwkn.hannit-share.de/index.php/core/preview?fileId=11061923&x=1280&y=819&a=true","foto2":"https://nlwkn.hannit-share.de/index.php/core/preview?fileId=11061926&x=1280&y=819&a=true","foto3":" ","foto4":" ","link1":" ","link2":" ","Schild":"Dükerschild","BW_QUE_Sho":0,"Bw_QUE_DN":" ","BW_QUE_Ver":0,"BW_QUE_V_1":0,"rwert":368819,"hwert":5809656}},{"type":"Feature","id":132,"geometry":{"type":"Point","coordinates":[785905.94427338243,6903499.342182694]},"properties":{"FID":132,"ID_con":928,"bw_id":"PCK_QUE_690","name":"Dükerung Mittelspannungskabel 10 kv","GEW":"PCK","stat_von":690,"bauart":"Dükerung","baujahr":"2021","upflicht":"Westnetz (Teil von Innogy)","KTR":" ","FSK":"033122002000440002__","bemerk":"Vertrag aktualisieren, Bestandspläne fehlen","beschreib":"Dükerung Mittelspannungskabel 10 kv","beschreib_":" ","foto1":" ","foto2":" ","foto3":" ","foto4":" ","link1":" ","link2":" ","Schild":"Dükerschild mit Betreiber","BW_QUE_Sho":11.5,"Bw_QUE_DN":"90 mm","BW_QUE_Ver":1,"BW_QUE_V_1":1,"rwert":368511,"hwert":5825992}},{"type":"Feature","id":133,"geometry":{"type":"Point","coordinates":[783603.41030653205,6903300.2442986257]},"properties":{"FID":133,"ID_con":922,"bw_id":"PCK_QUE_2130","name":"Glasfaserkabel, EWE Netz GmbH","GEW":"PCK","stat_von":2130,"bauart":"Dükerung","baujahr":"2020","upflicht":"EWE Netz GmbH, Netzregion Cloppenburg/Emsland, Meppener Straße 6, 49740 Haselünne","KTR":" ","FSK":"033121016000120040__","bemerk":" ","beschreib":"Kreuzung des Piccardie-Coevorden-Kanals mit einer TK Pe 160x14,6 Glasfaseranbindung, EWE Netz GmbH (VKF(31,20 10) EWE Netz GmbH EWE)","beschreib_":" ","foto1":"https://nlwkn.hannit-share.de/index.php/core/preview?fileId=11061278&x=1280&y=819&a=true","foto2":" ","foto3":" ","foto4":" ","link1":" ","link2":" ","Schild":"Dükerschild","BW_QUE_Sho":0,"Bw_QUE_DN":"160","BW_QUE_Ver":1,"BW_QUE_V_1":1,"rwert":367106,"hwert":5825909}},{"type":"Feature","id":134,"geometry":{"type":"Point","coordinates":[783600.03824988846,6903303.4458189979]},"properties":{"FID":134,"ID_con":2442,"bw_id":"PCK_QUE_2131","name":"Dükerung Lagerstättenwasser (10'')","GEW":"PCK","stat_von":2131,"bauart":"Dükerung","baujahr":"2013","upflicht":"Neptune Engergy","KTR":" ","FSK":"033121016000120040__","bemerk":" ","beschreib":"Dükerung Lagerstättenwasser 10 \" SW GFK 267,8x8,3 (2013)  (Neptune Energy)","beschreib_":" ","foto1":" ","foto2":" ","foto3":" ","foto4":" ","link1":" ","link2":" ","Schild":" ","BW_QUE_Sho":0,"Bw_QUE_DN":"267,8","BW_QUE_Ver":0,"BW_QUE_V_1":0,"rwert":367104,"hwert":5825911}},{"type":"Feature","id":135,"geometry":{"type":"Point","coordinates":[783598.39684331848,6903303.4010853097]},"properties":{"FID":135,"ID_con":2441,"bw_id":"PCK_QUE_2132","name":"Fermeldekabel (Neptune Energie)","GEW":"PCK","stat_von":2132,"bauart":"Dükerung","baujahr":" ","upflicht":"Neptune Energy","KTR":" ","FSK":"033121016000120040__","bemerk":" ","beschreib":"Fernmeldekabel (Neptune Energy)","beschreib_":" ","foto1":" ","foto2":" ","foto3":" ","foto4":" ","link1":" ","link2":" ","Schild":" ","BW_QUE_Sho":0,"Bw_QUE_DN":" ","BW_QUE_Ver":0,"BW_QUE_V_1":0,"rwert":367103,"hwert":5825911}},{"type":"Feature","id":136,"geometry":{"type":"Point","coordinates":[782223.10981826996,6903860.2842212152]},"properties":{"FID":136,"ID_con":2108,"bw_id":"PCK_QUE_3035","name":"Oberleitung","GEW":"PCK","stat_von":3035,"bauart":"Oberleiung","baujahr":" ","upflicht":"??","KTR":" ","FSK":"033123011000120023__","bemerk":" ","beschreib":"Oberleitung","beschreib_":" ","foto1":"https://nlwkn.hannit-share.de/index.php/core/preview?fileId=11061287&x=1280&y=819&a=true","foto2":"https://nlwkn.hannit-share.de/index.php/core/preview?fileId=11061290&x=1280&y=819&a=true","foto3":"https://nlwkn.hannit-share.de/index.php/core/preview?fileId=11061293&x=1280&y=819&a=true","foto4":" ","link1":" ","link2":" ","Schild":" ","BW_QUE_Sho":0,"Bw_QUE_DN":" ","BW_QUE_Ver":0,"BW_QUE_V_1":0,"rwert":366275,"hwert":5826272}},{"type":"Feature","id":137,"geometry":{"type":"Point","coordinates":[781248.62258210208,6904352.264253078]},"properties":{"FID":137,"ID_con":2116,"bw_id":"PCK_QUE_3710","name":"Dükerung","GEW":"PCK","stat_von":3710,"bauart":"Dükerung","baujahr":" ","upflicht":"??","KTR":" ","FSK":"033123011000120023__","bemerk":" ","beschreib":"Dükerung","beschreib_":" ","foto1":"https://nlwkn.hannit-share.de/index.php/core/preview?fileId=11061296&x=1280&y=819&a=true","foto2":" ","foto3":" ","foto4":" ","link1":" ","link2":" ","Schild":" ","BW_QUE_Sho":0,"Bw_QUE_DN":" ","BW_QUE_Ver":0,"BW_QUE_V_1":0,"rwert":365690,"hwert":5826587}},{"type":"Feature","id":138,"geometry":{"type":"Point","coordinates":[780486.42229514534,6905245.325845195]},"properties":{"FID":138,"ID_con":925,"bw_id":"PCK_QUE_4425","name":"Oberleitung","GEW":"PCK","stat_von":4425,"bauart":"Oberleitung","baujahr":" ","upflicht":"??","KTR":" ","FSK":"033124007000170094__","bemerk":" ","beschreib":"Oberleitung","beschreib_":" ","foto1":"https://nlwkn.hannit-share.de/index.php/core/preview?fileId=11061299&x=1280&y=819&a=true","foto2":"https://nlwkn.hannit-share.de/index.php/core/preview?fileId=11061302&x=1280&y=819&a=true","foto3":" ","foto4":" ","link1":" ","link2":" ","Schild":" ","BW_QUE_Sho":0,"Bw_QUE_DN":" ","BW_QUE_Ver":0,"BW_QUE_V_1":0,"rwert":365241,"hwert":5827142}},{"type":"Feature","id":139,"geometry":{"type":"Point","coordinates":[780163.96605285292,6905618.5435886048]},"properties":{"FID":139,"ID_con":2118,"bw_id":"PCK_QUE_4725","name":"Dükerung Gasleitung??","GEW":"PCK","stat_von":4725,"bauart":"Dükerung","baujahr":" ","upflicht":"??","KTR":" ","FSK":"033124007000170094__","bemerk":" ","beschreib":"Dükerung Gasleitung??","beschreib_":" ","foto1":"https://nlwkn.hannit-share.de/index.php/core/preview?fileId=11061305&x=1280&y=819&a=true","foto2":"https://nlwkn.hannit-share.de/index.php/core/preview?fileId=11061308&x=1280&y=819&a=true","foto3":" ","foto4":" ","link1":" ","link2":" ","Schild":" ","BW_QUE_Sho":0,"Bw_QUE_DN":" ","BW_QUE_Ver":0,"BW_QUE_V_1":0,"rwert":365051,"hwert":5827374}},{"type":"Feature","id":140,"geometry":{"type":"Point","coordinates":[779799.2962244004,6906031.7770519089]},"properties":{"FID":140,"ID_con":2567,"bw_id":"PCK_QUE_4740","name":"Dükerung Lagerstättenwasserleitung (1x PE-HD DA 180 x 20.1 mm, SDR 9)","GEW":"PCK","stat_von":4740,"bauart":"Dükerung (HDD)","baujahr":"2024","upflicht":"Neptune Energy Deutschland GmbH","KTR":" ","FSK":"033124007000170094__","bemerk":"Beschilderung, Vertrag nachtragen","beschreib":"Dükerung Lagerstättenwasserleitung  (1x PE-HD DA 180 x 20.1 mm, SDR 9) als HDD-Bohrung. Betriebsdruck: 16 bar, Wanddicke 20,1 mm","beschreib_":" ","foto1":"https://nlwkn.hannit-share.de/index.php/core/preview?fileId=11061311&x=1280&y=819&a=true","foto2":"https://nlwkn.hannit-share.de/index.php/core/preview?fileId=11061314&x=1280&y=819&a=true","foto3":"https://nlwkn.hannit-share.de/index.php/core/preview?fileId=11061317&x=1280&y=819&a=true","foto4":"https://nlwkn.hannit-share.de/index.php/core/preview?fileId=11060741&x=1280&y=819&a=true","link1":"https://nlwkn.hannit-share.de/index.php/core/preview?fileId=11061323&x=1280&y=819&a=true","link2":" ","Schild":" ","BW_QUE_Sho":8.6599998474121094,"Bw_QUE_DN":"180 mm","BW_QUE_Ver":0,"BW_QUE_V_1":0,"rwert":364836,"hwert":5827631}},{"type":"Feature","id":141,"geometry":{"type":"Point","coordinates":[779426.88324011129,6906485.9844373995]},"properties":{"FID":141,"ID_con":926,"bw_id":"PCK_QUE_5415","name":"Oberleitung an Brücke Nöst","GEW":"PCK","stat_von":5415,"bauart":"Oberleitung","baujahr":" ","upflicht":"??","KTR":" ","FSK":"033124007000170094__","bemerk":" ","beschreib":"Oberleitung an Brücke Nöst","beschreib_":" ","foto1":"https://nlwkn.hannit-share.de/index.php/core/preview?fileId=11061326&x=1280&y=819&a=true","foto2":"https://nlwkn.hannit-share.de/index.php/core/preview?fileId=11061329&x=1280&y=819&a=true","foto3":"https://nlwkn.hannit-share.de/index.php/core/preview?fileId=11061332&x=1280&y=819&a=true","foto4":" ","link1":" ","link2":" ","Schild":" ","BW_QUE_Sho":0,"Bw_QUE_DN":" ","BW_QUE_Ver":0,"BW_QUE_V_1":0,"rwert":364617,"hwert":5827913}},{"type":"Feature","id":142,"geometry":{"type":"Point","coordinates":[778554.06255964865,6907501.2431397336]},"properties":{"FID":142,"ID_con":2120,"bw_id":"PCK_QUE_6230","name":"Oberleitung Brücke Aulen Diek","GEW":"PCK","stat_von":6230,"bauart":"Oberleitung","baujahr":" ","upflicht":"??","KTR":" ","FSK":"033125007001300111__","bemerk":" ","beschreib":"Oberleitung Brücke Aulen Diek","beschreib_":" ","foto1":"https://nlwkn.hannit-share.de/index.php/core/preview?fileId=11061335&x=1280&y=819&a=true","foto2":" ","foto3":" ","foto4":" ","link1":" ","link2":" ","Schild":" ","BW_QUE_Sho":0,"Bw_QUE_DN":" ","BW_QUE_Ver":0,"BW_QUE_V_1":0,"rwert":364103,"hwert":5828544}},{"type":"Feature","id":143,"geometry":{"type":"Point","coordinates":[778538.73426816217,6907520.5865316726]},"properties":{"FID":143,"ID_con":2673,"bw_id":"PCK_QUE_6245","name":"Dükerung Erdgasleitung HDPE DN 100 (HDD)","GEW":"PCK","stat_von":6245,"bauart":"Dükerung Erdgasleitung (HDD)","baujahr":"1998","upflicht":"NVB","KTR":" ","FSK":"033125007001300111__","bemerk":"Daten ergänzen!!","beschreib":"Kreuzung Erdgasleitung HDPE DN 100. Die Leitung wurde im Horizontal-Bohrverfahren verlegt.","beschreib_":"Kreuzung Erdgasleitung HDPE DN 100. Die Leitung wurde im Horizontal-Bohrverfahren verlegt.","foto1":"https://nlwkn.hannit-share.de/index.php/core/preview?fileId=12732231&x=1280&y=819&a=true","foto2":"https://nlwkn.hannit-share.de/index.php/core/preview?fileId=12732234&x=1280&y=819&a=true","foto3":"https://nlwkn.hannit-share.de/index.php/core/preview?fileId=12732232&x=1280&y=819&a=true","foto4":"https://nlwkn.hannit-share.de/index.php/core/preview?fileId=12732233&x=1280&y=819&a=true","link1":" ","link2":" ","Schild":" ","BW_QUE_Sho":0,"Bw_QUE_DN":"100","BW_QUE_Ver":0,"BW_QUE_V_1":0,"rwert":364094,"hwert":5828556}},{"type":"Feature","id":144,"geometry":{"type":"Point","coordinates":[777876.22490159608,6908294.6031730752]},"properties":{"FID":144,"ID_con":2619,"bw_id":"PCK_QUE_6865","name":"Dükerung Mittelspannungskabel","GEW":"PCK","stat_von":6865,"bauart":"Dükerung (HDD)","baujahr":"2025","upflicht":"NVB","KTR":" ","FSK":"033125007001300111__","bemerk":"Vertrag, Beschilderung, Akte","beschreib":"Dükerung der nvb mit 2x Mittelspannungskabel NA2XS(F)2Y 3x1x500?, verlegt in Schutzrohr 2x HDPE d 225","beschreib_":"Dükerung der nvb mit 2x Mittelspannungskabel NA2XS(F)2Y 3x1x500?, verlegt in Schutzrohr 2x HDPE d 225","foto1":"https://nlwkn.hannit-share.de/index.php/core/preview?fileId=11640695&x=1280&y=819&a=true","foto2":"https://nlwkn.hannit-share.de/index.php/core/preview?fileId=11640696&x=1280&y=819&a=true","foto3":"https://nlwkn.hannit-share.de/index.php/core/preview?fileId=11640697&x=1280&y=819&a=true","foto4":"https://nlwkn.hannit-share.de/index.php/core/preview?fileId=11640698&x=1280&y=819&a=true","link1":" ","link2":" ","Schild":" ","BW_QUE_Sho":0,"Bw_QUE_DN":"225","BW_QUE_Ver":0,"BW_QUE_V_1":0,"rwert":363704,"hwert":5829037}},{"type":"Feature","id":145,"geometry":{"type":"Point","coordinates":[777871.0685906827,6908302.6976106707]},"properties":{"FID":145,"ID_con":927,"bw_id":"PCK_QUE_6870","name":"Dükerung","GEW":"PCK","stat_von":6870,"bauart":"Dükerung","baujahr":" ","upflicht":"??","KTR":" ","FSK":"033125007001300111__","bemerk":" ","beschreib":"Dükerung","beschreib_":" ","foto1":"https://nlwkn.hannit-share.de/index.php/core/preview?fileId=11061338&x=1280&y=819&a=true","foto2":" ","foto3":" ","foto4":" ","link1":" ","link2":" ","Schild":" ","BW_QUE_Sho":0,"Bw_QUE_DN":" ","BW_QUE_Ver":0,"BW_QUE_V_1":0,"rwert":363701,"hwert":5829042}},{"type":"Feature","id":146,"geometry":{"type":"Point","coordinates":[777859.25108181499,6908313.9011589773]},"properties":{"FID":146,"ID_con":2525,"bw_id":"PCK_QUE_6880","name":"Dükerung Glasfaserkabel (HDD)","GEW":"PCK","stat_von":6880,"bauart":"Dükerung (HDD)","baujahr":"2023","upflicht":"Breitband Grafschaft Bentheim GmbH & Co. KG","KTR":" ","FSK":"033125007001300111__","bemerk":"Akte ; Sohllage ; Beschilderung !!","beschreib":"Dükerung Glasfaserkabel (HDD) Breitbandausbau Grafschaft Bentheim","beschreib_":" ","foto1":" ","foto2":" ","foto3":" ","foto4":" ","link1":" ","link2":" ","Schild":" ","BW_QUE_Sho":0,"Bw_QUE_DN":"130","BW_QUE_Ver":0,"BW_QUE_V_1":0,"rwert":363694,"hwert":5829049}},{"type":"Feature","id":147,"geometry":{"type":"Point","coordinates":[777842.27718043991,6908333.1991536096]},"properties":{"FID":147,"ID_con":2216,"bw_id":"PCK_QUE_6895","name":"Dükerung (Gasleitung)","GEW":"PCK","stat_von":6895,"bauart":"Dükerung (Gasleitung)","baujahr":"2021??","upflicht":"Erdgas Münster","KTR":" ","FSK":"033125007001300111__","bemerk":"Tel. 0251 2800 421","beschreib":"Dükerung (Gasleitung)","beschreib_":" ","foto1":"https://nlwkn.hannit-share.de/index.php/core/preview?fileId=11061341&x=1280&y=819&a=true","foto2":"https://nlwkn.hannit-share.de/index.php/core/preview?fileId=11061344&x=1280&y=819&a=true","foto3":" ","foto4":" ","link1":" ","link2":" ","Schild":" ","BW_QUE_Sho":0,"Bw_QUE_DN":" ","BW_QUE_Ver":0,"BW_QUE_V_1":0,"rwert":363684,"hwert":5829061}},{"type":"Feature","id":148,"geometry":{"type":"Point","coordinates":[777837.1666559052,6908339.6471402971]},"properties":{"FID":148,"ID_con":2217,"bw_id":"PCK_QUE_6900","name":"Dükerung Gasleitung","GEW":"PCK","stat_von":6900,"bauart":"Dükerung (Erdgas)","baujahr":"2021??","upflicht":"Erdgas Münster","KTR":" ","FSK":"033125007001300111__","bemerk":" ","beschreib":"Dükerung (Erdgas)","beschreib_":" ","foto1":"https://nlwkn.hannit-share.de/index.php/core/preview?fileId=11061347&x=1280&y=819&a=true","foto2":"https://nlwkn.hannit-share.de/index.php/core/preview?fileId=11061350&x=1280&y=819&a=true","foto3":"https://nlwkn.hannit-share.de/index.php/core/preview?fileId=11061353&x=1280&y=819&a=true","foto4":" ","link1":" ","link2":" ","Schild":" ","BW_QUE_Sho":0,"Bw_QUE_DN":" ","BW_QUE_Ver":0,"BW_QUE_V_1":0,"rwert":363681,"hwert":5829065}},{"type":"Feature","id":149,"geometry":{"type":"Point","coordinates":[777730.21069013991,6908461.8833295051]},"properties":{"FID":149,"ID_con":929,"bw_id":"PCK_QUE_7000","name":"Kreuzung des Piccardie-Coevorden-Kanals mit einer Trinkwasserhauptleitung PE DN 150","GEW":"PCK","stat_von":7000,"bauart":"Dükerung","baujahr":"2018","upflicht":"WAZ Niedergrafschaft","KTR":" ","FSK":"033125007001300111__","bemerk":"Vertrag aktualisieren, Beschilderung prüfen, Bestandsplan?","beschreib":"Kreuzung des Piccardie-Coevorden-Kanals mit einer Trinkwasserhauptleitung PE DN 150","beschreib_":" ","foto1":" ","foto2":" ","foto3":" ","foto4":" ","link1":" ","link2":" ","Schild":" ","BW_QUE_Sho":0,"Bw_QUE_DN":"150","BW_QUE_Ver":0,"BW_QUE_V_1":0,"rwert":363618,"hwert":5829141}},{"type":"Feature","id":150,"geometry":{"type":"Point","coordinates":[776612.03970454424,6909593.9096848927]},"properties":{"FID":150,"ID_con":930,"bw_id":"PCK_QUE_7975","name":"Dükerung Niederspannungskabel","GEW":"PCK","stat_von":7975,"bauart":"Dükerung (Horizontalbohrung)","baujahr":"2021","upflicht":"NVB","KTR":" ","FSK":"033127004000790009__","bemerk":"Vertrag ist noch abzuschließen?? ; K","beschreib":"reuzung mit einem Niederspannungskabel NAYY 4 x 150 mm2 in einm Schutzrohr HDPE d 110","beschreib_":" ","foto1":" ","foto2":" ","foto3":" ","foto4":" ","link1":" ","link2":" ","Schild":" ","BW_QUE_Sho":0,"Bw_QUE_DN":"110 mm","BW_QUE_Ver":0,"BW_QUE_V_1":0,"rwert":362957,"hwert":5829847}},{"type":"Feature","id":151,"geometry":{"type":"Point","coordinates":[773143.22866649774,6911390.9665871002]},"properties":{"FID":151,"ID_con":2204,"bw_id":"PCK_QUE_10400","name":"Dükerung TWL","GEW":"PCK","stat_von":10400,"bauart":"Dükerung (Gasleitung)","baujahr":"2017","upflicht":"WAZ Niedergrafschaft","KTR":" ","FSK":"033128004000180022__","bemerk":"Tel. 0251 2800 421","beschreib":"Dükerung","beschreib_":" ","foto1":" ","foto2":" ","foto3":" ","foto4":" ","link1":" ","link2":" ","Schild":" ","BW_QUE_Sho":0,"Bw_QUE_DN":"150","BW_QUE_Ver":0,"BW_QUE_V_1":0,"rwert":360878,"hwert":5830997}},{"type":"Feature","id":152,"geometry":{"type":"Point","coordinates":[772870.35665067041,6911388.1093402905]},"properties":{"FID":152,"ID_con":911,"bw_id":"PCK_QUE_10565","name":"Oberleitung","GEW":"PCK","stat_von":10565,"bauart":"Oberleitung","baujahr":" ","upflicht":"??","KTR":" ","FSK":"033128004000180022__","bemerk":" ","beschreib":"Oberleitung","beschreib_":" ","foto1":" ","foto2":" ","foto3":" ","foto4":" ","link1":" ","link2":" ","Schild":" ","BW_QUE_Sho":0,"Bw_QUE_DN":" ","BW_QUE_Ver":0,"BW_QUE_V_1":0,"rwert":360712,"hwert":5831000}},{"type":"Feature","id":153,"geometry":{"type":"Point","coordinates":[772623.63145881775,6911390.9368635444]},"properties":{"FID":153,"ID_con":912,"bw_id":"PCK_QUE_10720","name":"Oberleitung","GEW":"PCK","stat_von":10720,"bauart":"Oberleitung","baujahr":" ","upflicht":"??","KTR":" ","FSK":"033128004000180022__","bemerk":" ","beschreib":"Oberleitung","beschreib_":" ","foto1":" ","foto2":" ","foto3":" ","foto4":" ","link1":" ","link2":" ","Schild":" ","BW_QUE_Sho":0,"Bw_QUE_DN":" ","BW_QUE_Ver":0,"BW_QUE_V_1":0,"rwert":360562,"hwert":5831006}},{"type":"Feature","id":154,"geometry":{"type":"Point","coordinates":[769693.63060891838,6912183.4633823978]},"properties":{"FID":154,"ID_con":913,"bw_id":"PCK_QUE_12600","name":"Querung Ölexportleitung Emlichheim","GEW":"PCK","stat_von":12600,"bauart":"Dükerung Ölexportleitung (HDD)\r\nSDR 17","baujahr":"2021","upflicht":"Wintershall Dea Deutschland GmbH","KTR":" ","FSK":"033128005000200013__","bemerk":" ","beschreib":"Querung Ölexportleitung Emlichheim","beschreib_":" ","foto1":"https://nlwkn.hannit-share.de/index.php/core/preview?fileId=11061251&x=1280&y=819&a=true","foto2":"https://nlwkn.hannit-share.de/index.php/core/preview?fileId=11061254&x=1280&y=819&a=true","foto3":" ","foto4":" ","link1":" ","link2":" ","Schild":"Dükerschild","BW_QUE_Sho":8.8599996566772461,"Bw_QUE_DN":"PE-HD DA 500 x 29.7 mm SDR 17","BW_QUE_Ver":0,"BW_QUE_V_1":0,"rwert":358794,"hwert":5831538}},{"type":"Feature","id":155,"geometry":{"type":"Point","coordinates":[769573.58984306734,6912183.277257733]},"properties":{"FID":155,"ID_con":2610,"bw_id":"PCK_QUE_12675","name":"Oberleitung","GEW":"PCK","stat_von":12675,"bauart":"Oberleitung","baujahr":" ","upflicht":"??","KTR":" ","FSK":"033128005000200013__","bemerk":" ","beschreib":"Oberleitung","beschreib_":"Oberleitung","foto1":"https://nlwkn.hannit-share.de/index.php/core/preview?fileId=11546940&x=1280&y=819&a=true","foto2":"https://nlwkn.hannit-share.de/index.php/core/preview?fileId=11546941&x=1280&y=819&a=true","foto3":"https://nlwkn.hannit-share.de/index.php/core/preview?fileId=11546939&x=1280&y=819&a=true","foto4":"https://nlwkn.hannit-share.de/index.php/core/preview?fileId=11546942&x=1280&y=819&a=true","link1":" ","link2":" ","Schild":" ","BW_QUE_Sho":0,"Bw_QUE_DN":" ","BW_QUE_Ver":0,"BW_QUE_V_1":0,"rwert":358721,"hwert":5831540}},{"type":"Feature","id":156,"geometry":{"type":"Point","coordinates":[768087.04317543865,6912690.6266615093]},"properties":{"FID":156,"ID_con":914,"bw_id":"PCK_QUE_13630","name":"Kreuzung incl. Längsverlegung (ca. 85 m) mit einem Niederspannungskabel NAYY 4 x 150 mm²","GEW":"PCK","stat_von":13630,"bauart":"Dükerung","baujahr":"2016","upflicht":"NVB","KTR":" ","FSK":"033128009000420021__","bemerk":" ","beschreib":"Kreuzung incl. Längsverlegung (ca. 85 m) mit einem Niederspannungskabel NAYY 4 x 150 mm²","beschreib_":" ","foto1":" ","foto2":" ","foto3":" ","foto4":" ","link1":" ","link2":" ","Schild":"Dükerschild mit Namen des Betreibers","BW_QUE_Sho":0,"Bw_QUE_DN":"150","BW_QUE_Ver":1,"BW_QUE_V_1":1,"rwert":357826,"hwert":5831874}},{"type":"Feature","id":157,"geometry":{"type":"Point","coordinates":[766770.56928533502,6913055.9929442396]},"properties":{"FID":157,"ID_con":2122,"bw_id":"PCK_QUE_14470","name":"Oberleitung uh. Wehr Entlastungskanal","GEW":"PCK","stat_von":14470,"bauart":"Oberleitung","baujahr":" ","upflicht":"??","KTR":" ","FSK":"033129007000250014__","bemerk":" ","beschreib":"Oberleitung uh. Wehr Entlastungskanal","beschreib_":" ","foto1":"https://nlwkn.hannit-share.de/index.php/core/preview?fileId=11061257&x=1280&y=819&a=true","foto2":" ","foto3":" ","foto4":" ","link1":" ","link2":" ","Schild":" ","BW_QUE_Sho":0,"Bw_QUE_DN":" ","BW_QUE_Ver":0,"BW_QUE_V_1":0,"rwert":357032,"hwert":5832119}},{"type":"Feature","id":158,"geometry":{"type":"Point","coordinates":[766476.91544551612,6913086.9306941917]},"properties":{"FID":158,"ID_con":915,"bw_id":"PCK_QUE_14650","name":"Dükerung Mittelgasdruckleitung","GEW":"PCK","stat_von":14650,"bauart":"Dükerung","baujahr":"2018","upflicht":"NVB, Gildkamp 10, 48529 Nordhorn","KTR":" ","FSK":"033129007000250014__","bemerk":" ","beschreib":"Kreuzung des Piccardie-Coevorden-Kanals mit einer Mitteldruckgasleitung HDPE DN 50","beschreib_":" ","foto1":" ","foto2":" ","foto3":" ","foto4":" ","link1":" ","link2":" ","Schild":"Dükerschild mit Namen des Betreibers","BW_QUE_Sho":0,"Bw_QUE_DN":"50","BW_QUE_Ver":1,"BW_QUE_V_1":1,"rwert":356854,"hwert":5832143}},{"type":"Feature","id":159,"geometry":{"type":"Point","coordinates":[765834.21389496129,6913186.7110038437]},"properties":{"FID":159,"ID_con":2435,"bw_id":"PCK_QUE_15045","name":"Dükerung Gashochdruckleitung Westnetz","GEW":"PCK","stat_von":15045,"bauart":"Dükerung Gasleitung","baujahr":" ","upflicht":"Westnetz","KTR":" ","FSK":"033129007000250014__","bemerk":"Aus Plan für Ausbau K19","beschreib":"L 7500 VGD 600 St (HD Westnetz)","beschreib_":" ","foto1":" ","foto2":" ","foto3":" ","foto4":" ","link1":" ","link2":" ","Schild":" ","BW_QUE_Sho":0,"Bw_QUE_DN":" ","BW_QUE_Ver":0,"BW_QUE_V_1":0,"rwert":356465,"hwert":5832215}},{"type":"Feature","id":160,"geometry":{"type":"Point","coordinates":[765786.26922730461,6913195.1893739179]},"properties":{"FID":160,"ID_con":2434,"bw_id":"PCK_QUE_15075","name":"Dükerung Gashochdruckleitung Westnetz","GEW":"PCK","stat_von":15075,"bauart":"Dükerung Gasleitung","baujahr":"1973","upflicht":"Westnetz","KTR":" ","FSK":"033129007000250014__","bemerk":"Aus Plan für Ausbau K19","beschreib":"\tErdgasleitung Emlichheim - Linge (n551 VGD L360 MB/NB (HD Westnetz))","beschreib_":" ","foto1":" ","foto2":" ","foto3":" ","foto4":" ","link1":" ","link2":" ","Schild":" ","BW_QUE_Sho":0,"Bw_QUE_DN":" ","BW_QUE_Ver":0,"BW_QUE_V_1":0,"rwert":356436,"hwert":5832221}},{"type":"Feature","id":161,"geometry":{"type":"Point","coordinates":[765094.10763905849,6913298.398882743]},"properties":{"FID":161,"ID_con":2439,"bw_id":"PCK_QUE_15549","name":"Dükerung Fermeldekabel","GEW":"PCK","stat_von":15549,"bauart":"Dükerung","baujahr":" ","upflicht":"NVB","KTR":" ","FSK":"033129007000250014__","bemerk":" ","beschreib":"Dükerung Fermeldekabel (FM Pmbc 10x2x0,8)","beschreib_":" ","foto1":" ","foto2":" ","foto3":" ","foto4":" ","link1":" ","link2":" ","Schild":" ","BW_QUE_Sho":0,"Bw_QUE_DN":"10","BW_QUE_Ver":0,"BW_QUE_V_1":0,"rwert":356017,"hwert":5832296}},{"type":"Feature","id":162,"geometry":{"type":"Point","coordinates":[765097.20019546046,6913305.0855536088]},"properties":{"FID":162,"ID_con":2438,"bw_id":"PCK_QUE_15550","name":"Dükerung Gasleitung","GEW":"PCK","stat_von":15550,"bauart":"Dükerung Gasleitung","baujahr":" ","upflicht":"NVB","KTR":" ","FSK":"033129007000250014__","bemerk":" ","beschreib":"Dükerung Gasleitung, NVB HD Gas SiPE 150","beschreib_":" ","foto1":" ","foto2":" ","foto3":" ","foto4":" ","link1":" ","link2":" ","Schild":" ","BW_QUE_Sho":0,"Bw_QUE_DN":"150","BW_QUE_Ver":0,"BW_QUE_V_1":0,"rwert":356019,"hwert":5832300}},{"type":"Feature","id":163,"geometry":{"type":"Point","coordinates":[765099.03746624221,6913298.5447407486]},"properties":{"FID":163,"ID_con":2440,"bw_id":"PCK_QUE_15551","name":"Dükerung Mitteldruckleitung","GEW":"PCK","stat_von":15551,"bauart":"Dükerung","baujahr":" ","upflicht":"NVB","KTR":" ","FSK":"033129007000250014__","bemerk":" ","beschreib":"Dükerung Mitteldruckleitung (MD PE 100)","beschreib_":" ","foto1":" ","foto2":" ","foto3":" ","foto4":" ","link1":" ","link2":" ","Schild":" ","BW_QUE_Sho":0,"Bw_QUE_DN":"100","BW_QUE_Ver":0,"BW_QUE_V_1":0,"rwert":356020,"hwert":5832296}},{"type":"Feature","id":164,"geometry":{"type":"Point","coordinates":[764933.88497082691,6913321.6862529572]},"properties":{"FID":164,"ID_con":916,"bw_id":"PCK_QUE_15600","name":"Dükerung, TWL","GEW":"PCK","stat_von":15600,"bauart":"Dükerung","baujahr":"2018","upflicht":"WAZ Niedergrafschaft","KTR":" ","FSK":"033129007000250014__","bemerk":"Datum prüfen","beschreib":"Dükerung mit Trinkwasserleitung PE DN 180","beschreib_":" ","foto1":" ","foto2":" ","foto3":" ","foto4":" ","link1":" ","link2":" ","Schild":"Schild mit der Bezeichnung Düker und Namen des Betreibers","BW_QUE_Sho":2.5999999046325684,"Bw_QUE_DN":"100","BW_QUE_Ver":1,"BW_QUE_V_1":1,"rwert":355920,"hwert":5832313}},{"type":"Feature","id":165,"geometry":{"type":"Point","coordinates":[764486.7880496846,6913201.2654395299]},"properties":{"FID":165,"ID_con":93,"bw_id":"PCK_QUE_15890","name":"Rohrleitungsbrücke Wintershall","GEW":"PCK","stat_von":15890,"bauart":"Rohrleitungsbrücke Wintershall","baujahr":" ","upflicht":"Wintershall AG","KTR":" ","FSK":"033129007000250014__","bemerk":"??Denkmalschutz?;ID:36064681??","beschreib":"Rohrleitungsbrücke Wintershall","beschreib_":"Rohrleitungsbrücke Wintershall","foto1":"https://nlwkn.hannit-share.de/index.php/core/preview?fileId=11060837&x=1280&y=819&a=true","foto2":"https://nlwkn.hannit-share.de/index.php/core/preview?fileId=11060840&x=1280&y=819&a=true","foto3":" ","foto4":" ","link1":" ","link2":" ","Schild":" ","BW_QUE_Sho":0,"Bw_QUE_DN":" ","BW_QUE_Ver":0,"BW_QUE_V_1":0,"rwert":355646,"hwert":5832248}},{"type":"Feature","id":166,"geometry":{"type":"Point","coordinates":[763996.73756790499,6913087.7883869056]},"properties":{"FID":166,"ID_con":917,"bw_id":"PCK_QUE_16190","name":"Dükerung, TWL","GEW":"PCK","stat_von":16190,"bauart":"Dükerung","baujahr":" ","upflicht":"WAZ Niedergrafschaft","KTR":" ","FSK":"033129008000640001__","bemerk":"Datum prüfen","beschreib":"Dükerung mit Trinkwasserleitung PE DN 180","beschreib_":" ","foto1":" ","foto2":" ","foto3":" ","foto4":" ","link1":" ","link2":" ","Schild":"Schild mit der Bezeichnung Düker und Namen des Betreibers","BW_QUE_Sho":2.5999999046325684,"Bw_QUE_DN":" ","BW_QUE_Ver":1,"BW_QUE_V_1":1,"rwert":355346,"hwert":5832188}},{"type":"Feature","id":167,"geometry":{"type":"Point","coordinates":[763191.56181660679,6913063.8148650369]},"properties":{"FID":167,"ID_con":98,"bw_id":"PCK_QUE_16685","name":"Rohrleitungsbrücke","GEW":"PCK","stat_von":16685,"bauart":"Rohrleitungsbrücke","baujahr":" ","upflicht":"Erdgas Münster","KTR":" ","FSK":"033129019000140015__","bemerk":"PCK-B2135","beschreib":"Kreuzung des PCK´s mit Erdgasleitungen mittels einer Rohrbrücke","beschreib_":"Kreuzung des PCK´s mit Erdgasleitungen mittels einer Rohrbrücke","foto1":"https://nlwkn.hannit-share.de/index.php/core/preview?fileId=11060867&x=1280&y=819&a=true","foto2":"https://nlwkn.hannit-share.de/index.php/core/preview?fileId=11060870&x=1280&y=819&a=true","foto3":" ","foto4":" ","link1":" ","link2":" ","Schild":" ","BW_QUE_Sho":0,"Bw_QUE_DN":" ","BW_QUE_Ver":0,"BW_QUE_V_1":0,"rwert":354856,"hwert":5832188}},{"type":"Feature","id":168,"geometry":{"type":"Point","coordinates":[761025.61116467521,6913445.7443127977]},"properties":{"FID":168,"ID_con":2124,"bw_id":"PCK_QUE_18055","name":"Dükerung","GEW":"PCK","stat_von":18055,"bauart":"Dükerung","baujahr":" ","upflicht":"??","KTR":" ","FSK":"033129019000140015__","bemerk":" ","beschreib":"Dükerung","beschreib_":" ","foto1":"https://nlwkn.hannit-share.de/index.php/core/preview?fileId=11061260&x=1280&y=819&a=true","foto2":" ","foto3":" ","foto4":" ","link1":" ","link2":" ","Schild":"Dükerschild","BW_QUE_Sho":0,"Bw_QUE_DN":" ","BW_QUE_Ver":0,"BW_QUE_V_1":0,"rwert":353546,"hwert":5832459}},{"type":"Feature","id":169,"geometry":{"type":"Point","coordinates":[759603.62856778235,6914186.0525100343]},"properties":{"FID":169,"ID_con":2125,"bw_id":"PCK_QUE_19030","name":"Oberleitung oh Schleuse III","GEW":"PCK","stat_von":19030,"bauart":"Oberleitung","baujahr":" ","upflicht":"??","KTR":" ","FSK":"033129019000140015__","bemerk":" ","beschreib":"Oberleitung oh Schleuse III","beschreib_":" ","foto1":"https://nlwkn.hannit-share.de/index.php/core/preview?fileId=11061263&x=1280&y=819&a=true","foto2":" ","foto3":" ","foto4":" ","link1":" ","link2":" ","Schild":" ","BW_QUE_Sho":0,"Bw_QUE_DN":" ","BW_QUE_Ver":0,"BW_QUE_V_1":0,"rwert":352695,"hwert":5832934}},{"type":"Feature","id":170,"geometry":{"type":"Point","coordinates":[758696.41827357293,6914649.9467607569]},"properties":{"FID":170,"ID_con":2616,"bw_id":"PCK_QUE_19650","name":"Dükerung 30 kV-Kabel - Windparks","GEW":"PCK","stat_von":19650,"bauart":"HDD - Dükerung","baujahr":"2025","upflicht":"BVT Windpark Emlichheim 2 GmbH & Co. KG","KTR":" ","FSK":"033130102000460002__","bemerk":"Daten (Pläne) ??","beschreib":"Kreuzung des PCK mit einem 30 KV-Kabel- Windparks in der Gemeinde Emlichheim mit HDD - Bohrung für HD-PE-Rohr 160/11,2 mm in 2 m unterhalb der Sohle","beschreib_":"Kreuzung des PCK mit einem 30 KV-Kabel- Windparks in der Gemeinde Emlichheim mit HDD - Bohrung für HD-PE-Rohr 160/11,2 mm in 2 m unterhalb der Sohle","foto1":" ","foto2":" ","foto3":" ","foto4":" ","link1":" ","link2":" ","Schild":"??","BW_QUE_Sho":0,"Bw_QUE_DN":"160","BW_QUE_Ver":0,"BW_QUE_V_1":0,"rwert":352152,"hwert":5833232}},{"type":"Feature","id":171,"geometry":{"type":"Point","coordinates":[758652.94008136389,6914673.3616296723]},"properties":{"FID":171,"ID_con":918,"bw_id":"PCK_QUE_19680","name":"Dükerung Stromleitung","GEW":"PCK","stat_von":19680,"bauart":"Dükerung","baujahr":"2018","upflicht":"NVB, Gildkamp 10, 48529 Nordhorn","KTR":" ","FSK":"033130102000460001__","bemerk":" ","beschreib":"Kreuzung des Piccardie-Coevorden-Kanals mit einem Düker als Ersatz für eine Freileitung","beschreib_":" ","foto1":" ","foto2":" ","foto3":" ","foto4":" ","link1":" ","link2":" ","Schild":"Dükerschild mit Namen des Betreibers","BW_QUE_Sho":0,"Bw_QUE_DN":" ","BW_QUE_Ver":1,"BW_QUE_V_1":1,"rwert":352126,"hwert":5833247}},{"type":"Feature","id":172,"geometry":{"type":"Point","coordinates":[757434.22472436714,6915206.8285080921]},"properties":{"FID":172,"ID_con":2126,"bw_id":"PCK_QUE_20490","name":"Oberleitung","GEW":"PCK","stat_von":20490,"bauart":"Oberleitung","baujahr":" ","upflicht":"??","KTR":" ","FSK":"033131107000280002__","bemerk":" ","beschreib":"Oberleitung","beschreib_":" ","foto1":"https://nlwkn.hannit-share.de/index.php/core/preview?fileId=11061266&x=1280&y=819&a=true","foto2":" ","foto3":" ","foto4":" ","link1":" ","link2":" ","Schild":" ","BW_QUE_Sho":0,"Bw_QUE_DN":" ","BW_QUE_Ver":0,"BW_QUE_V_1":0,"rwert":351395,"hwert":5833593}},{"type":"Feature","id":173,"geometry":{"type":"Point","coordinates":[756885.21487879194,6915407.7349949181]},"properties":{"FID":173,"ID_con":920,"bw_id":"PCK_QUE_20850","name":"Dükerung Glasfaser","GEW":"PCK","stat_von":20850,"bauart":"Dükerung (HDD)","baujahr":"2021","upflicht":"??","KTR":" ","FSK":"033131107000280002__","bemerk":"Lage aus Bestandplänen ; Akte ; Dükerschild !! ; Vertrag","beschreib":"Dükerung","beschreib_":" ","foto1":" ","foto2":" ","foto3":" ","foto4":" ","link1":" ","link2":" ","Schild":" ","BW_QUE_Sho":0,"Bw_QUE_DN":" ","BW_QUE_Ver":0,"BW_QUE_V_1":0,"rwert":351065,"hwert":5833725}},{"type":"Feature","id":174,"geometry":{"type":"Point","coordinates":[756856.36950910091,6915436.5381827457]},"properties":{"FID":174,"ID_con":921,"bw_id":"PCK_QUE_20925","name":"Oberleitung bei Brücke Ramakers Diek","GEW":"PCK","stat_von":20925,"bauart":"Oberleitung","baujahr":" ","upflicht":"??","KTR":" ","FSK":"033131106000410004__","bemerk":" ","beschreib":"Oberleitung","beschreib_":" ","foto1":"https://nlwkn.hannit-share.de/index.php/core/preview?fileId=11061272&x=1280&y=819&a=true","foto2":"https://nlwkn.hannit-share.de/index.php/core/preview?fileId=11061275&x=1280&y=819&a=true","foto3":" ","foto4":" ","link1":" ","link2":" ","Schild":" ","BW_QUE_Sho":0,"Bw_QUE_DN":" ","BW_QUE_Ver":0,"BW_QUE_V_1":0,"rwert":351048,"hwert":5833743}},{"type":"Feature","id":175,"geometry":{"type":"Point","coordinates":[755529.89892818115,6916901.7098148093]},"properties":{"FID":175,"ID_con":923,"bw_id":"PCK_QUE_22075","name":"Dükerung","GEW":"PCK","stat_von":22075,"bauart":"Dükerung","baujahr":" ","upflicht":"??","KTR":" ","FSK":"033131106000410001__","bemerk":" ","beschreib":"Dükerung","beschreib_":" ","foto1":"https://nlwkn.hannit-share.de/index.php/core/preview?fileId=11061281&x=1280&y=819&a=true","foto2":" ","foto3":" ","foto4":" ","link1":" ","link2":" ","Schild":"Dükerschild","BW_QUE_Sho":0,"Bw_QUE_DN":" ","BW_QUE_Ver":0,"BW_QUE_V_1":0,"rwert":350269,"hwert":5834656}},{"type":"Feature","id":176,"geometry":{"type":"Point","coordinates":[755201.39861247991,6917257.796791113]},"properties":{"FID":176,"ID_con":924,"bw_id":"PCK_QUE_22370","name":"Oberleitung","GEW":"PCK","stat_von":22370,"bauart":"Oberleitung oh Brücke Aatalstraße","baujahr":" ","upflicht":"??","KTR":" ","FSK":"03313110400031______","bemerk":" ","beschreib":"Oberleitung oh Brücke Aatalstraße","beschreib_":" ","foto1":"https://nlwkn.hannit-share.de/index.php/core/preview?fileId=11061284&x=1280&y=819&a=true","foto2":" ","foto3":" ","foto4":" ","link1":" ","link2":" ","Schild":" ","BW_QUE_Sho":0,"Bw_QUE_DN":" ","BW_QUE_Ver":0,"BW_QUE_V_1":0,"rwert":350076,"hwert":5834878}},{"type":"Feature","id":177,"geometry":{"type":"Point","coordinates":[754709.11152079306,6917801.84483473]},"properties":{"FID":177,"ID_con":2639,"bw_id":"PCK_QUE_22815","name":"Dükerung Trinkwasserleitung","GEW":"PCK","stat_von":22815,"bauart":"Dükerung Trinkwasserleitung","baujahr":" ","upflicht":"Wasserbeschaffungsverband Neuenhaus","KTR":" ","FSK":"033131104000290003__","bemerk":"Vertrag??","beschreib":"Dükerung Trinkwasserleitung (WAZ Niedergrafschaft)","beschreib_":"Dükerung Trinkwasserleitung (WAZ Niedergrafschaft)","foto1":"https://nlwkn.hannit-share.de/index.php/core/preview?fileId=12140214&x=1280&y=819&a=true","foto2":"https://nlwkn.hannit-share.de/index.php/core/preview?fileId=12140215&x=1280&y=819&a=true","foto3":"https://nlwkn.hannit-share.de/index.php/core/preview?fileId=12140217&x=1280&y=819&a=true","foto4":" ","link1":" ","link2":" ","Schild":"Dükerschilder auf beiden Seiten","BW_QUE_Sho":0,"Bw_QUE_DN":" ","BW_QUE_Ver":0,"BW_QUE_V_1":0,"rwert":349787,"hwert":5835217}},{"type":"Feature","id":178,"geometry":{"type":"Point","coordinates":[754686.97817491961,6917825.9070861721]},"properties":{"FID":178,"ID_con":919,"bw_id":"PCK_QUE_22835","name":"Oberleitung","GEW":"PCK","stat_von":22835,"bauart":"Oberleitung uh Brücke Zollamt","baujahr":" ","upflicht":"??","KTR":" ","FSK":"033131104000290001__","bemerk":"Vertrag ?","beschreib":"Oberleitung uh Brücke Zollamt","beschreib_":"Oberleitung uh Brücke Zollamt","foto1":"https://nlwkn.hannit-share.de/index.php/core/preview?fileId=12140218&x=1280&y=819&a=true","foto2":"https://nlwkn.hannit-share.de/index.php/core/preview?fileId=12140216&x=1280&y=819&a=true","foto3":"https://nlwkn.hannit-share.de/index.php/core/preview?fileId=12140436&x=1280&y=819&a=true","foto4":"https://nlwkn.hannit-share.de/index.php/core/preview?fileId=12140427&x=1280&y=819&a=true","link1":" ","link2":" ","Schild":" ","BW_QUE_Sho":0,"Bw_QUE_DN":" ","BW_QUE_Ver":0,"BW_QUE_V_1":0,"rwert":349774,"hwert":5835232}},{"type":"Feature","id":179,"geometry":{"type":"Point","coordinates":[754649.43956817605,6917869.2902920088]},"properties":{"FID":179,"ID_con":2641,"bw_id":"PCK_QUE_22870","name":"Dükerung Erdgasleitung","GEW":"PCK","stat_von":22870,"bauart":"Dükerung Erdgasleitung","baujahr":" ","upflicht":"Wintershall Dea","KTR":" ","FSK":"033131104000290001__","bemerk":"Vertrag??","beschreib":"Dükerung Erdgasleitung Wintershall Dea (Notruf: 05943 9339222)","beschreib_":"Dükerung Erdgasleitung Wintershall Dea (Notruf: 05943 9339222)","foto1":"https://nlwkn.hannit-share.de/index.php/core/preview?fileId=12140220&x=1280&y=819&a=true","foto2":"https://nlwkn.hannit-share.de/index.php/core/preview?fileId=12140222&x=1280&y=819&a=true","foto3":"https://nlwkn.hannit-share.de/index.php/core/preview?fileId=12140223&x=1280&y=819&a=true","foto4":" ","link1":" ","link2":" ","Schild":"Dükerschilder beidseitig","BW_QUE_Sho":0,"Bw_QUE_DN":" ","BW_QUE_Ver":0,"BW_QUE_V_1":0,"rwert":349752,"hwert":5835259}},{"type":"Feature","id":180,"geometry":{"type":"Point","coordinates":[790341.01353637676,6930711.0865947502]},"properties":{"FID":180,"ID_con":2106,"bw_id":"SHK_QUE_20","name":"Überquerung Gasmitteldruckleitung Westnetz","GEW":"SHK","stat_von":20,"bauart":"Überquerung an Brücke","baujahr":"2022","upflicht":"Westnetz GmbH","KTR":" ","FSK":"033118041000010585__","bemerk":" ","beschreib":"Überquerung Gasmitteldruckleitung Westnetz an Brücke","beschreib_":" ","foto1":" ","foto2":" ","foto3":" ","foto4":" ","link1":" ","link2":" ","Schild":" ","BW_QUE_Sho":0,"Bw_QUE_DN":" ","BW_QUE_Ver":0,"BW_QUE_V_1":0,"rwert":371646,"hwert":5842417}},{"type":"Feature","id":181,"geometry":{"type":"Point","coordinates":[790326.14644906286,6930712.3454437163]},"properties":{"FID":181,"ID_con":931,"bw_id":"SHK_QUE_30","name":"Starkstromkabel??","GEW":"SHK","stat_von":30,"bauart":"Dükerung Starkstromkabel??","baujahr":" ","upflicht":"??","KTR":" ","FSK":"033118041000010636__","bemerk":" ","beschreib":"Dükerung","beschreib_":" ","foto1":"https://nlwkn.hannit-share.de/index.php/core/preview?fileId=11060729&x=1280&y=819&a=true","foto2":" ","foto3":" ","foto4":" ","link1":" ","link2":" ","Schild":"Dükerschild (Beschriftung: Starkstromkabel)","BW_QUE_Sho":0,"Bw_QUE_DN":" ","BW_QUE_Ver":0,"BW_QUE_V_1":0,"rwert":371637,"hwert":5842418}},{"type":"Feature","id":182,"geometry":{"type":"Point","coordinates":[789758.33583584172,6930743.5624537608]},"properties":{"FID":182,"ID_con":932,"bw_id":"SHK_QUE_375","name":"Dükerung (Kabel)","GEW":"SHK","stat_von":375,"bauart":"Dükerung","baujahr":" ","upflicht":"??","KTR":" ","FSK":"033118041000010636__","bemerk":"Muss die Brücke saniert werden??","beschreib":"Dükerung","beschreib_":" ","foto1":"https://nlwkn.hannit-share.de/index.php/core/preview?fileId=11060732&x=1280&y=819&a=true","foto2":"https://nlwkn.hannit-share.de/index.php/core/preview?fileId=11060735&x=1280&y=819&a=true","foto3":"https://nlwkn.hannit-share.de/index.php/core/preview?fileId=11060738&x=1280&y=819&a=true","foto4":"https://nlwkn.hannit-share.de/index.php/core/preview?fileId=11059688&x=1280&y=819&a=true","link1":" ","link2":" ","Schild":"Dükerschild","BW_QUE_Sho":0,"Bw_QUE_DN":" ","BW_QUE_Ver":0,"BW_QUE_V_1":0,"rwert":371293,"hwert":5842446}},{"type":"Feature","id":183,"geometry":{"type":"Point","coordinates":[788198.3358246776,6884540.1717878738]},"properties":{"FID":183,"ID_con":935,"bw_id":"SNK_QUE_1195","name":"Oberleitung","GEW":"SNK","stat_von":1195,"bauart":"Oberleitung","baujahr":" ","upflicht":"??","KTR":" ","FSK":"03315001640080__","bemerk":" ","beschreib":"Oberleitung","beschreib_":" ","foto1":"https://nlwkn.hannit-share.de/index.php/core/preview?fileId=11059436&x=1280&y=819&a=true","foto2":" ","foto3":" ","foto4":" ","link1":" ","link2":" ","Schild":" ","BW_QUE_Sho":0,"Bw_QUE_DN":" ","BW_QUE_Ver":0,"BW_QUE_V_1":0,"rwert":369600,"hwert":5814428}},{"type":"Feature","id":184,"geometry":{"type":"Point","coordinates":[788862.96188326564,6885497.6374732219]},"properties":{"FID":184,"ID_con":941,"bw_id":"SNK_QUE_1910","name":"Gasleitung??","GEW":"SNK","stat_von":1910,"bauart":"Dükerung","baujahr":" ","upflicht":"nowega (Tel. 05921 34451)","KTR":" ","FSK":"033151030004200030__","bemerk":"??Vertrag","beschreib":"Dükerung","beschreib_":" ","foto1":"https://nlwkn.hannit-share.de/index.php/core/preview?fileId=11059514&x=1280&y=819&a=true","foto2":"https://nlwkn.hannit-share.de/index.php/core/preview?fileId=11059517&x=1280&y=819&a=true","foto3":"https://nlwkn.hannit-share.de/index.php/core/preview?fileId=11059520&x=1280&y=819&a=true","foto4":" ","link1":" ","link2":" ","Schild":"??","BW_QUE_Sho":0,"Bw_QUE_DN":" ","BW_QUE_Ver":0,"BW_QUE_V_1":0,"rwert":370021,"hwert":5815000}},{"type":"Feature","id":185,"geometry":{"type":"Point","coordinates":[789121.43979822099,6886074.6672156444]},"properties":{"FID":185,"ID_con":949,"bw_id":"SNK_QUE_2295","name":"Oberleitung","GEW":"SNK","stat_von":2295,"bauart":"Oberleitung","baujahr":" ","upflicht":"??","KTR":" ","FSK":"033151030004200030__","bemerk":" ","beschreib":"Oberleitung","beschreib_":" ","foto1":"https://nlwkn.hannit-share.de/index.php/core/preview?fileId=11059562&x=1280&y=819&a=true","foto2":"https://nlwkn.hannit-share.de/index.php/core/preview?fileId=11059565&x=1280&y=819&a=true","foto3":" ","foto4":" ","link1":" ","link2":" ","Schild":" ","BW_QUE_Sho":0,"Bw_QUE_DN":" ","BW_QUE_Ver":0,"BW_QUE_V_1":0,"rwert":370188,"hwert":5815347}},{"type":"Feature","id":186,"geometry":{"type":"Point","coordinates":[789136.90907284396,6886109.5847612172]},"properties":{"FID":186,"ID_con":951,"bw_id":"SNK_QUE_2315","name":"Oberleitung","GEW":"SNK","stat_von":2315,"bauart":"Oberleitung","baujahr":" ","upflicht":"??","KTR":" ","FSK":"033151030004200030__","bemerk":" ","beschreib":"Oberleitung","beschreib_":" ","foto1":"https://nlwkn.hannit-share.de/index.php/core/preview?fileId=11059574&x=1280&y=819&a=true","foto2":"https://nlwkn.hannit-share.de/index.php/core/preview?fileId=11059577&x=1280&y=819&a=true","foto3":"https://nlwkn.hannit-share.de/index.php/core/preview?fileId=11059580&x=1280&y=819&a=true","foto4":" ","link1":" ","link2":" ","Schild":" ","BW_QUE_Sho":0,"Bw_QUE_DN":" ","BW_QUE_Ver":0,"BW_QUE_V_1":0,"rwert":370198,"hwert":5815368}},{"type":"Feature","id":187,"geometry":{"type":"Point","coordinates":[790020.77369232359,6888090.2763696266]},"properties":{"FID":187,"ID_con":961,"bw_id":"SNK_QUE_3640","name":"Oberleitung??","GEW":"SNK","stat_von":3640,"bauart":"Oberleitung??","baujahr":" ","upflicht":"??","KTR":" ","FSK":"033151030004200031__","bemerk":" ","beschreib":"Oberleitung","beschreib_":" ","foto1":" ","foto2":" ","foto3":" ","foto4":" ","link1":" ","link2":" ","Schild":" ","BW_QUE_Sho":0,"Bw_QUE_DN":" ","BW_QUE_Ver":0,"BW_QUE_V_1":0,"rwert":370769,"hwert":5816559}},{"type":"Feature","id":188,"geometry":{"type":"Point","coordinates":[790093.8488140608,6888241.7759636864]},"properties":{"FID":188,"ID_con":2077,"bw_id":"SNK_QUE_3740","name":"Oberleitung (oh Schleuse II)","GEW":"SNK","stat_von":3740,"bauart":"Oberleitung","baujahr":" ","upflicht":"??","KTR":" ","FSK":"033151030004200031__","bemerk":" ","beschreib":"Oberleitung","beschreib_":" ","foto1":"https://nlwkn.hannit-share.de/index.php/core/preview?fileId=11059679&x=1280&y=819&a=true","foto2":"https://nlwkn.hannit-share.de/index.php/core/preview?fileId=11059682&x=1280&y=819&a=true","foto3":"https://nlwkn.hannit-share.de/index.php/core/preview?fileId=11059685&x=1280&y=819&a=true","foto4":"https://nlwkn.hannit-share.de/index.php/core/preview?fileId=11059829&x=1280&y=819&a=true","link1":" ","link2":" ","Schild":" ","BW_QUE_Sho":0,"Bw_QUE_DN":" ","BW_QUE_Ver":0,"BW_QUE_V_1":0,"rwert":370816,"hwert":5816650}},{"type":"Feature","id":189,"geometry":{"type":"Point","coordinates":[790125.15920707549,6890856.4003572566]},"properties":{"FID":189,"ID_con":976,"bw_id":"SNK_QUE_5015","name":"Dükerung (Gasleitung??)","GEW":"SNK","stat_von":5015,"bauart":"Gasleitungsdüker","baujahr":" ","upflicht":"Nowega","KTR":" ","FSK":"03315402000029______","bemerk":" ","beschreib":"Dükerung","beschreib_":" ","foto1":"https://nlwkn.hannit-share.de/index.php/core/preview?fileId=11059811&x=1280&y=819&a=true","foto2":"https://nlwkn.hannit-share.de/index.php/core/preview?fileId=11059814&x=1280&y=819&a=true","foto3":" ","foto4":" ","link1":" ","link2":" ","Schild":" ","BW_QUE_Sho":0,"Bw_QUE_DN":" ","BW_QUE_Ver":0,"BW_QUE_V_1":0,"rwert":370877,"hwert":5818240}},{"type":"Feature","id":190,"geometry":{"type":"Point","coordinates":[789691.17121454666,6893946.4087482709]},"properties":{"FID":190,"ID_con":977,"bw_id":"SNK_QUE_7365","name":"10 kv Schleuse III","GEW":"SNK","stat_von":7365,"bauart":"Dükerung","baujahr":" ","upflicht":"????","KTR":" ","FSK":"033154012000040005__","bemerk":" ","beschreib":"Dükerung","beschreib_":" ","foto1":" ","foto2":" ","foto3":" ","foto4":" ","link1":" ","link2":" ","Schild":" ","BW_QUE_Sho":0,"Bw_QUE_DN":" ","BW_QUE_Ver":0,"BW_QUE_V_1":0,"rwert":370662,"hwert":5820126}},{"type":"Feature","id":191,"geometry":{"type":"Point","coordinates":[789060.57695084682,6896265.6286455551]},"properties":{"FID":191,"ID_con":978,"bw_id":"SNK_QUE_8860","name":"Dükerung Gasleitung??","GEW":"SNK","stat_von":8860,"bauart":"Dükerung","baujahr":" ","upflicht":"Erdgas Münster","KTR":" ","FSK":"033154013000010015__","bemerk":"Dükerung oder Längsverlegung??","beschreib":"Dükerung","beschreib_":" ","foto1":"https://nlwkn.hannit-share.de/index.php/core/preview?fileId=11059817&x=1280&y=819&a=true","foto2":" ","foto3":" ","foto4":" ","link1":" ","link2":" ","Schild":"Dükerschild","BW_QUE_Sho":0,"Bw_QUE_DN":" ","BW_QUE_Ver":0,"BW_QUE_V_1":0,"rwert":370315,"hwert":5821546}},{"type":"Feature","id":192,"geometry":{"type":"Point","coordinates":[788975.50717338431,6896752.0273707667]},"properties":{"FID":192,"ID_con":2094,"bw_id":"SNK_QUE_9160","name":"Dükerung","GEW":"SNK","stat_von":9160,"bauart":"Dükerung","baujahr":" ","upflicht":"Nowega (Tel 05921 34451)","KTR":" ","FSK":"033154013000010015__","bemerk":" ","beschreib":"Dükerung","beschreib_":" ","foto1":" ","foto2":" ","foto3":" ","foto4":" ","link1":" ","link2":" ","Schild":"Dükerschild","BW_QUE_Sho":0,"Bw_QUE_DN":" ","BW_QUE_Ver":0,"BW_QUE_V_1":0,"rwert":370271,"hwert":5821843}},{"type":"Feature","id":193,"geometry":{"type":"Point","coordinates":[788964.44929999765,6896797.8038949827]},"properties":{"FID":193,"ID_con":2079,"bw_id":"SNK_QUE_9190","name":"Dükerung","GEW":"SNK","stat_von":9190,"bauart":"Dükerung","baujahr":" ","upflicht":"??","KTR":" ","FSK":"03315401900071______","bemerk":" ","beschreib":"Dükerung","beschreib_":" ","foto1":"https://nlwkn.hannit-share.de/index.php/core/preview?fileId=11059820&x=1280&y=819&a=true","foto2":"https://nlwkn.hannit-share.de/index.php/core/preview?fileId=11059823&x=1280&y=819&a=true","foto3":"https://nlwkn.hannit-share.de/index.php/core/preview?fileId=11059826&x=1280&y=819&a=true","foto4":"https://nlwkn.hannit-share.de/index.php/core/preview?fileId=11059409&x=1280&y=819&a=true","link1":" ","link2":" ","Schild":" ","BW_QUE_Sho":0,"Bw_QUE_DN":" ","BW_QUE_Ver":0,"BW_QUE_V_1":0,"rwert":370265,"hwert":5821871}},{"type":"Feature","id":194,"geometry":{"type":"Point","coordinates":[788666.21704583627,6898453.5169314388]},"properties":{"FID":194,"ID_con":933,"bw_id":"SNK_QUE_10210","name":"Gasleitungsdüker","GEW":"SNK","stat_von":10210,"bauart":"Dükerung","baujahr":" ","upflicht":"Erdgas Münster??","KTR":" ","FSK":"03315401900071______","bemerk":" ","beschreib":"Dükerung","beschreib_":" ","foto1":"https://nlwkn.hannit-share.de/index.php/core/preview?fileId=11059361&x=1280&y=819&a=true","foto2":" ","foto3":" ","foto4":" ","link1":" ","link2":" ","Schild":" ","BW_QUE_Sho":0,"Bw_QUE_DN":" ","BW_QUE_Ver":0,"BW_QUE_V_1":0,"rwert":370110,"hwert":5822882}},{"type":"Feature","id":195,"geometry":{"type":"Point","coordinates":[788381.5797010056,6899653.9788612807]},"properties":{"FID":195,"ID_con":2080,"bw_id":"SNK_QUE_10970","name":"Dükerung","GEW":"SNK","stat_von":10970,"bauart":"Dükerung","baujahr":" ","upflicht":"??","KTR":" ","FSK":"033121015000010032__","bemerk":" ","beschreib":"Dükerung","beschreib_":" ","foto1":"https://nlwkn.hannit-share.de/index.php/core/preview?fileId=11059364&x=1280&y=819&a=true","foto2":"https://nlwkn.hannit-share.de/index.php/core/preview?fileId=11059367&x=1280&y=819&a=true","foto3":"https://nlwkn.hannit-share.de/index.php/core/preview?fileId=11059370&x=1280&y=819&a=true","foto4":" ","link1":" ","link2":" ","Schild":" ","BW_QUE_Sho":0,"Bw_QUE_DN":" ","BW_QUE_Ver":0,"BW_QUE_V_1":0,"rwert":369956,"hwert":5823616}},{"type":"Feature","id":196,"geometry":{"type":"Point","coordinates":[788380.82162540068,6899744.4867406953]},"properties":{"FID":196,"ID_con":934,"bw_id":"SNK_QUE_11025","name":"Oberleitung uh Schleuse IV","GEW":"SNK","stat_von":11025,"bauart":"Oberleitung","baujahr":" ","upflicht":"??","KTR":" ","FSK":"033121015000010032__","bemerk":" ","beschreib":"Oberleitung","beschreib_":" ","foto1":"https://nlwkn.hannit-share.de/index.php/core/preview?fileId=11059373&x=1280&y=819&a=true","foto2":"https://nlwkn.hannit-share.de/index.php/core/preview?fileId=11059376&x=1280&y=819&a=true","foto3":"https://nlwkn.hannit-share.de/index.php/core/preview?fileId=11059379&x=1280&y=819&a=true","foto4":" ","link1":" ","link2":" ","Schild":" ","BW_QUE_Sho":0,"Bw_QUE_DN":" ","BW_QUE_Ver":0,"BW_QUE_V_1":0,"rwert":369957,"hwert":5823671}},{"type":"Feature","id":197,"geometry":{"type":"Point","coordinates":[788376.64471473696,6900025.8419340299]},"properties":{"FID":197,"ID_con":1870,"bw_id":"SNK_QUE_11195","name":"Dükerung","GEW":"SNK","stat_von":11195,"bauart":"Dükerung","baujahr":" ","upflicht":"Erdgas Münster (05921 / 34451)","KTR":" ","FSK":"033121015000010032__","bemerk":" ","beschreib":"Dükerung","beschreib_":" ","foto1":"https://nlwkn.hannit-share.de/index.php/core/preview?fileId=11059382&x=1280&y=819&a=true","foto2":"https://nlwkn.hannit-share.de/index.php/core/preview?fileId=11059385&x=1280&y=819&a=true","foto3":"https://nlwkn.hannit-share.de/index.php/core/preview?fileId=11059388&x=1280&y=819&a=true","foto4":" ","link1":" ","link2":" ","Schild":" ","BW_QUE_Sho":0,"Bw_QUE_DN":" ","BW_QUE_Ver":0,"BW_QUE_V_1":0,"rwert":369959,"hwert":5823842}},{"type":"Feature","id":198,"geometry":{"type":"Point","coordinates":[788380.84602585819,6900300.845847656]},"properties":{"FID":198,"ID_con":129,"bw_id":"SNK_QUE_11365","name":"Rohrleitungsbrücke Exxon Mobil","GEW":"SNK","stat_von":11365,"bauart":"Rohrleitungsbrücke","baujahr":" ","upflicht":"Exxon Mobil Production Mobil GmbH (Tel. 05931 154-177)","KTR":" ","FSK":"033121015000010032__","bemerk":" ","beschreib":"Kreuzung des Süd-Nord-Kanals mit Erdgas- und Ölleitungen mittels einer Rohrbrücke","beschreib_":"Kreuzung des Süd-Nord-Kanals mit Erdgas- und Ölleitungen mittels einer Rohrbrücke","foto1":"https://nlwkn.hannit-share.de/index.php/core/preview?fileId=11058329&x=1280&y=819&a=true","foto2":"https://nlwkn.hannit-share.de/index.php/core/preview?fileId=11058332&x=1280&y=819&a=true","foto3":"https://nlwkn.hannit-share.de/index.php/core/preview?fileId=11058335&x=1280&y=819&a=true","foto4":"https://nlwkn.hannit-share.de/index.php/core/preview?fileId=11058338&x=1280&y=819&a=true","link1":"https://nlwkn.hannit-share.de/index.php/core/preview?fileId=11058341&x=1280&y=819&a=true","link2":"https://nlwkn.hannit-share.de/index.php/core/preview?fileId=11058344&x=1280&y=819&a=true","Schild":" ","BW_QUE_Sho":0,"Bw_QUE_DN":" ","BW_QUE_Ver":0,"BW_QUE_V_1":0,"rwert":369966,"hwert":5824009}},{"type":"Feature","id":199,"geometry":{"type":"Point","coordinates":[788385.82241838856,6900422.7898644619]},"properties":{"FID":199,"ID_con":1871,"bw_id":"SNK_QUE_11435","name":"Oberleitung uh. Düker","GEW":"SNK","stat_von":11435,"bauart":"Oberleitung","baujahr":" ","upflicht":"??","KTR":" ","FSK":"033121015000010032__","bemerk":" ","beschreib":"Oberleitung","beschreib_":" ","foto1":"https://nlwkn.hannit-share.de/index.php/core/preview?fileId=11059400&x=1280&y=819&a=true","foto2":"https://nlwkn.hannit-share.de/index.php/core/preview?fileId=11059403&x=1280&y=819&a=true","foto3":"https://nlwkn.hannit-share.de/index.php/core/preview?fileId=11059406&x=1280&y=819&a=true","foto4":"https://nlwkn.hannit-share.de/index.php/core/preview?fileId=11059421&x=1280&y=819&a=true","link1":" ","link2":" ","Schild":" ","BW_QUE_Sho":0,"Bw_QUE_DN":" ","BW_QUE_Ver":0,"BW_QUE_V_1":0,"rwert":369971,"hwert":5824083}},{"type":"Feature","id":200,"geometry":{"type":"Point","coordinates":[788412.74576532259,6900831.7535069082]},"properties":{"FID":200,"ID_con":132,"bw_id":"SNK_QUE_11685","name":"Rohrleitungsbrücke GDF Suez","GEW":"SNK","stat_von":11685,"bauart":"Rohrleitungsbrücke","baujahr":" ","upflicht":"GDF Suez","KTR":" ","FSK":"033121015000010032__","bemerk":" ","beschreib":"Kreuzung des Süd-Nord-Kanals mit einer Ölleitung mittels einer Rohrbrücke","beschreib_":"Kreuzung des Süd-Nord-Kanals mit einer Ölleitung mittels einer Rohrbrücke","foto1":"https://nlwkn.hannit-share.de/index.php/core/preview?fileId=11058368&x=1280&y=819&a=true","foto2":"https://nlwkn.hannit-share.de/index.php/core/preview?fileId=11058371&x=1280&y=819&a=true","foto3":"https://nlwkn.hannit-share.de/index.php/core/preview?fileId=11058374&x=1280&y=819&a=true","foto4":"https://nlwkn.hannit-share.de/index.php/core/preview?fileId=11058377&x=1280&y=819&a=true","link1":"https://nlwkn.hannit-share.de/index.php/core/preview?fileId=11058380&x=1280&y=819&a=true","link2":"https://nlwkn.hannit-share.de/index.php/core/preview?fileId=11058383&x=1280&y=819&a=true","Schild":" ","BW_QUE_Sho":0,"Bw_QUE_DN":" ","BW_QUE_Ver":0,"BW_QUE_V_1":0,"rwert":369994,"hwert":5824331}},{"type":"Feature","id":201,"geometry":{"type":"Point","coordinates":[788419.5819005107,6900945.5239585228]},"properties":{"FID":201,"ID_con":1872,"bw_id":"SNK_QUE_11755","name":"Kabeldüker","GEW":"SNK","stat_von":11755,"bauart":"Dükerung","baujahr":" ","upflicht":"RWE Engergie (Tel 0541 316 1)","KTR":" ","FSK":"033121014001050102__","bemerk":" ","beschreib":"Dükerung","beschreib_":" ","foto1":"https://nlwkn.hannit-share.de/index.php/core/preview?fileId=11059412&x=1280&y=819&a=true","foto2":"https://nlwkn.hannit-share.de/index.php/core/preview?fileId=11059415&x=1280&y=819&a=true","foto3":"https://nlwkn.hannit-share.de/index.php/core/preview?fileId=11059418&x=1280&y=819&a=true","foto4":"https://nlwkn.hannit-share.de/index.php/core/preview?fileId=11059433&x=1280&y=819&a=true","link1":" ","link2":" ","Schild":"Dükerschild","BW_QUE_Sho":0,"Bw_QUE_DN":" ","BW_QUE_Ver":0,"BW_QUE_V_1":0,"rwert":370000,"hwert":5824400}},{"type":"Feature","id":202,"geometry":{"type":"Point","coordinates":[788419.1457270307,6900961.9745396767]},"properties":{"FID":202,"ID_con":1873,"bw_id":"SNK_QUE_11765","name":"Kabeldüker","GEW":"SNK","stat_von":11765,"bauart":"Dükerung","baujahr":" ","upflicht":"RWE Energie","KTR":" ","FSK":"033121014001050102__","bemerk":" ","beschreib":"Dükerung","beschreib_":" ","foto1":"https://nlwkn.hannit-share.de/index.php/core/preview?fileId=11059424&x=1280&y=819&a=true","foto2":"https://nlwkn.hannit-share.de/index.php/core/preview?fileId=11059427&x=1280&y=819&a=true","foto3":"https://nlwkn.hannit-share.de/index.php/core/preview?fileId=11059430&x=1280&y=819&a=true","foto4":"https://nlwkn.hannit-share.de/index.php/core/preview?fileId=11059457&x=1280&y=819&a=true","link1":" ","link2":" ","Schild":"Dükerschild","BW_QUE_Sho":0,"Bw_QUE_DN":" ","BW_QUE_Ver":0,"BW_QUE_V_1":0,"rwert":370000,"hwert":5824410}},{"type":"Feature","id":203,"geometry":{"type":"Point","coordinates":[788417.16904917383,6901903.6156953042]},"properties":{"FID":203,"ID_con":1874,"bw_id":"SNK_QUE_12340","name":"Dükerung Trinkwasserleitung","GEW":"SNK","stat_von":12340,"bauart":"Dükerung","baujahr":" ","upflicht":"??","KTR":" ","FSK":"033121014001050102__","bemerk":" ","beschreib":"Dükerung","beschreib_":" ","foto1":"https://nlwkn.hannit-share.de/index.php/core/preview?fileId=11059439&x=1280&y=819&a=true","foto2":"https://nlwkn.hannit-share.de/index.php/core/preview?fileId=11059442&x=1280&y=819&a=true","foto3":"https://nlwkn.hannit-share.de/index.php/core/preview?fileId=11059445&x=1280&y=819&a=true","foto4":" ","link1":" ","link2":" ","Schild":" ","BW_QUE_Sho":0,"Bw_QUE_DN":" ","BW_QUE_Ver":0,"BW_QUE_V_1":0,"rwert":370014,"hwert":5824982}},{"type":"Feature","id":204,"geometry":{"type":"Point","coordinates":[788415.04799520399,6901921.6697433358]},"properties":{"FID":204,"ID_con":2509,"bw_id":"SNK_QUE_12350","name":"Dükerung Glasfaserkabel","GEW":"SNK","stat_von":12350,"bauart":"Dükerung (HDD)","baujahr":"2023","upflicht":"Breitband Grafschaft Bentheim GmbH & Co. KG","KTR":" ","FSK":"033121014001050102__","bemerk":"Beschilderung kontrollieren","beschreib":"Dükerung Glasfaserkabel für den Breitbandausbau im Landkreis Grafschaft Bentheim","beschreib_":" ","foto1":"https://nlwkn.hannit-share.de/index.php/core/preview?fileId=11059448&x=1280&y=819&a=true","foto2":"https://nlwkn.hannit-share.de/index.php/core/preview?fileId=11059451&x=1280&y=819&a=true","foto3":"https://nlwkn.hannit-share.de/index.php/core/preview?fileId=11059454&x=1280&y=819&a=true","foto4":"https://nlwkn.hannit-share.de/index.php/core/preview?fileId=11059469&x=1280&y=819&a=true","link1":" ","link2":" ","Schild":" ","BW_QUE_Sho":0,"Bw_QUE_DN":" ","BW_QUE_Ver":0,"BW_QUE_V_1":0,"rwert":370013,"hwert":5824993}},{"type":"Feature","id":205,"geometry":{"type":"Point","coordinates":[788415.7730064583,6901956.2639037883]},"properties":{"FID":205,"ID_con":2620,"bw_id":"SNK_QUE_12370","name":"Dükerung (HDD) v. 2 Mittelspannungskabeln","GEW":"SNK","stat_von":12370,"bauart":"Dükerung HDD","baujahr":"2025","upflicht":"Westnetz","KTR":" ","FSK":"033121014001100101__","bemerk":"Beschilderung!!; Fotos!!","beschreib":"Verlegung zweier Mittelspannungskabel NA2XS(F)2Y 3xlx85RM/25 6/10kV der Westnetz GmbH in Georgsdorf","beschreib_":"Verlegung zweier Mittelspannungskabel NA2XS(F)2Y 3xlx85RM/25 6/10kV der Westnetz GmbH in Georgsdorf. Die Kreuzung erfolgt im Horizontal-Spülbohrverfahren mit einem Ein- und Austrittwinkel von 14° und verläuft ca. 2,5 m unter der Kanalsohle.","foto1":"https://nlwkn.hannit-share.de/index.php/core/preview?fileId=11652815&x=1280&y=819&a=true","foto2":"https://nlwkn.hannit-share.de/index.php/core/preview?fileId=11652813&x=1280&y=819&a=true","foto3":"https://nlwkn.hannit-share.de/index.php/core/preview?fileId=11652812&x=1280&y=819&a=true","foto4":"https://nlwkn.hannit-share.de/index.php/core/preview?fileId=11652814&x=1280&y=819&a=true","link1":" ","link2":" ","Schild":"??","BW_QUE_Sho":13.5,"Bw_QUE_DN":"2x160mm","BW_QUE_Ver":0,"BW_QUE_V_1":0,"rwert":370014,"hwert":5825014}},{"type":"Feature","id":206,"geometry":{"type":"Point","coordinates":[788415.5548726503,6901964.4902172657]},"properties":{"FID":206,"ID_con":936,"bw_id":"SNK_QUE_12375","name":"Dükerung","GEW":"SNK","stat_von":12375,"bauart":"Dükerung (Gas)","baujahr":" ","upflicht":"Erdgas Münster (Tel. 05921 34451)","KTR":" ","FSK":"033121014001100101__","bemerk":" ","beschreib":"Dükerung","beschreib_":" ","foto1":"https://nlwkn.hannit-share.de/index.php/core/preview?fileId=11059460&x=1280&y=819&a=true","foto2":"https://nlwkn.hannit-share.de/index.php/core/preview?fileId=11059463&x=1280&y=819&a=true","foto3":"https://nlwkn.hannit-share.de/index.php/core/preview?fileId=11059466&x=1280&y=819&a=true","foto4":"https://nlwkn.hannit-share.de/index.php/core/preview?fileId=11059502&x=1280&y=819&a=true","link1":" ","link2":" ","Schild":" ","BW_QUE_Sho":0,"Bw_QUE_DN":" ","BW_QUE_Ver":0,"BW_QUE_V_1":0,"rwert":370014,"hwert":5825019}},{"type":"Feature","id":207,"geometry":{"type":"Point","coordinates":[787010.6056366727,6903838.6481607147]},"properties":{"FID":207,"ID_con":2510,"bw_id":"SNK_QUE_14400","name":"Dükerung Glasfaserkabel","GEW":"SNK","stat_von":14400,"bauart":"Dükerung (HDD)","baujahr":"2023","upflicht":"Breitband Grafschaft Bentheim GmbH & Co. KG","KTR":" ","FSK":"033121010000670007__","bemerk":"Beschilderung prüfen !! ; Lageplan prüfen!!","beschreib":"Dükerung Glasfaserkabel für den Breitbandausbau im Landkreis Grafschaft Bentheim","beschreib_":" ","foto1":" ","foto2":" ","foto3":" ","foto4":" ","link1":" ","link2":" ","Schild":" ","BW_QUE_Sho":0,"Bw_QUE_DN":" ","BW_QUE_Ver":0,"BW_QUE_V_1":0,"rwert":369189,"hwert":5826180}},{"type":"Feature","id":208,"geometry":{"type":"Point","coordinates":[787012.98749781004,6906149.5180525193]},"properties":{"FID":208,"ID_con":2624,"bw_id":"SNK_QUE_15810","name":"Dükerung 30 kV-Leitung Agrowea","GEW":"SNK","stat_von":15810,"bauart":"Dükerung (HDD)","baujahr":"2025","upflicht":"AgroWea","KTR":" ","FSK":"033121010000670007__","bemerk":"Bilder, Dükerschild","beschreib":"Kreuzung (HDD-Dükerung) SNK mit 30 kV Mittelspannungsleitungen.","beschreib_":"Die Agrowea baut in der Samtgemeinde Neuenhaus sieben Windenergieanlagen zur Erzeugung von elektrischer Energie durch Windenergie. Der Betreiber verlegt für die sieben Windenergieanlagen neue 30 kV-Mittelspannungsleitungen. Dabei wird der Süd-Nord-Kana","foto1":" ","foto2":" ","foto3":" ","foto4":" ","link1":" ","link2":" ","Schild":" ","BW_QUE_Sho":0,"Bw_QUE_DN":" ","BW_QUE_Ver":0,"BW_QUE_V_1":0,"rwert":369228,"hwert":5827583}},{"type":"Feature","id":209,"geometry":{"type":"Point","coordinates":[787002.2978215008,6906857.5933840582]},"properties":{"FID":209,"ID_con":2595,"bw_id":"SNK_QUE_16240","name":"Dükerung HDD (3 Bohrungen) Neptune Energie","GEW":"SNK","stat_von":16240,"bauart":"Dükerung HDD","baujahr":"2024","upflicht":"Neptune Engergy Deutschland GmbH","KTR":" ","FSK":"033121004000150022__","bemerk":"Akte, Beschilderung, Akte, Vertrag, Fotos nachreichen","beschreib":"Dükerung von Strom- und Fermeldkabel-Systemen (3 Bohrungen 2xFernmeldekabel DN160 und 1x Stromkabel DN225) in Schutzrohren von Neptune Energy","beschreib_":"Dükerung von Strom- und Fermeldkabel-Systemen (3 Bohrungen 2xFernmeldekabel DN160 und 1x Stromkabel DN225) in Schutzrohren von Neptune Energy","foto1":"https://nlwkn.hannit-share.de/index.php/core/preview?fileId=11349601&x=1280&y=819&a=true","foto2":"https://nlwkn.hannit-share.de/index.php/core/preview?fileId=11349599&x=1280&y=819&a=true","foto3":"https://nlwkn.hannit-share.de/index.php/core/preview?fileId=11349600&x=1280&y=819&a=true","foto4":"https://nlwkn.hannit-share.de/index.php/core/preview?fileId=11349602&x=1280&y=819&a=true","link1":" ","link2":" ","Schild":"noch ergänzen","BW_QUE_Sho":0,"Bw_QUE_DN":"2x225 und 1x160","BW_QUE_Ver":0,"BW_QUE_V_1":0,"rwert":369233,"hwert":5828013}},{"type":"Feature","id":210,"geometry":{"type":"Point","coordinates":[786996.61386679043,6907070.4558466868]},"properties":{"FID":210,"ID_con":2248,"bw_id":"SNK_QUE_16370","name":"Dükerung Gashochdruckleitung","GEW":"SNK","stat_von":16370,"bauart":"Dükerung","baujahr":"2022","upflicht":"Erdgas Münster","KTR":" ","FSK":"033121004000150022__","bemerk":"Vertrag ist noch abzuschließen","beschreib":"Dükerung","beschreib_":" ","foto1":"https://nlwkn.hannit-share.de/index.php/core/preview?fileId=11059472&x=1280&y=819&a=true","foto2":"https://nlwkn.hannit-share.de/index.php/core/preview?fileId=11059475&x=1280&y=819&a=true","foto3":" ","foto4":" ","link1":" ","link2":" ","Schild":"Dükerschild","BW_QUE_Sho":8.880000114440918,"Bw_QUE_DN":"50","BW_QUE_Ver":0,"BW_QUE_V_1":0,"rwert":369233,"hwert":5828142.2999999998}},{"type":"Feature","id":211,"geometry":{"type":"Point","coordinates":[786969.0322526294,6908349.4063627105]},"properties":{"FID":211,"ID_con":937,"bw_id":"SNK_QUE_17145","name":"Oberleitung","GEW":"SNK","stat_von":17145,"bauart":"Oberleitung","baujahr":" ","upflicht":"??","KTR":" ","FSK":"033121003000010062__","bemerk":" ","beschreib":"Oberleitung","beschreib_":" ","foto1":"https://nlwkn.hannit-share.de/index.php/core/preview?fileId=11059478&x=1280&y=819&a=true","foto2":" ","foto3":" ","foto4":" ","link1":" ","link2":" ","Schild":" ","BW_QUE_Sho":0,"Bw_QUE_DN":" ","BW_QUE_Ver":0,"BW_QUE_V_1":0,"rwert":369237,"hwert":5828919}},{"type":"Feature","id":212,"geometry":{"type":"Point","coordinates":[786970.49880834145,6908356.0366513673]},"properties":{"FID":212,"ID_con":938,"bw_id":"SNK_QUE_17150","name":"Dükerung, ??","GEW":"SNK","stat_von":17150,"bauart":"Dükerung","baujahr":" ","upflicht":"??","KTR":" ","FSK":"033121003000010062__","bemerk":" ","beschreib":"Dükerung","beschreib_":" ","foto1":"https://nlwkn.hannit-share.de/index.php/core/preview?fileId=11059481&x=1280&y=819&a=true","foto2":" ","foto3":" ","foto4":" ","link1":" ","link2":" ","Schild":"Dükerschild","BW_QUE_Sho":0,"Bw_QUE_DN":" ","BW_QUE_Ver":0,"BW_QUE_V_1":0,"rwert":369238,"hwert":5828923}},{"type":"Feature","id":213,"geometry":{"type":"Point","coordinates":[786969.88312221365,6908379.0883998629]},"properties":{"FID":213,"ID_con":2511,"bw_id":"SNK_QUE_17165","name":"Dükerung Glasfaserkabel","GEW":"SNK","stat_von":17165,"bauart":"Dükerung (HDD)","baujahr":"2023","upflicht":"Breitband Grafschaft Bentheim GmbH & Co. KG","KTR":" ","FSK":"033121003000010062__","bemerk":"Beschilderung prüfen !! ;  Höhenplan prüfen ; Akte !!","beschreib":"Dükerung Glasfaserkabel für den Breitbandausbau im Landkreis Grafschaft Bentheim","beschreib_":" ","foto1":" ","foto2":" ","foto3":" ","foto4":" ","link1":" ","link2":" ","Schild":" ","BW_QUE_Sho":0,"Bw_QUE_DN":" ","BW_QUE_Ver":0,"BW_QUE_V_1":0,"rwert":369238,"hwert":5828937}},{"type":"Feature","id":214,"geometry":{"type":"Point","coordinates":[786986.21314213634,6909060.0704574063]},"properties":{"FID":214,"ID_con":1811,"bw_id":"SNK_QUE_17580","name":"Dükerung, Kabel","GEW":"SNK","stat_von":17580,"bauart":"Dükerung","baujahr":" ","upflicht":"RWE Engergie (0541 - 316 - 1)","KTR":" ","FSK":"033121003000010062__","bemerk":" ","beschreib":"Dükerung","beschreib_":" ","foto1":"https://nlwkn.hannit-share.de/index.php/core/preview?fileId=11059484&x=1280&y=819&a=true","foto2":"https://nlwkn.hannit-share.de/index.php/core/preview?fileId=11059487&x=1280&y=819&a=true","foto3":"https://nlwkn.hannit-share.de/index.php/core/preview?fileId=11059490&x=1280&y=819&a=true","foto4":" ","link1":" ","link2":" ","Schild":" ","BW_QUE_Sho":0,"Bw_QUE_DN":" ","BW_QUE_Ver":0,"BW_QUE_V_1":0,"rwert":369259,"hwert":5829350}},{"type":"Feature","id":215,"geometry":{"type":"Point","coordinates":[786992.43175131234,6909073.4203813476]},"properties":{"FID":215,"ID_con":939,"bw_id":"SNK_QUE_17590","name":"Dükerung, Kabel","GEW":"SNK","stat_von":17590,"bauart":"Dükerung","baujahr":" ","upflicht":"Erdgas Münster (Tel 05925 34451)","KTR":" ","FSK":"033121003000010062__","bemerk":" ","beschreib":"Dükerung","beschreib_":" ","foto1":"https://nlwkn.hannit-share.de/index.php/core/preview?fileId=11059493&x=1280&y=819&a=true","foto2":"https://nlwkn.hannit-share.de/index.php/core/preview?fileId=11059496&x=1280&y=819&a=true","foto3":"https://nlwkn.hannit-share.de/index.php/core/preview?fileId=11059499&x=1280&y=819&a=true","foto4":"https://nlwkn.hannit-share.de/index.php/core/preview?fileId=11059553&x=1280&y=819&a=true","link1":" ","link2":" ","Schild":"Dükerschild","BW_QUE_Sho":0,"Bw_QUE_DN":" ","BW_QUE_Ver":0,"BW_QUE_V_1":0,"rwert":369263,"hwert":5829358}},{"type":"Feature","id":216,"geometry":{"type":"Point","coordinates":[787734.51227990969,6909787.0910730371]},"properties":{"FID":216,"ID_con":940,"bw_id":"SNK_QUE_18215","name":"Glasfaserkabel, Westnetz GmbH","GEW":"SNK","stat_von":18215,"bauart":"Dükerung","baujahr":"2021","upflicht":"Westnetz GmbH, Lohberg 10, 49716 Meppen","KTR":" ","FSK":"033120007000010035__","bemerk":" ","beschreib":"Dükerung","beschreib_":" ","foto1":"https://nlwkn.hannit-share.de/index.php/core/preview?fileId=11059505&x=1280&y=819&a=true","foto2":"https://nlwkn.hannit-share.de/index.php/core/preview?fileId=11059508&x=1280&y=819&a=true","foto3":"https://nlwkn.hannit-share.de/index.php/core/preview?fileId=11059511&x=1280&y=819&a=true","foto4":" ","link1":" ","link2":" ","Schild":"Dükerschild","BW_QUE_Sho":0,"Bw_QUE_DN":"90","BW_QUE_Ver":1,"BW_QUE_V_1":0,"rwert":369726,"hwert":5829779}},{"type":"Feature","id":217,"geometry":{"type":"Point","coordinates":[788999.89609284222,6910984.4287261087]},"properties":{"FID":217,"ID_con":942,"bw_id":"SNK_QUE_19275","name":"Dükerung, TWL","GEW":"SNK","stat_von":19275,"bauart":"Dükerung","baujahr":" ","upflicht":"TAV \"Bourtanger Moor\" (Tel. 05931 / 9300-16)","KTR":" ","FSK":"033120004000170051__","bemerk":" ","beschreib":"Dükerung","beschreib_":" ","foto1":"https://nlwkn.hannit-share.de/index.php/core/preview?fileId=11059523&x=1280&y=819&a=true","foto2":"https://nlwkn.hannit-share.de/index.php/core/preview?fileId=11059526&x=1280&y=819&a=true","foto3":"https://nlwkn.hannit-share.de/index.php/core/preview?fileId=11059529&x=1280&y=819&a=true","foto4":" ","link1":" ","link2":" ","Schild":"Dükerschild mit Namen des Betreibers","BW_QUE_Sho":0,"Bw_QUE_DN":" ","BW_QUE_Ver":0,"BW_QUE_V_1":0,"rwert":370515,"hwert":5830485}},{"type":"Feature","id":218,"geometry":{"type":"Point","coordinates":[789289.94885305606,6911394.3232801128]},"properties":{"FID":218,"ID_con":943,"bw_id":"SNK_QUE_19580","name":"Glasfaserkabel, Westnetz GmbH","GEW":"SNK","stat_von":19580,"bauart":"Dükerung","baujahr":" ","upflicht":"Westnetz GmbH, Lohberg 10, 49716 Meppen","KTR":" ","FSK":"033120004000170051__","bemerk":" ","beschreib":"Gewässerquerung mit LWL Kabel DN Vertrag?","beschreib_":" ","foto1":" ","foto2":" ","foto3":" ","foto4":" ","link1":" ","link2":" ","Schild":"Dükerschild","BW_QUE_Sho":0,"Bw_QUE_DN":" ","BW_QUE_Ver":1,"BW_QUE_V_1":0,"rwert":370698,"hwert":5830729}},{"type":"Feature","id":219,"geometry":{"type":"Point","coordinates":[789361.01671389327,6911505.0019385759]},"properties":{"FID":219,"ID_con":944,"bw_id":"SNK_QUE_19660","name":"Dükerung","GEW":"SNK","stat_von":19660,"bauart":"Dükerung","baujahr":" ","upflicht":"??","KTR":" ","FSK":"033118005001020014__","bemerk":" ","beschreib":"Dükerung","beschreib_":" ","foto1":"https://nlwkn.hannit-share.de/index.php/core/preview?fileId=11059532&x=1280&y=819&a=true","foto2":"https://nlwkn.hannit-share.de/index.php/core/preview?fileId=11059535&x=1280&y=819&a=true","foto3":" ","foto4":" ","link1":" ","link2":" ","Schild":" ","BW_QUE_Sho":0,"Bw_QUE_DN":" ","BW_QUE_Ver":0,"BW_QUE_V_1":0,"rwert":370743,"hwert":5830795}},{"type":"Feature","id":220,"geometry":{"type":"Point","coordinates":[790139.7432121021,6913779.2755147405]},"properties":{"FID":220,"ID_con":946,"bw_id":"SNK_QUE_21180","name":"MS Kabel, Agrowea GmbH","GEW":"SNK","stat_von":21180,"bauart":"Dükerung","baujahr":"2020","upflicht":"Agrowea GmbH & Co. KG, Gaußstraße 2, 49767 Twist","KTR":" ","FSK":"033118005001010031__","bemerk":" ","beschreib":"Dükerung des Süd-Nord-Kanals mit einem MS Kabel und einem Leerrohr DN 50 für Datenkabel ; Vertrag einscannen ; Beschilderung prüfen","beschreib_":" ","foto1":" ","foto2":" ","foto3":" ","foto4":" ","link1":" ","link2":" ","Schild":"Dükerschild","BW_QUE_Sho":0,"Bw_QUE_DN":"50","BW_QUE_Ver":1,"BW_QUE_V_1":1,"rwert":371253,"hwert":5832162}},{"type":"Feature","id":221,"geometry":{"type":"Point","coordinates":[790146.90770408011,6914569.2934951661]},"properties":{"FID":221,"ID_con":947,"bw_id":"SNK_QUE_21660","name":"Oberleitung","GEW":"SNK","stat_von":21660,"bauart":"Oberleitung","baujahr":" ","upflicht":"??","KTR":" ","FSK":"033118013000090018__","bemerk":" ","beschreib":"Oberleitung","beschreib_":" ","foto1":"https://nlwkn.hannit-share.de/index.php/core/preview?fileId=11059538&x=1280&y=819&a=true","foto2":" ","foto3":" ","foto4":" ","link1":" ","link2":" ","Schild":" ","BW_QUE_Sho":0,"Bw_QUE_DN":" ","BW_QUE_Ver":0,"BW_QUE_V_1":0,"rwert":371270,"hwert":5832641}},{"type":"Feature","id":222,"geometry":{"type":"Point","coordinates":[790146.47389573616,6914585.7719523441]},"properties":{"FID":222,"ID_con":2664,"bw_id":"SNK_QUE_21670","name":"Dükerung Telekommunikation (Westconnect)","GEW":"SNK","stat_von":21670,"bauart":"Dükerung (HDD), Telekommunikation","baujahr":"2026","upflicht":"Westnetz","KTR":" ","FSK":"033118013000090018__","bemerk":"Alles nachtragen, Vertrag, Bilder, Objektart, …!!","beschreib":"Im Zuge der Breitbanderschließung im Landkreis Emsland Verlegung von Leerrohranlagen für den anschließenden Einzug von Telekommunikationsleitungen gemäß Telekommunikationsgesetz § 127 Abs.1.","beschreib_":"Im Zuge der Breitbanderschließung im Landkreis Emsland Verlegung von Leerrohranlagen für den anschließenden Einzug von Telekommunikationsleitungen gemäß Telekommunikationsgesetz § 127 Abs.1.","foto1":" ","foto2":" ","foto3":" ","foto4":" ","link1":" ","link2":" ","Schild":" ","BW_QUE_Sho":0,"Bw_QUE_DN":" ","BW_QUE_Ver":0,"BW_QUE_V_1":0,"rwert":371270,"hwert":5832651}},{"type":"Feature","id":223,"geometry":{"type":"Point","coordinates":[790150.98185161455,6915039.3776039016]},"properties":{"FID":223,"ID_con":948,"bw_id":"SNK_QUE_21945","name":"Gasleitung, Westnetz GmbH","GEW":"SNK","stat_von":21945,"bauart":"Dükerung","baujahr":"2020","upflicht":"Westnetz GmbH (Teil von Innogy), Professor-Prakke-Str. 1, 48455 Bad Bentheim","KTR":" ","FSK":"033118013000090018__","bemerk":" ","beschreib":"Kreuzung des Süd-Nord-Kanals mit einer Gasleitung PE-HD DA 110 x 6,6 mm SDR 17 SLM","beschreib_":" ","foto1":" ","foto2":" ","foto3":" ","foto4":" ","link1":" ","link2":" ","Schild":"Dükerschild mit Namen des Betreibers in Abstimmung mit NLWKN","BW_QUE_Sho":0,"Bw_QUE_DN":" ","BW_QUE_Ver":1,"BW_QUE_V_1":1,"rwert":371280,"hwert":5832926}},{"type":"Feature","id":224,"geometry":{"type":"Point","coordinates":[790152.76128434716,6915534.1661396194]},"properties":{"FID":224,"ID_con":2397,"bw_id":"SNK_QUE_22245","name":"Dükerung Mittelspannungskabel Westnetz","GEW":"SNK","stat_von":22245,"bauart":"Dükerung","baujahr":"2022","upflicht":"Westnetz GmbH","KTR":" ","FSK":" ","bemerk":"ist der Bau erfolgt?","beschreib":"Dükerung 3x Niederspannungskabel NAYY-J 4x240 jeweils im Schutzrohr DA 125 PE-HD (Sohllage bei 7,00 m NN, Sohllage Kanal bei 12,00 m NN, WSP bei 15,50 m NN)","beschreib_":" ","foto1":"https://nlwkn.hannit-share.de/index.php/core/preview?fileId=11060093&x=1280&y=819&a=true","foto2":"https://nlwkn.hannit-share.de/index.php/core/preview?fileId=11060096&x=1280&y=819&a=true","foto3":" ","foto4":"https://nlwkn.hannit-share.de/index.php/core/preview?fileId=11060036&x=1280&y=819&a=true","link1":" ","link2":" ","Schild":" ","BW_QUE_Sho":7,"Bw_QUE_DN":"3x125","BW_QUE_Ver":0,"BW_QUE_V_1":0,"rwert":371289,"hwert":5833226}},{"type":"Feature","id":225,"geometry":{"type":"Point","coordinates":[790158.38293529837,6916695.427164143]},"properties":{"FID":225,"ID_con":2585,"bw_id":"SNK_QUE_22950","name":"Dükerung DN 160 Gas- und LWL-Leitung","GEW":"SNK","stat_von":22950,"bauart":"Dükerung (HDD)","baujahr":"2024","upflicht":"Biomethan Groß-Hesepe GmbH & Co. KG, Ölwerkstraße 96, 49744 Geeste","KTR":" ","FSK":"033118010000040019__","bemerk":"Vertrag, Genehmigung, Beschilderung, … nacharbeiten","beschreib":"Dükerung mit einer Gasleitung DN 160 und LWL in Mehrschichtrohr PE 100 mit Außendurchmesser 90","beschreib_":"Für die Gasleitung wird nach derzeitiger Planung ein Mehrschicht-Rohr aus PE100-RC mit einem Außendurchmesser von 160 mm (da160) und der Druckstufe SDR 17 vorgesehen. Für die Verlegung der LWL-Leitung wird ein Schutzrohr Mehrschicht-Rohr aus PE100-RC","foto1":"https://nlwkn.hannit-share.de/index.php/core/preview?fileId=11059556&x=1280&y=819&a=true","foto2":"https://nlwkn.hannit-share.de/index.php/core/preview?fileId=11059559&x=1280&y=819&a=true","foto3":" ","foto4":" ","link1":" ","link2":" ","Schild":" ","BW_QUE_Sho":11.5,"Bw_QUE_DN":"160","BW_QUE_Ver":0,"BW_QUE_V_1":0,"rwert":371311,"hwert":5833930}},{"type":"Feature","id":226,"geometry":{"type":"Point","coordinates":[790166.63768752385,6916819.3534563426]},"properties":{"FID":226,"ID_con":950,"bw_id":"SNK_QUE_23025","name":"Dükerung","GEW":"SNK","stat_von":23025,"bauart":"Dükerung","baujahr":" ","upflicht":"Erdgas Münster (05921 34451)","KTR":" ","FSK":"033118010000040019__","bemerk":" ","beschreib":"Dükerung","beschreib_":" ","foto1":"https://nlwkn.hannit-share.de/index.php/core/preview?fileId=11059568&x=1280&y=819&a=true","foto2":"https://nlwkn.hannit-share.de/index.php/core/preview?fileId=11059571&x=1280&y=819&a=true","foto3":" ","foto4":" ","link1":" ","link2":" ","Schild":" ","BW_QUE_Sho":0,"Bw_QUE_DN":" ","BW_QUE_Ver":0,"BW_QUE_V_1":0,"rwert":371318,"hwert":5834005}},{"type":"Feature","id":227,"geometry":{"type":"Point","coordinates":[790168.29146006308,6917256.5135702146]},"properties":{"FID":227,"ID_con":952,"bw_id":"SNK_QUE_23290","name":"Dükerung","GEW":"SNK","stat_von":23290,"bauart":"Dükerung","baujahr":" ","upflicht":"`??","KTR":" ","FSK":"033118011000120004__","bemerk":" ","beschreib":"Dükerung","beschreib_":" ","foto1":"https://nlwkn.hannit-share.de/index.php/core/preview?fileId=11059583&x=1280&y=819&a=true","foto2":"https://nlwkn.hannit-share.de/index.php/core/preview?fileId=11059586&x=1280&y=819&a=true","foto3":"https://nlwkn.hannit-share.de/index.php/core/preview?fileId=11059589&x=1280&y=819&a=true","foto4":" ","link1":" ","link2":" ","Schild":"Dükerschild","BW_QUE_Sho":0,"Bw_QUE_DN":" ","BW_QUE_Ver":0,"BW_QUE_V_1":0,"rwert":371326,"hwert":5834270}},{"type":"Feature","id":228,"geometry":{"type":"Point","coordinates":[790176.42142221925,6917322.7105608247]},"properties":{"FID":228,"ID_con":1804,"bw_id":"SNK_QUE_23330","name":"Oberleitung","GEW":"SNK","stat_von":23330,"bauart":"Oberleitung","baujahr":" ","upflicht":"??","KTR":" ","FSK":"033118011000120004__","bemerk":" ","beschreib":"Oberleitung","beschreib_":" ","foto1":"https://nlwkn.hannit-share.de/index.php/core/preview?fileId=11059592&x=1280&y=819&a=true","foto2":"https://nlwkn.hannit-share.de/index.php/core/preview?fileId=11059595&x=1280&y=819&a=true","foto3":" ","foto4":" ","link1":" ","link2":" ","Schild":" ","BW_QUE_Sho":0,"Bw_QUE_DN":" ","BW_QUE_Ver":0,"BW_QUE_V_1":0,"rwert":371332,"hwert":5834310}},{"type":"Feature","id":229,"geometry":{"type":"Point","coordinates":[790179.9126928444,6917502.6063017054]},"properties":{"FID":229,"ID_con":1805,"bw_id":"SNK_QUE_23440","name":"Dükerung","GEW":"SNK","stat_von":23440,"bauart":"Dükerung","baujahr":" ","upflicht":"Erdgas Münster (05921 / 34451)","KTR":" ","FSK":"033118011000120004__","bemerk":" ","beschreib":"Dükerung","beschreib_":" ","foto1":"https://nlwkn.hannit-share.de/index.php/core/preview?fileId=11059598&x=1280&y=819&a=true","foto2":" ","foto3":" ","foto4":" ","link1":" ","link2":" ","Schild":" ","BW_QUE_Sho":0,"Bw_QUE_DN":" ","BW_QUE_Ver":0,"BW_QUE_V_1":0,"rwert":371337,"hwert":5834419}},{"type":"Feature","id":230,"geometry":{"type":"Point","coordinates":[]},"properties":{"FID":230,"ID_con":2661,"bw_id":"SNK_QUE_23591","name":"Dükerung Gasleitung Westnetz","GEW":"SNK","stat_von":23591,"bauart":"Dükerung (HDD)","baujahr":"2026","upflicht":"Westnetz GmbH","KTR":" ","FSK":"033118011000120004__","bemerk":"Angaben noch aus Antragsunterlagen ergänzen!!!","beschreib":"Dükerung Gasleitung Westnetz","beschreib_":"Dükerung Gasleitung Westnetz","foto1":"https://nlwkn.hannit-share.de/index.php/core/preview?fileId=12675747&x=1280&y=819&a=true","foto2":"https://nlwkn.hannit-share.de/index.php/core/preview?fileId=12675749&x=1280&y=819&a=true","foto3":"https://nlwkn.hannit-share.de/index.php/core/preview?fileId=12675748&x=1280&y=819&a=true","foto4":"https://nlwkn.hannit-share.de/index.php/core/preview?fileId=12675750&x=1280&y=819&a=true","link1":" ","link2":" ","Schild":" ","BW_QUE_Sho":0,"Bw_QUE_DN":" ","BW_QUE_Ver":0,"BW_QUE_V_1":0,"rwert":37133859,"hwert":5834569}},{"type":"Feature","id":231,"geometry":{"type":"Point","coordinates":[790174.87338456558,6917756.51390702]},"properties":{"FID":231,"ID_con":1810,"bw_id":"SNK_QUE_23595","name":"Dükerung (verschiedene Leitungen?)","GEW":"SNK","stat_von":23595,"bauart":"Dükerung","baujahr":" ","upflicht":"Erdgas Münster (Tel. 05921 - 34451 ; 0251-2800-421)","KTR":" ","FSK":"033118011000120004__","bemerk":"??? Vertrag","beschreib":"Dükerung (verschiedene Leitungen?)","beschreib_":"Dükerung (verschiedene Leitungen?)","foto1":"https://nlwkn.hannit-share.de/index.php/core/preview?fileId=11059601&x=1280&y=819&a=true","foto2":"https://nlwkn.hannit-share.de/index.php/core/preview?fileId=11059604&x=1280&y=819&a=true","foto3":"https://nlwkn.hannit-share.de/index.php/core/preview?fileId=11059607&x=1280&y=819&a=true","foto4":"https://nlwkn.hannit-share.de/index.php/core/preview?fileId=11059610&x=1280&y=819&a=true","link1":" ","link2":" ","Schild":" ","BW_QUE_Sho":0,"Bw_QUE_DN":" ","BW_QUE_Ver":0,"BW_QUE_V_1":0,"rwert":371338,"hwert":5834573}},{"type":"Feature","id":232,"geometry":{"type":"Point","coordinates":[790173.74491886108,6917799.3748652879]},"properties":{"FID":232,"ID_con":1809,"bw_id":"SNK_QUE_23620","name":"Dükerung Trinkwasserleitung","GEW":"SNK","stat_von":23620,"bauart":"Dükerung","baujahr":" ","upflicht":"TAV \"Bourtanger Moor\" (Tel. 05931 9300-16)","KTR":" ","FSK":"033118023001010019__","bemerk":" ","beschreib":"Dükerung","beschreib_":" ","foto1":"https://nlwkn.hannit-share.de/index.php/core/preview?fileId=11059613&x=1280&y=819&a=true","foto2":"https://nlwkn.hannit-share.de/index.php/core/preview?fileId=11059616&x=1280&y=819&a=true","foto3":" ","foto4":" ","link1":" ","link2":" ","Schild":" ","BW_QUE_Sho":0,"Bw_QUE_DN":" ","BW_QUE_Ver":0,"BW_QUE_V_1":0,"rwert":371338,"hwert":5834599}},{"type":"Feature","id":233,"geometry":{"type":"Point","coordinates":[790173.0119572815,6917764.7128711697]},"properties":{"FID":233,"ID_con":2666,"bw_id":"SNK_QUE_23630","name":"Dükerung Abwasserdruckrohrleitung","GEW":"SNK","stat_von":23630,"bauart":"Dükerung Abwasserdruckrohrleitung (HDD)","baujahr":"2026","upflicht":"TAV Bourtanger Moor","KTR":" ","FSK":"033118023001010019__","bemerk":"Daten nachtragen, Die Dükerung befindet sich ca. bei km 23+600","beschreib":"Dükerung Abwasserdruckrohrleitung (TAV Bourtanger Moor)","beschreib_":"Dükerung Abwasserdruckrohrleitung (TAV Bourtanger Moor)","foto1":"https://nlwkn.hannit-share.de/index.php/core/preview?fileId=12675657&x=1280&y=819&a=true","foto2":"https://nlwkn.hannit-share.de/index.php/core/preview?fileId=12675659&x=1280&y=819&a=true","foto3":"https://nlwkn.hannit-share.de/index.php/core/preview?fileId=12675660&x=1280&y=819&a=true","foto4":"https://nlwkn.hannit-share.de/index.php/core/preview?fileId=12675658&x=1280&y=819&a=true","link1":" ","link2":" ","Schild":" ","BW_QUE_Sho":0,"Bw_QUE_DN":" ","BW_QUE_Ver":0,"BW_QUE_V_1":0,"rwert":371337,"hwert":5834578}},{"type":"Feature","id":234,"geometry":{"type":"Point","coordinates":[790106.06844035047,6918244.6516803866]},"properties":{"FID":234,"ID_con":2221,"bw_id":"SNK_QUE_23900","name":"Dükerung (Kabel)","GEW":"SNK","stat_von":23900,"bauart":"Dükerung","baujahr":" ","upflicht":"??","KTR":" ","FSK":"033118023001010019__","bemerk":"Status prüfen","beschreib":"Dükerung","beschreib_":" ","foto1":"https://nlwkn.hannit-share.de/index.php/core/preview?fileId=11059619&x=1280&y=819&a=true","foto2":" ","foto3":" ","foto4":" ","link1":" ","link2":" ","Schild":" ","BW_QUE_Sho":0,"Bw_QUE_DN":" ","BW_QUE_Ver":0,"BW_QUE_V_1":0,"rwert":371304,"hwert":5834870}},{"type":"Feature","id":235,"geometry":{"type":"Point","coordinates":[789812.12945812661,6922339.1647909582]},"properties":{"FID":235,"ID_con":953,"bw_id":"SNK_QUE_26400","name":"Gasleitung oh Holzbrücke","GEW":"SNK","stat_von":26400,"bauart":"Dükerung Gasleitung","baujahr":" ","upflicht":"Erdgas Münster (Tel. 05921 34451)","KTR":" ","FSK":"033118036000010371__","bemerk":" ","beschreib":"Dükerung","beschreib_":" ","foto1":"https://nlwkn.hannit-share.de/index.php/core/preview?fileId=11059622&x=1280&y=819&a=true","foto2":"https://nlwkn.hannit-share.de/index.php/core/preview?fileId=11059625&x=1280&y=819&a=true","foto3":"https://nlwkn.hannit-share.de/index.php/core/preview?fileId=11059628&x=1280&y=819&a=true","foto4":"https://nlwkn.hannit-share.de/index.php/core/preview?fileId=11059631&x=1280&y=819&a=true","link1":" ","link2":" ","Schild":"Dükerschilder","BW_QUE_Sho":0,"Bw_QUE_DN":" ","BW_QUE_Ver":0,"BW_QUE_V_1":0,"rwert":371191,"hwert":5837356}},{"type":"Feature","id":236,"geometry":{"type":"Point","coordinates":[790374.01294593466,6930521.9485291988]},"properties":{"FID":236,"ID_con":2496,"bw_id":"SNK_QUE_31370","name":"Dükerung Kabel","GEW":"SNK","stat_von":31370,"bauart":"Dükerung Kabel","baujahr":" ","upflicht":"??","KTR":" ","FSK":"033118041000010583__","bemerk":" ","beschreib":"Dükerung Kabel bei Kirchbrücke","beschreib_":" ","foto1":"https://nlwkn.hannit-share.de/index.php/core/preview?fileId=11059634&x=1280&y=819&a=true","foto2":" ","foto3":" ","foto4":" ","link1":" ","link2":" ","Schild":"Dükerschild","BW_QUE_Sho":0,"Bw_QUE_DN":" ","BW_QUE_Ver":0,"BW_QUE_V_1":0,"rwert":371663,"hwert":5842302}},{"type":"Feature","id":237,"geometry":{"type":"Point","coordinates":[790395.35734394658,6930838.0996341156]},"properties":{"FID":237,"ID_con":954,"bw_id":"SNK_QUE_31560","name":"Oberleitung","GEW":"SNK","stat_von":31560,"bauart":"Oberleitung","baujahr":" ","upflicht":"??","KTR":" ","FSK":"033118041000010583__","bemerk":" ","beschreib":"Oberleitung","beschreib_":" ","foto1":"https://nlwkn.hannit-share.de/index.php/core/preview?fileId=11059637&x=1280&y=819&a=true","foto2":" ","foto3":" ","foto4":" ","link1":" ","link2":" ","Schild":" ","BW_QUE_Sho":0,"Bw_QUE_DN":" ","BW_QUE_Ver":0,"BW_QUE_V_1":0,"rwert":371681,"hwert":5842493}},{"type":"Feature","id":238,"geometry":{"type":"Point","coordinates":[790432.80270819715,6932108.1696198806]},"properties":{"FID":238,"ID_con":955,"bw_id":"SNK_QUE_32340","name":"Glasfaserkabel, Westnetz GmbH","GEW":"SNK","stat_von":32340,"bauart":"Dükerung","baujahr":" ","upflicht":"Westnetz GmbH, Lohberg 10, 49716 Meppen","KTR":" ","FSK":"033118045000010030__","bemerk":" ","beschreib":"Gewässerquerung mit LWL Kabel DN Vertrag?","beschreib_":" ","foto1":"https://nlwkn.hannit-share.de/index.php/core/preview?fileId=11059640&x=1280&y=819&a=true","foto2":"https://nlwkn.hannit-share.de/index.php/core/preview?fileId=11059643&x=1280&y=819&a=true","foto3":" ","foto4":" ","link1":" ","link2":" ","Schild":"Dükerschild","BW_QUE_Sho":0,"Bw_QUE_DN":" ","BW_QUE_Ver":1,"BW_QUE_V_1":0,"rwert":371724,"hwert":5843261}},{"type":"Feature","id":239,"geometry":{"type":"Point","coordinates":[790439.3121712507,6932612.3935831096]},"properties":{"FID":239,"ID_con":956,"bw_id":"SNK_QUE_32635","name":"Dükerung, Gas??","GEW":"SNK","stat_von":32635,"bauart":"Dükerung","baujahr":" ","upflicht":"??","KTR":" ","FSK":"033102028000280009__","bemerk":" ","beschreib":"Dükerung","beschreib_":" ","foto1":"https://nlwkn.hannit-share.de/index.php/core/preview?fileId=11059646&x=1280&y=819&a=true","foto2":"https://nlwkn.hannit-share.de/index.php/core/preview?fileId=11059649&x=1280&y=819&a=true","foto3":" ","foto4":" ","link1":" ","link2":" ","Schild":" ","BW_QUE_Sho":0,"Bw_QUE_DN":" ","BW_QUE_Ver":0,"BW_QUE_V_1":0,"rwert":371736,"hwert":5843566}},{"type":"Feature","id":240,"geometry":{"type":"Point","coordinates":[790509.33999674721,6933772.8580855252]},"properties":{"FID":240,"ID_con":957,"bw_id":"SNK_QUE_33340","name":"Dükerung","GEW":"SNK","stat_von":33340,"bauart":"Dükerung","baujahr":" ","upflicht":"==","KTR":" ","FSK":"033102028000280009__","bemerk":" ","beschreib":"Dükerung","beschreib_":" ","foto1":"https://nlwkn.hannit-share.de/index.php/core/preview?fileId=11059652&x=1280&y=819&a=true","foto2":" ","foto3":" ","foto4":" ","link1":" ","link2":" ","Schild":" ","BW_QUE_Sho":0,"Bw_QUE_DN":" ","BW_QUE_Ver":0,"BW_QUE_V_1":0,"rwert":371797,"hwert":5844267}},{"type":"Feature","id":241,"geometry":{"type":"Point","coordinates":[790592.24257193191,6935322.3300361037]},"properties":{"FID":241,"ID_con":958,"bw_id":"SNK_QUE_34280","name":"Oberleitung","GEW":"SNK","stat_von":34280,"bauart":"Oberleitung","baujahr":" ","upflicht":"??","KTR":" ","FSK":"033102029000260028__","bemerk":" ","beschreib":"Oberleitung","beschreib_":" ","foto1":"https://nlwkn.hannit-share.de/index.php/core/preview?fileId=11059655&x=1280&y=819&a=true","foto2":" ","foto3":" ","foto4":" ","link1":" ","link2":" ","Schild":" ","BW_QUE_Sho":0,"Bw_QUE_DN":" ","BW_QUE_Ver":0,"BW_QUE_V_1":0,"rwert":371872,"hwert":5845203}},{"type":"Feature","id":242,"geometry":{"type":"Point","coordinates":[790600.64918647334,6935441.5861229645]},"properties":{"FID":242,"ID_con":959,"bw_id":"SNK_QUE_34350","name":"Oberleitung","GEW":"SNK","stat_von":34350,"bauart":"Oberleitung","baujahr":" ","upflicht":"??","KTR":" ","FSK":"033102029000260028__","bemerk":" ","beschreib":"Oberleitung","beschreib_":" ","foto1":"https://nlwkn.hannit-share.de/index.php/core/preview?fileId=11059658&x=1280&y=819&a=true","foto2":"https://nlwkn.hannit-share.de/index.php/core/preview?fileId=11059661&x=1280&y=819&a=true","foto3":" ","foto4":" ","link1":" ","link2":" ","Schild":" ","BW_QUE_Sho":0,"Bw_QUE_DN":" ","BW_QUE_Ver":0,"BW_QUE_V_1":0,"rwert":371879,"hwert":5845275}},{"type":"Feature","id":243,"geometry":{"type":"Point","coordinates":[790745.15202635515,6936594.5030235173]},"properties":{"FID":243,"ID_con":2580,"bw_id":"SNK_QUE_35055","name":"Dükerung (HDD) TW-Leitung","GEW":"SNK","stat_von":35055,"bauart":"Dükerung (HDD)","baujahr":"2024","upflicht":"TAV Bourtanger Moor","KTR":" ","FSK":"033102030000140143__","bemerk":"Unterlagen einpflegen, Vertrag, Beschilderung, …, Vorgang nachpflegen","beschreib":"Dükerung mit einer Trinkwasserleitung (DN 180) als HDD-Bohrung","beschreib_":"Der Trink- und Abwasserverband Bourtanger Moor ( https://www.tavbm.de/ ) beabsichtigt in Haren/OT Wesuwe-Moor eine neue Trinkwasserleitung zu verlegen um eine defekte Brückenaufhängung am Brückenbauwerk der K 202 bei Km 14,700 zu ersetzen.\r\nDazu soll","foto1":"https://nlwkn.hannit-share.de/index.php/core/preview?fileId=11059664&x=1280&y=819&a=true","foto2":"https://nlwkn.hannit-share.de/index.php/core/preview?fileId=11059667&x=1280&y=819&a=true","foto3":"https://nlwkn.hannit-share.de/index.php/core/preview?fileId=11059670&x=1280&y=819&a=true","foto4":"https://nlwkn.hannit-share.de/index.php/core/preview?fileId=11059673&x=1280&y=819&a=true","link1":" ","link2":" ","Schild":" ","BW_QUE_Sho":0,"Bw_QUE_DN":"180","BW_QUE_Ver":0,"BW_QUE_V_1":0,"rwert":371985,"hwert":5845970}},{"type":"Feature","id":244,"geometry":{"type":"Point","coordinates":[790843.97186240845,6937666.9964262452]},"properties":{"FID":244,"ID_con":960,"bw_id":"SNK_QUE_35710","name":"Dükerung, Kabel","GEW":"SNK","stat_von":35710,"bauart":"Dükerung","baujahr":" ","upflicht":"??","KTR":" ","FSK":"033102030000140143__","bemerk":" ","beschreib":"Dükerung","beschreib_":" ","foto1":"https://nlwkn.hannit-share.de/index.php/core/preview?fileId=11059676&x=1280&y=819&a=true","foto2":" ","foto3":" ","foto4":" ","link1":" ","link2":" ","Schild":" ","BW_QUE_Sho":0,"Bw_QUE_DN":" ","BW_QUE_Ver":0,"BW_QUE_V_1":0,"rwert":372062,"hwert":5846617}},{"type":"Feature","id":245,"geometry":{"type":"Point","coordinates":[791092.05890691758,6940596.1911783945]},"properties":{"FID":245,"ID_con":962,"bw_id":"SNK_QUE_37485","name":"Dükerung, Gas","GEW":"SNK","stat_von":37485,"bauart":"Dükerung","baujahr":" ","upflicht":"??","KTR":" ","FSK":"031737042000370054__","bemerk":" ","beschreib":"Dükerung","beschreib_":" ","foto1":"https://nlwkn.hannit-share.de/index.php/core/preview?fileId=11059691&x=1280&y=819&a=true","foto2":" ","foto3":" ","foto4":" ","link1":" ","link2":" ","Schild":" ","BW_QUE_Sho":0,"Bw_QUE_DN":" ","BW_QUE_Ver":0,"BW_QUE_V_1":0,"rwert":372259,"hwert":5848384}},{"type":"Feature","id":246,"geometry":{"type":"Point","coordinates":[791214.40757759102,6942285.3428699207]},"properties":{"FID":246,"ID_con":963,"bw_id":"SNK_QUE_38510","name":"Dükerung, Gas","GEW":"SNK","stat_von":38510,"bauart":"Dükerung","baujahr":" ","upflicht":"??","KTR":" ","FSK":"031737037001040083__","bemerk":" ","beschreib":"Dükerung","beschreib_":" ","foto1":"https://nlwkn.hannit-share.de/index.php/core/preview?fileId=11059694&x=1280&y=819&a=true","foto2":"https://nlwkn.hannit-share.de/index.php/core/preview?fileId=11059697&x=1280&y=819&a=true","foto3":" ","foto4":" ","link1":" ","link2":" ","Schild":" ","BW_QUE_Sho":0,"Bw_QUE_DN":" ","BW_QUE_Ver":0,"BW_QUE_V_1":0,"rwert":372360,"hwert":5849403}},{"type":"Feature","id":247,"geometry":{"type":"Point","coordinates":[791266.02534401324,6942960.1797060976]},"properties":{"FID":247,"ID_con":964,"bw_id":"SNK_QUE_38915","name":"Oberleitung","GEW":"SNK","stat_von":38915,"bauart":"Oberleitung","baujahr":" ","upflicht":"??","KTR":" ","FSK":"031737037001040083__","bemerk":" ","beschreib":"Oberleitung","beschreib_":" ","foto1":"https://nlwkn.hannit-share.de/index.php/core/preview?fileId=11059700&x=1280&y=819&a=true","foto2":" ","foto3":" ","foto4":" ","link1":" ","link2":" ","Schild":" ","BW_QUE_Sho":0,"Bw_QUE_DN":" ","BW_QUE_Ver":0,"BW_QUE_V_1":0,"rwert":372402,"hwert":5849810}},{"type":"Feature","id":248,"geometry":{"type":"Point","coordinates":[791313.13657830853,6943681.2922002263]},"properties":{"FID":248,"ID_con":965,"bw_id":"SNK_QUE_39355","name":"Oberleitung","GEW":"SNK","stat_von":39355,"bauart":"Oberleitung","baujahr":" ","upflicht":"??","KTR":" ","FSK":"031737037001040083__","bemerk":" ","beschreib":"Oberleitung","beschreib_":" ","foto1":"https://nlwkn.hannit-share.de/index.php/core/preview?fileId=11059703&x=1280&y=819&a=true","foto2":" ","foto3":" ","foto4":" ","link1":" ","link2":" ","Schild":" ","BW_QUE_Sho":0,"Bw_QUE_DN":" ","BW_QUE_Ver":0,"BW_QUE_V_1":0,"rwert":372442,"hwert":5850245}},{"type":"Feature","id":249,"geometry":{"type":"Point","coordinates":[791322.21261120785,6943838.7530994611]},"properties":{"FID":249,"ID_con":966,"bw_id":"SNK_QUE_39460","name":"Dükerung, Gas","GEW":"SNK","stat_von":39460,"bauart":"Dükerung","baujahr":" ","upflicht":"??","KTR":" ","FSK":"031737037001040083__","bemerk":" ","beschreib":"Dükerung","beschreib_":" ","foto1":"https://nlwkn.hannit-share.de/index.php/core/preview?fileId=11059706&x=1280&y=819&a=true","foto2":"https://nlwkn.hannit-share.de/index.php/core/preview?fileId=11059709&x=1280&y=819&a=true","foto3":" ","foto4":" ","link1":" ","link2":" ","Schild":" ","BW_QUE_Sho":0,"Bw_QUE_DN":" ","BW_QUE_Ver":0,"BW_QUE_V_1":0,"rwert":372450,"hwert":5850340}},{"type":"Feature","id":250,"geometry":{"type":"Point","coordinates":[791341.4069138167,6944113.9905754961]},"properties":{"FID":250,"ID_con":967,"bw_id":"SNK_QUE_39615","name":"Oberleitung","GEW":"SNK","stat_von":39615,"bauart":"Oberleitung","baujahr":" ","upflicht":"??","KTR":" ","FSK":"031737003000520003__","bemerk":" ","beschreib":"Oberleitung","beschreib_":" ","foto1":"https://nlwkn.hannit-share.de/index.php/core/preview?fileId=11059712&x=1280&y=819&a=true","foto2":"https://nlwkn.hannit-share.de/index.php/core/preview?fileId=11059715&x=1280&y=819&a=true","foto3":"https://nlwkn.hannit-share.de/index.php/core/preview?fileId=11059718&x=1280&y=819&a=true","foto4":" ","link1":" ","link2":" ","Schild":" ","BW_QUE_Sho":0,"Bw_QUE_DN":" ","BW_QUE_Ver":0,"BW_QUE_V_1":0,"rwert":372466,"hwert":5850506}},{"type":"Feature","id":251,"geometry":{"type":"Point","coordinates":[791343.01335320284,6944115.6879630778]},"properties":{"FID":251,"ID_con":968,"bw_id":"SNK_QUE_39620","name":"Dükerung, Gas","GEW":"SNK","stat_von":39620,"bauart":"Dükerung","baujahr":" ","upflicht":"Westnetz??","KTR":" ","FSK":"031737003000520003__","bemerk":" ","beschreib":"Düker, Gas","beschreib_":" ","foto1":"https://nlwkn.hannit-share.de/index.php/core/preview?fileId=11059721&x=1280&y=819&a=true","foto2":" ","foto3":"https://nlwkn.hannit-share.de/index.php/core/preview?fileId=11059724&x=1280&y=819&a=true","foto4":" ","link1":" ","link2":" ","Schild":" ","BW_QUE_Sho":0,"Bw_QUE_DN":" ","BW_QUE_Ver":0,"BW_QUE_V_1":0,"rwert":372467,"hwert":5850507}},{"type":"Feature","id":252,"geometry":{"type":"Point","coordinates":[791419.23701045755,6945175.335394646]},"properties":{"FID":252,"ID_con":969,"bw_id":"SNK_QUE_40260","name":"Oberleitung","GEW":"SNK","stat_von":40260,"bauart":"Oberleitung","baujahr":" ","upflicht":"??","KTR":" ","FSK":"031737003000520003__","bemerk":" ","beschreib":"Oberleitung","beschreib_":" ","foto1":"https://nlwkn.hannit-share.de/index.php/core/preview?fileId=11059727&x=1280&y=819&a=true","foto2":" ","foto3":" ","foto4":" ","link1":" ","link2":" ","Schild":" ","BW_QUE_Sho":0,"Bw_QUE_DN":" ","BW_QUE_Ver":0,"BW_QUE_V_1":0,"rwert":372530,"hwert":5851146}},{"type":"Feature","id":253,"geometry":{"type":"Point","coordinates":[791123.42316274659,6946819.6461392613]},"properties":{"FID":253,"ID_con":2084,"bw_id":"SNK_QUE_41335","name":"Dükerung Gasleitung oh Brücke","GEW":"SNK","stat_von":41335,"bauart":"Dükerung (Gasleitung), HDD","baujahr":"2020","upflicht":"Westnetz (Teil von Innogy)","KTR":" ","FSK":"03173700200074______","bemerk":" ","beschreib":"Dükerung Gasleitung (HDD) oh Brücke","beschreib_":"Dükerung Gasleitung (HDD) oh Brücke","foto1":"https://nlwkn.hannit-share.de/index.php/core/preview?fileId=11059730&x=1280&y=819&a=true","foto2":"https://nlwkn.hannit-share.de/index.php/core/preview?fileId=11059733&x=1280&y=819&a=true","foto3":"https://nlwkn.hannit-share.de/index.php/core/preview?fileId=11628739&x=1280&y=819&a=true","foto4":"https://nlwkn.hannit-share.de/index.php/core/preview?fileId=11628740&x=1280&y=819&a=true","link1":" ","link2":" ","Schild":"Dükerschilder","BW_QUE_Sho":0,"Bw_QUE_DN":" ","BW_QUE_Ver":0,"BW_QUE_V_1":0,"rwert":372377,"hwert":5852144}},{"type":"Feature","id":254,"geometry":{"type":"Point","coordinates":[791134.41093621263,6946841.4588976372]},"properties":{"FID":254,"ID_con":2083,"bw_id":"SNK_QUE_41350","name":"Dükerung uh Brücke","GEW":"SNK","stat_von":41350,"bauart":"Dükerung","baujahr":" ","upflicht":"RWE","KTR":" ","FSK":"03172901000004______","bemerk":" ","beschreib":"Dükerung","beschreib_":" ","foto1":"https://nlwkn.hannit-share.de/index.php/core/preview?fileId=11059736&x=1280&y=819&a=true","foto2":"https://nlwkn.hannit-share.de/index.php/core/preview?fileId=11059739&x=1280&y=819&a=true","foto3":"https://nlwkn.hannit-share.de/index.php/core/preview?fileId=11059742&x=1280&y=819&a=true","foto4":" ","link1":" ","link2":" ","Schild":" ","BW_QUE_Sho":0,"Bw_QUE_DN":" ","BW_QUE_Ver":0,"BW_QUE_V_1":0,"rwert":372384,"hwert":5852157}},{"type":"Feature","id":255,"geometry":{"type":"Point","coordinates":[791338.02066125255,6947201.1361871473]},"properties":{"FID":255,"ID_con":2658,"bw_id":"SNK_QUE_41600","name":"Westnetz Breitbandausbau Telekommunikationsleitung","GEW":"SNK","stat_von":41600,"bauart":"Dükerung (HDD) Breitbandkabel Westnetz","baujahr":"2026","upflicht":"Westnetz","KTR":" ","FSK":"03172901000004______","bemerk":"Daten nachpflegen; Noch im Antragsverfahren","beschreib":"Dükerung (HDD) Breitbandkabel Westnetz","beschreib_":"Dükerung (HDD) Breitbandkabel Westnetz","foto1":"https://nlwkn.hannit-share.de/index.php/core/preview?fileId=12529937&x=1280&y=819&a=true","foto2":"https://nlwkn.hannit-share.de/index.php/core/preview?fileId=12529938&x=1280&y=819&a=true","foto3":"https://nlwkn.hannit-share.de/index.php/core/preview?fileId=12529936&x=1280&y=819&a=true","foto4":"https://nlwkn.hannit-share.de/index.php/core/preview?fileId=12529935&x=1280&y=819&a=true","link1":" ","link2":" ","Schild":" ","BW_QUE_Sho":0,"Bw_QUE_DN":" ","BW_QUE_Ver":0,"BW_QUE_V_1":0,"rwert":372513,"hwert":5852371}},{"type":"Feature","id":256,"geometry":{"type":"Point","coordinates":[791723.13932106365,6947883.5131058255]},"properties":{"FID":256,"ID_con":970,"bw_id":"SNK_QUE_42070","name":"Oberleitung","GEW":"SNK","stat_von":42070,"bauart":"Oberleitung","baujahr":" ","upflicht":"??","KTR":" ","FSK":"03172901000004______","bemerk":" ","beschreib":"Oberleitung","beschreib_":" ","foto1":"https://nlwkn.hannit-share.de/index.php/core/preview?fileId=11059745&x=1280&y=819&a=true","foto2":"https://nlwkn.hannit-share.de/index.php/core/preview?fileId=11059748&x=1280&y=819&a=true","foto3":"https://nlwkn.hannit-share.de/index.php/core/preview?fileId=11059751&x=1280&y=819&a=true","foto4":"https://nlwkn.hannit-share.de/index.php/core/preview?fileId=11059754&x=1280&y=819&a=true","link1":" ","link2":" ","Schild":" ","BW_QUE_Sho":0,"Bw_QUE_DN":" ","BW_QUE_Ver":0,"BW_QUE_V_1":0,"rwert":372757,"hwert":5852777}},{"type":"Feature","id":257,"geometry":{"type":"Point","coordinates":[792594.78173306386,6949421.6203762321]},"properties":{"FID":257,"ID_con":2237,"bw_id":"SNK_QUE_43143","name":"Dükerung Gasleitung","GEW":"SNK","stat_von":43143,"bauart":"Dükerung","baujahr":"2022?","upflicht":"Westnetz","KTR":" ","FSK":"03172602100189______","bemerk":" ","beschreib":"1x Gasleitung DN 225 PE-HD der Westnetz AG (Sohllage bei 4,90 m NN, Sohllage Kanal bei 11,00 m NN, WSP bei 11,60 m NN)","beschreib_":" ","foto1":"https://nlwkn.hannit-share.de/index.php/core/preview?fileId=11059757&x=1280&y=819&a=true","foto2":"https://nlwkn.hannit-share.de/index.php/core/preview?fileId=11059760&x=1280&y=819&a=true","foto3":"https://nlwkn.hannit-share.de/index.php/core/preview?fileId=11059763&x=1280&y=819&a=true","foto4":"https://nlwkn.hannit-share.de/index.php/core/preview?fileId=11059766&x=1280&y=819&a=true","link1":" ","link2":" ","Schild":" ","BW_QUE_Sho":4.9000000953674316,"Bw_QUE_DN":"225","BW_QUE_Ver":0,"BW_QUE_V_1":0,"rwert":373309,"hwert":5853692}},{"type":"Feature","id":258,"geometry":{"type":"Point","coordinates":[792596.34631357575,6949424.9736421714]},"properties":{"FID":258,"ID_con":971,"bw_id":"SNK_QUE_43145","name":"Dükerung, Gas","GEW":"SNK","stat_von":43145,"bauart":"Dükerung","baujahr":" ","upflicht":"RWE??","KTR":" ","FSK":"03172602100189______","bemerk":" ","beschreib":"Dükerung","beschreib_":" ","foto1":"https://nlwkn.hannit-share.de/index.php/core/preview?fileId=11059769&x=1280&y=819&a=true","foto2":"https://nlwkn.hannit-share.de/index.php/core/preview?fileId=11059772&x=1280&y=819&a=true","foto3":" ","foto4":" ","link1":" ","link2":" ","Schild":"Schild","BW_QUE_Sho":0,"Bw_QUE_DN":" ","BW_QUE_Ver":0,"BW_QUE_V_1":0,"rwert":373310,"hwert":5853694}},{"type":"Feature","id":259,"geometry":{"type":"Point","coordinates":[793095.78675445786,6950357.253827842]},"properties":{"FID":259,"ID_con":972,"bw_id":"SNK_QUE_43785","name":"Oberleitung","GEW":"SNK","stat_von":43785,"bauart":"Oberleitung","baujahr":" ","upflicht":"??","KTR":" ","FSK":"03172602100179______","bemerk":" ","beschreib":"Oberleitung","beschreib_":" ","foto1":"https://nlwkn.hannit-share.de/index.php/core/preview?fileId=11059775&x=1280&y=819&a=true","foto2":"https://nlwkn.hannit-share.de/index.php/core/preview?fileId=11059778&x=1280&y=819&a=true","foto3":" ","foto4":" ","link1":" ","link2":" ","Schild":" ","BW_QUE_Sho":0,"Bw_QUE_DN":" ","BW_QUE_Ver":0,"BW_QUE_V_1":0,"rwert":373627,"hwert":5854249}},{"type":"Feature","id":260,"geometry":{"type":"Point","coordinates":[792864.33100076695,6951948.0423348574]},"properties":{"FID":260,"ID_con":973,"bw_id":"SNK_QUE_44770","name":"Oberleitung","GEW":"SNK","stat_von":44770,"bauart":"Oberleitung","baujahr":" ","upflicht":"??","KTR":" ","FSK":"03172602100173______","bemerk":" ","beschreib":"Oberleitung","beschreib_":" ","foto1":"https://nlwkn.hannit-share.de/index.php/core/preview?fileId=11059781&x=1280&y=819&a=true","foto2":"https://nlwkn.hannit-share.de/index.php/core/preview?fileId=11059784&x=1280&y=819&a=true","foto3":"https://nlwkn.hannit-share.de/index.php/core/preview?fileId=11059787&x=1280&y=819&a=true","foto4":" ","link1":" ","link2":" ","Schild":" ","BW_QUE_Sho":0,"Bw_QUE_DN":" ","BW_QUE_Ver":0,"BW_QUE_V_1":0,"rwert":373512,"hwert":5855213}},{"type":"Feature","id":261,"geometry":{"type":"Point","coordinates":[792732.17396290577,6952453.1857766099]},"properties":{"FID":261,"ID_con":2395,"bw_id":"SNK_QUE_45085","name":"Dükerung Mittelspannungskabel Westnetz","GEW":"SNK","stat_von":45085,"bauart":"Dükerung","baujahr":"2023","upflicht":"Westnetz GmbH","KTR":" ","FSK":" ","bemerk":"Das Antragsverfahren (Wasserrechtliche Genehemigung läuft noch)","beschreib":"Mittelspannungskabel 2XS(F)2Y 3x1x300 in einemSchutzrohr DA160x14,6. Verlegung im Horizontalbohrverfahren (Sohle auf NN 4,25 m NN, Sohllage Kanal bei 9,25 m NN, WSP bei 11,55 m NN)","beschreib_":" ","foto1":"https://nlwkn.hannit-share.de/index.php/core/preview?fileId=11059790&x=1280&y=819&a=true","foto2":"https://nlwkn.hannit-share.de/index.php/core/preview?fileId=11059793&x=1280&y=819&a=true","foto3":"https://nlwkn.hannit-share.de/index.php/core/preview?fileId=11057987&x=1280&y=819&a=true","foto4":"https://nlwkn.hannit-share.de/index.php/core/preview?fileId=11059799&x=1280&y=819&a=true","link1":" ","link2":" ","Schild":" ","BW_QUE_Sho":4.25,"Bw_QUE_DN":"160","BW_QUE_Ver":0,"BW_QUE_V_1":0,"rwert":373440,"hwert":5855520}},{"type":"Feature","id":262,"geometry":{"type":"Point","coordinates":[792615.18723007222,6953073.0802228032]},"properties":{"FID":262,"ID_con":974,"bw_id":"SNK_QUE_45470","name":"Dükerung, Gas","GEW":"SNK","stat_von":45470,"bauart":"Dükerung","baujahr":" ","upflicht":"??","KTR":" ","FSK":"03172602100156______","bemerk":" ","beschreib":"Dükerung","beschreib_":" ","foto1":"https://nlwkn.hannit-share.de/index.php/core/preview?fileId=11059802&x=1280&y=819&a=true","foto2":" ","foto3":" ","foto4":" ","link1":" ","link2":" ","Schild":" ","BW_QUE_Sho":0,"Bw_QUE_DN":" ","BW_QUE_Ver":0,"BW_QUE_V_1":0,"rwert":373379,"hwert":5855896}},{"type":"Feature","id":263,"geometry":{"type":"Point","coordinates":[792653.32611978508,6953195.0329234293]},"properties":{"FID":263,"ID_con":975,"bw_id":"SNK_QUE_45550","name":"Gasleitungsdüker","GEW":"SNK","stat_von":45550,"bauart":"Dükerung","baujahr":" ","upflicht":"??","KTR":" ","FSK":"03172602100156______","bemerk":" ","beschreib":"Dükerung","beschreib_":" ","foto1":"https://nlwkn.hannit-share.de/index.php/core/preview?fileId=11059805&x=1280&y=819&a=true","foto2":"https://nlwkn.hannit-share.de/index.php/core/preview?fileId=11059808&x=1280&y=819&a=true","foto3":" ","foto4":" ","link1":" ","link2":" ","Schild":"Dükerschild","BW_QUE_Sho":0,"Bw_QUE_DN":" ","BW_QUE_Ver":0,"BW_QUE_V_1":0,"rwert":373404,"hwert":5855969}},{"type":"Feature","id":264,"geometry":{"type":"Point","coordinates":[788086.49909216748,6879736.4623769382]},"properties":{"FID":264,"ID_con":2573,"bw_id":"VBK_QUE_255","name":"Dükerung (HDD) verschiedene Leitungen","GEW":"VBK","stat_von":255,"bauart":"Dükerung (HDD)","baujahr":"2024","upflicht":"nvb","KTR":" ","FSK":"033151067002390005__","bemerk":"Antrag gestellt. Daten nachtragen, Vertrag eingeben, Vorgang anlegen","beschreib":"Dükerung (Erneuerung) verschiedener Leitungen im HDD_verfahren","beschreib_":"Dükerung (Erneuerung) verschiedener Leitungen im HDD_verfahren:\r\n1x MD-Gashauptleitung HDPE d 160\r\n1x Wasserhauptleitung HDPE d 160\r\n1x Mittelspannungskabel NA2XS(F)2Y 3x1x185?, verlegt in Schutzrohr HDPE d 160\r\n2x Leerrohr HDPE d 110 als Reserve","foto1":"https://nlwkn.hannit-share.de/index.php/core/preview?fileId=11057981&x=1280&y=819&a=true","foto2":"https://nlwkn.hannit-share.de/index.php/core/preview?fileId=11057984&x=1280&y=819&a=true","foto3":"https://nlwkn.hannit-share.de/index.php/core/preview?fileId=11056124&x=1280&y=819&a=true","foto4":"https://nlwkn.hannit-share.de/index.php/core/preview?fileId=11057990&x=1280&y=819&a=true","link1":" ","link2":" ","Schild":" ","BW_QUE_Sho":0,"Bw_QUE_DN":"Verschiedene","BW_QUE_Ver":0,"BW_QUE_V_1":0,"rwert":369454,"hwert":5811505}},{"type":"Feature","id":265,"geometry":{"type":"Point","coordinates":[750187.81221936294,6911463.599608562]},"properties":{"FID":265,"ID_con":2194,"bw_id":"VEC_QUE_75335","name":"Dükerung","GEW":"VEC","stat_von":75335,"bauart":"Dükerung TWL","baujahr":" ","upflicht":"??","KTR":" ","FSK":"03313112700092______","bemerk":" ","beschreib":"Dükerung TWL","beschreib_":" ","foto1":"https://nlwkn.hannit-share.de/index.php/core/preview?fileId=11056112&x=1280&y=819&a=true","foto2":"https://nlwkn.hannit-share.de/index.php/core/preview?fileId=11056115&x=1280&y=819&a=true","foto3":" ","foto4":" ","link1":" ","link2":" ","Schild":" ","BW_QUE_Sho":0,"Bw_QUE_DN":" ","BW_QUE_Ver":0,"BW_QUE_V_1":0,"rwert":346919,"hwert":5831459}},{"type":"Feature","id":266,"geometry":{"type":"Point","coordinates":[754059.24870394182,6911177.2477539675]},"properties":{"FID":266,"ID_con":1014,"bw_id":"VEC_QUE_78070","name":"Oberleitung 10 kV","GEW":"VEC","stat_von":78070,"bauart":"Oberleitung","baujahr":" ","upflicht":"RWE","KTR":" ","FSK":"03313111300071______","bemerk":" ","beschreib":"Oberleitung 10 kV","beschreib_":" ","foto1":"https://nlwkn.hannit-share.de/index.php/core/preview?fileId=11056118&x=1280&y=819&a=true","foto2":"https://nlwkn.hannit-share.de/index.php/core/preview?fileId=11056121&x=1280&y=819&a=true","foto3":"https://nlwkn.hannit-share.de/index.php/core/preview?fileId=11056163&x=1280&y=819&a=true","foto4":" ","link1":" ","link2":" ","Schild":" ","BW_QUE_Sho":0,"Bw_QUE_DN":" ","BW_QUE_Ver":0,"BW_QUE_V_1":0,"rwert":349268,"hwert":5831212}},{"type":"Feature","id":267,"geometry":{"type":"Point","coordinates":[758641.60662099009,6909012.028447832]},"properties":{"FID":267,"ID_con":1015,"bw_id":"VEC_QUE_81355","name":"Oberleitung","GEW":"VEC","stat_von":81355,"bauart":"Oberleitung","baujahr":" ","upflicht":"??","KTR":" ","FSK":"033130106000330001__","bemerk":" ","beschreib":"Oberleitung","beschreib_":" ","foto1":"https://nlwkn.hannit-share.de/index.php/core/preview?fileId=11056127&x=1280&y=819&a=true","foto2":" ","foto3":" ","foto4":" ","link1":" ","link2":" ","Schild":" ","BW_QUE_Sho":0,"Bw_QUE_DN":" ","BW_QUE_Ver":0,"BW_QUE_V_1":0,"rwert":352015,"hwert":5829813}},{"type":"Feature","id":268,"geometry":{"type":"Point","coordinates":[760205.40374506114,6909487.8670031382]},"properties":{"FID":268,"ID_con":1016,"bw_id":"VEC_QUE_82350","name":"Dükerung??","GEW":"VEC","stat_von":82350,"bauart":"Dükerung??","baujahr":" ","upflicht":"??","KTR":" ","FSK":"033129018000480003__","bemerk":" ","beschreib":"Dükerung","beschreib_":" ","foto1":"https://nlwkn.hannit-share.de/index.php/core/preview?fileId=11056130&x=1280&y=819&a=true","foto2":" ","foto3":" ","foto4":" ","link1":" ","link2":" ","Schild":"Dükerschild","BW_QUE_Sho":0,"Bw_QUE_DN":" ","BW_QUE_Ver":0,"BW_QUE_V_1":0,"rwert":352975,"hwert":5830073}},{"type":"Feature","id":269,"geometry":{"type":"Point","coordinates":[764192.38200176752,6910085.1878833137]},"properties":{"FID":269,"ID_con":2571,"bw_id":"VEC_QUE_85070","name":"Querung (HDD) mit Trinkwasserleitung WAZ Neuenhaus","GEW":"VEC","stat_von":85070,"bauart":"Dükerung (HDD)","baujahr":"2025","upflicht":"WAZ Neuenhaus","KTR":" ","FSK":"033129011000020005__","bemerk":"Weitere Infos sind nachzutragen","beschreib":"Dükerung einer Trinkwasserleitung (DN225) und zwei Leerrohren (DN 50) entlang der neu zu errichtenden Brücke Umgehung Obenholt","beschreib_":"Dükerung einer Trinkwasserleitung (DN225) und zwei Leerrohren (DN 50) entlang der neu zu errichtenden Brücke Umgehung Obenholt","foto1":" ","foto2":" ","foto3":" ","foto4":" ","link1":" ","link2":" ","Schild":" ","BW_QUE_Sho":0,"Bw_QUE_DN":"1x DN225 und 2x DN50","BW_QUE_Ver":0,"BW_QUE_V_1":0,"rwert":355411,"hwert":5830363}},{"type":"Feature","id":270,"geometry":{"type":"Point","coordinates":[764996.19172418106,6910201.3115276014]},"properties":{"FID":270,"ID_con":2473,"bw_id":"VEC_QUE_85565","name":"Dükerung Gasleitung (Westnetz, Ferngas)","GEW":"VEC","stat_von":85565,"bauart":"Dükerung Ferngas","baujahr":" ","upflicht":"Westnetz","KTR":" ","FSK":"03312901100297______","bemerk":"Telefon Westnetz 0800 0793427","beschreib":"Dükerung Ferngasleitung Westnetz (2. uh. Rohrleitungsbrücke)","beschreib_":"Dükerung Ferngasleitung Westnetz (2. uh. Rohrleitungsbrücke)","foto1":"https://nlwkn.hannit-share.de/index.php/core/preview?fileId=11056133&x=1280&y=819&a=true","foto2":"https://nlwkn.hannit-share.de/index.php/core/preview?fileId=11056136&x=1280&y=819&a=true","foto3":" ","foto4":" ","link1":" ","link2":" ","Schild":"Dükerschild (gelb)","BW_QUE_Sho":0,"Bw_QUE_DN":" ","BW_QUE_Ver":0,"BW_QUE_V_1":0,"rwert":355902,"hwert":5830419}},{"type":"Feature","id":271,"geometry":{"type":"Point","coordinates":[765012.5211768453,6910205.0910666902]},"properties":{"FID":271,"ID_con":2472,"bw_id":"VEC_QUE_85575","name":"Dükerung Gasleitung (Westnetz, Ferngas)","GEW":"VEC","stat_von":85575,"bauart":"Dükerung Gasleitung","baujahr":" ","upflicht":"Westnetz","KTR":" ","FSK":"03312901100297______","bemerk":"Telefon Westnetz 0800 0793427","beschreib":"Dükerung Ferngasleitung Westnetz (1. uh. Rohrleitungsbrücke)","beschreib_":"Dükerung Ferngasleitung Westnetz (1. uh. Rohrleitungsbrücke)","foto1":"https://nlwkn.hannit-share.de/index.php/core/preview?fileId=11056139&x=1280&y=819&a=true","foto2":"https://nlwkn.hannit-share.de/index.php/core/preview?fileId=11056142&x=1280&y=819&a=true","foto3":" ","foto4":" ","link1":" ","link2":" ","Schild":"Dükerschild (gelb)","BW_QUE_Sho":0,"Bw_QUE_DN":" ","BW_QUE_Ver":0,"BW_QUE_V_1":0,"rwert":355912,"hwert":5830421}},{"type":"Feature","id":272,"geometry":{"type":"Point","coordinates":[765036.91842244961,6910214.053773107]},"properties":{"FID":272,"ID_con":238,"bw_id":"VEC_QUE_85590","name":"Rohrleitungsbrücke Unterhalb Mündung Entlastungskanal","GEW":"VEC","stat_von":85590,"bauart":"Rohrleitungsbrücke","baujahr":" ","upflicht":"Erdgas Münster","KTR":" ","FSK":"03312901100297______","bemerk":"Vertrag??","beschreib":"Rohrleitungsbrücke unterhalb Mündung Entlastungskanal","beschreib_":"Rohrleitungsbrücke unterhalb Mündung Entlastungskanal","foto1":"https://nlwkn.hannit-share.de/index.php/core/preview?fileId=11054448&x=1280&y=819&a=true","foto2":"https://nlwkn.hannit-share.de/index.php/core/preview?fileId=11054451&x=1280&y=819&a=true","foto3":"https://nlwkn.hannit-share.de/index.php/core/preview?fileId=11054454&x=1280&y=819&a=true","foto4":"https://nlwkn.hannit-share.de/index.php/core/preview?fileId=11054457&x=1280&y=819&a=true","link1":" ","link2":" ","Schild":"Querungsschilder","BW_QUE_Sho":0,"Bw_QUE_DN":" ","BW_QUE_Ver":0,"BW_QUE_V_1":0,"rwert":355927,"hwert":5830426}},{"type":"Feature","id":273,"geometry":{"type":"Point","coordinates":[765387.66397671984,6910362.8708282802]},"properties":{"FID":273,"ID_con":1017,"bw_id":"VEC_QUE_85820","name":"Oberleitung","GEW":"VEC","stat_von":85820,"bauart":"Oberleitung","baujahr":" ","upflicht":"??","KTR":" ","FSK":"03312901100300______","bemerk":" ","beschreib":"Oberleitung","beschreib_":" ","foto1":"https://nlwkn.hannit-share.de/index.php/core/preview?fileId=11056145&x=1280&y=819&a=true","foto2":" ","foto3":" ","foto4":" ","link1":" ","link2":" ","Schild":" ","BW_QUE_Sho":0,"Bw_QUE_DN":" ","BW_QUE_Ver":0,"BW_QUE_V_1":0,"rwert":356143,"hwert":5830510}},{"type":"Feature","id":274,"geometry":{"type":"Point","coordinates":[768602.73575778527,6907952.3301734813]},"properties":{"FID":274,"ID_con":1018,"bw_id":"VEC_QUE_88515","name":"Oberleitung (110 kV)","GEW":"VEC","stat_von":88515,"bauart":"Oberleitung","baujahr":" ","upflicht":"RWE","KTR":" ","FSK":"03312602100064______","bemerk":" ","beschreib":"Oberleitung (110 kV)","beschreib_":" ","foto1":"https://nlwkn.hannit-share.de/index.php/core/preview?fileId=11056148&x=1280&y=819&a=true","foto2":" ","foto3":" ","foto4":" ","link1":" ","link2":" ","Schild":" ","BW_QUE_Sho":0,"Bw_QUE_DN":" ","BW_QUE_Ver":0,"BW_QUE_V_1":0,"rwert":358056,"hwert":5828990}},{"type":"Feature","id":275,"geometry":{"type":"Point","coordinates":[768621.42060442141,6907931.4545936882]},"properties":{"FID":275,"ID_con":1019,"bw_id":"VEC_QUE_88530","name":"Oberleitung (10 KVI","GEW":"VEC","stat_von":88530,"bauart":"Oberleitung","baujahr":" ","upflicht":"RWE","KTR":" ","FSK":"03312602100064______","bemerk":" ","beschreib":"Oberleitung","beschreib_":" ","foto1":"https://nlwkn.hannit-share.de/index.php/core/preview?fileId=11056151&x=1280&y=819&a=true","foto2":" ","foto3":" ","foto4":" ","link1":" ","link2":" ","Schild":" ","BW_QUE_Sho":0,"Bw_QUE_DN":" ","BW_QUE_Ver":0,"BW_QUE_V_1":0,"rwert":358067,"hwert":5828977}},{"type":"Feature","id":276,"geometry":{"type":"Point","coordinates":[769764.06988119951,6907178.7526454488]},"properties":{"FID":276,"ID_con":1020,"bw_id":"VEC_QUE_89385","name":"Oberleitung (10 kV)","GEW":"VEC","stat_von":89385,"bauart":"Oberleitung","baujahr":" ","upflicht":"RWE","KTR":" ","FSK":"03312700800408______","bemerk":" ","beschreib":"Oberleitung","beschreib_":" ","foto1":"https://nlwkn.hannit-share.de/index.php/core/preview?fileId=11056154&x=1280&y=819&a=true","foto2":" ","foto3":" ","foto4":" ","link1":" ","link2":" ","Schild":" ","BW_QUE_Sho":0,"Bw_QUE_DN":" ","BW_QUE_Ver":0,"BW_QUE_V_1":0,"rwert":358749,"hwert":5828500}},{"type":"Feature","id":277,"geometry":{"type":"Point","coordinates":[771389.29514869989,6905347.7283392465]},"properties":{"FID":277,"ID_con":2186,"bw_id":"VEC_QUE_91270","name":"Dükerung","GEW":"VEC","stat_von":91270,"bauart":"Dükerung","baujahr":" ","upflicht":"??","KTR":" ","FSK":"033126023000490002__","bemerk":" ","beschreib":"Dükerung","beschreib_":" ","foto1":"https://nlwkn.hannit-share.de/index.php/core/preview?fileId=11056157&x=1280&y=819&a=true","foto2":"https://nlwkn.hannit-share.de/index.php/core/preview?fileId=11056160&x=1280&y=819&a=true","foto3":"https://nlwkn.hannit-share.de/index.php/core/preview?fileId=11056172&x=1280&y=819&a=true","foto4":" ","link1":" ","link2":" ","Schild":" ","BW_QUE_Sho":0,"Bw_QUE_DN":" ","BW_QUE_Ver":0,"BW_QUE_V_1":0,"rwert":359706,"hwert":5827360}},{"type":"Feature","id":278,"geometry":{"type":"Point","coordinates":[772157.58517178765,6905083.2050206549]},"properties":{"FID":278,"ID_con":1021,"bw_id":"VEC_QUE_91780","name":"Oberleitung(110 kV)","GEW":"VEC","stat_von":91780,"bauart":"Oberleitung","baujahr":" ","upflicht":"RWE","KTR":" ","FSK":"03312602300102______","bemerk":" ","beschreib":"Oberleitung(110 kV)","beschreib_":" ","foto1":" ","foto2":" ","foto3":" ","foto4":" ","link1":" ","link2":" ","Schild":" ","BW_QUE_Sho":0,"Bw_QUE_DN":" ","BW_QUE_Ver":0,"BW_QUE_V_1":0,"rwert":360169,"hwert":5827186}},{"type":"Feature","id":279,"geometry":{"type":"Point","coordinates":[773526.15173715446,6902711.3469525818]},"properties":{"FID":279,"ID_con":1022,"bw_id":"VEC_QUE_93770","name":"Oberleitung (10 KV)","GEW":"VEC","stat_von":93770,"bauart":"Oberleitung","baujahr":" ","upflicht":"RWE","KTR":" ","FSK":"03312602500067______","bemerk":" ","beschreib":"Oberleitung (10 KV)","beschreib_":" ","foto1":" ","foto2":" ","foto3":" ","foto4":" ","link1":" ","link2":" ","Schild":" ","BW_QUE_Sho":0,"Bw_QUE_DN":" ","BW_QUE_Ver":0,"BW_QUE_V_1":0,"rwert":360961,"hwert":5825722}},{"type":"Feature","id":280,"geometry":{"type":"Point","coordinates":[773755.74255706533,6900753.7179264808]},"properties":{"FID":280,"ID_con":1023,"bw_id":"VEC_QUE_95025","name":"Oberleitung (??kV)","GEW":"VEC","stat_von":95025,"bauart":"Oberleitung","baujahr":" ","upflicht":"??","KTR":" ","FSK":"03314600100287______","bemerk":" ","beschreib":"Oberleitung (??kV)","beschreib_":" ","foto1":"https://nlwkn.hannit-share.de/index.php/core/preview?fileId=11056166&x=1280&y=819&a=true","foto2":"https://nlwkn.hannit-share.de/index.php/core/preview?fileId=11056169&x=1280&y=819&a=true","foto3":"https://nlwkn.hannit-share.de/index.php/core/preview?fileId=11056184&x=1280&y=819&a=true","foto4":"https://nlwkn.hannit-share.de/index.php/core/preview?fileId=11056175&x=1280&y=819&a=true","link1":" ","link2":" ","Schild":" ","BW_QUE_Sho":0,"Bw_QUE_DN":" ","BW_QUE_Ver":0,"BW_QUE_V_1":0,"rwert":361067,"hwert":5824529}},{"type":"Feature","id":281,"geometry":{"type":"Point","coordinates":[774225.83616059728,6898589.441804653]},"properties":{"FID":281,"ID_con":2493,"bw_id":"VEC_QUE_96900","name":"Dükerung Kabel","GEW":"VEC","stat_von":96900,"bauart":"Dükerung Kabel","baujahr":" ","upflicht":"RWE AG","KTR":" ","FSK":"03314600100313______","bemerk":" ","beschreib":"Dükerung Kabel an Brücke Haftenkamper Straße","beschreib_":" ","foto1":"https://nlwkn.hannit-share.de/index.php/core/preview?fileId=11056178&x=1280&y=819&a=true","foto2":"https://nlwkn.hannit-share.de/index.php/core/preview?fileId=11056181&x=1280&y=819&a=true","foto3":"https://nlwkn.hannit-share.de/index.php/core/preview?fileId=11056193&x=1280&y=819&a=true","foto4":" ","link1":" ","link2":" ","Schild":"Dükerschild","BW_QUE_Sho":0,"Bw_QUE_DN":" ","BW_QUE_Ver":0,"BW_QUE_V_1":0,"rwert":361316,"hwert":5823206}},{"type":"Feature","id":282,"geometry":{"type":"Point","coordinates":[774226.3011070143,6898572.9973115325]},"properties":{"FID":282,"ID_con":2219,"bw_id":"VEC_QUE_96920","name":"Dükerung (Erdgas)","GEW":"VEC","stat_von":96920,"bauart":"Dükerung (Kabel)","baujahr":" ","upflicht":"??","KTR":" ","FSK":"03314600800171______","bemerk":" ","beschreib":"Dükerung (Erdgas)","beschreib_":"Dükerung (Erdgas)","foto1":"https://nlwkn.hannit-share.de/index.php/core/preview?fileId=11056187&x=1280&y=819&a=true","foto2":"https://nlwkn.hannit-share.de/index.php/core/preview?fileId=11056190&x=1280&y=819&a=true","foto3":"https://nlwkn.hannit-share.de/index.php/core/preview?fileId=11056205&x=1280&y=819&a=true","foto4":"https://nlwkn.hannit-share.de/index.php/core/preview?fileId=11056196&x=1280&y=819&a=true","link1":" ","link2":" ","Schild":" ","BW_QUE_Sho":0,"Bw_QUE_DN":" ","BW_QUE_Ver":0,"BW_QUE_V_1":0,"rwert":361316,"hwert":5823196}},{"type":"Feature","id":283,"geometry":{"type":"Point","coordinates":[774017.41761197441,6898354.7579141632]},"properties":{"FID":283,"ID_con":2492,"bw_id":"VEC_QUE_97120","name":"Dükerung Gasleitung","GEW":"VEC","stat_von":97120,"bauart":"Dükerung Gasleitung","baujahr":" ","upflicht":"Westnetz","KTR":" ","FSK":"03314600800173______","bemerk":" ","beschreib":"Dükerung Gasleitung","beschreib_":"Dükerung Gasleitung","foto1":"https://nlwkn.hannit-share.de/index.php/core/preview?fileId=11056199&x=1280&y=819&a=true","foto2":"https://nlwkn.hannit-share.de/index.php/core/preview?fileId=11056202&x=1280&y=819&a=true","foto3":"https://nlwkn.hannit-share.de/index.php/core/preview?fileId=11056220&x=1280&y=819&a=true","foto4":"https://nlwkn.hannit-share.de/index.php/core/preview?fileId=11056208&x=1280&y=819&a=true","link1":"https://nlwkn.hannit-share.de/index.php/core/preview?fileId=11056211&x=1280&y=819&a=true","link2":" ","Schild":"Schild","BW_QUE_Sho":0,"Bw_QUE_DN":" ","BW_QUE_Ver":0,"BW_QUE_V_1":0,"rwert":361185,"hwert":5823067}},{"type":"Feature","id":284,"geometry":{"type":"Point","coordinates":[774049.70433368161,6896749.6079889601]},"properties":{"FID":284,"ID_con":2491,"bw_id":"VEC_QUE_98375","name":"Dükerung??","GEW":"VEC","stat_von":98375,"bauart":"Dükerung","baujahr":" ","upflicht":"??","KTR":" ","FSK":"03314600800184______","bemerk":"Prüfen, ob hier Dükerung vorhanden!!","beschreib":"Dükerung??","beschreib_":" ","foto1":"https://nlwkn.hannit-share.de/index.php/core/preview?fileId=11056214&x=1280&y=819&a=true","foto2":"https://nlwkn.hannit-share.de/index.php/core/preview?fileId=11056217&x=1280&y=819&a=true","foto3":"https://nlwkn.hannit-share.de/index.php/core/preview?fileId=11056229&x=1280&y=819&a=true","foto4":" ","link1":" ","link2":" ","Schild":"Dükerschild??","BW_QUE_Sho":0,"Bw_QUE_DN":" ","BW_QUE_Ver":0,"BW_QUE_V_1":0,"rwert":361177,"hwert":5822091}},{"type":"Feature","id":285,"geometry":{"type":"Point","coordinates":[774038.27095202508,6896747.6374964518]},"properties":{"FID":285,"ID_con":2643,"bw_id":"VEC_QUE_98380","name":"Rohrleitungsbrücke Brünas Heide","GEW":"VEC","stat_von":98380,"bauart":"Rohrleitungsbrücke","baujahr":" ","upflicht":"Erdgas Münster","KTR":" ","FSK":"03314402100006______","bemerk":"Vertrag??","beschreib":"Rohrleitungsbrücke Brünas Heide in der Zuständigkeit von Erdgas Münster","beschreib_":" ","foto1":"https://nlwkn.hannit-share.de/index.php/core/preview?fileId=11054501&x=1280&y=819&a=true","foto2":"https://nlwkn.hannit-share.de/index.php/core/preview?fileId=11054504&x=1280&y=819&a=true","foto3":"https://nlwkn.hannit-share.de/index.php/core/preview?fileId=11054507&x=1280&y=819&a=true","foto4":"https://nlwkn.hannit-share.de/index.php/core/preview?fileId=11054510&x=1280&y=819&a=true","link1":"https://nlwkn.hannit-share.de/index.php/core/preview?fileId=11054513&x=1280&y=819&a=true","link2":" ","Schild":" ","BW_QUE_Sho":0,"Bw_QUE_DN":" ","BW_QUE_Ver":0,"BW_QUE_V_1":0,"rwert":361170,"hwert":5822090}},{"type":"Feature","id":286,"geometry":{"type":"Point","coordinates":[773718.52092906157,6896736.8937821072]},"properties":{"FID":286,"ID_con":2490,"bw_id":"VEC_QUE_98580","name":"Dükerung Gasleitung","GEW":"VEC","stat_von":98580,"bauart":"Dükerung","baujahr":" ","upflicht":"??","KTR":" ","FSK":"03314600800184______","bemerk":"Prüfen ob Querung vorhanden","beschreib":"Dükerung Gasleitung","beschreib_":" ","foto1":"https://nlwkn.hannit-share.de/index.php/core/preview?fileId=11056223&x=1280&y=819&a=true","foto2":"https://nlwkn.hannit-share.de/index.php/core/preview?fileId=11056226&x=1280&y=819&a=true","foto3":"https://nlwkn.hannit-share.de/index.php/core/preview?fileId=11056238&x=1280&y=819&a=true","foto4":" ","link1":" ","link2":" ","Schild":"Schild Gasleitung","BW_QUE_Sho":0,"Bw_QUE_DN":" ","BW_QUE_Ver":0,"BW_QUE_V_1":0,"rwert":360975,"hwert":5822089}},{"type":"Feature","id":287,"geometry":{"type":"Point","coordinates":[773657.12516680942,6896065.4967945013]},"properties":{"FID":287,"ID_con":2489,"bw_id":"VEC_QUE_99020","name":"Dükerung Gasleitung","GEW":"VEC","stat_von":99020,"bauart":"Dükerung","baujahr":" ","upflicht":"Gasunie","KTR":" ","FSK":"03314600900153______","bemerk":"Prüfen ob Dükerung oder Längsverlegung","beschreib":"Dükerung Gasleitung (Gasunie)","beschreib_":" ","foto1":"https://nlwkn.hannit-share.de/index.php/core/preview?fileId=11056232&x=1280&y=819&a=true","foto2":"https://nlwkn.hannit-share.de/index.php/core/preview?fileId=11056235&x=1280&y=819&a=true","foto3":"https://nlwkn.hannit-share.de/index.php/core/preview?fileId=11056253&x=1280&y=819&a=true","foto4":"https://nlwkn.hannit-share.de/index.php/core/preview?fileId=11056241&x=1280&y=819&a=true","link1":"https://nlwkn.hannit-share.de/index.php/core/preview?fileId=11056244&x=1280&y=819&a=true","link2":" ","Schild":"Schild Gasleitung","BW_QUE_Sho":0,"Bw_QUE_DN":" ","BW_QUE_Ver":0,"BW_QUE_V_1":0,"rwert":360926,"hwert":5821682}},{"type":"Feature","id":288,"geometry":{"type":"Point","coordinates":[773891.51548602351,6895264.3862431664]},"properties":{"FID":288,"ID_con":2486,"bw_id":"VEC_QUE_99690","name":"Kabeldüker","GEW":"VEC","stat_von":99690,"bauart":"Dükerung","baujahr":" ","upflicht":"RWE Energie","KTR":" ","FSK":"03314402100057______","bemerk":"Tel. : 0541 316 1","beschreib":"Kabeldüker uh. Brücke Binnenborger Straße","beschreib_":" ","foto1":"https://nlwkn.hannit-share.de/index.php/core/preview?fileId=11056247&x=1280&y=819&a=true","foto2":"https://nlwkn.hannit-share.de/index.php/core/preview?fileId=11056250&x=1280&y=819&a=true","foto3":"https://nlwkn.hannit-share.de/index.php/core/preview?fileId=11056262&x=1280&y=819&a=true","foto4":" ","link1":" ","link2":" ","Schild":"Dükerschilder","BW_QUE_Sho":0,"Bw_QUE_DN":" ","BW_QUE_Ver":0,"BW_QUE_V_1":0,"rwert":361055,"hwert":5821191}},{"type":"Feature","id":289,"geometry":{"type":"Point","coordinates":[773884.01508732059,6895239.4964450384]},"properties":{"FID":289,"ID_con":2485,"bw_id":"VEC_QUE_99705","name":"Dükerung TWL","GEW":"VEC","stat_von":99705,"bauart":"Dükerung TWL","baujahr":" ","upflicht":"??","KTR":" ","FSK":"03314402100058______","bemerk":" ","beschreib":"Dükerung Trinkwasserleitung","beschreib_":" ","foto1":"https://nlwkn.hannit-share.de/index.php/core/preview?fileId=11056256&x=1280&y=819&a=true","foto2":"https://nlwkn.hannit-share.de/index.php/core/preview?fileId=11056259&x=1280&y=819&a=true","foto3":"https://nlwkn.hannit-share.de/index.php/core/preview?fileId=11055797&x=1280&y=819&a=true","foto4":" ","link1":" ","link2":" ","Schild":"Düker","BW_QUE_Sho":0,"Bw_QUE_DN":" ","BW_QUE_Ver":0,"BW_QUE_V_1":0,"rwert":361050,"hwert":5821176}},{"type":"Feature","id":290,"geometry":{"type":"Point","coordinates":[773926.46505379654,6894319.5052006431]},"properties":{"FID":290,"ID_con":979,"bw_id":"VEC_QUE_100285","name":"Oberleitung Strom","GEW":"VEC","stat_von":100285,"bauart":"Oberleitung","baujahr":"1983","upflicht":"??","KTR":" ","FSK":"033146009000320013__","bemerk":" ","beschreib":"Oberleitung","beschreib_":" ","foto1":"https://nlwkn.hannit-share.de/index.php/core/preview?fileId=11055791&x=1280&y=819&a=true","foto2":"https://nlwkn.hannit-share.de/index.php/core/preview?fileId=11055794&x=1280&y=819&a=true","foto3":"https://nlwkn.hannit-share.de/index.php/core/preview?fileId=11055815&x=1280&y=819&a=true","foto4":"https://nlwkn.hannit-share.de/index.php/core/preview?fileId=11055800&x=1280&y=819&a=true","link1":"https://nlwkn.hannit-share.de/index.php/core/preview?fileId=11055803&x=1280&y=819&a=true","link2":"https://nlwkn.hannit-share.de/index.php/core/preview?fileId=11055806&x=1280&y=819&a=true","Schild":" ","BW_QUE_Sho":0,"Bw_QUE_DN":" ","BW_QUE_Ver":0,"BW_QUE_V_1":0,"rwert":361060,"hwert":5820616}},{"type":"Feature","id":291,"geometry":{"type":"Point","coordinates":[773962.8942379267,6894249.8107084529]},"properties":{"FID":291,"ID_con":980,"bw_id":"VEC_QUE_100335","name":"Oberleitung Strom","GEW":"VEC","stat_von":100335,"bauart":"Oberleitung","baujahr":"1983","upflicht":"??","KTR":" ","FSK":"033146009000330002__","bemerk":" ","beschreib":"Oberleitung","beschreib_":" ","foto1":"https://nlwkn.hannit-share.de/index.php/core/preview?fileId=11055809&x=1280&y=819&a=true","foto2":"https://nlwkn.hannit-share.de/index.php/core/preview?fileId=11055812&x=1280&y=819&a=true","foto3":"https://nlwkn.hannit-share.de/index.php/core/preview?fileId=11055833&x=1280&y=819&a=true","foto4":"https://nlwkn.hannit-share.de/index.php/core/preview?fileId=11055818&x=1280&y=819&a=true","link1":"https://nlwkn.hannit-share.de/index.php/core/preview?fileId=11055821&x=1280&y=819&a=true","link2":"https://nlwkn.hannit-share.de/index.php/core/preview?fileId=11055824&x=1280&y=819&a=true","Schild":" ","BW_QUE_Sho":0,"Bw_QUE_DN":" ","BW_QUE_Ver":0,"BW_QUE_V_1":0,"rwert":361081,"hwert":5820573}},{"type":"Feature","id":292,"geometry":{"type":"Point","coordinates":[774599.27879558492,6893386.2692375788]},"properties":{"FID":292,"ID_con":981,"bw_id":"VEC_QUE_101010","name":"Oberleitung","GEW":"VEC","stat_von":101010,"bauart":"Oberleitung","baujahr":" ","upflicht":"??","KTR":" ","FSK":"033146010000380011__","bemerk":" ","beschreib":"Oberleitung","beschreib_":" ","foto1":"https://nlwkn.hannit-share.de/index.php/core/preview?fileId=11055827&x=1280&y=819&a=true","foto2":"https://nlwkn.hannit-share.de/index.php/core/preview?fileId=11055830&x=1280&y=819&a=true","foto3":"https://nlwkn.hannit-share.de/index.php/core/preview?fileId=11055860&x=1280&y=819&a=true","foto4":"https://nlwkn.hannit-share.de/index.php/core/preview?fileId=11055836&x=1280&y=819&a=true","link1":"https://nlwkn.hannit-share.de/index.php/core/preview?fileId=11055839&x=1280&y=819&a=true","link2":"https://nlwkn.hannit-share.de/index.php/core/preview?fileId=11055842&x=1280&y=819&a=true","Schild":" ","BW_QUE_Sho":0,"Bw_QUE_DN":" ","BW_QUE_Ver":0,"BW_QUE_V_1":0,"rwert":361454,"hwert":5820037}},{"type":"Feature","id":293,"geometry":{"type":"Point","coordinates":[776234.26327793009,6892708.8227379564]},"properties":{"FID":293,"ID_con":982,"bw_id":"VEC_QUE_102490","name":"Oberleitung","GEW":"VEC","stat_von":102490,"bauart":"Oberleitung","baujahr":" ","upflicht":"??","KTR":" ","FSK":"033147019004620128__","bemerk":" ","beschreib":"Oberleitung","beschreib_":" ","foto1":"https://nlwkn.hannit-share.de/index.php/core/preview?fileId=11055845&x=1280&y=819&a=true","foto2":" ","foto3":" ","foto4":" ","link1":" ","link2":" ","Schild":" ","BW_QUE_Sho":0,"Bw_QUE_DN":" ","BW_QUE_Ver":0,"BW_QUE_V_1":0,"rwert":362439,"hwert":5819597}},{"type":"Feature","id":294,"geometry":{"type":"Point","coordinates":[776827.11698303465,6892861.9915458048]},"properties":{"FID":294,"ID_con":2482,"bw_id":"VEC_QUE_102880","name":"Dükerung TWL","GEW":"VEC","stat_von":102880,"bauart":"Dükerung","baujahr":" ","upflicht":"Stadt Neuenhaus??","KTR":" ","FSK":"033147019004730128__","bemerk":" ","beschreib":"Dükerung TWL uh Brücke Veldhauser Straße mit Absperrvorrichtungen im Unterhaltungsweg","beschreib_":" ","foto1":"https://nlwkn.hannit-share.de/index.php/core/preview?fileId=11055848&x=1280&y=819&a=true","foto2":"https://nlwkn.hannit-share.de/index.php/core/preview?fileId=11055851&x=1280&y=819&a=true","foto3":" ","foto4":" ","link1":" ","link2":" ","Schild":"Dükerschild","BW_QUE_Sho":0,"Bw_QUE_DN":" ","BW_QUE_Ver":0,"BW_QUE_V_1":0,"rwert":362803,"hwert":5819680}},{"type":"Feature","id":295,"geometry":{"type":"Point","coordinates":[776886.90920331003,6892835.7120091897]},"properties":{"FID":295,"ID_con":983,"bw_id":"VEC_QUE_102920","name":"Kabeldüker 10 kv","GEW":"VEC","stat_von":102920,"bauart":"Dükerung","baujahr":" ","upflicht":"RWE (0180 2112200)","KTR":" ","FSK":"033147019004730128__","bemerk":" ","beschreib":"Kabeldüker 10 kv","beschreib_":" ","foto1":"https://nlwkn.hannit-share.de/index.php/core/preview?fileId=11055854&x=1280&y=819&a=true","foto2":"https://nlwkn.hannit-share.de/index.php/core/preview?fileId=11055857&x=1280&y=819&a=true","foto3":"https://nlwkn.hannit-share.de/index.php/core/preview?fileId=11055869&x=1280&y=819&a=true","foto4":" ","link1":" ","link2":" ","Schild":" ","BW_QUE_Sho":0,"Bw_QUE_DN":" ","BW_QUE_Ver":0,"BW_QUE_V_1":0,"rwert":362839,"hwert":5819663}},{"type":"Feature","id":296,"geometry":{"type":"Point","coordinates":[778103.83491291769,6891134.9128666483]},"properties":{"FID":296,"ID_con":984,"bw_id":"VEC_QUE_104245","name":"Oberleitung","GEW":"VEC","stat_von":104245,"bauart":"Oberleitung","baujahr":" ","upflicht":"??","KTR":" ","FSK":"033147010000090007__","bemerk":" ","beschreib":"Oberleitung","beschreib_":" ","foto1":" ","foto2":" ","foto3":" ","foto4":" ","link1":" ","link2":" ","Schild":" ","BW_QUE_Sho":0,"Bw_QUE_DN":" ","BW_QUE_Ver":0,"BW_QUE_V_1":0,"rwert":363552,"hwert":5818608}},{"type":"Feature","id":297,"geometry":{"type":"Point","coordinates":[780017.21780750749,6888657.986502477]},"properties":{"FID":297,"ID_con":189,"bw_id":"VEC_QUE_106235","name":"Rohrleitungsbrücke Gradorf","GEW":"VEC","stat_von":106235,"bauart":"Rohrleitungsbrücke","baujahr":" ","upflicht":"??","KTR":" ","FSK":"033147011000010017__","bemerk":" ","beschreib":"Rohrleitungsbrücke Gradorf","beschreib_":" ","foto1":"https://nlwkn.hannit-share.de/index.php/core/preview?fileId=11053874&x=1280&y=819&a=true","foto2":"https://nlwkn.hannit-share.de/index.php/core/preview?fileId=11053877&x=1280&y=819&a=true","foto3":"https://nlwkn.hannit-share.de/index.php/core/preview?fileId=11053880&x=1280&y=819&a=true","foto4":"https://nlwkn.hannit-share.de/index.php/core/preview?fileId=11053883&x=1280&y=819&a=true","link1":" ","link2":" ","Schild":" ","BW_QUE_Sho":0,"Bw_QUE_DN":" ","BW_QUE_Ver":0,"BW_QUE_V_1":0,"rwert":364677,"hwert":5817069}},{"type":"Feature","id":298,"geometry":{"type":"Point","coordinates":[780058.25744391046,6888596.6601559287]},"properties":{"FID":298,"ID_con":985,"bw_id":"VEC_QUE_106285","name":"Oberleitung","GEW":"VEC","stat_von":106285,"bauart":"Oberleitung","baujahr":" ","upflicht":"??","KTR":" ","FSK":"033147011000010017__","bemerk":" ","beschreib":"Oberleitung","beschreib_":" ","foto1":"https://nlwkn.hannit-share.de/index.php/core/preview?fileId=11055863&x=1280&y=819&a=true","foto2":"https://nlwkn.hannit-share.de/index.php/core/preview?fileId=11055866&x=1280&y=819&a=true","foto3":"https://nlwkn.hannit-share.de/index.php/core/preview?fileId=11055878&x=1280&y=819&a=true","foto4":" ","link1":" ","link2":" ","Schild":" ","BW_QUE_Sho":0,"Bw_QUE_DN":" ","BW_QUE_Ver":0,"BW_QUE_V_1":0,"rwert":364701,"hwert":5817031}},{"type":"Feature","id":299,"geometry":{"type":"Point","coordinates":[780113.62388727989,6888491.3501808466]},"properties":{"FID":299,"ID_con":986,"bw_id":"VEC_QUE_106355","name":"Oberleitung uh Wehr Grasdorf","GEW":"VEC","stat_von":106355,"bauart":"Oberleitung","baujahr":" ","upflicht":"??","KTR":" ","FSK":"033147011000230006__","bemerk":" ","beschreib":"Oberleitung","beschreib_":" ","foto1":"https://nlwkn.hannit-share.de/index.php/core/preview?fileId=11055872&x=1280&y=819&a=true","foto2":"https://nlwkn.hannit-share.de/index.php/core/preview?fileId=11055875&x=1280&y=819&a=true","foto3":"https://nlwkn.hannit-share.de/index.php/core/preview?fileId=11055890&x=1280&y=819&a=true","foto4":"https://nlwkn.hannit-share.de/index.php/core/preview?fileId=11055881&x=1280&y=819&a=true","link1":" ","link2":" ","Schild":" ","BW_QUE_Sho":0,"Bw_QUE_DN":" ","BW_QUE_Ver":0,"BW_QUE_V_1":0,"rwert":364733,"hwert":5816966}},{"type":"Feature","id":300,"geometry":{"type":"Point","coordinates":[780122.31289994053,6888473.5097655198]},"properties":{"FID":300,"ID_con":987,"bw_id":"VEC_QUE_106365","name":"Oberleitung","GEW":"VEC","stat_von":106365,"bauart":"Oberleitung","baujahr":" ","upflicht":"??","KTR":" ","FSK":"033147011000230006__","bemerk":" ","beschreib":"Oberleitung Wehr Grasdorf","beschreib_":" ","foto1":"https://nlwkn.hannit-share.de/index.php/core/preview?fileId=11055884&x=1280&y=819&a=true","foto2":"https://nlwkn.hannit-share.de/index.php/core/preview?fileId=11055887&x=1280&y=819&a=true","foto3":"https://nlwkn.hannit-share.de/index.php/core/preview?fileId=11055899&x=1280&y=819&a=true","foto4":" ","link1":" ","link2":" ","Schild":" ","BW_QUE_Sho":0,"Bw_QUE_DN":" ","BW_QUE_Ver":0,"BW_QUE_V_1":0,"rwert":364738,"hwert":5816955}},{"type":"Feature","id":301,"geometry":{"type":"Point","coordinates":[781766.6852504944,6885057.9134722315]},"properties":{"FID":301,"ID_con":988,"bw_id":"VEC_QUE_108950","name":"Dükerung mit Mittelspannungskabel","GEW":"VEC","stat_von":108950,"bauart":"Dükerung","baujahr":"2021","upflicht":"Westnetz (Teil von Innogy)","KTR":" ","FSK":"033151024000650009__","bemerk":"Schild kontrollieren","beschreib":"Dükerung mit Mittelspannungskabel","beschreib_":" ","foto1":" ","foto2":" ","foto3":" ","foto4":" ","link1":" ","link2":" ","Schild":"Dükerschild mit Betreiber (kontrollieren)","BW_QUE_Sho":8.5,"Bw_QUE_DN":"160 mm","BW_QUE_Ver":1,"BW_QUE_V_1":1,"rwert":365684,"hwert":5814849}},{"type":"Feature","id":302,"geometry":{"type":"Point","coordinates":[781797.01520963968,6885027.5288163442]},"properties":{"FID":302,"ID_con":2508,"bw_id":"VEC_QUE_108965","name":"Dükerung Glasfaserkabel","GEW":"VEC","stat_von":108965,"bauart":"Dükerung","baujahr":"2022","upflicht":"Breitband Gesellschaft Grafschaft Bentheim GmbH & Co. KG","KTR":" ","FSK":"033151024000650007__","bemerk":"Vertrag abschließen ; Sohllage aus Bestandsplan ; Beschilderung prüfen ; Akte nachtragen","beschreib":"Dükerung Glasfaserkabel Breitbandausbau Grafschaft Bentheim im HDD - Verfahren","beschreib_":" ","foto1":"https://nlwkn.hannit-share.de/index.php/core/preview?fileId=11055893&x=1280&y=819&a=true","foto2":"https://nlwkn.hannit-share.de/index.php/core/preview?fileId=11055896&x=1280&y=819&a=true","foto3":"https://nlwkn.hannit-share.de/index.php/core/preview?fileId=11055911&x=1280&y=819&a=true","foto4":"https://nlwkn.hannit-share.de/index.php/core/preview?fileId=11055902&x=1280&y=819&a=true","link1":" ","link2":" ","Schild":" ","BW_QUE_Sho":0,"Bw_QUE_DN":"130","BW_QUE_Ver":0,"BW_QUE_V_1":0,"rwert":365702,"hwert":5814830}},{"type":"Feature","id":303,"geometry":{"type":"Point","coordinates":[781800.42503829196,6885022.6933943052]},"properties":{"FID":303,"ID_con":2569,"bw_id":"VEC_QUE_108980","name":"Dükerung von 2 Mittelspannungskabeln in zwei Schutzrohren","GEW":"VEC","stat_von":108980,"bauart":"Dükerung (HDD)","baujahr":"2024","upflicht":"nvb Nordhorner Vorsorgungsbetriebe GmbH","KTR":" ","FSK":"033151024000650007__","bemerk":"Genehmigungsverfahren läuft, Akz eintragen, Vertrag ist noch abzuschließen","beschreib":"Dükerung (HDD) mit zwei Mittelspannungskabeln, die jeweils in einem Schutzrohr (DN 225) verlegt sind. Die Dükerung verläuft ca. 3.00 m unterhalb der Gewässersohle","beschreib_":" ","foto1":"https://nlwkn.hannit-share.de/index.php/core/preview?fileId=11055905&x=1280&y=819&a=true","foto2":"https://nlwkn.hannit-share.de/index.php/core/preview?fileId=11055908&x=1280&y=819&a=true","foto3":"https://nlwkn.hannit-share.de/index.php/core/preview?fileId=11055920&x=1280&y=819&a=true","foto4":" ","link1":" ","link2":" ","Schild":" ","BW_QUE_Sho":11,"Bw_QUE_DN":"2 x 225 mm","BW_QUE_Ver":1,"BW_QUE_V_1":0,"rwert":365704,"hwert":5814827}},{"type":"Feature","id":304,"geometry":{"type":"Point","coordinates":[781805.51735999936,6885016.2611468295]},"properties":{"FID":304,"ID_con":989,"bw_id":"VEC_QUE_109150","name":"Oberleitung","GEW":"VEC","stat_von":109150,"bauart":"Oberleitung","baujahr":" ","upflicht":"??","KTR":" ","FSK":"033151024000650008__","bemerk":" ","beschreib":"Oberleitung","beschreib_":" ","foto1":"https://nlwkn.hannit-share.de/index.php/core/preview?fileId=11055914&x=1280&y=819&a=true","foto2":"https://nlwkn.hannit-share.de/index.php/core/preview?fileId=11055917&x=1280&y=819&a=true","foto3":"https://nlwkn.hannit-share.de/index.php/core/preview?fileId=11055932&x=1280&y=819&a=true","foto4":"https://nlwkn.hannit-share.de/index.php/core/preview?fileId=11055923&x=1280&y=819&a=true","link1":" ","link2":" ","Schild":" ","BW_QUE_Sho":0,"Bw_QUE_DN":" ","BW_QUE_Ver":0,"BW_QUE_V_1":0,"rwert":365707,"hwert":5814823}},{"type":"Feature","id":305,"geometry":{"type":"Point","coordinates":[784013.13815518783,6882832.5048021702]},"properties":{"FID":305,"ID_con":2242,"bw_id":"VEC_QUE_111680","name":"Dükerung Glasfaserkabel (HDD)","GEW":"VEC","stat_von":111680,"bauart":"Dükerung","baujahr":"2022","upflicht":"??","KTR":" ","FSK":"033151028000720020__","bemerk":" ","beschreib":"Dükerung Glasfaserkabel (HDD)","beschreib_":" ","foto1":"https://nlwkn.hannit-share.de/index.php/core/preview?fileId=11055926&x=1280&y=819&a=true","foto2":"https://nlwkn.hannit-share.de/index.php/core/preview?fileId=11055929&x=1280&y=819&a=true","foto3":"https://nlwkn.hannit-share.de/index.php/core/preview?fileId=11055941&x=1280&y=819&a=true","foto4":" ","link1":" ","link2":" ","Schild":" ","BW_QUE_Sho":0,"Bw_QUE_DN":"130","BW_QUE_Ver":0,"BW_QUE_V_1":0,"rwert":367018,"hwert":5813457}},{"type":"Feature","id":306,"geometry":{"type":"Point","coordinates":[789553.43541757844,6877455.7226025267]},"properties":{"FID":306,"ID_con":990,"bw_id":"VEC_QUE_117410","name":"Oberleitung","GEW":"VEC","stat_von":117410,"bauart":"Oberleitung","baujahr":" ","upflicht":"??","KTR":" ","FSK":"033151008001050024__","bemerk":" ","beschreib":"Oberleitung","beschreib_":" ","foto1":"https://nlwkn.hannit-share.de/index.php/core/preview?fileId=11055935&x=1280&y=819&a=true","foto2":"https://nlwkn.hannit-share.de/index.php/core/preview?fileId=11055938&x=1280&y=819&a=true","foto3":"https://nlwkn.hannit-share.de/index.php/core/preview?fileId=11055953&x=1280&y=819&a=true","foto4":"https://nlwkn.hannit-share.de/index.php/core/preview?fileId=11055944&x=1280&y=819&a=true","link1":" ","link2":" ","Schild":" ","BW_QUE_Sho":0,"Bw_QUE_DN":" ","BW_QUE_Ver":0,"BW_QUE_V_1":0,"rwert":370313,"hwert":5810092}},{"type":"Feature","id":307,"geometry":{"type":"Point","coordinates":[789672.58395069558,6877345.6153416857]},"properties":{"FID":307,"ID_con":2155,"bw_id":"VEC_QUE_117510","name":"Oberleitung","GEW":"VEC","stat_von":117510,"bauart":"Oberleitung","baujahr":" ","upflicht":"??","KTR":" ","FSK":"033151008001050024__","bemerk":" ","beschreib":"Oberleitung","beschreib_":" ","foto1":"https://nlwkn.hannit-share.de/index.php/core/preview?fileId=11055947&x=1280&y=819&a=true","foto2":"https://nlwkn.hannit-share.de/index.php/core/preview?fileId=11055950&x=1280&y=819&a=true","foto3":"https://nlwkn.hannit-share.de/index.php/core/preview?fileId=11055965&x=1280&y=819&a=true","foto4":"https://nlwkn.hannit-share.de/index.php/core/preview?fileId=11055956&x=1280&y=819&a=true","link1":" ","link2":" ","Schild":" ","BW_QUE_Sho":0,"Bw_QUE_DN":" ","BW_QUE_Ver":0,"BW_QUE_V_1":0,"rwert":370384,"hwert":5810023}},{"type":"Feature","id":308,"geometry":{"type":"Point","coordinates":[789887.07736593729,6876660.2746515572]},"properties":{"FID":308,"ID_con":2156,"bw_id":"VEC_QUE_117965","name":"Dükerung Trinkwasserleitung","GEW":"VEC","stat_von":117965,"bauart":"Dükerung","baujahr":" ","upflicht":"??","KTR":" ","FSK":"033151008001050024__","bemerk":" ","beschreib":"Dükerung Trinkwasserleitung","beschreib_":" ","foto1":"https://nlwkn.hannit-share.de/index.php/core/preview?fileId=11055959&x=1280&y=819&a=true","foto2":"https://nlwkn.hannit-share.de/index.php/core/preview?fileId=11055962&x=1280&y=819&a=true","foto3":"https://nlwkn.hannit-share.de/index.php/core/preview?fileId=11055974&x=1280&y=819&a=true","foto4":" ","link1":" ","link2":" ","Schild":" ","BW_QUE_Sho":0,"Bw_QUE_DN":" ","BW_QUE_Ver":0,"BW_QUE_V_1":0,"rwert":370504,"hwert":5809602}},{"type":"Feature","id":309,"geometry":{"type":"Point","coordinates":[789885.82931708242,6876645.4701408381]},"properties":{"FID":309,"ID_con":2522,"bw_id":"VEC_QUE_117975","name":"Dükerung Glasfaserkabel (HDD)","GEW":"VEC","stat_von":117975,"bauart":"Dükerung (HDD)","baujahr":"2023","upflicht":"Breitband Grafschaft Bentheim GmbH & Co. KG","KTR":" ","FSK":"033151008001140006__","bemerk":"Akte ; Beschilderung ; Sohllage","beschreib":"Dükerung (HDD) für Breitband Grafschaft Bentheim","beschreib_":" ","foto1":" ","foto2":" ","foto3":" ","foto4":" ","link1":" ","link2":" ","Schild":" ","BW_QUE_Sho":0,"Bw_QUE_DN":"130","BW_QUE_Ver":0,"BW_QUE_V_1":0,"rwert":370503,"hwert":5809593}},{"type":"Feature","id":310,"geometry":{"type":"Point","coordinates":[791262.37206161558,6874651.700012425]},"properties":{"FID":310,"ID_con":992,"bw_id":"VEC_QUE_119570","name":"Oberleitung","GEW":"VEC","stat_von":119570,"bauart":"Oberleitung","baujahr":" ","upflicht":"??","KTR":" ","FSK":"033152004000200009__","bemerk":" ","beschreib":"Oberleitung","beschreib_":" ","foto1":"https://nlwkn.hannit-share.de/index.php/core/preview?fileId=11055968&x=1280&y=819&a=true","foto2":"https://nlwkn.hannit-share.de/index.php/core/preview?fileId=11055971&x=1280&y=819&a=true","foto3":"https://nlwkn.hannit-share.de/index.php/core/preview?fileId=11055986&x=1280&y=819&a=true","foto4":"https://nlwkn.hannit-share.de/index.php/core/preview?fileId=11055977&x=1280&y=819&a=true","link1":" ","link2":" ","Schild":" ","BW_QUE_Sho":0,"Bw_QUE_DN":" ","BW_QUE_Ver":0,"BW_QUE_V_1":0,"rwert":371312,"hwert":5808356}},{"type":"Feature","id":311,"geometry":{"type":"Point","coordinates":[791287.59173372434,6874626.1078195078]},"properties":{"FID":311,"ID_con":993,"bw_id":"VEC_QUE_119590","name":"Oberleitung","GEW":"VEC","stat_von":119590,"bauart":"Oberleitung","baujahr":" ","upflicht":"??","KTR":" ","FSK":"033152004000200009__","bemerk":" ","beschreib":"Oberleitung","beschreib_":" ","foto1":"https://nlwkn.hannit-share.de/index.php/core/preview?fileId=11055980&x=1280&y=819&a=true","foto2":"https://nlwkn.hannit-share.de/index.php/core/preview?fileId=11055983&x=1280&y=819&a=true","foto3":"https://nlwkn.hannit-share.de/index.php/core/preview?fileId=11055998&x=1280&y=819&a=true","foto4":"https://nlwkn.hannit-share.de/index.php/core/preview?fileId=11055989&x=1280&y=819&a=true","link1":" ","link2":" ","Schild":" ","BW_QUE_Sho":0,"Bw_QUE_DN":" ","BW_QUE_Ver":0,"BW_QUE_V_1":0,"rwert":371327,"hwert":5808340}},{"type":"Feature","id":312,"geometry":{"type":"Point","coordinates":[791515.77993070148,6873972.4890212985]},"properties":{"FID":312,"ID_con":2162,"bw_id":"VEC_QUE_120025","name":"Oberleitung","GEW":"VEC","stat_von":120025,"bauart":"Oberleitung","baujahr":" ","upflicht":"??","KTR":" ","FSK":"033152004000200009__","bemerk":" ","beschreib":"Oberleitung","beschreib_":" ","foto1":"https://nlwkn.hannit-share.de/index.php/core/preview?fileId=11055992&x=1280&y=819&a=true","foto2":"https://nlwkn.hannit-share.de/index.php/core/preview?fileId=11055995&x=1280&y=819&a=true","foto3":"https://nlwkn.hannit-share.de/index.php/core/preview?fileId=11056010&x=1280&y=819&a=true","foto4":"https://nlwkn.hannit-share.de/index.php/core/preview?fileId=11056001&x=1280&y=819&a=true","link1":" ","link2":" ","Schild":" ","BW_QUE_Sho":0,"Bw_QUE_DN":" ","BW_QUE_Ver":0,"BW_QUE_V_1":0,"rwert":371456,"hwert":5807938}},{"type":"Feature","id":313,"geometry":{"type":"Point","coordinates":[791539.29532097152,6873572.7755620237]},"properties":{"FID":313,"ID_con":2670,"bw_id":"VEC_QUE_120270","name":"Dükerung Höchstspannungsleitung A-Nord","GEW":"VEC","stat_von":120270,"bauart":"Dükerung (HDD)","baujahr":"2026","upflicht":"Amprion","KTR":" ","FSK":"033152004000200009__","bemerk":"Infos nachtragen","beschreib":"Querung Höchstspannungsleitung Amprion A-Nord (SL116_0+634)","beschreib_":"Querung Höchstspannungsleitung Amprion A-Nord (SL116_0+634)","foto1":"https://nlwkn.hannit-share.de/index.php/core/preview?fileId=12712782&x=1280&y=819&a=true","foto2":"https://nlwkn.hannit-share.de/index.php/core/preview?fileId=12712781&x=1280&y=819&a=true","foto3":"https://nlwkn.hannit-share.de/index.php/core/preview?fileId=12712779&x=1280&y=819&a=true","foto4":"https://nlwkn.hannit-share.de/index.php/core/preview?fileId=12712780&x=1280&y=819&a=true","link1":" ","link2":" ","Schild":" ","BW_QUE_Sho":0,"Bw_QUE_DN":" ","BW_QUE_Ver":1,"BW_QUE_V_1":0,"rwert":371464,"hwert":5807694}},{"type":"Feature","id":314,"geometry":{"type":"Point","coordinates":[791566.42289969395,6873411.0631493237]},"properties":{"FID":314,"ID_con":2163,"bw_id":"VEC_QUE_120370","name":"Dükerung Ferngasleitung","GEW":"VEC","stat_von":120370,"bauart":"Dükerung","baujahr":" ","upflicht":"Open Grid","KTR":" ","FSK":"033152004000200009__","bemerk":" ","beschreib":"Dükerung Ferngasleitung","beschreib_":" ","foto1":"https://nlwkn.hannit-share.de/index.php/core/preview?fileId=11056004&x=1280&y=819&a=true","foto2":"https://nlwkn.hannit-share.de/index.php/core/preview?fileId=11056007&x=1280&y=819&a=true","foto3":"https://nlwkn.hannit-share.de/index.php/core/preview?fileId=11056028&x=1280&y=819&a=true","foto4":"https://nlwkn.hannit-share.de/index.php/core/preview?fileId=11056013&x=1280&y=819&a=true","link1":" ","link2":" ","Schild":" ","BW_QUE_Sho":0,"Bw_QUE_DN":" ","BW_QUE_Ver":0,"BW_QUE_V_1":0,"rwert":371478,"hwert":5807595}},{"type":"Feature","id":315,"geometry":{"type":"Point","coordinates":[792093.85689293011,6873141.042032361]},"properties":{"FID":315,"ID_con":2517,"bw_id":"VEC_QUE_120765","name":"Dükerung Glasfaserkabel (HDD)","GEW":"VEC","stat_von":120765,"bauart":"Dükerung (HDD)","baujahr":"2023","upflicht":"Breitband Grafschaft Bentheim GmbH & Co. KG","KTR":" ","FSK":"033152004000620016__","bemerk":"Lage Sohle Bestandsplan ; Beschilderung !!","beschreib":"Dükerung Glasfaserkabel (HDD), Breitbandausbau Landkreis Grafschaft Bentheim","beschreib_":" ","foto1":" ","foto2":" ","foto3":" ","foto4":" ","link1":" ","link2":" ","Schild":" ","BW_QUE_Sho":0,"Bw_QUE_DN":"130","BW_QUE_Ver":0,"BW_QUE_V_1":0,"rwert":371796,"hwert":5807422}},{"type":"Feature","id":316,"geometry":{"type":"Point","coordinates":[792100.39829162019,6873141.2129859421]},"properties":{"FID":316,"ID_con":2170,"bw_id":"VEC_QUE_120770","name":"Dükerung TWL, Gas","GEW":"VEC","stat_von":120770,"bauart":"Dükerung","baujahr":" ","upflicht":"??","KTR":" ","FSK":"033152004000670014__","bemerk":" ","beschreib":"Dükerung TWL, Gas","beschreib_":" ","foto1":"https://nlwkn.hannit-share.de/index.php/core/preview?fileId=11056016&x=1280&y=819&a=true","foto2":"https://nlwkn.hannit-share.de/index.php/core/preview?fileId=11056019&x=1280&y=819&a=true","foto3":" ","foto4":" ","link1":" ","link2":" ","Schild":" ","BW_QUE_Sho":0,"Bw_QUE_DN":" ","BW_QUE_Ver":0,"BW_QUE_V_1":0,"rwert":371800,"hwert":5807422}},{"type":"Feature","id":317,"geometry":{"type":"Point","coordinates":[793185.30316379073,6872764.2815937959]},"properties":{"FID":317,"ID_con":994,"bw_id":"VEC_QUE_121615","name":"Dükerung Gasleitung","GEW":"VEC","stat_von":121615,"bauart":"Dükerung","baujahr":" ","upflicht":"Westnetz GmbH","KTR":" ","FSK":"033152003000240012__","bemerk":"Hier verläuft oberhalb des Vechtewehres eine Gasleitung","beschreib":"Dükerung Gasleitung","beschreib_":" ","foto1":"https://nlwkn.hannit-share.de/index.php/core/preview?fileId=11056022&x=1280&y=819&a=true","foto2":"https://nlwkn.hannit-share.de/index.php/core/preview?fileId=11056025&x=1280&y=819&a=true","foto3":"https://nlwkn.hannit-share.de/index.php/core/preview?fileId=11056073&x=1280&y=819&a=true","foto4":"https://nlwkn.hannit-share.de/index.php/core/preview?fileId=11056031&x=1280&y=819&a=true","link1":" ","link2":" ","Schild":"Dükerschild","BW_QUE_Sho":0,"Bw_QUE_DN":" ","BW_QUE_Ver":1,"BW_QUE_V_1":0,"rwert":372457,"hwert":5807175}},{"type":"Feature","id":318,"geometry":{"type":"Point","coordinates":[796661.58498728322,6871067.5979640344]},"properties":{"FID":318,"ID_con":995,"bw_id":"VEC_QUE_124400","name":"Oberleitung","GEW":"VEC","stat_von":124400,"bauart":"Oberleitung","baujahr":" ","upflicht":"??","KTR":" ","FSK":"033153012000340002__","bemerk":"Verortung prüfen","beschreib":"Oberleitung","beschreib_":" ","foto1":"https://nlwkn.hannit-share.de/index.php/core/preview?fileId=11056034&x=1280&y=819&a=true","foto2":"https://nlwkn.hannit-share.de/index.php/core/preview?fileId=11056037&x=1280&y=819&a=true","foto3":" ","foto4":" ","link1":" ","link2":" ","Schild":" ","BW_QUE_Sho":0,"Bw_QUE_DN":" ","BW_QUE_Ver":0,"BW_QUE_V_1":0,"rwert":374555,"hwert":5806086}},{"type":"Feature","id":319,"geometry":{"type":"Point","coordinates":[800436.24000330782,6868432.807577827]},"properties":{"FID":319,"ID_con":996,"bw_id":"VEC_QUE_127270","name":"Dükerung Trinkwasserleitung","GEW":"VEC","stat_von":127270,"bauart":"Dükerung","baujahr":" ","upflicht":"??","KTR":" ","FSK":"03420500100091______","bemerk":" ","beschreib":"Dükerung Trinkwasserleitung oh Brücke Rohrbachstau","beschreib_":" ","foto1":"https://nlwkn.hannit-share.de/index.php/core/preview?fileId=11056040&x=1280&y=819&a=true","foto2":" ","foto3":" ","foto4":" ","link1":" ","link2":" ","Schild":"Dükerschild","BW_QUE_Sho":0,"Bw_QUE_DN":" ","BW_QUE_Ver":0,"BW_QUE_V_1":0,"rwert":376822,"hwert":5804421}},{"type":"Feature","id":320,"geometry":{"type":"Point","coordinates":[799690.54177753057,6863011.7646722719]},"properties":{"FID":320,"ID_con":999,"bw_id":"VEC_QUE_131150","name":"Oberleitung","GEW":"VEC","stat_von":131150,"bauart":"Oberleitung","baujahr":" ","upflicht":"??","KTR":" ","FSK":"03422200800030______","bemerk":" ","beschreib":"Oberleitung oh Sohlgleite","beschreib_":" ","foto1":"https://nlwkn.hannit-share.de/index.php/core/preview?fileId=11056043&x=1280&y=819&a=true","foto2":"https://nlwkn.hannit-share.de/index.php/core/preview?fileId=11056046&x=1280&y=819&a=true","foto3":" ","foto4":" ","link1":" ","link2":" ","Schild":" ","BW_QUE_Sho":0,"Bw_QUE_DN":" ","BW_QUE_Ver":0,"BW_QUE_V_1":0,"rwert":376283,"hwert":5801125}},{"type":"Feature","id":321,"geometry":{"type":"Point","coordinates":[799709.96403495653,6862758.2896290328]},"properties":{"FID":321,"ID_con":1000,"bw_id":"VEC_QUE_131310","name":"Oberleitung","GEW":"VEC","stat_von":131310,"bauart":"Oberleitung","baujahr":" ","upflicht":"??","KTR":" ","FSK":"03422200800030______","bemerk":" ","beschreib":"Oberleitung","beschreib_":" ","foto1":"https://nlwkn.hannit-share.de/index.php/core/preview?fileId=11056049&x=1280&y=819&a=true","foto2":"https://nlwkn.hannit-share.de/index.php/core/preview?fileId=11056052&x=1280&y=819&a=true","foto3":" ","foto4":" ","link1":" ","link2":" ","Schild":" ","BW_QUE_Sho":0,"Bw_QUE_DN":" ","BW_QUE_Ver":0,"BW_QUE_V_1":0,"rwert":376291,"hwert":5800970}},{"type":"Feature","id":322,"geometry":{"type":"Point","coordinates":[799805.77346335095,6862587.026230813]},"properties":{"FID":322,"ID_con":1001,"bw_id":"VEC_QUE_131430","name":"Oberleitung","GEW":"VEC","stat_von":131430,"bauart":"Oberleitung","baujahr":" ","upflicht":"??","KTR":" ","FSK":"03422200800030______","bemerk":" ","beschreib":"Oberleitung","beschreib_":" ","foto1":"https://nlwkn.hannit-share.de/index.php/core/preview?fileId=11056055&x=1280&y=819&a=true","foto2":" ","foto3":" ","foto4":" ","link1":" ","link2":" ","Schild":" ","BW_QUE_Sho":0,"Bw_QUE_DN":" ","BW_QUE_Ver":0,"BW_QUE_V_1":0,"rwert":376347,"hwert":5800864}},{"type":"Feature","id":323,"geometry":{"type":"Point","coordinates":[800549.11913644115,6861876.6263343338]},"properties":{"FID":323,"ID_con":2516,"bw_id":"VEC_QUE_132060","name":"Dükerung Glasfaserkabel","GEW":"VEC","stat_von":132060,"bauart":"Dükerung (HDD)","baujahr":"2023","upflicht":"Breitband Grafschaft Bentheim GmbH & Co. KG","KTR":" ","FSK":"03422200200137______","bemerk":"Akte nachtragen , sohllage ; Beschilderung !!","beschreib":"Dükerung Glasfaserkabel, Breitbandausbau Grafschaft Bentheim","beschreib_":" ","foto1":" ","foto2":" ","foto3":" ","foto4":" ","link1":" ","link2":" ","Schild":" ","BW_QUE_Sho":0,"Bw_QUE_DN":"130","BW_QUE_Ver":0,"BW_QUE_V_1":0,"rwert":376791,"hwert":5800419}},{"type":"Feature","id":324,"geometry":{"type":"Point","coordinates":[802449.53124974377,6861219.5969956545]},"properties":{"FID":324,"ID_con":1002,"bw_id":"VEC_QUE_133340","name":"Dükerung Gasleitung","GEW":"VEC","stat_von":133340,"bauart":"Dükerung","baujahr":"1972","upflicht":"Tyssengas","KTR":" ","FSK":"03422200200079______","bemerk":"Der Düker droht aufgrund eigendynamischer Entwicklungen (Uferabbrüche) freizuspülen","beschreib":"Dükerung Gasleitung Thyssengas (Tel. Notruf: 0180 222 102 2)","beschreib_":"Dükerung Gasleitung Thyssengas (Tel. Notruf: 0180 222 102 2)","foto1":"https://nlwkn.hannit-share.de/index.php/core/preview?fileId=11056058&x=1280&y=819&a=true","foto2":"https://nlwkn.hannit-share.de/index.php/core/preview?fileId=11677593&x=1280&y=819&a=true","foto3":"https://nlwkn.hannit-share.de/index.php/core/preview?fileId=11677597&x=1280&y=819&a=true","foto4":"https://nlwkn.hannit-share.de/index.php/core/preview?fileId=11677599&x=1280&y=819&a=true","link1":" ","link2":" ","Schild":"Dükerschild","BW_QUE_Sho":0,"Bw_QUE_DN":" ","BW_QUE_Ver":1,"BW_QUE_V_1":0,"rwert":377944,"hwert":5799989}},{"type":"Feature","id":325,"geometry":{"type":"Point","coordinates":[802807.27526621241,6860759.9756727275]},"properties":{"FID":325,"ID_con":1003,"bw_id":"VEC_QUE_133730","name":"Dükerung Gasleitung","GEW":"VEC","stat_von":133730,"bauart":"Dükerung","baujahr":" ","upflicht":"nowega","KTR":" ","FSK":"03422200200079______","bemerk":"Der Düker droht aufgrund eigendynamischer Entwicklungen (Uferabbrüche) freizuspülen","beschreib":"Dükerung Gasleitung nowega (Tel. Notruf: 0251 60998 421)","beschreib_":"Dükerung Gasleitung nowega (Tel. Notruf: 0251 60998 421)","foto1":"https://nlwkn.hannit-share.de/index.php/core/preview?fileId=11056061&x=1280&y=819&a=true","foto2":"https://nlwkn.hannit-share.de/index.php/core/preview?fileId=11677600&x=1280&y=819&a=true","foto3":"https://nlwkn.hannit-share.de/index.php/core/preview?fileId=11677594&x=1280&y=819&a=true","foto4":"https://nlwkn.hannit-share.de/index.php/core/preview?fileId=11677596&x=1280&y=819&a=true","link1":" ","link2":" ","Schild":"Düerschild","BW_QUE_Sho":0,"Bw_QUE_DN":" ","BW_QUE_Ver":0,"BW_QUE_V_1":0,"rwert":378156,"hwert":5799703}},{"type":"Feature","id":326,"geometry":{"type":"Point","coordinates":[803857.54524107999,6859521.4575456819]},"properties":{"FID":326,"ID_con":2444,"bw_id":"VEC_QUE_134880","name":"Dükerung Abwasserdruckrohrleitung","GEW":"VEC","stat_von":134880,"bauart":"Dükerung","baujahr":"2013?","upflicht":"TAV Bad Bentheim","KTR":" ","FSK":"034210002002890016__","bemerk":"?? Schild auf der linken Seite fehlt; Dükerschild rechts verblichen??","beschreib":"Abwasserdruckrohrleitung durch Vechtedükerung und Parallelverlegung zur Vechte in Schüttorf","beschreib_":" ","foto1":"https://nlwkn.hannit-share.de/index.php/core/preview?fileId=11056064&x=1280&y=819&a=true","foto2":" ","foto3":" ","foto4":" ","link1":" ","link2":" ","Schild":" ","BW_QUE_Sho":0,"Bw_QUE_DN":"2 x 300??","BW_QUE_Ver":0,"BW_QUE_V_1":0,"rwert":378780.20000000001,"hwert":5798931}},{"type":"Feature","id":327,"geometry":{"type":"Point","coordinates":[804543.05602309108,6858531.1428190898]},"properties":{"FID":327,"ID_con":1004,"bw_id":"VEC_QUE_135620","name":"Stromleitung","GEW":"VEC","stat_von":135620,"bauart":"Dükerung","baujahr":" ","upflicht":"Telekom","KTR":" ","FSK":"034210007000910009__","bemerk":" ","beschreib":"Stromleitungsdüker Nowega, Siehe planunterlagen Schüttorf","beschreib_":" ","foto1":" ","foto2":" ","foto3":" ","foto4":" ","link1":" ","link2":" ","Schild":" ","BW_QUE_Sho":0,"Bw_QUE_DN":" ","BW_QUE_Ver":0,"BW_QUE_V_1":0,"rwert":379185,"hwert":5798316}},{"type":"Feature","id":328,"geometry":{"type":"Point","coordinates":[804662.79967005923,6858376.8754752735]},"properties":{"FID":328,"ID_con":1005,"bw_id":"VEC_QUE_135740","name":"Gashochdruckleitung 86.6 Schüttorf","GEW":"VEC","stat_von":135740,"bauart":"Dükerung","baujahr":" ","upflicht":"Nowega","KTR":" ","FSK":"034210007000910009__","bemerk":" ","beschreib":"Gashochdruckleitung Nowega, Siehe planunterlagen Schüttorf","beschreib_":" ","foto1":" ","foto2":" ","foto3":" ","foto4":" ","link1":" ","link2":" ","Schild":" ","BW_QUE_Sho":0,"Bw_QUE_DN":" ","BW_QUE_Ver":0,"BW_QUE_V_1":0,"rwert":379256,"hwert":5798220}},{"type":"Feature","id":329,"geometry":{"type":"Point","coordinates":[804868.49892977276,6858247.6423871405]},"properties":{"FID":329,"ID_con":1006,"bw_id":"VEC_QUE_135890","name":"Obeleitung","GEW":"VEC","stat_von":135890,"bauart":"Oberleitung","baujahr":" ","upflicht":"??","KTR":" ","FSK":"034210007000930004__","bemerk":" ","beschreib":"Oberleitung","beschreib_":" ","foto1":"https://nlwkn.hannit-share.de/index.php/core/preview?fileId=11056067&x=1280&y=819&a=true","foto2":"https://nlwkn.hannit-share.de/index.php/core/preview?fileId=11056070&x=1280&y=819&a=true","foto3":"https://nlwkn.hannit-share.de/index.php/core/preview?fileId=11056100&x=1280&y=819&a=true","foto4":"https://nlwkn.hannit-share.de/index.php/core/preview?fileId=11056076&x=1280&y=819&a=true","link1":" ","link2":" ","Schild":" ","BW_QUE_Sho":0,"Bw_QUE_DN":" ","BW_QUE_Ver":0,"BW_QUE_V_1":0,"rwert":379380,"hwert":5798138}},{"type":"Feature","id":330,"geometry":{"type":"Point","coordinates":[804969.55408742919,6858189.5307632582]},"properties":{"FID":330,"ID_con":1007,"bw_id":"VEC_QUE_135960","name":"Dükerung (Gas und Strom??)","GEW":"VEC","stat_von":135960,"bauart":"Dükerung","baujahr":" ","upflicht":"Stadtwerke Schüttorf","KTR":" ","FSK":"034210007000930004__","bemerk":" ","beschreib":"Gasleitungsdüker Nowega, Siehe planunterlagen Schüttorf","beschreib_":" ","foto1":"https://nlwkn.hannit-share.de/index.php/core/preview?fileId=11056079&x=1280&y=819&a=true","foto2":" ","foto3":" ","foto4":" ","link1":" ","link2":" ","Schild":" ","BW_QUE_Sho":0,"Bw_QUE_DN":" ","BW_QUE_Ver":0,"BW_QUE_V_1":0,"rwert":379441,"hwert":5798101}},{"type":"Feature","id":331,"geometry":{"type":"Point","coordinates":[804976.16359954374,6858186.417675768]},"properties":{"FID":331,"ID_con":1008,"bw_id":"VEC_QUE_135965","name":"Fermeldekabel (K-702), Kanzlerweg-Schlikker u. Rofa","GEW":"VEC","stat_von":135965,"bauart":"Dükerung","baujahr":" ","upflicht":"Nowega","KTR":" ","FSK":"034210007000930004__","bemerk":" ","beschreib":"Fermeldekabel (Dükerung), K-702 Kanzlerweg - Schli","beschreib_":" ","foto1":" ","foto2":" ","foto3":" ","foto4":" ","link1":" ","link2":" ","Schild":" ","BW_QUE_Sho":0,"Bw_QUE_DN":" ","BW_QUE_Ver":0,"BW_QUE_V_1":0,"rwert":379445,"hwert":5798099}},{"type":"Feature","id":332,"geometry":{"type":"Point","coordinates":[805189.4234650596,6857813.382312729]},"properties":{"FID":332,"ID_con":1009,"bw_id":"VEC_QUE_136235","name":"Fermeldekabel","GEW":"VEC","stat_von":136235,"bauart":"Dükerung","baujahr":" ","upflicht":"Telekom","KTR":" ","FSK":"034210007000940008__","bemerk":" ","beschreib":"Fermeldekabel (Dükerung) siehe Planunterlagen Schüttorf (Telekom)","beschreib_":" ","foto1":" ","foto2":" ","foto3":" ","foto4":" ","link1":" ","link2":" ","Schild":" ","BW_QUE_Sho":0,"Bw_QUE_DN":" ","BW_QUE_Ver":0,"BW_QUE_V_1":0,"rwert":379570,"hwert":5797868}},{"type":"Feature","id":333,"geometry":{"type":"Point","coordinates":[805503.90587645688,6857508.3275127588]},"properties":{"FID":333,"ID_con":1010,"bw_id":"VEC_QUE_136515","name":"Oberleitung","GEW":"VEC","stat_von":136515,"bauart":"Oberleitung","baujahr":" ","upflicht":"??","KTR":" ","FSK":"03421201900153______","bemerk":" ","beschreib":"Oberleitung","beschreib_":" ","foto1":"https://nlwkn.hannit-share.de/index.php/core/preview?fileId=11056082&x=1280&y=819&a=true","foto2":"https://nlwkn.hannit-share.de/index.php/core/preview?fileId=11056085&x=1280&y=819&a=true","foto3":" ","foto4":" ","link1":" ","link2":" ","Schild":" ","BW_QUE_Sho":0,"Bw_QUE_DN":" ","BW_QUE_Ver":0,"BW_QUE_V_1":0,"rwert":379758,"hwert":5797677}},{"type":"Feature","id":334,"geometry":{"type":"Point","coordinates":[806073.50869209983,6854965.0395121463]},"properties":{"FID":334,"ID_con":1011,"bw_id":"VEC_QUE_138495","name":"Dükerung","GEW":"VEC","stat_von":138495,"bauart":"Dükerung","baujahr":" ","upflicht":"??","KTR":" ","FSK":"03421201800300______","bemerk":" ","beschreib":"Dükerung","beschreib_":" ","foto1":"https://nlwkn.hannit-share.de/index.php/core/preview?fileId=11056088&x=1280&y=819&a=true","foto2":"https://nlwkn.hannit-share.de/index.php/core/preview?fileId=11056091&x=1280&y=819&a=true","foto3":" ","foto4":" ","link1":" ","link2":" ","Schild":" ","BW_QUE_Sho":0,"Bw_QUE_DN":" ","BW_QUE_Ver":0,"BW_QUE_V_1":0,"rwert":380069,"hwert":5796115}},{"type":"Feature","id":335,"geometry":{"type":"Point","coordinates":[806081.78656995553,6854960.3305579415]},"properties":{"FID":335,"ID_con":2514,"bw_id":"VEC_QUE_138500","name":"Dükerung Glasfaser (HDD)","GEW":"VEC","stat_von":138500,"bauart":"Dükerung (HDD)","baujahr":"2023","upflicht":"Breitband Grafschaft Bentheim GmbH & Co. KG","KTR":" ","FSK":"03421201800300______","bemerk":"Beschilderung kontrollieren ; Sohllage nachtragen","beschreib":"Dükerung Glasfaserkabel Breitbandausbau Grafschaft Bentheim","beschreib_":" ","foto1":" ","foto2":" ","foto3":" ","foto4":" ","link1":" ","link2":" ","Schild":" ","BW_QUE_Sho":0,"Bw_QUE_DN":"130","BW_QUE_Ver":0,"BW_QUE_V_1":0,"rwert":380074,"hwert":5796112}},{"type":"Feature","id":336,"geometry":{"type":"Point","coordinates":[810757.66185102903,6849728.5840285663]},"properties":{"FID":336,"ID_con":1012,"bw_id":"VEC_QUE_143200","name":"Dükerung (Gasleitung)","GEW":"VEC","stat_von":143200,"bauart":"Dükerung","baujahr":" ","upflicht":"??","KTR":" ","FSK":"034213003001000056__","bemerk":" ","beschreib":"Gasleitungsdüker","beschreib_":" ","foto1":"https://nlwkn.hannit-share.de/index.php/core/preview?fileId=11056094&x=1280&y=819&a=true","foto2":"https://nlwkn.hannit-share.de/index.php/core/preview?fileId=11056097&x=1280&y=819&a=true","foto3":"https://nlwkn.hannit-share.de/index.php/core/preview?fileId=11056109&x=1280&y=819&a=true","foto4":" ","link1":" ","link2":" ","Schild":"Dükerschild (ohne Betreiber)","BW_QUE_Sho":0,"Bw_QUE_DN":" ","BW_QUE_Ver":0,"BW_QUE_V_1":0,"rwert":382862,"hwert":5792846}},{"type":"Feature","id":337,"geometry":{"type":"Point","coordinates":[810851.73618949077,6849683.3812717181]},"properties":{"FID":337,"ID_con":2513,"bw_id":"VEC_QUE_143255","name":"Dükerung Glasfaserkabel","GEW":"VEC","stat_von":143255,"bauart":"Dükerung (HDD)","baujahr":"2023","upflicht":"Breitband Grafschaft Bentheim GmbH & Co. KG","KTR":" ","FSK":"034213003001000056__","bemerk":"Beschilderung kontrollieren ; Sohllage aus Bestandsplan!!","beschreib":"Dükerung Glasfaserkabel (HDD) Breitbandausbau Landkreis Grafschaft Bentheim","beschreib_":" ","foto1":" ","foto2":" ","foto3":" ","foto4":" ","link1":" ","link2":" ","Schild":" ","BW_QUE_Sho":0,"Bw_QUE_DN":"130","BW_QUE_Ver":0,"BW_QUE_V_1":0,"rwert":382919,"hwert":5792817}},{"type":"Feature","id":338,"geometry":{"type":"Point","coordinates":[811544.76072561799,6848870.5096879415]},"properties":{"FID":338,"ID_con":1013,"bw_id":"VEC_QUE_143965","name":"Oberleitung (380 kV)","GEW":"VEC","stat_von":143965,"bauart":"Oberleitung","baujahr":" ","upflicht":"??","KTR":" ","FSK":"034213003002380004__","bemerk":"Hier scheint eine Oberleitung die Vechte zu queren","beschreib":"Oberleitung","beschreib_":" ","foto1":"https://nlwkn.hannit-share.de/index.php/core/preview?fileId=11056103&x=1280&y=819&a=true","foto2":"https://nlwkn.hannit-share.de/index.php/core/preview?fileId=11056106&x=1280&y=819&a=true","foto3":"https://nlwkn.hannit-share.de/index.php/core/preview?fileId=11067046&x=1280&y=819&a=true","foto4":" ","link1":" ","link2":" ","Schild":" ","BW_QUE_Sho":0,"Bw_QUE_DN":" ","BW_QUE_Ver":0,"BW_QUE_V_1":0,"rwert":383332,"hwert":5792310}}]}