{
"type": "FeatureCollection",
"name": "exp_bw_son_lin",
"crs": { "type": "name", "properties": { "name": "urn:ogc:def:crs:EPSG::3857" } },
"features": [
{"type":"Feature","properties":{"ID_con":1317,"bw_id":"VEC_SON_138800_139000","name":"Gehölzanpflanzung (WWZ-BÖK)","GEW":"VEC","stat_von":138800.0,"stat_bis":139000.0,"gew_seite":"R","gew_versat":10.0,"bauart":"Gehölzanpflanzung (WWZ-BÖK) (Erlen)","baujahr":"2021","upflicht":"NLWKN, BUND, ASV","KTR":null,"FSK":null,"bemerk":null,"beschreib":"Gehölzanpflanzung durch BUND","beschreib_":null,"foto1":"https://nlwkn.hannit-share.de/index.php/core/preview?fileId=11057330&x=1280&y=819&a=true","foto2":"https://nlwkn.hannit-share.de/index.php/core/preview?fileId=11057333&x=1280&y=819&a=true","foto3":null,"foto4":null,"link1":null,"link2":null,"denkmal":"Nein","AIS_NR":0},"geometry":{"type":"MultiLineString","coordinates":[[[806496.283258615876548,6854696.508096019737422],[806549.958278600941412,6854649.90633015986532],[806590.262927251169458,6854603.2933403654024],[806637.633552247774787,6854537.851991277188063],[806697.152037350693718,6854435.021170284599066]]]}},
{"type":"Feature","properties":{"ID_con":2459,"bw_id":"PCK_SON_16730_20270","name":"denkmalgeschützter Baumbestand links","GEW":"PCK","stat_von":16730.0,"stat_bis":20270.0,"gew_seite":"L","gew_versat":-14.0,"bauart":"Baumbestand, denkmalgeschützt","baujahr":null,"upflicht":"NLWKN","KTR":null,"FSK":"033129019000140015__","bemerk":null,"beschreib":"denkmalgeschützter Baumbestand (ID: 36065653; Objekttyp: Baumbestand)","beschreib_":null,"foto1":null,"foto2":null,"foto3":null,"foto4":null,"link1":null,"link2":null,"denkmal":"Ja","AIS_NR":0},"geometry":{"type":"MultiLineString","coordinates":[[[763110.451606009854004,6913091.904615808278322],[761901.177086083218455,6913068.640673214569688],[761818.965722047607414,6913071.591862492263317],[760706.861676426022314,6913634.45558035094291],[759598.242038003867492,6914205.385908639058471],[759415.010841666720808,6914305.230716513469815],[758050.620529010659084,6915010.004060753621161],[757877.640884221182205,6915093.676684369333088],[757789.133551425882615,6915121.643517222255468]]]}},
{"type":"Feature","properties":{"ID_con":1288,"bw_id":"VEC_SON_114820_115200","name":"Spundwandeinfassung","GEW":"VEC","stat_von":114820.0,"stat_bis":115200.0,"gew_seite":"R","gew_versat":8.0,"bauart":"Spundwand","baujahr":null,"upflicht":"NLWKN??","KTR":null,"FSK":null,"bemerk":null,"beschreib":null,"beschreib_":null,"foto1":null,"foto2":null,"foto3":null,"foto4":null,"link1":null,"link2":null,"denkmal":"Nein","AIS_NR":0},"geometry":{"type":"MultiLineString","coordinates":[[[786804.281873604049906,6879476.805207909084857],[786804.012078313506208,6879476.814357305876911],[786818.411163153243251,6879484.957160448655486],[786827.788950535701588,6879498.522815030068159],[786833.431167741538957,6879533.878312065266073],[786837.751927117235027,6879598.105360989458859],[786844.283098022220656,6879640.524076911620796],[786860.918942379532382,6879677.669773660600185],[786883.46324024326168,6879698.536911026574671],[786912.942111179349013,6879710.708743643946946],[786943.505747588351369,6879711.527207061648369],[786975.689394245739095,6879704.370119489729404],[787032.444976054946892,6879677.18064124789089],[787144.758194848895073,6879614.36618441902101],[787224.451319983578287,6879561.663059629499912]]]}},
{"type":"Feature","properties":{"ID_con":1218,"bw_id":"SNK_SON_14290_15380","name":"Kanalaufweitung Georgsdorf","GEW":"SNK","stat_von":14290.0,"stat_bis":15380.0,"gew_seite":"L","gew_versat":10.0,"bauart":"Kanalaufweitung","baujahr":null,"upflicht":"NLWKN","KTR":null,"FSK":"033121010000670007__","bemerk":null,"beschreib":"Kanalaufweitung Georgsdorf","beschreib_":"Kanalaufweitung Georgsdorf","foto1":null,"foto2":null,"foto3":null,"foto4":null,"link1":null,"link2":null,"denkmal":"Nein","AIS_NR":0},"geometry":{"type":"MultiLineString","coordinates":[[[787123.206814923323691,6903746.016794493421912],[787091.639029163285159,6903755.4634372536093],[787035.348099735449068,6903766.306641292758286],[786988.515885424101725,6903770.060256616212428],[786989.237565297284164,6903831.704879596829414],[786999.610459248884581,6903854.085597954690456],[787015.692875322536565,6903869.652709508314729],[787028.568256717524491,6903891.56105456314981],[787034.466913987300359,6903935.868706764653325],[787008.607346316683106,6905440.47521679289639]]]}},
{"type":"Feature","properties":{"ID_con":2545,"bw_id":"VEC_SON_80245_80285","name":"Gehölzanpflanzung Biograf","GEW":"VEC","stat_von":80245.0,"stat_bis":80285.0,"gew_seite":"L","gew_versat":-10.0,"bauart":"Gehölzanpflanzung","baujahr":"2022/2023","upflicht":"NLWKN, BioGraf","KTR":null,"FSK":"033132102000360001__","bemerk":null,"beschreib":"Gehölzanpflanzung oh Brücke Echteler Straße, im Zuge des BioGraf - Projektes der Naturschutzstiftung Landkreis Grafschaft Bentheim.","beschreib_":"Gehölzanpflanzung oh Brücke Echteler Straße im Zuge des BioGraf - Projektes der Naturschutzstiftung Landkreis Grafschaft Bentheim.\r\nZu bepflanzende Streckenabschnitte resultieren aus der NLWKN-Maßnahmenkarte für Gehölzanpflanzungen an Vechte und Di","foto1":null,"foto2":null,"foto3":null,"foto4":null,"link1":null,"link2":null,"denkmal":"Nein","AIS_NR":0},"geometry":{"type":"MultiLineString","coordinates":[[[757124.188616492552683,6909659.321779310703278],[757171.395200530183502,6909613.479864212684333]]]}},
{"type":"Feature","properties":{"ID_con":1109,"bw_id":"HAS_SON_1800_13480","name":"LSG EL 033, Landschaftsschutzgebiet Natura 2000-Untere Haseniederung","GEW":"HAS","stat_von":1800.0,"stat_bis":13480.0,"gew_seite":"M","gew_versat":0.0,"bauart":"Landschaftsschutzgebiet","baujahr":"18.12.2017","upflicht":"Lankreis Emsland","KTR":null,"FSK":null,"bemerk":null,"beschreib":"LSG EL 033, Landschaftsschutzgebiet Natura 2000-Untere Haseniederung","beschreib_":"LSG EL 033, Landschaftsschutzgebiet Natura 2000-Untere Haseniederung","foto1":"https://nlwkn.hannit-share.de/index.php/core/preview?fileId=11065180&x=1280&y=819&a=true","foto2":"https://nlwkn.hannit-share.de/index.php/core/preview?fileId=11065183&x=1280&y=819&a=true","foto3":null,"foto4":null,"link1":null,"link2":null,"denkmal":"Nein","AIS_NR":0},"geometry":{"type":"MultiLineString","coordinates":[[[813839.951551913633011,6925414.058600201271474],[813912.805437317001633,6925433.75400901120156],[813930.969284474500455,6925438.66347430460155],[814086.158096212544478,6925487.534053395502269],[814180.650380276259966,6925529.720048173330724],[814224.858478019130416,6925568.621614336036146],[814248.217082928516902,6925601.775584507733583],[814264.259450006764382,6925633.705180468037724],[814271.912730559939519,6925665.439725701697171],[814274.370756948366761,6925694.948209087364376],[814273.806678338092752,6925719.127103480510414],[814273.267119523021393,6925742.255476883612573],[814264.11758680944331,6925774.647928704507649],[814250.773521404713392,6925806.940439177677035],[814230.014477836433798,6925842.216909795068204],[814180.886524865985848,6925924.160603276453912],[814105.409114586655051,6926055.977443587034941],[814083.404246743186377,6926099.638732415623963],[814069.960426428355277,6926136.139083391055465],[814065.735263104666956,6926182.322567610070109],[814069.168984593590721,6926215.011926230043173],[814084.966309107490815,6926257.458164849318564],[814131.390094788512215,6926336.388598807156086],[814170.089170174323954,6926386.736503765918314],[814212.17898210149724,6926426.645575270988047],[814283.949093678849749,6926472.957582974806428],[814286.610891906078905,6926474.675195843912661],[814365.384090534411371,6926516.49544371291995],[814436.086655558901839,6926544.449652299284935],[814481.085553022101521,6926549.71136892773211],[814513.695598579011858,6926546.267429700121284],[814549.672463504015468,6926533.435168950818479],[814577.406342369737104,6926514.097300198860466],[814598.993576684501022,6926488.303381693549454],[814616.459130110801198,6926459.258360947482288],[814640.049118723953143,6926392.488172756507993],[814676.374320742092095,6926274.472125856205821],[814740.923625944764353,6926070.865263461135328],[814767.731250917888246,6926001.017144241370261],[814799.292395871365443,6925952.317502946592867],[814817.561366629088297,6925933.810484380461276],[814855.802809980348684,6925913.667533823288977],[814913.993761217687279,6925892.939028961583972],[815036.299428779049776,6925867.395648505538702],[815218.550710054463707,6925835.885684644803405],[815336.539732757490128,6925815.496008345857263],[815396.630316814407706,6925803.223086649551988],[815467.134907830506563,6925794.348484593443573],[815558.516932266182266,6925790.164892133325338],[815646.604877050383948,6925792.215374887920916],[815757.642415583250113,6925800.057543306611478],[815836.219975980231538,6925805.040594479069114],[815867.753826225991361,6925802.617788058705628],[815883.604069240391254,6925797.727598878555],[815899.601925391238183,6925786.528824809007347],[815906.307976125390269,6925768.804133545607328],[815907.915489666978829,6925744.649122535251081],[815902.037534397211857,6925726.631884385831654],[815885.743684291373938,6925705.216978088021278],[815846.722461637109518,6925668.547326416708529],[815771.678305467008613,6925601.589556118473411],[815691.368164603598416,6925535.56214927136898],[815608.01210950454697,6925465.25470241997391],[815436.204672227264382,6925318.210565629415214],[815392.895535812829621,6925285.649342028424144],[815351.462130835512653,6925262.595329204574227],[815279.938696503872052,6925225.169068329967558],[815235.556597626185976,6925193.631931868381798],[815205.85386010655202,6925162.438802973367274],[815183.493563181604259,6925131.417087287642062],[815166.742175541585311,6925084.748079225420952],[815162.181413364131004,6925055.193039127625525],[815162.742746647330932,6925031.016032727435231],[815173.327864273567684,6924981.831414937973022],[815183.838270239997655,6924935.801003059372306],[815200.616112263407558,6924890.96819091681391],[815225.855156854609959,6924843.179256393574178],[815253.945689253276214,6924808.075548635795712],[815337.087014999589883,6924725.741435959003866],[815346.290317102451809,6924716.626550775021315],[815468.405409869388677,6924607.992897929623723],[815599.685417525586672,6924511.14099613763392],[815691.577491965261288,6924452.006893353536725],[815724.282823003828526,6924430.959079641848803],[815849.464027356007136,6924370.771079749800265],[815975.304213249823079,6924327.423002048395574],[816090.219041484757327,6924302.748233223333955],[816179.534634003066458,6924296.408195933327079],[816328.418552874703892,6924299.861449174582958],[816542.115182940615341,6924313.226364859379828],[816619.654909101314843,6924317.12408996373415],[816708.460314197232947,6924332.851932042278349],[816773.055733815650456,6924352.22363209631294],[816839.555695087765343,6924380.052098657004535],[816909.00691050500609,6924416.363227674737573],[816964.827125378302298,6924452.357122429646552],[817014.311065377783962,6924490.308644911274314],[817018.863170811557211,6924494.950538728386164],[817050.180074892588891,6924526.866339615546167],[817090.842113495687954,6924583.543148773722351],[817134.359190666349605,6924652.907935587689281],[817174.248170455917716,6924743.221346990205348],[817207.749419330037199,6924837.596548804081976],[817238.179349958547391,6924928.746311346068978],[817259.487011637422256,6925006.012923121452332],[817271.246597563615069,6925133.545120347291231],[817269.059822006267495,6925212.164629079401493],[817263.21855973394122,6925268.318754741922021],[817256.139389583840966,6925312.272392807528377],[817247.612649158108979,6925353.152771158143878],[817245.43383588490542,6925382.007333916611969],[817253.940224163350649,6925408.065116077661514],[817268.513876196811907,6925434.264515651389956],[817302.842645686818287,6925459.398059847764671],[817334.554494277108461,6925466.214741012081504],[817377.0943722454831,6925464.153826256282628],[817453.213759994716384,6925453.737698893994093],[817552.361371277365834,6925431.680500755086541],[817716.905652136891149,6925403.520500637590885],[817800.641461099497974,6925391.754511741921306],[817887.272357672685757,6925386.141371759586036],[817969.073260745033622,6925392.585482275113463],[818017.193068738561124,6925411.947132996283472],[818039.562186233582906,6925429.195438292808831],[818060.242003913619556,6925454.012093582190573],[818062.683780673774891,6925479.931477221660316],[818060.229960971977562,6925520.951297367922962],[818039.433415040140972,6925567.635445597581565],[817995.1895433611935,6925644.208729024045169],[817906.803340790560469,6925792.795110126025975],[817866.619864862062968,6925890.763964768499136],[817843.818436685251072,6925958.704692428000271],[817826.8739142739214,6926035.908480606973171],[817820.757458414882421,6926104.232540110126138],[817813.596681594382972,6926218.17844304535538],[817821.485726239392534,6926403.984952635131776],[817828.672556646401063,6926487.834339753724635],[817841.963802225538529,6926570.302830792032182],[817871.002613588585518,6926694.218361089937389],[817886.645512464107014,6926740.224730954505503],[817891.309236427070573,6926757.057632381096482],[817935.149256486562081,6926915.277768001891673],[817951.141111420001835,6926972.992607048712671],[817965.373598170699552,6927014.403610994108021],[817977.09287527773995,6927032.932697758078575],[817996.535531502915546,6927045.552709287032485],[818020.704756376217119,6927050.672651898115873],[818051.185692262253724,6927045.286383327096701],[818094.185801501269452,6927023.449999874457717],[818179.05148554733023,6926963.011230118572712],[818226.601464118924923,6926941.278718597255647],[818269.218505160068162,6926936.170243434607983],[818297.938403715845197,6926941.393601205199957],[818329.415443752659485,6926958.854891380295157],[818399.572647447930649,6927010.676691156812012],[818650.249052795930766,6927200.542061228305101],[818698.208135088556446,6927227.509180730208755],[818769.028190274373628,6927250.432997358031571],[818889.880121178342961,6927276.022546364925802],[819023.04292790510226,6927294.284581314772367],[819104.72774565871805,6927306.802467105910182],[819168.412646448239684,6927309.77908596303314],[819221.581580498372205,6927307.948669525794685],[819277.889338323380798,6927301.625071466900408],[819329.713247413630597,6927292.156108765862882],[819418.468031687662005,6927260.704344648867846],[819557.83810099051334,6927206.056489420123398],[819622.4487119698897,6927180.731803633272648],[819660.456678990274668,6927165.817034556530416],[819767.756977174431086,6927119.566619774326682],[819816.839568581082858,6927097.636376881040633],[819866.772885943646543,6927079.650838164612651],[819882.16094077040907,6927081.580720868892968],[820009.567791279405355,6927097.553731987252831],[820101.121732124593109,6927153.025631707161665],[820193.190401848871261,6927221.695378399454057],[820268.86274091526866,6927325.261874186806381],[820320.825015565496869,6927437.550940136425197],[820370.171682095970027,6927557.732722912915051],[820392.28743685327936,6927629.66859014891088],[820371.082255232264288,6927712.40358009096235],[820333.160705666057765,6927779.46064730733633],[820251.748374700197019,6927895.308166136033833],[820235.825548911932856,6927942.350164357572794],[820241.802830795757473,6927982.205851002596319],[820301.188081032130867,6928012.540639421902597],[820425.286303421598859,6928044.017679436132312],[820603.5565965839196,6928085.238141598179936],[820715.360149148502387,6928081.516417460516095],[820838.720085287233815,6928078.379843925125897],[820935.947937052231282,6928081.538428822532296],[821040.462858799379319,6928073.080473765730858],[821115.960375061491504,6928045.631061591207981],[821195.041729555465281,6927986.775541771203279],[821240.807563624111935,6927901.335928582586348],[821246.201793142827228,6927852.628033678047359],[821242.951240275404416,6927804.301565726287663],[821240.462572528747842,6927779.89687408041209],[821237.888598196441308,6927769.262711611576378],[821229.349637052626349,6927733.991869937628508],[821176.574594702920876,6927650.625800143927336],[821114.74433815293014,6927578.772202407941222],[821042.422531825955957,6927470.259166388772428],[820762.605049489764497,6927032.654425697401166],[820628.667902910150588,6926811.193512611091137],[820596.133523143129423,6926682.365789450705051],[820612.388193749007769,6926554.292310601100326],[820661.910423379740678,6926437.041739071719348],[820713.085469425655901,6926302.92225276120007],[820733.353853097883984,6926154.954405065625906],[820730.710048241890036,6926119.767432188615203],[820724.909305476467125,6926042.580068588256836],[820723.634587622364052,6926039.88884858880192],[820690.832246960722841,6925970.682346196845174],[820684.702090305509046,6925957.751344706863165],[820575.186970493639819,6925892.320604952983558],[820468.065125851891935,6925828.889140102081001],[820407.443197455373593,6925709.212549171410501],[820366.934202484204434,6925511.054224198684096],[820334.824822766589932,6925408.463786411099136],[820252.095523754134774,6925306.064314212650061],[820131.616524748387747,6925253.881323469802737],[820036.677256246679462,6925260.259005220606923],[820001.049491327255964,6925263.611808059737086],[819960.927009880077094,6925227.885276993736625],[819971.007920556352474,6925176.052713916637003],[820036.081539164064452,6925107.923142769373953],[820118.838020859169774,6925073.917983997613192],[820266.170161049463786,6925054.261062192730606],[820447.696729587391019,6925068.490617515519261],[820618.97739858913701,6925098.854624741710722],[820784.085194179788232,6925131.791822554543614],[820831.415263206930831,6925117.056742237880826],[820874.871108695166185,6925073.512931886129081],[820895.508621462620795,6924992.711916197091341],[820897.88169503363315,6924941.836130559444427],[820895.645324154291302,6924936.085124009288847],[820867.277118010562845,6924863.087902343831956]]]}},
{"type":"Feature","properties":{"ID_con":1125,"bw_id":"HAS_SON_36795_36915","name":"Buhnen (Rückhaltebecken, Wachholderhain)","GEW":"HAS","stat_von":36795.0,"stat_bis":36915.0,"gew_seite":"R","gew_versat":10.0,"bauart":"Buhnen / Leitwerk","baujahr":null,"upflicht":"NLWKN","KTR":"MBUHA02007","FSK":"033213018000070003__","bemerk":null,"beschreib":"Buhnen (Rückhaltebecken, Wachholderhain)","beschreib_":"Buhnen (Rückhaltebecken, Wachholderhain)","foto1":null,"foto2":null,"foto3":null,"foto4":null,"link1":null,"link2":null,"denkmal":"Nein","AIS_NR":0},"geometry":{"type":"MultiLineString","coordinates":[[[835130.616181958117522,6920283.829064579680562],[835127.315129190916196,6920347.265683486126363],[835136.831068655941635,6920394.837004005908966],[835158.171012098668143,6920417.137718231417239],[835189.829049003426917,6920433.839574911631644],[835233.343394719180651,6920439.892393526621163]]]}},
{"type":"Feature","properties":{"ID_con":1320,"bw_id":"VEC_SON_139100_139400","name":"Gehölzanpflanzung (WWZ-BÖK)","GEW":"VEC","stat_von":139100.0,"stat_bis":139400.0,"gew_seite":"R","gew_versat":13.0,"bauart":"Gehölzanpflanzung (WWZ-BÖK) (Erlen)","baujahr":"2021","upflicht":"NLWKN, BUND, ASV","KTR":null,"FSK":null,"bemerk":null,"beschreib":null,"beschreib_":null,"foto1":"https://nlwkn.hannit-share.de/index.php/core/preview?fileId=11057345&x=1280&y=819&a=true","foto2":"https://nlwkn.hannit-share.de/index.php/core/preview?fileId=11057357&x=1280&y=819&a=true","foto3":null,"foto4":null,"link1":null,"link2":null,"denkmal":"Nein","AIS_NR":0},"geometry":{"type":"MultiLineString","coordinates":[[[806785.542247318662703,6854303.481689866632223],[806812.668378802831285,6854274.42761913407594],[806843.516789822024293,6854249.517043407075107],[806896.584513677051291,6854217.013523415662348],[806968.71854087500833,6854185.015818670392036],[807180.46247780288104,6854112.551703626289964],[807214.21116527239792,6854097.096233267337084]]]}},
{"type":"Feature","properties":{"ID_con":2458,"bw_id":"PCK_SON_20270_23450","name":"denkmalgeschützter Baumbestand rechts","GEW":"PCK","stat_von":20270.0,"stat_bis":23450.0,"gew_seite":"R","gew_versat":24.0,"bauart":"Denkmalschutz, Baumbestand","baujahr":null,"upflicht":"NLWKN","KTR":null,"FSK":"033131104000290001__","bemerk":null,"beschreib":"denkmalgeschützter Baumbestand (ID: 36054495) in der Gemeinde Laar","beschreib_":"denkmalgeschützter Baumbestand (ID: 36054495) in der Gemeinde Laar","foto1":"https://nlwkn.hannit-share.de/index.php/core/preview?fileId=12140221&x=1280&y=819&a=true","foto2":"https://nlwkn.hannit-share.de/index.php/core/preview?fileId=12140224&x=1280&y=819&a=true","foto3":"https://nlwkn.hannit-share.de/index.php/core/preview?fileId=12140225&x=1280&y=819&a=true","foto4":"https://nlwkn.hannit-share.de/index.php/core/preview?fileId=12140226&x=1280&y=819&a=true","link1":null,"link2":null,"denkmal":"Ja","AIS_NR":0},"geometry":{"type":"MultiLineString","coordinates":[[[757770.819283629418351,6915061.75600113440305],[756971.734905304270796,6915303.28102040477097],[756885.342804002575576,6915349.415917691774666],[754318.448707997449674,6918171.619835944846272],[753917.818541553686373,6918472.623319023288786]]]}},
{"type":"Feature","properties":{"ID_con":1292,"bw_id":"VEC_SON_120365_121585","name":"Naturschutzgebiet Tillenberge (NSG WE 00009)","GEW":"VEC","stat_von":120365.0,"stat_bis":121585.0,"gew_seite":"M","gew_versat":0.0,"bauart":"Naturschutzgebiet","baujahr":null,"upflicht":"Landkreis Grafschaft Bentheim","KTR":null,"FSK":"033152004000200009__","bemerk":"NSG WE 00009","beschreib":null,"beschreib_":null,"foto1":"https://nlwkn.hannit-share.de/index.php/core/preview?fileId=11056829&x=1280&y=819&a=true","foto2":"https://nlwkn.hannit-share.de/index.php/core/preview?fileId=11056844&x=1280&y=819&a=true","foto3":"https://nlwkn.hannit-share.de/index.php/core/preview?fileId=11056835&x=1280&y=819&a=true","foto4":"https://nlwkn.hannit-share.de/index.php/core/preview?fileId=11056838&x=1280&y=819&a=true","link1":null,"link2":null,"denkmal":"Nein","AIS_NR":0},"geometry":{"type":"MultiLineString","coordinates":[[[791564.694753246498294,6873418.344116859138012],[791573.120549704646692,6873385.125279622152448],[791590.070045473403297,6873338.266055860556662],[791622.778359892545268,6873290.242100928910077],[791660.057347316527739,6873247.856286378577352],[791681.358995313406922,6873229.954727517440915],[791694.628136945655569,6873218.802836735732853],[791745.663276763516478,6873191.757616838440299],[791798.103436992852949,6873171.054478232748806],[791875.549625699641183,6873156.52498902566731],[792015.821837869123556,6873145.212510718032718],[792048.076150891487487,6873143.470668717287481],[792094.572196305845864,6873140.96284866053611],[792111.713295308989473,6873140.352801791392267],[792145.73511870787479,6873139.14548213314265],[792238.610013985424303,6873136.051900303922594],[792290.455380822531879,6873138.192237016744912],[792329.441837658290751,6873151.034955657087266],[792381.482206438900903,6873176.045086126774549],[792439.522302109980956,6873212.246523665264249],[792512.126491858391091,6873263.019329158589244],[792529.976956485537812,6873272.156568553298712],[792550.950539647368714,6873282.164020325988531],[792582.304761768202297,6873286.134830532595515],[792623.374118653358892,6873279.320211935788393],[792686.090832497458905,6873256.514044909738004],[792722.669966551708058,6873240.911591093055904],[792762.954294338240288,6873234.077321284450591],[792819.536965238745324,6873235.550352020189166],[792868.22087679116521,6873238.393427914008498],[792904.473093586857431,6873235.394470890052617],[792927.548381950356998,6873224.9581507332623],[792937.96925091848243,6873217.346087608486414],[792947.765455567743629,6873203.408917231485248],[792954.562360009993427,6873183.877266608178616],[792974.850950840162113,6873129.218567684292793],[793028.791418834822252,6873025.539910910651088],[793048.502935792319477,6872987.653008821420372],[793057.429315387853421,6872968.244291543960571],[793084.331179839093238,6872909.74922797549516],[793140.734425062430091,6872826.862772073596716],[793142.959751236019656,6872823.779048554599285]]]}},
{"type":"Feature","properties":{"ID_con":1193,"bw_id":"HRK_SON_805_1105","name":"Längsverlegung Wärmeleitung DN 50","GEW":"HRK","stat_von":805.0,"stat_bis":1105.0,"gew_seite":"L","gew_versat":-18.0,"bauart":"Längsverlegung","baujahr":"2010","upflicht":"Wärmenetz Landegge GmbH","KTR":null,"FSK":"03310301600136______","bemerk":null,"beschreib":null,"beschreib_":null,"foto1":null,"foto2":null,"foto3":null,"foto4":null,"link1":null,"link2":null,"denkmal":"Nein","AIS_NR":0},"geometry":{"type":"MultiLineString","coordinates":[[[805588.896648888243362,6944090.089078936725855],[805248.245030562975444,6944450.300380203872919]]]}},
{"type":"Feature","properties":{"ID_con":1197,"bw_id":"HRK_SON_9235_9250","name":"Anlegehilfe oberhalb Erika-Schul-Brücke","GEW":"HRK","stat_von":9235.0,"stat_bis":9250.0,"gew_seite":"R","gew_versat":3.0,"bauart":"Anlegehilfe","baujahr":null,"upflicht":"NLWKN","KTR":null,"FSK":"031736002004060001__","bemerk":null,"beschreib":"Anlegehilfe oh Erika-Schul-Brücke","beschreib_":"Anlegehilfe oh Erika-Schul-Brücke","foto1":"https://nlwkn.hannit-share.de/index.php/core/preview?fileId=11063383&x=1280&y=819&a=true","foto2":"https://nlwkn.hannit-share.de/index.php/core/preview?fileId=11063386&x=1280&y=819&a=true","foto3":"https://nlwkn.hannit-share.de/index.php/core/preview?fileId=11063389&x=1280&y=819&a=true","foto4":null,"link1":null,"link2":null,"denkmal":"Nein","AIS_NR":0},"geometry":{"type":"MultiLineString","coordinates":[[[795496.552885647048242,6952367.727086264640093],[795472.767952716443688,6952374.701690377667546]]]}},
{"type":"Feature","properties":{"ID_con":2464,"bw_id":"HAS_SON_49300_49440","name":"Projektgebiet Fließgewässer- und Auenentwicklung Mündung Hahnenmoorkanal","GEW":"HAS","stat_von":49300.0,"stat_bis":49440.0,"gew_seite":"L","gew_versat":30.0,"bauart":"Projektgebiet","baujahr":null,"upflicht":"NLWKN","KTR":"MGAHA0G03H","FSK":"033232005000680008__","bemerk":"FGE-Akz.: 62615-22042","beschreib":"Fließgewässer- und Auenentwicklung an der Hase bei Herzlake (Westrum) km 47+550","beschreib_":"Fließgewässer- und Auenentwicklung an der Hase bei Herzlake (Westrum) km 47+550\r\nZur Verbesserung der Gewässer- und Auenstrukturen plant der NLWKN, Bst. Meppen die Anlage eines Auengewässers mit Totholzeinbauten auf einer landeseigenen Fläche im Be-","foto1":"https://nlwkn.hannit-share.de/index.php/core/preview?fileId=11065837&x=1280&y=819&a=true","foto2":"https://nlwkn.hannit-share.de/index.php/core/preview?fileId=11065840&x=1280&y=819&a=true","foto3":"https://nlwkn.hannit-share.de/index.php/core/preview?fileId=11065843&x=1280&y=819&a=true","foto4":"https://nlwkn.hannit-share.de/index.php/core/preview?fileId=11065846&x=1280&y=819&a=true","link1":null,"link2":null,"denkmal":"Nein","AIS_NR":0},"geometry":{"type":"MultiLineString","coordinates":[[[851295.344218173646368,6925011.20334448851645],[851383.607198581565171,6925111.066859564743936],[851423.272924413206056,6925186.232568854466081]]]}},
{"type":"Feature","properties":{"ID_con":1185,"bw_id":"HRK_SON_5920_6280","name":"Naturschutzgebiet (Tausendschrittmoor, NSG WE 00190)","GEW":"HRK","stat_von":5920.0,"stat_bis":6280.0,"gew_seite":"R","gew_versat":35.0,"bauart":"Naturschutzgebiet","baujahr":null,"upflicht":"Landkreis Emsland","KTR":null,"FSK":"03310302700006______","bemerk":"Bei dem 65 ha großen Schutzgebiet handelt es sich um einen nicht kultivierten Hochmoorbereich mit vereinzelt eingestreuten Grünlandflächen. Auf großer Fläche finden sich nach erfolgreichen Vernässungsmaßnahmen Hochmoorregenerationsstadien mit Woll","beschreib":null,"beschreib_":null,"foto1":null,"foto2":null,"foto3":null,"foto4":null,"link1":null,"link2":null,"denkmal":"Nein","AIS_NR":0},"geometry":{"type":"MultiLineString","coordinates":[[[799978.518877823837101,6950025.804077828302979],[799778.804557199589908,6950587.244862296618521]]]}},
{"type":"Feature","properties":{"ID_con":1204,"bw_id":"PCK_SON_13600_13750","name":"Umlaufgraben Schleuse II","GEW":"PCK","stat_von":13600.0,"stat_bis":13750.0,"gew_seite":"R","gew_versat":-26.0,"bauart":"Umlaufgraben","baujahr":null,"upflicht":"NLWKN","KTR":"MBLVE42000","FSK":"033128009000420021__","bemerk":null,"beschreib":"Der Umlaufgraben dient zur Hochwasserentlastung der Schleuse (Zulauf ist ein Gewölbedurchlass mit 2,40 m lichter Weite, zur Durchflussregelung mit einem Schütz versehen ist). Der Umlaufgraben mündet ca. 70 m unterhalb der Schleuse in den Kanal.","beschreib_":"Der Umlaufgraben dient zur Hochwasserentlastung der Schleuse (Zulauf ist ein Gewölbedurchlass mit 2,40 m lichter Weite, zur Durchflussregelung mit einem Schütz versehen ist). Der Umlaufgraben mündet ca. 70 m unterhalb der Schleuse in den Kanal.","foto1":"https://nlwkn.hannit-share.de/index.php/core/preview?fileId=11061458&x=1280&y=819&a=true","foto2":"https://nlwkn.hannit-share.de/index.php/core/preview?fileId=11061461&x=1280&y=819&a=true","foto3":"https://nlwkn.hannit-share.de/index.php/core/preview?fileId=11061464&x=1280&y=819&a=true","foto4":null,"link1":null,"link2":null,"denkmal":"Nein","AIS_NR":0},"geometry":{"type":"MultiLineString","coordinates":[[[768146.378696751082316,6912714.631226138211787],[767913.021677551907487,6912794.416200838051736]]]}},
{"type":"Feature","properties":{"ID_con":2636,"bw_id":"HAS_SON_45940_46030","name":"Hase-Erlebnisraum in Herzlake (Blaues Klassenzimmer)","GEW":"HAS","stat_von":45940.0,"stat_bis":46030.0,"gew_seite":"R","gew_versat":25.0,"bauart":"Projektgebiet","baujahr":"2026","upflicht":"Verein zur Revitalisierung der Haseauen e.V.","KTR":null,"FSK":"03323101800001______","bemerk":null,"beschreib":"Der Verein zur Revitalisierung der Haseauen hat in 2026/27 ein FGE-Projekt in Kombination mit einem sogenannten Blauen Klassenzimmer umgesetzt.","beschreib_":"Der Verein zur Revitalisierung der Haseauen hat in 2026/27 ein FGE-Projekt in Kombination mit einem sogenannten Blauen Klassenzimmer umgesetzt. Die Maßnahme wurde gefördert mit Mitteln aus dem Projekt \"Hase verbindet - Insektienvielfalt am Fließgewäs","foto1":"https://nlwkn.hannit-share.de/index.php/core/preview?fileId=12110280&x=1280&y=819&a=true","foto2":null,"foto3":null,"foto4":null,"link1":null,"link2":null,"denkmal":"Nein","AIS_NR":0},"geometry":{"type":"MultiLineString","coordinates":[[[846542.093945513945073,6924190.884248849004507],[846615.197865611873567,6924061.765745999291539]]]}},
{"type":"Feature","properties":{"ID_con":1245,"bw_id":"SNK_SON_34970_35030","name":"Kanalaufweitung nach Schleuse V","GEW":"SNK","stat_von":34970.0,"stat_bis":35030.0,"gew_seite":"R","gew_versat":-10.0,"bauart":"Kanalaufweitung","baujahr":null,"upflicht":"NLWKN","KTR":null,"FSK":"033102030000140143__","bemerk":null,"beschreib":"Kanalaufweitung nach Schleuse V","beschreib_":"Kanalaufweitung nach Schleuse V","foto1":null,"foto2":null,"foto3":null,"foto4":null,"link1":null,"link2":null,"denkmal":"Nein","AIS_NR":0},"geometry":{"type":"MultiLineString","coordinates":[[[790755.250738340546377,6936451.685701021924615],[790766.233774424763396,6936550.220781214535236]]]}},
{"type":"Feature","properties":{"ID_con":2454,"bw_id":"EVK_SON_100_1220","name":"denkmalgeschützter Baumbestand","GEW":"EVK","stat_von":100.0,"stat_bis":1220.0,"gew_seite":"L","gew_versat":20.0,"bauart":"Denkmal","baujahr":null,"upflicht":"NLWKN","KTR":null,"FSK":"033163002001790141__","bemerk":null,"beschreib":"Denkmal","beschreib_":null,"foto1":null,"foto2":null,"foto3":null,"foto4":null,"link1":null,"link2":null,"denkmal":"Ja","AIS_NR":0},"geometry":{"type":"MultiLineString","coordinates":[[[813708.411245579482056,6885121.509310030378401],[813635.018393033300526,6884988.976997788995504],[813596.128957095788792,6884946.074957353062928],[813095.507271309499629,6884614.262802854180336],[812998.519695811788552,6884553.517171182669699],[812962.610170424333774,6884546.096102216280997],[812404.856985290534794,6884832.826219462789595],[812319.048703531967476,6884865.900191231630743],[812203.278873731382191,6884900.496682831086218],[812135.921156812808476,6884893.944636818952858]]]}},
{"type":"Feature","properties":{"ID_con":2195,"bw_id":"VEC_SON_134670_134720","name":"Gehölzanpflanzung ASV Schüttorf","GEW":"VEC","stat_von":134670.0,"stat_bis":134720.0,"gew_seite":"L","gew_versat":-20.0,"bauart":"Gehölzanpflanzung","baujahr":"2022","upflicht":"ASV Schüttorf /NLWKN","KTR":null,"FSK":"034210002002890032__","bemerk":"10 Schwarzerlen","beschreib":"Gehölzanpflanzung durch ASV Schüttorf","beschreib_":null,"foto1":"https://nlwkn.hannit-share.de/index.php/core/preview?fileId=11057231&x=1280&y=819&a=true","foto2":null,"foto3":null,"foto4":null,"link1":null,"link2":null,"denkmal":"Nein","AIS_NR":0},"geometry":{"type":"MultiLineString","coordinates":[[[803627.401451740413904,6859779.084808310493827],[803671.186726148356684,6859710.166918640956283]]]}},
{"type":"Feature","properties":{"ID_con":1108,"bw_id":"HAS_SON_17910_21555","name":"Naturschutzgebiet: Natura 2000-Naturschutzgebiet in der unteren Haseniederung, TG 5 (E+E Gebiet Hasetal)","GEW":"HAS","stat_von":17910.0,"stat_bis":21555.0,"gew_seite":"M","gew_versat":0.0,"bauart":"Naturschutzgebiet","baujahr":null,"upflicht":"Lankreis Emsland","KTR":null,"FSK":"03322300200001______","bemerk":null,"beschreib":"Naturschutzgebiet: Natura 2000-Naturschutzgebiet in der unteren Haseniederung, TG 5 (E+E Gebiet Hasetal)","beschreib_":"Naturschutzgebiet: Natura 2000-Naturschutzgebiet in der unteren Haseniederung, TG 5 (E+E Gebiet Hasetal)","foto1":"https://nlwkn.hannit-share.de/index.php/core/preview?fileId=11065171&x=1280&y=819&a=true","foto2":null,"foto3":null,"foto4":null,"link1":null,"link2":null,"denkmal":"Nein","AIS_NR":0},"geometry":{"type":"MultiLineString","coordinates":[[[823105.918005767511204,6925941.3626570077613],[823134.584375908132643,6925937.007143326103687],[823242.606133436551318,6925913.549580101855099],[823274.364486846257932,6925903.962105004116893],[823322.0606879418483,6925888.4497364833951],[823376.634298563818447,6925867.816920434124768],[823423.67818130669184,6925847.770215945318341],[823458.752156433882192,6925825.195230669341981],[823501.455303494702093,6925797.514852469787002],[823549.016140955500305,6925754.122102874331176],[823605.87530711630825,6925698.12659945897758],[823628.928162846365012,6925675.2834881125018],[823646.674847471527755,6925654.581607832573354],[823661.581608265289105,6925626.283602004870772],[823665.103897092165425,6925603.005513415671885],[823670.412245271378197,6925566.95932933781296],[823671.012884315685369,6925539.848186181858182],[823666.454343018704094,6925508.103285330347717],[823658.224070528056473,6925472.508596433326602],[823644.903077972237952,6925429.266117658466101],[823643.072741747950204,6925422.260323732160032],[823639.360531113226898,6925408.047981787472963],[823637.02334185235668,6925377.858256310224533],[823639.12655066465959,6925350.78288793284446],[823645.770349907921627,6925322.301824947819114],[823657.43157117231749,6925287.747436318546534],[823658.640725094708614,6925284.164226510562003],[823677.085371362045407,6925231.836438974365592],[823736.543350369785912,6925092.274704629555345],[823775.216514294734225,6925008.756791670806706],[823782.68921639630571,6924996.14866990223527],[823792.961311898543499,6924978.817660459317267],[823811.496931257424876,6924965.735203917138278],[823821.411589205614291,6924963.88767643738538],[823836.474001625203528,6924961.08089451584965],[823845.091249999124557,6924959.475062997080386],[823883.080655046273023,6924965.781120926141739],[823900.283065715804696,6924971.544871861115098],[823944.178716413094662,6924986.252345921471715],[823985.078129916102625,6925006.535929017700255],[823993.747188820154406,6925010.835248460061848],[824019.60244579333812,6925023.969518627040088],[824050.608802779577672,6925052.442199042066932],[824082.487640448962338,6925100.592393689788878],[824099.812661797972396,6925132.954896510578692],[824117.189293376868591,6925151.164552902802825],[824131.325007071834989,6925162.225300756283104],[824156.355289663071744,6925165.402647915296257],[824174.921666723093949,6925165.290979218669236],[824195.014716585865244,6925155.252853017300367],[824209.073147981660441,6925134.334412518888712],[824213.560579930548556,6925108.747310771606863],[824214.999032368417829,6925079.161034637130797],[824207.522499372484162,6925038.504096453078091],[824185.979182149283588,6924972.625632621347904],[824151.465647716191597,6924896.356442655436695],[824151.418855018448085,6924896.253038949333131],[824138.202636589179747,6924867.047372122295201],[824125.515365484636277,6924839.01008263323456],[824097.832392650539987,6924776.138902442529798],[824094.684138448559679,6924768.082018673419952],[824019.990230715833604,6924611.25384598877281],[824012.108828539843671,6924602.741171197034419],[823978.162714048754424,6924573.143776731565595],[823947.758126800879836,6924553.954692874103785],[823919.025949010974728,6924535.820729437284172],[823863.632974066538736,6924503.484061142429709],[823820.385971695417538,6924485.648694989271462],[823759.93983542046044,6924480.765139878727496],[823717.582235177396797,6924485.171452540904284],[823664.370924040907994,6924497.501798811368644],[823650.054458773811348,6924502.287195583805442],[823608.663063896237873,6924520.267151228152215],[823564.119377998868003,6924543.435125545598567],[823528.79376081796363,6924556.796212570741773],[823495.150431863265112,6924565.588495932519436],[823458.35746674076654,6924564.91639550589025],[823434.757661875570193,6924561.946473357267678],[823421.994916732073762,6924547.083721198141575],[823418.024105824413709,6924530.105813165195286],[823429.128294450463727,6924502.468953540548682],[823459.866017134627327,6924467.279599470086396],[823532.195774905616418,6924411.638220730237663],[823568.76228907238692,6924394.276761333458126],[823652.303865404333919,6924370.331000664271414],[823680.18807390704751,6924362.338281599804759],[823725.082604859024286,6924352.607406903989613],[823804.561047481722198,6924335.42478156927973],[823911.78236670687329,6924306.608988395892084],[824083.413024479523301,6924249.375595794059336],[824088.840678179753013,6924247.950510012917221],[824174.135933141922578,6924225.555251378566027],[824306.611044731573202,6924215.620493839494884],[824347.177959444117732,6924214.605990580283105],[824373.936459447606467,6924210.230700078420341],[824482.413838380365632,6924177.27208343334496],[824543.254001368535683,6924123.312381695955992],[824551.751188035355881,6924116.307431379333138],[824581.520855700131506,6924091.768203028477728],[824613.680631160503253,6924064.608508706092834],[824637.494583783089183,6924041.029772551730275],[824655.332791596185416,6924015.813882286660373],[824672.734089599805884,6923976.274388306774199],[824703.584424463682808,6923906.148250760510564],[824735.633856217144057,6923815.71282843593508],[824761.025737318326719,6923754.506408972665668],[824777.476997702731751,6923723.986493573524058],[824792.211912977509201,6923703.222270662896335],[824837.482893010950647,6923660.535017241723835],[824878.55168142914772,6923638.092564891092479],[824955.83631095266901,6923608.917833193205297],[825048.172500470420346,6923578.568416770547628],[825125.50379548186902,6923547.134412257932127],[825169.591992683708668,6923524.003287426196039],[825213.731040136190131,6923498.614234415814281],[825240.512621606932953,6923476.609045057557523],[825278.087844160851091,6923442.035759131424129],[825332.732366989715956,6923382.982482122257352],[825395.066334275179543,6923315.813873196020722],[825414.402566854376346,6923290.629826608113945],[825454.527174613438547,6923242.556131113320589],[825475.391142500680871,6923213.145447957329452],[825483.990389126585796,6923201.025779566727579],[825521.97585248562973,6923147.631549988873303],[825575.626148534356616,6923065.20769224409014],[825600.530803226167336,6923025.83643364533782],[825625.700767074944451,6922974.421163692139089],[825639.54286178201437,6922943.740691616199911]]]}},
{"type":"Feature","properties":{"ID_con":2051,"bw_id":"DIN_SON_1290_1340","name":"Spundwand rechts oh Brücke","GEW":"DIN","stat_von":1290.0,"stat_bis":1340.0,"gew_seite":"R","gew_versat":7.0,"bauart":"Spundwand","baujahr":null,"upflicht":"NLWKN","KTR":"MBUVE00300","FSK":"033147007000010004__","bemerk":null,"beschreib":"Spundwände in Neuenhaus","beschreib_":null,"foto1":"https://nlwkn.hannit-share.de/index.php/core/preview?fileId=11068003&x=1280&y=819&a=true","foto2":"https://nlwkn.hannit-share.de/index.php/core/preview?fileId=11068006&x=1280&y=819&a=true","foto3":"https://nlwkn.hannit-share.de/index.php/core/preview?fileId=11068009&x=1280&y=819&a=true","foto4":null,"link1":null,"link2":null,"denkmal":"Nein","AIS_NR":0},"geometry":{"type":"MultiLineString","coordinates":[[[774872.675765618681908,6890434.310130890458822],[774869.009977220091969,6890423.177572810091078],[774859.420915197115391,6890355.487379791215062]]]}},
{"type":"Feature","properties":{"ID_con":1818,"bw_id":"VEC_SON_101845_101950","name":"Umgehungsgerinne Vechte Neuenhaus","GEW":"VEC","stat_von":101845.0,"stat_bis":101950.0,"gew_seite":"R","gew_versat":30.0,"bauart":"Umgehungsgerinne","baujahr":"2004","upflicht":"NLWKN","KTR":"MBGVE00200","FSK":"033146010000720015__","bemerk":null,"beschreib":"Umgehungsgerinne (Baujahr 2004) aus zwei Zügen für Sommer- und Winterstau am Vechtewehr Neuenhaus (Baukosten ca. 171.000 €)","beschreib_":"Umgehungsgerinne aus zwei Zügen für Sommer- und Winterstau am Vechtewehr Neuenhaus","foto1":"https://nlwkn.hannit-share.de/index.php/core/preview?fileId=11056301&x=1280&y=819&a=true","foto2":"https://nlwkn.hannit-share.de/index.php/core/preview?fileId=11056304&x=1280&y=819&a=true","foto3":"https://nlwkn.hannit-share.de/index.php/core/preview?fileId=11056307&x=1280&y=819&a=true","foto4":"https://nlwkn.hannit-share.de/index.php/core/preview?fileId=11056310&x=1280&y=819&a=true","link1":"https://nlwkn.hannit-share.de/index.php/core/preview?fileId=7732423&x=1280&y=819&a=true","link2":"https://nlwkn.hannit-share.de/index.php/core/preview?fileId=7732470&x=1280&y=819&a=true","denkmal":"Nein","AIS_NR":0},"geometry":{"type":"MultiLineString","coordinates":[[[775329.777389632654376,6892423.791100166738033],[775500.22787632024847,6892399.441066848114133]]]}},
{"type":"Feature","properties":{"ID_con":1061,"bw_id":"DIN_SON_478_9279","name":"Überschwemmungsgebiet Dinkel","GEW":"DIN","stat_von":478.0,"stat_bis":9279.0,"gew_seite":"M","gew_versat":0.0,"bauart":"Überschwemmungsgebiet","baujahr":null,"upflicht":"Landkreis Grafschaft Bentheim","KTR":null,"FSK":null,"bemerk":null,"beschreib":"Überschwemmungsgebiet Dinkel","beschreib_":null,"foto1":null,"foto2":null,"foto3":null,"foto4":null,"link1":null,"link2":null,"denkmal":"Nein","AIS_NR":0},"geometry":{"type":"MultiLineString","coordinates":[[[774964.875706374761648,6891704.629153135232627],[774955.206693350104615,6891656.637836848385632],[774938.643277212628163,6891574.418137013912201],[774905.945634295698255,6891423.943131414242089],[774876.124299988499843,6891273.550585530698299],[774870.212547663133591,6891245.012598473578691],[774859.977946789585985,6891182.694447214715183],[774857.315455209929496,6891123.955680475570261],[774858.059802930336446,6891097.529658771120012],[774863.771612034994178,6891064.993654603138566],[774879.651996621163562,6891012.069518325850368],[774892.056413539103232,6890980.043978384695947],[774893.099498434225097,6890977.350023353472352],[774952.833210028358735,6890831.904494483023882],[774963.188811048748903,6890804.791614181362092],[774978.331107060424984,6890760.982826760038733],[774984.440951735363342,6890731.345379849895835],[774987.757238634629175,6890698.743129902519286],[774985.240786304580979,6890668.860273122787476],[774977.50704139098525,6890636.908824762329459],[774967.721723501570523,6890609.706581282429397],[774953.912243087310344,6890589.120638662949204],[774934.569486828171648,6890560.686633954755962],[774903.995033981511369,6890522.317333365790546],[774884.544461644021794,6890497.727802727371454],[774875.767256142338738,6890478.051808862946928],[774872.814321704790927,6890471.430508700199425],[774857.792254327679984,6890425.810187042690814],[774855.647834630450234,6890412.020159107632935],[774848.846554359886795,6890367.829202220775187],[774845.381378332502209,6890320.613629375584424],[774848.813246541540138,6890266.86049522459507],[774858.819183122483082,6890218.10245846118778],[774883.201686946325935,6890169.753275942057371],[774913.966794046806172,6890133.121478307060897],[774942.395270850509405,6890103.496758820489049],[774943.612918659229763,6890102.227993386797607],[774995.436185321072116,6890067.155023426748812],[775020.81449744978454,6890051.526242113672197],[775032.896306899259798,6890050.178550477139652],[775068.922871073125862,6890046.155480317771435],[775102.924993985448964,6890038.807963782921433],[775120.069690562668256,6890035.102130507119],[775192.437104560318403,6890019.839598],[775198.489721243735403,6890019.065755813382566],[775254.044475735980086,6890011.965163372457027],[775295.687945625977591,6889997.75650146137923],[775332.754762639408,6889975.725790525786579],[775348.417779833078384,6889961.787029748782516],[775365.219115543412045,6889946.835327405482531],[775390.151082165888511,6889912.923816100694239],[775410.977059065480717,6889863.882746385410428],[775412.746425413526595,6889859.714238092303276],[775437.17840889422223,6889741.17405569087714],[775464.29459617822431,6889561.175062720663846],[775497.212944675702602,6889413.553102000616491],[775533.937100226874463,6889267.0023333132267],[775566.450518089230172,6889136.68834565859288],[775578.244753613951616,6889089.421177851967514],[775611.680890487041324,6889008.6412562597543],[775648.767026665969752,6888917.389428707771003],[775666.877383482409641,6888853.004191810265183],[775704.100937285926193,6888705.515842190943658],[775734.603271918953396,6888558.320252624340355],[775742.388969569932669,6888520.085222530178726],[775748.566843094071373,6888470.747435753233731],[775749.920909803360701,6888405.413509476929903],[775748.932691563968547,6888372.217518946155906],[775743.007934212568216,6888344.171484511345625],[775733.6872700212989,6888317.470774468965828],[775705.363575691590086,6888250.338598449714482],[775678.254213117877953,6888174.109328714199364],[775650.120086362236179,6888100.253939541988075],[775626.035100729437545,6888052.950255428440869],[775595.244499894091859,6888005.457528242841363],[775572.233788134763017,6887971.162321237847209],[775551.896610682015307,6887944.153479442931712],[775532.847438612254336,6887922.466359772719443],[775516.909368635970168,6887909.520294689573348],[775497.151147967088036,6887895.985115515999496],[775470.741376283462159,6887880.338429039344192],[775439.952618227573112,6887866.973246641457081],[775416.923702889820561,6887850.462225065566599],[775405.337892092182301,6887836.19492104370147],[775398.360723605030216,6887811.485477960668504],[775397.422183610964566,6887793.674317521043122],[775400.756285202805884,6887777.426280240528286],[775413.583131192484871,6887747.50779826939106],[775431.334304211195558,6887712.923044310882688],[775448.356772165629081,6887670.145924712531269],[775474.049826418980956,6887608.868443751707673],[775498.196950106066652,6887551.392071700654924],[775507.15084167313762,6887522.807453820481896],[775509.552128561888821,6887505.572619548998773],[775503.371015992946923,6887486.653176656924188],[775487.279189535067417,6887462.167283237911761],[775471.611776625388302,6887439.617298512719572],[775463.555371320690028,6887419.202691239304841],[775462.495235480368137,6887405.716128484345973],[775465.832669145427644,6887392.437745965085924],[775467.893364205257967,6887384.240506871603429],[775477.325207357993349,6887355.668365750461817],[775492.363442528760061,6887315.240611771121621],[775504.055874660960399,6887291.539336076937616],[775517.785364530747756,6887263.570178656838834],[775546.795884711784311,6887220.653766942210495],[775600.128964059753343,6887148.143725134432316],[775701.972766552353278,6887003.949441082775593],[775807.221498002065346,6886857.932176060043275],[775810.482566063059494,6886852.957893308252096],[775842.939069975866005,6886803.444012011401355],[775901.873289695940912,6886713.538003050722182],[775916.235258544329554,6886697.123012565076351],[775933.526163115515374,6886678.866857444867492],[775949.736319670919329,6886664.905373920686543],[775982.29998433298897,6886649.002850843593478],[776036.729406922473572,6886622.662185056135058],[776145.98303328990005,6886572.872368887998164],[776223.273531767190434,6886534.679731654934585],[776244.778501346125267,6886519.905896876007318],[776254.175715498742647,6886509.598054569214582],[776293.950963061186485,6886441.513247277587652],[776329.334038832224905,6886376.191549961455166],[776342.101241689408198,6886348.196963266469538],[776360.328891367302276,6886296.327947433106601],[776389.019927203655243,6886202.62207246851176],[776401.48700113245286,6886161.90283234603703],[776405.697492176783271,6886148.151126165874302],[776449.62686796777416,6885999.936320989392698],[776493.076725160935894,6885851.70888680499047],[776535.538649966241792,6885704.418744596652687],[776568.36009834613651,6885593.380741930566728],[776583.204918127739802,6885542.381777526810765],[776586.195078270160593,6885504.025689122267067],[776581.694887747056782,6885459.211633865721524],[776571.752266871626489,6885420.491126234643161],[776555.530468079727143,6885383.517760048620403],[776537.299616298521869,6885349.849973140284419],[776518.401228289585561,6885322.892717444337904],[776498.890859160106629,6885300.722302074544132],[776480.708950263215229,6885282.432523193769157],[776448.319955762010068,6885257.978724648244679],[776148.739500694326125,6885049.333316504955292],[776133.076752206892706,6885038.1318449517712],[776110.529222591314465,6885024.148306839168072],[776074.853042085305788,6884998.520609057508409],[776043.624173654592596,6884977.18291197437793],[775999.718051498872228,6884946.279760387726128],[775962.144690465065651,6884919.624399899505079],[775938.735921808169223,6884904.833102839998901],[775906.484114869381301,6884884.133013376034796],[775891.40100637730211,6884872.202038309536874],[775869.91098977427464,6884855.183417261578143],[775835.961784604471177,6884833.68498573731631],[775797.100335279712453,6884804.979447861202061],[775763.779392824275419,6884782.651109892874956],[775731.691827421425842,6884759.454173807054758],[775709.935834987089038,6884743.357272970490158],[775689.467471862910315,6884729.132823078893125],[775672.09024018177297,6884713.389222086407244],[775659.763275697943754,6884700.468371387571096],[775644.688312110025436,6884685.3004967328161],[775628.926217848202214,6884666.595373881980777],[775619.284754644730128,6884652.374006124213338],[775608.360273192869499,6884635.245755164884031],[775599.982390618533827,6884622.4674026761204],[775596.206320971250534,6884615.638977842405438],[775590.716350576258264,6884605.72918951138854],[775586.788720849901438,6884596.19174931012094],[775580.427268156665377,6884578.576395821757615],[775575.307327281218022,6884549.646343563683331],[775571.506958568934351,6884523.834412285126746],[775564.55261922464706,6884475.33969886507839],[775555.68824885727372,6884412.666460674256086],[775552.498993931687437,6884391.002574144862592],[775546.155434867367148,6884347.721793133765459],[775539.157905499567278,6884302.118662039749324],[775534.546493550995365,6884271.950910048559308],[775524.466430464410223,6884211.397848458960652],[775514.909434748929925,6884145.815171820111573],[775498.338033841573633,6884027.142775163054466],[775487.954639107803814,6883960.963577640242875],[775480.12630438641645,6883909.562090022489429],[775475.513230065698735,6883885.42077748849988],[775460.451044166111387,6883825.808846948668361],[775441.688118622987531,6883757.478393532335758],[775419.143605917459354,6883697.999242963269353],[775397.571905680699274,6883650.034411910921335],[775394.382378352689557,6883642.934310870245099],[775379.720087508438155,6883614.381946719251573],[775364.553004706394859,6883584.851286172866821],[775319.868847363977693,6883499.679140266031027],[775292.772973111015745,6883442.578707215376198],[775257.752526220632717,6883373.319134856574237],[775222.007644772646017,6883298.849034966900945],[775187.23236198106315,6883231.869738759472966],[775161.91490477102343,6883180.377547541633248],[775135.365181023254991,6883129.739098286256194],[775117.183438166161068,6883092.501083592884243],[775091.225921097793616,6883051.869484034366906],[775063.239830732345581,6883013.778253031894565],[775035.3562272003619,6882980.904756142757833],[775000.529091025353409,6882944.398425064049661],[774979.534304946428165,6882923.418526557274163],[774957.746478485292755,6882898.263905139639974],[774951.207243829150684,6882890.437446101568639],[774935.665729157626629,6882882.995083612389863],[774921.94322342495434,6882835.17845665011555],[774908.897247395478189,6882779.918755434453487],[774887.641955323517323,6882692.100019718520343],[774871.890247782110237,6882646.522439261898398],[774859.947375224204734,6882616.909973912872374],[774838.416467140545137,6882582.146779066883028],[774812.596572445821948,6882548.482152941636741],[774775.988372185267508,6882509.023545642383397],[774730.48549405252561,6882461.384755164384842],[774584.565585364121944,6882307.223404107615352],[774560.330214821966365,6882282.14295771624893],[774542.506402067141607,6882267.001394868828356],[774455.44364328449592,6882204.766670284792781],[774379.134052352514118,6882149.546273688785732],[774328.479902072926052,6882112.129126508720219],[774307.097159290104173,6882093.836083762347698],[774278.847802819218487,6882060.102799125947058],[774260.189199080108665,6882031.520810299552977],[774246.443856731755659,6882001.249492945149541],[774235.976604355149902,6881961.309391484595835],[774226.408927250886336,6881921.234048703685403],[774224.32071538164746,6881885.789000246673822],[774226.197128757485189,6881849.305814755149186],[774227.036190837854519,6881811.162978809326887],[774230.522357573616318,6881746.541059683077037],[774236.898622733424418,6881574.576934295706451],[774237.62342026992701,6881557.483278756961226],[774242.418383949203417,6881444.501622589305043],[774243.387419505859725,6881419.917648691684008],[774245.24788234103471,6881384.683744921348989],[774237.725369365885854,6881353.16952117998153],[774231.777197507210076,6881337.934053100645542],[774221.277477727970108,6881318.902262361720204],[774211.366633827914484,6881304.885763028636575],[774185.71353909606114,6881279.126852283254266],[774150.935833542491309,6881249.156014871783555],[774115.742876962176524,6881218.764589932747185],[774100.220507431426086,6881203.886243763379753],[774077.25545039086137,6881181.884039772674441],[774043.144868855946697,6881144.20681775175035],[774004.531588591402397,6881092.735657448880374],[773945.483072466333397,6881014.913711030967534],[773897.769947209046222,6880953.601272325962782],[773823.660628018551506,6880854.640793533064425],[773787.326254024519585,6880804.436749182641506],[773776.191797577776015,6880789.386214056052268],[773753.527297051157802,6880750.293173835612833],[773727.616000806447119,6880697.015890448354185],[773711.761818920727819,6880669.208143759518862],[773680.78166144550778,6880631.326978799887002],[773630.743987509631552,6880576.052433739416301],[773602.021365435677581,6880544.230135968886316],[773585.492893242510036,6880524.770149399526417],[773572.478479983983561,6880508.660063675604761],[773562.810634145746008,6880490.470274935476482],[773555.228487482876517,6880469.168665902689099],[773552.623172377818264,6880452.693306720815599],[773554.085062546422705,6880414.351650947704911],[773555.339179130620323,6880378.950637321919203],[773558.895876998896711,6880300.552860631607473],[773563.784683206118643,6880207.826547313481569],[773565.718126715510152,6880166.242992243729532],[773567.117277079029009,6880136.12909148260951],[773567.40958123607561,6880126.43698625639081],[773568.131598485517316,6880102.373682604171336],[773567.895676462096162,6880090.980890974402428],[773566.670265196822584,6880032.118040651082993],[773567.172147116973065,6880016.702094639651477],[773562.535741852363572,6879990.193738825619221],[773556.027964597102255,6879965.777468604035676],[773517.422984529170208,6879878.059855042956769],[773479.022860866039991,6879790.946007263846695],[773450.465958879212849,6879729.108434746041894],[773418.214515339815989,6879657.671233099885285],[773410.831980868591927,6879641.389653112739325],[773401.402790135005489,6879616.324971309863031],[773389.748206757474691,6879581.457796837203205],[773376.669043955975212,6879540.127865976653993],[773368.061740233097225,6879517.791730798780918],[773373.478660965920426,6879468.701298634521663]]]}},
{"type":"Feature","properties":{"ID_con":1813,"bw_id":"VEC_SON_143500_143600","name":"Sohlgleite Ohne","GEW":"VEC","stat_von":143500.0,"stat_bis":143600.0,"gew_seite":"M","gew_versat":0.0,"bauart":"Riegelfischpass (Sohlgleite)","baujahr":"2009","upflicht":"NLWKN","KTR":"MBNVE00100","FSK":"034213003001000056__","bemerk":null,"beschreib":"Umbau Kulturstau \"Ohne\" zur Sohlgleite (Kosten ca. 55.915 €)","beschreib_":null,"foto1":"https://nlwkn.hannit-share.de/index.php/core/preview?fileId=11057501&x=1280&y=819&a=true","foto2":"https://nlwkn.hannit-share.de/index.php/core/preview?fileId=11057504&x=1280&y=819&a=true","foto3":"https://nlwkn.hannit-share.de/index.php/core/preview?fileId=11057507&x=1280&y=819&a=true","foto4":"https://nlwkn.hannit-share.de/index.php/core/preview?fileId=11057510&x=1280&y=819&a=true","link1":null,"link2":null,"denkmal":"Nein","AIS_NR":0},"geometry":{"type":"MultiLineString","coordinates":[[[811196.909663788625039,6849482.086648828350008],[811256.828363631269895,6849446.860951240174472],[811334.055450059473515,6849398.443797037005424],[811336.235181445255876,6849397.077665864489973]]]}},
{"type":"Feature","properties":{"ID_con":1338,"bw_id":"VEC_SON_86140_86340","name":"Biotop (GB-NOH 3307/004)","GEW":"VEC","stat_von":86140.0,"stat_bis":86340.0,"gew_seite":"L","gew_versat":-50.0,"bauart":"Biotop","baujahr":null,"upflicht":"Landkreis Grafschaft Bentheim","KTR":null,"FSK":"033129011000340003__","bemerk":null,"beschreib":"Biotop (GB-NOH 3307/004) linksseitig in der Gemeinde Emlichheim mit Verbindung zur Böschungsoberkante der Vechte","beschreib_":null,"foto1":null,"foto2":null,"foto3":null,"foto4":null,"link1":null,"link2":null,"denkmal":"Nein","AIS_NR":0},"geometry":{"type":"MultiLineString","coordinates":[[[765828.688339692191221,6910383.541280847042799],[766001.781671950244345,6910264.903457663953304],[766057.865457711275667,6910192.444371359422803]]]}},
{"type":"Feature","properties":{"ID_con":2197,"bw_id":"VEC_SON_134350_134545","name":"Gehölzanpflanzung ASV Schüttorf","GEW":"VEC","stat_von":134350.0,"stat_bis":134545.0,"gew_seite":"L","gew_versat":-10.0,"bauart":"Gehölzanpflanzung","baujahr":"2022","upflicht":"ASV Schüttorf / NLWKN","KTR":null,"FSK":"034210002001550064__","bemerk":"13 Schwarzerlen","beschreib":"Gehölzanpflanzung durch ASV Schüttorf","beschreib_":null,"foto1":null,"foto2":null,"foto3":null,"foto4":null,"link1":null,"link2":null,"denkmal":"Nein","AIS_NR":0},"geometry":{"type":"MultiLineString","coordinates":[[[803660.693980379379354,6860280.18622967787087],[803696.461341146379709,6860228.384037806652486],[803705.812373618362471,6860199.317952358163893],[803710.806321929674596,6860166.881948100402951],[803707.325338754802942,6860126.41149371303618],[803693.269686059677042,6860060.058903816156089],[803671.397135432809591,6859994.560637544840574]]]}},
{"type":"Feature","properties":{"ID_con":1128,"bw_id":"HAS_SON_39510_42295","name":"Landschaftsschutzgebiet Natura 2000-Untere Haseniederung","GEW":"HAS","stat_von":39510.0,"stat_bis":42295.0,"gew_seite":"M","gew_versat":0.0,"bauart":"Landschaftsschutzgebiet","baujahr":null,"upflicht":"Lankreis Emsland","KTR":null,"FSK":"033209004000630043__","bemerk":null,"beschreib":"Landschaftsschutzgebiet Natura 2000-Untere Haseniederung","beschreib_":"Landschaftsschutzgebiet Natura 2000-Untere Haseniederung","foto1":null,"foto2":null,"foto3":null,"foto4":"https://nlwkn.hannit-share.de/index.php/core/preview?fileId=11065609&x=1280&y=819&a=true","link1":null,"link2":null,"denkmal":"Nein","AIS_NR":0},"geometry":{"type":"MultiLineString","coordinates":[[[838153.367811976466328,6923076.24463270790875],[838297.555940470658243,6923156.797675323672593],[838374.927081341855228,6923194.531447198241949],[838420.23566663893871,6923220.31239081081003],[838462.508017349406146,6923247.537694660946727],[838498.023533728439361,6923274.625026326626539],[838548.314340173848905,6923314.065436911769211],[838585.882439800072461,6923350.985558393411338],[838624.095857496839017,6923393.192484083585441],[838655.535662602400407,6923436.013786975294352],[838666.141305682016537,6923451.233962000347674],[838681.089369313209318,6923472.689174134284258],[838702.857979456195608,6923510.793879077769816],[838775.740152974263765,6923630.726664227433503],[838782.113243929226883,6923641.212568016722798],[838844.735527363605797,6923739.657698300667107],[839017.284157207235694,6924012.837547776289284],[839252.341374760842882,6924391.251118249259889],[839290.213266528444365,6924450.777601698413491],[839310.422650960856117,6924491.868765581399202],[839325.178584028617479,6924542.640259712934494],[839333.877951954607852,6924595.549928657710552],[839334.482492096489295,6924640.009475033730268],[839328.479384099482559,6924676.799676671624184],[839314.24266747420188,6924711.917845853604376],[839283.942196781747043,6924761.023055121302605],[839254.406927003758028,6924809.391325434669852],[839230.867484594811685,6924858.634232239797711],[839219.006299753091298,6924887.774188295006752],[839214.853524559410289,6924907.276245379820466],[839212.650472678826191,6924941.885455756448209],[839216.030852262396365,6924997.703471373766661],[839228.06997613015119,6925034.110926968045533],[839250.626187866320834,6925070.730729012750089],[839279.299178877845407,6925102.201876489445567],[839304.475825199508108,6925120.793457716703415],[839324.651867406792007,6925126.477817502804101],[839354.669097608071752,6925128.594248562119901],[839387.753873702720739,6925127.75922619458288],[839420.191374757792801,6925121.636147336103022],[839461.812588507193141,6925107.414487016387284],[839534.567767848260701,6925077.247694928199053],[839599.778011663933285,6925048.435828373767436],[839815.411588029470295,6924939.046950637362897],[839992.319247944978997,6924849.210926789790392],[840032.924858973245136,6924829.295422798022628],[840097.05849949165713,6924797.839845471084118],[840149.358529311022721,6924775.543120079673827],[840191.711916694534011,6924762.085614717565477],[840260.341385340318084,6924749.911078786477447],[840337.204387853154913,6924739.410428854636848],[840378.595140116056427,6924736.478109433315694],[840501.339121266268194,6924723.886523951776326],[840760.044120748294517,6924714.032677853479981],[841032.407420150469989,6924697.664002672769129],[841148.298047812655568,6924689.444893445819616],[841248.585691028507426,6924682.785634837113321]]]}},
{"type":"Feature","properties":{"ID_con":1219,"bw_id":"SNK_SON_14420_41340","name":"Biotop (G. Nr. 3308042) von landesweiter Bedeutung","GEW":"SNK","stat_von":14420.0,"stat_bis":41340.0,"gew_seite":"M","gew_versat":0.0,"bauart":"Biotop","baujahr":null,"upflicht":"Landkreis Grafschaft Bentheim","KTR":null,"FSK":null,"bemerk":"Abzweig Piccardie-Coevorden-Kanal bis zur K 226 (zwischen Fehndorf und Altenberge)","beschreib":null,"beschreib_":null,"foto1":"https://nlwkn.hannit-share.de/index.php/core/preview?fileId=11059973&x=1280&y=819&a=true","foto2":null,"foto3":null,"foto4":null,"link1":null,"link2":null,"denkmal":"Nein","AIS_NR":0},"geometry":{"type":"MultiLineString","coordinates":[[[787031.471156493760645,6903864.600545058958232],[787036.477228800882585,6903874.080333365127444],[787044.405309767695144,6903886.077803156338632],[787047.611307051149197,6903901.9308046316728],[787050.907247135764919,6903934.91623143479228],[787048.907041751896031,6904052.553516743704677],[787045.343649171176367,6904260.981377310119569],[787043.690752418129705,6904356.610621989704669],[787037.654687658534385,6904704.06587300170213],[787032.461573195410892,6905099.62721446249634],[787025.23950790532399,6905372.58779011759907],[787024.402366438531317,6905644.325987773947418],[787022.833332844777033,6905705.775284550152719],[787018.272484282264486,6905925.636326985433698],[787002.152864745468833,6906867.794704389758408],[786998.47860271926038,6907005.65406621992588],[786986.860531742568128,6907637.664489128626883],[786971.222604936687276,6908326.6015066197142],[786970.208271419163793,6908356.788185693323612],[786969.27144893980585,6908384.552576885558665],[786958.761670653591864,6908859.726206478662789],[786957.570072238449939,6908890.262755706906319],[786956.368842452066019,6908921.227272273041308],[786956.565518397372216,6908948.879019596613944],[786959.528206206741743,6908984.75707199331373],[786969.006846791715361,6909019.054227543994784],[786986.295051881112158,6909060.385480684228241],[787002.401889780187048,6909085.165183702483773],[787024.123709492385387,6909111.902524295262992],[787087.709185263491236,6909171.979154027998447],[787166.532119638752192,6909245.696779420599341],[787300.043908078921959,6909375.178674309514463],[787407.452616719063371,6909477.210748184472322],[787556.847663490101695,6909620.142664092592895],[787672.472337520332076,6909728.360764578916132],[787824.98683299543336,6909872.742856184951961],[788150.206035267678089,6910176.787342037074268],[788680.929005671408959,6910673.599774168804288],[788849.910199868027121,6910832.047399409115314],[788910.665830624639057,6910888.919836746528745],[788954.568244313122705,6910932.176377003081143],[788993.477200238616206,6910976.529381522908807],[789009.554863589466549,6910995.396879492327571],[789036.49195527320262,6911030.458779958076775],[789064.234733940684237,6911066.578761674463749],[789123.269235461484641,6911153.000230759382248],[789208.209440282196738,6911277.861412571743131],[789275.818869099137373,6911384.484917494468391],[789304.889216924202628,6911426.74703582841903],[789325.717011635540985,6911455.378360001370311],[789346.543750282260589,6911483.993053250946105],[789571.994698094087653,6911790.19737000297755],[789898.487102563492954,6912252.005406234413385],[790026.628195754950866,6912434.034880835562944],[790049.721622152603231,6912479.5232012597844],[790109.510254746652208,6912666.028487921692431],[790127.332787117455155,6912736.643283555284142],[790127.828681210521609,6912772.524305954575539],[790136.381856871768832,6913380.427481899037957],[790136.922711511841044,6913419.228047883138061],[790137.27122934255749,6913444.28687306959182],[790138.43708130333107,6913526.321298070251942],[790138.458347672014497,6913548.255101710557938],[790138.475652538822033,6913567.784103343263268],[790138.531577951391228,6913619.083972691558301],[790143.029296488850378,6914036.955000865273178],[790145.239192230626941,6914353.143026945181191],[790146.03924725856632,6914465.154897476546466],[790147.434045420493931,6914567.373045738786459],[790150.60092018940486,6914799.717139164917171],[790151.170223106979392,6914826.261320700868964],[790151.555843741167337,6914844.105460784398019],[790150.523203365737572,6915030.208477782085538],[790153.052135522128083,6915295.942368253134191],[790154.376547502703033,6915516.024998822249472],[790153.844020748743787,6915605.326973873190582],[790156.867180769564584,6915912.166232219897211],[790159.554574299021624,6916088.841663608327508],[790159.828901071101427,6916106.855360380373895],[790160.138678637216799,6916127.209580790251493],[790163.541009348584339,6916352.97203238401562],[790164.578130657784641,6916509.815479869954288],[790168.036849147290923,6916677.705084159970284],[790167.140351978014223,6916775.465308024547994],[790170.063730925205164,6916981.76546666584909],[790172.280940055614337,6917114.466843019239604],[790175.545657091890462,6917240.427750666625798],[790176.279909295146354,6917371.920142131857574],[790179.752064234693535,6917505.004077875055373],[790181.47661723033525,6917536.171775579452515],[790177.810518599231727,6917563.849591119214892],[790175.711825114442036,6917581.099736887961626],[790178.325861788121983,6917606.714583912864327],[790184.126575161004439,6917624.86963415145874],[790184.341330928145908,6917640.151265086606145],[790184.943596116849221,6917731.600964243523777],[790184.297807293827645,6917770.143747153691947],[790184.186791796470061,6917776.923163942061365],[790184.846973106032237,6917785.718240240588784],[790185.02828233409673,6917812.771376994438469],[790183.53213592490647,6917833.372452418319881],[790182.223795890924521,6917859.840626406483352],[790181.090948680881411,6917878.324022754095495],[790179.297867320710793,6917895.583092973567545],[790174.284134540357627,6917923.838348277844489],[790151.438081833766773,6918056.888251299969852],[790117.71561210823711,6918246.897307470440865],[790113.451072323601693,6918272.602619920857251],[790109.774817230529152,6918293.715988709591329],[790102.468373111099936,6918335.678660238161683],[790010.688260532100685,6918854.420170454308391],[789995.173563755000941,6918938.594626697711647],[789978.657009499846026,6919022.009522248990834],[789959.653948361054063,6919118.111614591442049],[789936.969715203857049,6919233.022993048653007],[789929.471168048679829,6919277.531855350360274],[789920.357507928507403,6919331.696158121339977],[789857.771696762763895,6919696.544619016349316],[789805.299497080734,6919999.537492993287742],[789797.318237150204368,6920045.01404579076916],[789780.81626244133804,6920139.259466081857681],[789747.644280630280264,6920340.819397591985762],[789744.286808636737987,6920359.195142894983292],[789741.159172856830992,6920376.39599076192826],[789703.566619499237277,6920592.510792720131576],[789698.203358153579757,6920669.636301612481475],[789695.354726890102029,6920711.871156701818109],[789695.594871261506341,6920732.023935291916132],[789695.888860167236999,6920756.810295871458948],[789698.987493737717159,6920788.680283629335463],[789723.171786612016149,6921149.78005506657064],[789731.92629386333283,6921262.770302490331233],[789743.686137423734181,6921414.318278191611171],[789772.783463496598415,6921802.885423242114484],[789811.707463829545304,6922324.969580464996397],[789814.129849138553254,6922354.380947770550847],[789816.471675912151113,6922389.467817429453135],[789840.666528925066814,6922752.882909056730568],[789851.026865724124946,6922908.487375817261636],[789911.162266373983584,6923750.240194015204906],[789911.303258540341631,6923757.382616804912686],[789911.49423402629327,6923765.564603351056576],[789930.440589182428084,6924040.838420379906893],[789943.073242488433607,6924224.419456319883466],[789963.514693660312332,6924521.074540034867823],[789983.046115135075524,6924790.226798849180341],[790014.501285943202674,6925202.504246569238603],[790027.720925957197323,6925375.705686616711318],[790029.938799863215536,6925411.138838784769177],[790032.735065872315317,6925443.426714019849896],[790086.126092959544621,6926287.592755435034633],[790088.029278232599609,6926321.861284591257572],[790089.550722067127936,6926349.369751221500337],[790094.267439925693907,6926403.982609180733562],[790099.461128805880435,6926460.683311924338341],[790101.994578185607679,6926496.2814896479249],[790104.300287137390114,6926528.714264230802655],[790127.241847303579561,6926867.670629242435098],[790163.301968597108498,6927405.145351302810013],[790184.941716856206767,6927742.707001787610352],[790205.283497664961033,6928053.259555803611875],[790207.826862179790623,6928085.150015541352332],[790209.8624748934526,6928110.609244982711971],[790223.484488601563498,6928303.249485359527171],[790237.002530572353862,6928505.174380178563297],[790248.947737544775009,6928655.69824259262532],[790258.098799346364103,6928780.72506832703948],[790259.554763965075836,6928800.565241779200733],[790271.280305241583847,6928993.944421453401446],[790281.834788507083431,6929126.700527775101364],[790300.248900343081914,6929414.036733750253916],[790303.37792902381625,6929451.86809139419347],[790305.815802647732198,6929481.039840784855187],[790387.090621229493991,6930712.244722643867135],[790400.846613088506274,6930920.617968427948654],[790403.186718656099401,6930966.064662679098547],[790404.64418920839671,6930994.581572777591646],[790413.610742158023641,6931124.452727729454637],[790418.544237729394808,6931214.552789484150708],[790420.58330715529155,6931338.456438819877803],[790421.099421703373082,6931370.127867795526981],[790427.381985111511312,6931751.478251779451966],[790428.17071665963158,6931803.230095977894962],[790428.786885195528157,6931843.57165521197021],[790431.916167682502419,6932069.100877674296498],[790438.955106259556487,6932567.636012406088412],[790439.220473758992739,6932586.482679719105363],[790509.188554425956681,6933732.390970950014889],[790511.623576203361154,6933807.623275113292038],[790512.895611458458006,6933846.676952003501356],[790596.536685421247967,6935387.641206973232329],[790599.600282191880979,6935430.557497324422002],[790661.405430683051236,6935829.837225714698434],[790713.70390088413842,6936167.642142866738141],[790724.633356822654605,6936206.393796999007463],[790725.849421285558492,6936221.165158255957067],[790726.921988817863166,6936234.237004775553942],[790721.560016797389835,6936266.248478075489402],[790731.015741637325846,6936371.309197422116995],[790739.203428919543512,6936457.071207678876817],[790746.572345814667642,6936513.130829356610775],[790867.331086833146401,6937948.323279468342662],[790934.650993162533268,6938684.819186758249998],[790944.605809895321727,6938800.500438177958131],[791053.863660172559321,6940069.925285389646888],[791057.097352820914239,6940116.219064532779157],[791059.425232788198628,6940149.697409125976264],[791185.072060470352881,6941854.205083878710866],[791190.283170159440488,6941924.921825338155031],[791211.816088882042095,6942217.114044210873544],[791218.622432241681963,6942264.903714179992676],[791223.669870092067868,6942300.301641212776303],[791249.238093631691299,6942693.894484348595142],[791272.565325867850333,6943053.057142806239426],[791300.194673373596743,6943478.431112094782293],[791337.725744144176133,6944055.9262885292992],[791341.117324119666591,6944097.146652863360941],[791343.409929566434585,6944125.017164004035294],[791426.665990623412654,6945266.547087064012885],[791434.402692867210135,6945396.948551605455577],[791440.538255197694525,6945479.180773506872356],[791445.505761587293819,6945545.648782931268215],[791451.64742314547766,6945644.345119004137814],[791455.152148258988746,6945700.445638958364725],[791470.715206021443009,6945881.312954710796475],[791477.356756763532758,6945985.649513223208487],[791477.900254168198444,6946072.309195175766945],[791467.905708349077031,6946138.1696248780936],[791455.582963917404413,6946179.42847506981343],[791433.402748449705541,6946228.897111209109426],[791413.710181473055854,6946265.323804217390716],[791389.843172776163556,6946302.807194444350898],[791372.042430702713318,6946329.143107181414962],[791354.433901122887619,6946349.784922948107123],[791314.193789387820289,6946394.886174103245139],[791293.319796071620658,6946418.986690972931683],[791262.018609090708196,6946455.129399868659675],[791238.189262291765772,6946482.25312677398324],[791211.503842090140097,6946512.649333426728845],[791174.62792881950736,6946556.689467528834939],[791138.789400758920237,6946597.352919228374958],[791116.169874213635921,6946628.09992697276175],[791100.668211831245571,6946655.906876064836979],[791090.622962952475064,6946684.324643635191023],[791087.517446887330152,6946709.988065090961754],[791088.387826680438593,6946732.297868020832539],[791092.19337054726202,6946755.421455664560199],[791101.666773600620218,6946778.972703196108341],[791113.023238101624884,6946800.407376018352807],[791126.629895345773548,6946825.645920318551362]]]}},
{"type":"Feature","properties":{"ID_con":1289,"bw_id":"VEC_SON_115370_115400","name":"Unterhaltungserschwernis Vechtearkaden","GEW":"VEC","stat_von":115370.0,"stat_bis":115400.0,"gew_seite":"L","gew_versat":-14.0,"bauart":"Unterhaltungserschwernis","baujahr":null,"upflicht":"Stadt Nordhorn","KTR":null,"FSK":"033151013000160008__","bemerk":null,"beschreib":"Unterhaltungserschwernis Vechtearkaden","beschreib_":"Unterhaltungserschwernis Vechtearkaden","foto1":null,"foto2":null,"foto3":null,"foto4":null,"link1":null,"link2":null,"denkmal":"Nein","AIS_NR":0},"geometry":{"type":"MultiLineString","coordinates":[[[787365.334062406560406,6879329.447933706454933],[787379.799291636329144,6879282.404671221040189]]]}},
{"type":"Feature","properties":{"ID_con":1114,"bw_id":"HAS_SON_24800_24890","name":"Überlaufschwelle Bückelte","GEW":"HAS","stat_von":24800.0,"stat_bis":24890.0,"gew_seite":"R","gew_versat":20.0,"bauart":"Überlaufschwelle","baujahr":null,"upflicht":"NLWKN","KTR":"MAAHA00100","FSK":"033226001000370031__","bemerk":null,"beschreib":"Überlaufschwelle Bückelte","beschreib_":"Überlaufschwelle Bückelte","foto1":"https://nlwkn.hannit-share.de/index.php/core/preview?fileId=11065303&x=1280&y=819&a=true","foto2":null,"foto3":null,"foto4":null,"link1":null,"link2":null,"denkmal":"Nein","AIS_NR":0},"geometry":{"type":"MultiLineString","coordinates":[[[827764.742774987476878,6920372.794913820922375],[827816.917639741790481,6920362.964535186998546],[827871.060337568051182,6920326.423613458871841],[827905.286335376324132,6920289.337274515070021]]]}},
{"type":"Feature","properties":{"ID_con":2533,"bw_id":"EVK_SON_16450_16590","name":"Rawe - Anleger","GEW":"EVK","stat_von":16450.0,"stat_bis":16590.0,"gew_seite":"R","gew_versat":-7.0,"bauart":"Spundwand - Anleger","baujahr":null,"upflicht":"Stadt Nordhorn","KTR":null,"FSK":"033151068002430007__","bemerk":null,"beschreib":"Der Anleger wird von der Stadt Nordhorn betrieben und unterhalten. Die Verkehrssicherung übernimmt die Stadt Nordhorn. Der jederzeitige Zugang und die Nutzung des Anlegers zum Zwecke der Gewässerunterhaltung durch den NLWKN sind sicher zu stellen.","beschreib_":"Der Anleger wird von der Stadt Nordhorn betrieben und unterhalten. Die Verkehrssicherung übernimmt die Stadt Nordhorn. Der jederzeitige Zugang und die Nutzung des Anlegers zum Zwecke der Gewässerunterhaltung durch den NLWKN sind sicher zu stellen.","foto1":"https://nlwkn.hannit-share.de/index.php/core/preview?fileId=11067187&x=1280&y=819&a=true","foto2":"https://nlwkn.hannit-share.de/index.php/core/preview?fileId=11067190&x=1280&y=819&a=true","foto3":"https://nlwkn.hannit-share.de/index.php/core/preview?fileId=11067193&x=1280&y=819&a=true","foto4":"https://nlwkn.hannit-share.de/index.php/core/preview?fileId=12385538&x=1280&y=819&a=true","link1":null,"link2":null,"denkmal":"Nein","AIS_NR":0},"geometry":{"type":"MultiLineString","coordinates":[[[788872.799105917452835,6880116.150525721721351],[788762.377137370407581,6880127.784590455703437],[788643.915714424219914,6880135.116348769515753]]]}},
{"type":"Feature","properties":{"ID_con":2679,"bw_id":"VEC_SON_137580_138500","name":"ausgebauter Weg (zwei Fahrspuren)","GEW":"VEC","stat_von":137580.0,"stat_bis":138500.0,"gew_seite":"R","gew_versat":15.0,"bauart":"ausgebauter Weg (zwei Fahrspuren)","baujahr":null,"upflicht":"Gemeinde Samern","KTR":null,"FSK":"03421201900135______","bemerk":null,"beschreib":"ausgebauter Weg (zwei Fahrspuren) rechts","beschreib_":null,"foto1":null,"foto2":null,"foto3":null,"foto4":null,"link1":null,"link2":null,"denkmal":"Nein","AIS_NR":0},"geometry":{"type":"MultiLineString","coordinates":[[[805123.682122211670503,6855848.580515757203102],[805151.654625922441483,6855586.580660853534937],[805193.494216421502642,6855424.296020418405533],[805206.079407846438698,6855390.747771243564785],[805247.299276149598882,6855322.938947939313948],[805286.876969767501578,6855271.771020687185228],[805327.440487855812535,6855233.450049063190818],[805362.822978660580702,6855206.566369162872434],[805415.611340090632439,6855175.451504996977746],[805554.793205383815803,6855120.858370402827859],[805985.362410147092305,6855025.691561899147928],[806090.29958770936355,6854983.145429705269635]]]}},
{"type":"Feature","properties":{"ID_con":1081,"bw_id":"EVK_SON_9450_10650","name":"Naturschutzgebiet (NSG WE 00188, Engdener Wüste/ Heseper Moor (Nordhorn Range)","GEW":"EVK","stat_von":9450.0,"stat_bis":10650.0,"gew_seite":"L","gew_versat":35.0,"bauart":"Naturschutzgebiet","baujahr":null,"upflicht":"Landkreis Grafschaft Bentheim","KTR":null,"FSK":"03315200100010______","bemerk":"Das 1.012 Hektar große Schutzgebiet liegt vollständig innerhalb der Grenzen des Luft-Boden-Schießplatzes ”Nordhorn Range” und beinhaltet unter anderem den größten Sandheidekomplex im westlichen Niedersachsen, ergänzt um Birkenbruchwald-Bereiche","beschreib":"Naturschutzgebiet (NSG WE 00188, Engdener Wüste/ Heseper Moor (Nordhorn Range)","beschreib_":null,"foto1":null,"foto2":null,"foto3":null,"foto4":null,"link1":null,"link2":null,"denkmal":"Nein","AIS_NR":0},"geometry":{"type":"MultiLineString","coordinates":[[[799458.766363358939998,6880809.509682302363217],[797546.880274173920043,6880355.123656512238085]]]}},
{"type":"Feature","properties":{"ID_con":2553,"bw_id":"VEC_SON_111100_111480","name":"Gehölzanpflanzung Biograf","GEW":"VEC","stat_von":111100.0,"stat_bis":111480.0,"gew_seite":"R","gew_versat":10.0,"bauart":"Gehölzanpflanzung","baujahr":"2022/2023","upflicht":"NLWKN, BioGraf","KTR":null,"FSK":"033129016002350003__","bemerk":null,"beschreib":"Gehölzanpflanzung Frenswegen zw. alter u. neuer B 403, im Zuge des BioGraf - Projektes der Naturschutzstiftung Landkreis Grafschaft Bentheim.","beschreib_":"Gehölzanpflanzung Frenswegen zw. alter u. neuer B 403 im Zuge des BioGraf - Projektes der Naturschutzstiftung Landkreis Grafschaft Bentheim.\r\nZu bepflanzende Streckenabschnitte resultieren aus der NLWKN-Maßnahmenkarte für Gehölzanpflanzungen an Vecht","foto1":"https://nlwkn.hannit-share.de/index.php/core/preview?fileId=11056529&x=1280&y=819&a=true","foto2":null,"foto3":null,"foto4":null,"link1":null,"link2":null,"denkmal":"Nein","AIS_NR":0},"geometry":{"type":"MultiLineString","coordinates":[[[784176.079558218712918,6883697.078493342734873],[784217.994284177082591,6883634.8971456149593],[784243.035628151264973,6883582.685166666284204],[784261.929120150161907,6883530.093430816195905],[784278.502300661755726,6883465.068580494262278],[784283.920524680288509,6883386.104816410690546],[784280.460128967650235,6883330.857279897667468],[784270.045881655649282,6883272.070327548310161],[784258.808942292118445,6883230.667992274276912],[784205.403407061938196,6883124.532542870379984],[784189.217111357720569,6883098.437486430630088]]]}},
{"type":"Feature","properties":{"ID_con":1166,"bw_id":"HRK_SON_1820_1835","name":"Anlegehilfe oberhalb Reinersbrücke","GEW":"HRK","stat_von":1820.0,"stat_bis":1835.0,"gew_seite":"R","gew_versat":5.0,"bauart":"Anlegehilfe","baujahr":null,"upflicht":"NLWKN","KTR":null,"FSK":"033103014000020002__","bemerk":null,"beschreib":"Anlegehilfe oh Reinersbrücke rechts","beschreib_":"Anlegehilfe oh Reinersbrücke rechts","foto1":"https://nlwkn.hannit-share.de/index.php/core/preview?fileId=11063134&x=1280&y=819&a=true","foto2":null,"foto3":null,"foto4":null,"link1":null,"link2":null,"denkmal":"Nein","AIS_NR":0},"geometry":{"type":"MultiLineString","coordinates":[[[804331.488107449724339,6945173.273866298608482],[804309.134847472072579,6945183.948154462501407]]]}},
{"type":"Feature","properties":{"ID_con":1265,"bw_id":"SNK_SON_45100_45460","name":"Gemeindestraße Peterdose Ost","GEW":"SNK","stat_von":45100.0,"stat_bis":45460.0,"gew_seite":"R","gew_versat":-17.0,"bauart":"Straße","baujahr":null,"upflicht":null,"KTR":null,"FSK":"03172602100170______","bemerk":null,"beschreib":null,"beschreib_":null,"foto1":"https://nlwkn.hannit-share.de/index.php/core/preview?fileId=11060369&x=1280&y=819&a=true","foto2":"https://nlwkn.hannit-share.de/index.php/core/preview?fileId=11060351&x=1280&y=819&a=true","foto3":"https://nlwkn.hannit-share.de/index.php/core/preview?fileId=11060375&x=1280&y=819&a=true","foto4":null,"link1":null,"link2":null,"denkmal":"Nein","AIS_NR":0},"geometry":{"type":"MultiLineString","coordinates":[[[792755.893513434682973,6952483.638378950767219],[792633.848857139819302,6952953.175298180431128],[792630.079414303414524,6952984.616247367113829],[792638.426695226575248,6953052.550856816582382]]]}},
{"type":"Feature","properties":{"ID_con":2198,"bw_id":"VEC_SON_134000_134200","name":"Gehölzanpflanzung ASV Schüttorf","GEW":"VEC","stat_von":134000.0,"stat_bis":134200.0,"gew_seite":"L","gew_versat":-8.0,"bauart":"Gehölzanpflanzung","baujahr":"2022","upflicht":"ASV Schüttorf / NLWKN","KTR":null,"FSK":"034210002001130004__","bemerk":"15 Schwarzerlen","beschreib":"Gehölzanpflanzung durch ASV Schüttorf","beschreib_":null,"foto1":null,"foto2":null,"foto3":null,"foto4":null,"link1":null,"link2":null,"denkmal":"Nein","AIS_NR":0},"geometry":{"type":"MultiLineString","coordinates":[[[803160.791903538862243,6860496.983169530518353],[803215.98381456208881,6860477.263212160207331],[803254.505534985451959,6860467.677170962095261],[803480.1275038610911,6860421.843902395106852]]]}},
{"type":"Feature","properties":{"ID_con":1226,"bw_id":"SNK_SON_17500_17620","name":"Kanalaufweitung Georgsdorf","GEW":"SNK","stat_von":17500.0,"stat_bis":17620.0,"gew_seite":"L","gew_versat":10.0,"bauart":"Kanalaufweitung","baujahr":null,"upflicht":"NLWKN","KTR":null,"FSK":"033121003000010062__","bemerk":null,"beschreib":"Kanalaufweitung Georgsdorf","beschreib_":"Kanalaufweitung Georgsdorf","foto1":"https://nlwkn.hannit-share.de/index.php/core/preview?fileId=11059985&x=1280&y=819&a=true","foto2":"https://nlwkn.hannit-share.de/index.php/core/preview?fileId=11059988&x=1280&y=819&a=true","foto3":"https://nlwkn.hannit-share.de/index.php/core/preview?fileId=11059991&x=1280&y=819&a=true","foto4":"https://nlwkn.hannit-share.de/index.php/core/preview?fileId=11059994&x=1280&y=819&a=true","link1":null,"link2":null,"denkmal":"Nein","AIS_NR":0},"geometry":{"type":"MultiLineString","coordinates":[[[786940.037473423173651,6908932.409081724472344],[786943.225444949115627,6908987.463846450671554],[786953.44993024726864,6909024.460024817846715],[786971.898994566407055,6909068.566799285821617],[787010.751012542634271,6909121.49629626609385]]]}},
{"type":"Feature","properties":{"ID_con":2211,"bw_id":"SNK_SON_16705_16750","name":"Stützwand Ok Böschung","GEW":"SNK","stat_von":16705.0,"stat_bis":16750.0,"gew_seite":"R","gew_versat":-10.0,"bauart":"Stützwand","baujahr":"1954","upflicht":null,"KTR":null,"FSK":"033121004000150022__","bemerk":"Bilder einfügen","beschreib":null,"beschreib_":null,"foto1":null,"foto2":null,"foto3":null,"foto4":null,"link1":null,"link2":null,"denkmal":"Nein","AIS_NR":0},"geometry":{"type":"MultiLineString","coordinates":[[[787003.566878868150525,6907622.727674814872444],[787001.951213990570977,6907696.824839514680207]]]}},
{"type":"Feature","properties":{"ID_con":1072,"bw_id":"ELK_SON_20_2092","name":"Überschwemmungsgebiet Vechte","GEW":"ELK","stat_von":20.0,"stat_bis":2092.0,"gew_seite":"M","gew_versat":0.0,"bauart":"Überschwemmungsgebiet","baujahr":null,"upflicht":"Landkreis Grafschaft Bentheim","KTR":null,"FSK":"03312901001022______","bemerk":null,"beschreib":"Überschwemmungsgebiet Vechte","beschreib_":null,"foto1":null,"foto2":null,"foto3":null,"foto4":null,"link1":null,"link2":null,"denkmal":"Nein","AIS_NR":0},"geometry":{"type":"MultiLineString","coordinates":[[[766790.004363457206637,6913003.035891831852496],[766790.124416913022287,6913001.938657597638667],[766810.477606312022544,6912597.516291703097522],[766810.125772889703512,6912579.511678989976645],[766806.381824908894487,6912569.12821373809129],[766799.345852298196405,6912551.682083601132035],[766791.580715944059193,6912539.058084056712687],[766489.881073299911804,6912176.729572183452547],[766459.5518357262481,6912134.726178837940097],[766448.191177436849102,6912116.922825334593654],[766436.92867712827865,6912099.250968230888247],[766432.187640853691846,6912089.258818786591291],[766413.707319107139483,6912065.859308859333396],[766396.045550539041869,6912042.234977497719228],[766370.606178593356162,6912014.324963495135307],[766122.902211910695769,6911798.700061842799187],[766086.272304835612886,6911761.305189743638039],[766066.302606059471145,6911735.617535383440554],[766048.125266224145889,6911704.685050026513636],[766013.529801971046254,6911631.891156415455043],[766001.226193754235283,6911602.748343519866467],[765992.098989959689789,6911576.714716888032854],[765971.021083097206429,6911499.142776226624846],[765959.121271444484591,6911468.119067749008536],[765954.514294530148618,6911459.475967159494758],[765949.047513148514554,6911449.212524958886206],[765935.942994641023688,6911437.873700903728604],[765914.883299834094942,6911425.183390874415636],[765721.387197341886349,6911309.079160540364683],[765720.586146402638406,6911308.035670394077897],[765707.948190440190956,6911298.68436782900244],[765703.654472103808075,6911295.507838848046958],[765693.217290618806146,6911287.332142736762762],[765688.671716746641323,6911283.779106094501913],[765635.567064882372506,6911229.254909258335829],[765567.753245494794101,6911159.604176004417241],[765552.023159475647844,6911139.087547886185348],[765544.517988004023209,6911124.550865776836872],[765394.378981902264059,6910796.520091943442822],[765381.536272256285883,6910774.090640988200903],[765360.448066472192295,6910758.879818203859031],[765334.587362789432518,6910745.620578055270016],[765313.472978100180626,6910728.118641833774745],[765294.154877277091146,6910704.301879583857954],[765278.14923299010843,6910678.567892115563154],[765258.176421340322122,6910649.471108697354794],[765250.247500653844327,6910637.921151572838426],[765217.745846203877591,6910597.331194452941418],[765189.003789430018514,6910560.582591170445085],[765156.357460937811993,6910518.840169255621731],[765125.336126662790775,6910479.697987356223166],[765113.16964852635283,6910460.19378075376153],[765103.092368869227357,6910439.395254290662706],[765094.616362154018134,6910415.233671113848686],[765059.803667275118642,6910278.421136980876327],[765058.340508606284857,6910251.745046143420041]]]}},
{"type":"Feature","properties":{"ID_con":2570,"bw_id":"VEC_SON_109055_109120","name":"Gehölzanpflanzung Biograf","GEW":"VEC","stat_von":109055.0,"stat_bis":109120.0,"gew_seite":"L","gew_versat":-140.0,"bauart":"Gehölzanpflanzung Biograf","baujahr":"2024","upflicht":"NLWKN, BioGraf","KTR":null,"FSK":"033151001000130016__","bemerk":"Gehölzanpflanzung durch Dritte (Biograf, mit Unternehmer)","beschreib":"Ein Unternehmen (Forstbetrieb Hesebeck), das die Auwald-Initialpflanzung auf der besprochenen Fläche in Frenswegen (de-Wilde-Straße) durchführen soll, wurde von der Naturschutzstiftung Grafschaft Bentheim im Zuge des Biograf-Projektes beauftragt.","beschreib_":"Ein Unternehmen (Forstbetrieb Hesebeck), das die Auwald-Initialpflanzung auf der besprochenen Fläche in Frenswegen (de-Wilde-Straße) durchführen soll, wurde von der Naturschutzstiftung Grafschaft Bentheim im Zuge des Biograf-Projektes beauftragt.","foto1":null,"foto2":"https://nlwkn.hannit-share.de/index.php/core/preview?fileId=11056547&x=1280&y=819&a=true","foto3":null,"foto4":null,"link1":null,"link2":null,"denkmal":"Nein","AIS_NR":0},"geometry":{"type":"MultiLineString","coordinates":[[[781652.027664445224218,6884821.232987900264561],[781695.737886689254083,6884724.152958736754954]]]}},
{"type":"Feature","properties":{"ID_con":2582,"bw_id":"HRK_SON_6930_11050","name":"Asphaltierte Straße (Eichenallee) mit Allee","GEW":"HRK","stat_von":6930.0,"stat_bis":11050.0,"gew_seite":"L","gew_versat":-27.0,"bauart":"Asphaltierte Straße","baujahr":null,"upflicht":"Stadt Haren","KTR":null,"FSK":"03173600100093______","bemerk":null,"beschreib":"Asphaltierte Straße (Eichenallee, tlw. gepflastert) mit Allee und tlw. mit Fuß-/Radweg","beschreib_":"Asphaltierte Straße (Eichenallee, tlw. gepflastert) mit Allee und tlw. mit Fuß-/Radweg","foto1":"https://nlwkn.hannit-share.de/index.php/core/preview?fileId=11063335&x=1280&y=819&a=true","foto2":"https://nlwkn.hannit-share.de/index.php/core/preview?fileId=11063338&x=1280&y=819&a=true","foto3":"https://nlwkn.hannit-share.de/index.php/core/preview?fileId=11063341&x=1280&y=819&a=true","foto4":"https://nlwkn.hannit-share.de/index.php/core/preview?fileId=11063344&x=1280&y=819&a=true","link1":"https://nlwkn.hannit-share.de/index.php/core/preview?fileId=10264062&x=1280&y=819&a=true","link2":"https://nlwkn.hannit-share.de/index.php/core/preview?fileId=10264089&x=1280&y=819&a=true","denkmal":"Nein","AIS_NR":0},"geometry":{"type":"MultiLineString","coordinates":[[[799170.342733473400585,6951362.478255186229944],[795809.754028747207485,6952327.64466867223382],[793158.831746343290433,6953100.333654451183975],[792953.639453128096648,6953168.603846450336277],[792658.717123826383613,6953309.034763494506478]]]}},
{"type":"Feature","properties":{"ID_con":2548,"bw_id":"VEC_SON_80435_80450","name":"Gehölzanpflanzung Biograf","GEW":"VEC","stat_von":80435.0,"stat_bis":80450.0,"gew_seite":"R","gew_versat":10.0,"bauart":"Gehölzanpflanzung","baujahr":"2022/2023","upflicht":"NLWKN, BioGraf","KTR":null,"FSK":"033130106000330001__","bemerk":null,"beschreib":"Gehölzanpflanzung oh Brücke Echteler Straße, im Zuge des BioGraf - Projektes der Naturschutzstiftung Landkreis Grafschaft Bentheim.","beschreib_":"Gehölzanpflanzung oh Brücke Echteler Straße im Zuge des BioGraf - Projektes der Naturschutzstiftung Landkreis Grafschaft Bentheim.\r\nZu bepflanzende Streckenabschnitte resultieren aus der NLWKN-Maßnahmenkarte für Gehölzanpflanzungen an Vechte und Di","foto1":null,"foto2":null,"foto3":null,"foto4":null,"link1":null,"link2":null,"denkmal":"Nein","AIS_NR":0},"geometry":{"type":"MultiLineString","coordinates":[[[757423.144922286388464,6909551.302191931754351],[757441.135222827666439,6909534.411973493173718]]]}},
{"type":"Feature","properties":{"ID_con":1046,"bw_id":"DIN_SON_140_240","name":"Befestigter Radweg","GEW":"DIN","stat_von":140.0,"stat_bis":240.0,"gew_seite":"L","gew_versat":-22.0,"bauart":"Radweg","baujahr":null,"upflicht":"Stadt Neuenhaus","KTR":null,"FSK":"033147001000010048__","bemerk":null,"beschreib":"befestigter Radweg links","beschreib_":null,"foto1":"https://nlwkn.hannit-share.de/index.php/core/preview?fileId=11068021&x=1280&y=819&a=true","foto2":"https://nlwkn.hannit-share.de/index.php/core/preview?fileId=11068024&x=1280&y=819&a=true","foto3":"https://nlwkn.hannit-share.de/index.php/core/preview?fileId=11068027&x=1280&y=819&a=true","foto4":"https://nlwkn.hannit-share.de/index.php/core/preview?fileId=11068030&x=1280&y=819&a=true","link1":"https://nlwkn.hannit-share.de/index.php/core/preview?fileId=8195607&x=1280&y=819&a=true","link2":null,"denkmal":"Nein","AIS_NR":0},"geometry":{"type":"MultiLineString","coordinates":[[[775153.995545440702699,6892205.035700325854123],[775153.107765092514455,6892191.071160648018122],[775131.898354679695331,6892141.077603451907635],[775087.824054522672668,6892079.67577441316098]]]}},
{"type":"Feature","properties":{"ID_con":2651,"bw_id":"NAK_SON_2300_2700","name":"ausgebauter Radweg","GEW":"NAK","stat_von":2300.0,"stat_bis":2700.0,"gew_seite":"R","gew_versat":17.0,"bauart":"Radweg","baujahr":"2016/2017","upflicht":"Stadt Nordhonr","KTR":null,"FSK":"033151052000670004__","bemerk":null,"beschreib":"Ausgebauter Radweg am Nordhorn-Almelo-Kanal von Brücke Kanalweg bis Brücke Friedrich-Ebert-Straße (liniksseitig)","beschreib_":"Ausgebauter Radweg am Nordhorn-Almelo-Kanal von Brücke Kanalweg bis Brücke Friedrich-Ebert-Straße (liniksseitig)","foto1":null,"foto2":null,"foto3":null,"foto4":null,"link1":null,"link2":null,"denkmal":"Nein","AIS_NR":0},"geometry":{"type":"MultiLineString","coordinates":[[[786630.081803682260215,6876131.752418213523924],[786764.941908054519445,6876295.861761003732681],[787054.790762540651485,6876631.922116258181632]]]}},
{"type":"Feature","properties":{"ID_con":1155,"bw_id":"HRK_SON_12020_12040","name":"Anlegehilfe uh Billerreibrücke","GEW":"HRK","stat_von":12020.0,"stat_bis":12040.0,"gew_seite":"L","gew_versat":-5.0,"bauart":"Anlegehilfe","baujahr":null,"upflicht":"NLWKN","KTR":null,"FSK":"031726022000030001__","bemerk":null,"beschreib":"Anlegehilfe uh Billereibrücke links","beschreib_":"Anlegehilfe uh Billereibrücke links","foto1":"https://nlwkn.hannit-share.de/index.php/core/preview?fileId=11063005&x=1280&y=819&a=true","foto2":"https://nlwkn.hannit-share.de/index.php/core/preview?fileId=11063008&x=1280&y=819&a=true","foto3":"https://nlwkn.hannit-share.de/index.php/core/preview?fileId=11063011&x=1280&y=819&a=true","foto4":null,"link1":null,"link2":null,"denkmal":"Nein","AIS_NR":0},"geometry":{"type":"MultiLineString","coordinates":[[[791198.203798035392538,6953971.453928476199508],[791168.353556552552618,6953985.672219391912222]]]}},
{"type":"Feature","properties":{"ID_con":1073,"bw_id":"EVK_SON_0_3305","name":"Landschaftsschutzgebiet (Emstal, LSG EL 00023)","GEW":"EVK","stat_von":0.0,"stat_bis":3305.0,"gew_seite":"M","gew_versat":0.0,"bauart":"Landschaftsschutzgebiet","baujahr":null,"upflicht":"Landkreis Emsland","KTR":null,"FSK":"03316300700052______","bemerk":null,"beschreib":"Landschaftsschutzgebiet","beschreib_":"Landschaftsschutzgebiet","foto1":null,"foto2":null,"foto3":null,"foto4":null,"link1":null,"link2":null,"denkmal":"Nein","AIS_NR":0},"geometry":{"type":"MultiLineString","coordinates":[[[813759.857942731585354,6885280.693737456575036],[813743.789709465811029,6885249.671742326579988],[813684.20365761325229,6885146.416899074800313],[813651.311039831256494,6885080.042292723432183],[813608.213322025025263,6885008.250866961665452],[813574.636996833374724,6884971.209917171858251],[813498.356203579693101,6884919.355493653565645],[813077.788015894824639,6884641.896539706736803],[812986.145324073731899,6884584.498291720636189],[812967.295369769912213,6884580.602746328338981],[812939.395748444949277,6884595.482790659181774],[812467.048130335402675,6884838.114113595336676],[812418.24994729924947,6884862.857108454219997],[812329.624353035353124,6884897.017132026143372],[812206.495467630214989,6884933.81290040910244],[812136.912830479675904,6884926.990146651864052],[811965.910011190338992,6884912.587752819061279],[811325.404332583537325,6884872.372588840313256],[810884.383410151698627,6884843.763699124567211],[810441.725715390290134,6884811.637864303775132],[809999.872938062646426,6884782.09678789973259],[809555.52255456650164,6884749.017881568521261],[809108.596077951020561,6884715.852699711918831],[808725.226055050850846,6884687.592973477207124]]]}},
{"type":"Feature","properties":{"ID_con":1330,"bw_id":"VEC_SON_76860_78075","name":"Radweg rechts (Vechtetal Route)","GEW":"VEC","stat_von":76860.0,"stat_bis":78075.0,"gew_seite":"R","gew_versat":23.0,"bauart":"Radweg","baujahr":null,"upflicht":null,"KTR":null,"FSK":"03313111400090______","bemerk":"Vechtetal Route","beschreib":"Radweg rechts (Vechtetal Route)","beschreib_":"Radweg rechts (Vechtetal Route)","foto1":"https://nlwkn.hannit-share.de/index.php/core/preview?fileId=11057576&x=1280&y=819&a=true","foto2":"https://nlwkn.hannit-share.de/index.php/core/preview?fileId=11057579&x=1280&y=819&a=true","foto3":null,"foto4":null,"link1":null,"link2":null,"denkmal":"Nein","AIS_NR":0},"geometry":{"type":"MultiLineString","coordinates":[[[752408.597527454840019,6911069.422167386859655],[752485.116074248100631,6911134.421891278587282],[752534.180431253276765,6911163.913912978954613],[752620.295444263960235,6911175.485778050497174],[752668.559481918346137,6911168.344619334675372],[752727.64879560074769,6911138.17500413954258],[752773.042210351559334,6911095.410079914145172],[752854.041769164614379,6910997.435549266636372],[752880.76689837127924,6910976.602345035411417],[752924.719493641750887,6910957.465128714218736],[753215.37681602477096,6910873.345284563489258],[753339.382424957002513,6910847.658186133950949],[753363.469418049557135,6910849.586272245272994],[753408.077952759456821,6910877.009813195094466],[753426.442853301996365,6910900.682453048415482],[753453.73169000656344,6910976.188092422671616],[753474.243719554389827,6911083.876957030035555],[753493.250298754428513,6911126.402896406129003],[753527.467328615952283,6911166.444770718924701],[753573.543844838626683,6911202.272550622932613],[753625.687545418622904,6911229.910864930599928],[753724.270644146483392,6911255.798349636606872],[753791.03847106511239,6911255.74283420201391],[754041.700909639359452,6911220.997911191545427],[754079.483849240583368,6911208.774399884045124]]]}},
{"type":"Feature","properties":{"ID_con":2583,"bw_id":"HRK_SON_4760_6770","name":"Asphaltierte Straße (Erika) mit Allee","GEW":"HRK","stat_von":4760.0,"stat_bis":6770.0,"gew_seite":"L","gew_versat":-17.0,"bauart":"Asphaltierte Straße","baujahr":null,"upflicht":"Stadt Haren","KTR":null,"FSK":"03310302800024______","bemerk":null,"beschreib":"Asphaltierte Straße (Erika) mit Allee","beschreib_":"Asphaltierte Straße (Erika) mit Allee","foto1":null,"foto2":null,"foto3":null,"foto4":null,"link1":null,"link2":null,"denkmal":"Nein","AIS_NR":0},"geometry":{"type":"MultiLineString","coordinates":[[[800806.719598772237077,6948317.709495841525495],[800657.263319072080776,6948491.170865673571825],[800591.950668532401323,6948590.731557117775083],[800541.936286251060665,6948679.699712035246193],[800366.659465967444703,6949175.284205985255539],[800343.23247846972663,6949289.227991303429008],[800319.886445026961155,6949365.065453195013106],[800220.860961736063473,6949595.647447854280472],[799702.288142267731018,6951057.967519866302609],[799659.554510721587576,6951129.021966653876007],[799603.18628036219161,6951186.407623118720949],[799521.734924725140445,6951239.107260450720787],[799488.557628985028714,6951254.049888722598553],[799418.556119422544725,6951272.042022664099932]]]}},
{"type":"Feature","properties":{"ID_con":2659,"bw_id":"HAS_SON_26100_29200","name":"Auenentwicklung Hammer Schleife","GEW":"HAS","stat_von":26100.0,"stat_bis":29200.0,"gew_seite":"m","gew_versat":0.0,"bauart":"Fließgewässer und Auenentwicklung","baujahr":"2026","upflicht":"NLWKN / Verein zur Revitalisierung der Haseauen e.V.","KTR":null,"FSK":"033226004000690013__","bemerk":"Vertrag muss noch unterschrieben werden","beschreib":"Auenentwicklung Hammer Schleife. Maßnahme (HV M03.3) des Vereins zur Revitalisierung der Haseausen e.V.","beschreib_":"Auenentwicklung Hammer Schleife. Maßnahme (HV M03.3) des Vereins zur Revitalisierung der Haseausen e.V. \r\nDas Projekt ist durch verschiedene Einzelmaßnahmen gekennzeichnt: Einbau von Totholz un Kies, Entfernung der Uferbestigung, Rohbodenflächen, Flac","foto1":"https://nlwkn.hannit-share.de/index.php/core/preview?fileId=12530766&x=1280&y=819&a=true","foto2":"https://nlwkn.hannit-share.de/index.php/core/preview?fileId=12530767&x=1280&y=819&a=true","foto3":"https://nlwkn.hannit-share.de/index.php/core/preview?fileId=12530765&x=1280&y=819&a=true","foto4":"https://nlwkn.hannit-share.de/index.php/core/preview?fileId=12530764&x=1280&y=819&a=true","link1":null,"link2":null,"denkmal":"Nein","AIS_NR":0},"geometry":{"type":"MultiLineString","coordinates":[[[828320.120216621551663,6918397.98870959226042],[828321.835916739422828,6918395.752428852021694],[828333.54693627578672,6918370.626415096223354],[828333.645289642154239,6918370.415408360771835],[828340.25021572818514,6918342.706504046916962],[828343.103247154154815,6918314.916323106735945],[828344.534424062236212,6918283.330685397610068],[828338.018564758356661,6918237.272714544087648],[828327.669809309067205,6918194.895058939233422],[828315.625287381582893,6918161.512310335412621],[828295.275288372882642,6918130.208698538132012],[828272.463547136983834,6918108.63853560294956],[828242.784267780953087,6918092.18794175889343],[828210.641702765249647,6918085.468756551854312],[828170.750137816299684,6918089.871969430707395],[828131.47978223208338,6918100.312112748622894],[828077.94991850911174,6918110.440890974365175],[828047.097198393545114,6918113.534196004271507],[828021.627338599064387,6918110.723656482063234],[827979.011398163042031,6918102.270670955069363],[827956.070611630100757,6918086.71736242249608],[827938.415345369838178,6918069.774780198000371],[827914.347729524946772,6918036.884282794781029],[827895.762716702185571,6917993.574491958133876],[827889.054500999278389,6917956.545020209625363],[827889.181526761502028,6917915.901272565126419],[827894.481769764912315,6917879.133087846450508],[827900.94127000530716,6917858.19839885737747],[827923.779108757618815,6917809.015802008099854],[827946.831157065462321,6917784.677290766499937],[827968.282835971447639,6917764.820353263989091],[828020.896438557305373,6917727.574685285799205],[828049.99905999971088,6917701.110167781822383],[828077.634906692081131,6917673.106749106198549],[828094.729112752247602,6917646.381593642756343],[828107.078363431966864,6917630.843383357860148],[828120.567024532356299,6917597.264727554284036],[828132.7657662385609,6917553.874031535349786],[828134.932770582498051,6917523.060875687748194],[828136.528568882262334,6917483.956546984612942],[828138.695533042191528,6917453.143821137025952],[828145.968885075417347,6917429.215238807722926],[828163.70003347133752,6917407.772561813704669],[828193.40623640618287,6917388.095146032981575],[828245.642880234867334,6917368.154230735264719],[828313.555650931899436,6917352.313861177302897],[828372.988316082512029,6917346.828436252661049],[828456.173427910311148,6917353.898399027995765],[828519.06582866050303,6917362.035377629101276],[828554.908902083872817,6917371.089886057190597],[828634.737910046940669,6917394.644691706635058],[828671.089464053278789,6917415.000992342829704],[828711.717650613049045,6917445.985896428115666],[828747.776811293675564,6917479.882703974843025],[828791.995304511860013,6917518.473830221220851],[828818.673423637868837,6917534.856323735788465],[828859.593780016642995,6917552.300209794193506],[828925.326962534803897,6917568.02072402369231],[829000.833669067826122,6917583.19837221223861],[829072.556772656505927,6917599.800804642960429],[829111.322770183905959,6917612.680589240044355],[829142.454554289812222,6917631.417378824204206],[829176.477275454788469,6917655.484621338546276],[829206.535193061223254,6917689.250693552196026],[829226.871539565734565,6917721.301829491741955],[829236.078638100298122,6917747.093031277880073],[829239.089599756523967,6917781.781676796264946],[829235.361154251149856,6917815.573196003213525],[829227.258769559673965,6917843.248856140300632],[829212.48298856173642,6917867.016091449186206],[829186.40001647232566,6917892.798636729829013],[829124.689120949129574,6917934.37273467797786],[829029.598472658428364,6917991.785055475309491],[828963.398984209052287,6918032.508093246258795],[828866.741903326823376,6918092.896418938413262],[828784.842976491199806,6918130.269773362204432],[828727.237888410920277,6918155.370241772383451],[828689.959736583638005,6918177.898912344127893],[828670.759618925047107,6918197.80736671295017],[828655.931254127412103,6918223.832706827670336],[828647.190062724170275,6918246.225024646148086],[828642.071271643275395,6918274.719749399460852],[828642.400937577709556,6918299.214777740649879],[828642.649127496406436,6918317.637959204614162],[828650.360057231620885,6918378.025622165761888],[828660.937649818020873,6918409.86982771102339],[828676.115813204902224,6918437.298491011373699],[828697.413730882457457,6918459.589349651709199],[828721.122980060987175,6918474.404269470833242],[828746.544001926900819,6918479.47075257729739],[828788.479495705803856,6918484.894079649820924],[828824.554405732895248,6918483.414746942929924],[828869.73318737372756,6918477.616673082113266],[828951.55272207246162,6918444.003885329701006],[829028.821254794951528,6918412.551193945109844],[829103.707408087211661,6918387.068804647773504],[829156.585033526760526,6918372.400234415195882],[829213.085395628469996,6918363.833508722484112],[829258.150368824601173,6918363.299645530059934],[829284.371196483378299,6918366.124007356353104],[829316.419153499882668,6918377.352085269056261],[829352.809168282314204,6918396.203028239309788],[829378.562405443401076,6918420.847099377773702],[829412.917864165385254,6918464.493599081411958],[829433.748685452737845,6918508.60264596156776],[829450.013480251072906,6918555.624727874062955],[829465.31568273936864,6918612.413529052399099],[829486.820044577121735,6918730.310091871768236],[829505.763826385489665,6918792.447538666427135],[829525.110927610192448,6918835.774027179926634],[829551.084081900422461,6918885.264485859312117],[829582.264325638534501,6918937.126526298932731],[829604.219308371422812,6918963.947307166643441],[829663.765925587969832,6919029.729946130886674]]]}},
{"type":"Feature","properties":{"ID_con":1313,"bw_id":"VEC_SON_135365_135580","name":"Betonstützwand","GEW":"VEC","stat_von":135365.0,"stat_bis":135580.0,"gew_seite":"R","gew_versat":13.0,"bauart":"Stahlbetonwand","baujahr":null,"upflicht":"Stadt Nordhorn??","KTR":null,"FSK":"034210002002210002__","bemerk":null,"beschreib":null,"beschreib_":null,"foto1":"https://nlwkn.hannit-share.de/index.php/core/preview?fileId=11057249&x=1280&y=819&a=true","foto2":null,"foto3":"https://nlwkn.hannit-share.de/index.php/core/preview?fileId=11057252&x=1280&y=819&a=true","foto4":null,"link1":null,"link2":null,"denkmal":"Nein","AIS_NR":0},"geometry":{"type":"MultiLineString","coordinates":[[[804356.878561876364984,6858903.996603205800056],[804527.006945427157916,6858596.117091643624008]]]}},
{"type":"Feature","properties":{"ID_con":1097,"bw_id":"GFD_SON_4350_4570","name":"HW-Deich beim Wehr an der Goldfischdever","GEW":"GFD","stat_von":4350.0,"stat_bis":4570.0,"gew_seite":"L","gew_versat":19.0,"bauart":"Deich","baujahr":"1963","upflicht":"NLWKN","KTR":"MCBEN00100","FSK":"03184700100007______","bemerk":null,"beschreib":null,"beschreib_":null,"foto1":"https://nlwkn.hannit-share.de/index.php/core/preview?fileId=12227112&x=1280&y=819&a=true","foto2":"https://nlwkn.hannit-share.de/index.php/core/preview?fileId=12227111&x=1280&y=819&a=true","foto3":null,"foto4":null,"link1":null,"link2":null,"denkmal":"Nein","AIS_NR":667},"geometry":{"type":"MultiLineString","coordinates":[[[816474.276140506844968,6985534.928023938089609],[816210.203858002321795,6985637.443522018380463],[816135.433279758901335,6985652.035237176343799]]]}},
{"type":"Feature","properties":{"ID_con":1233,"bw_id":"SNK_SON_22030_22110","name":"Kanalaufweitung Twist","GEW":"SNK","stat_von":22030.0,"stat_bis":22110.0,"gew_seite":"L","gew_versat":10.0,"bauart":"Kanalaufweitung","baujahr":null,"upflicht":"NLWKN","KTR":null,"FSK":"033118013000090018__","bemerk":null,"beschreib":"Kanalaufweitung Twist","beschreib_":"Kanalaufweitung Twist","foto1":"https://nlwkn.hannit-share.de/index.php/core/preview?fileId=11060087&x=1280&y=819&a=true","foto2":"https://nlwkn.hannit-share.de/index.php/core/preview?fileId=11060090&x=1280&y=819&a=true","foto3":null,"foto4":null,"link1":null,"link2":null,"denkmal":"Nein","AIS_NR":0},"geometry":{"type":"MultiLineString","coordinates":[[[790135.497042965260334,6915179.332006926648319],[790136.698934177518822,6915311.210871551185846]]]}},
{"type":"Feature","properties":{"ID_con":1280,"bw_id":"VEC_SON_106340_106385","name":"Schlitzpass, Borstenfischpass Wehr Grasdorf","GEW":"VEC","stat_von":106340.0,"stat_bis":106385.0,"gew_seite":"L","gew_versat":-15.0,"bauart":"Borstenfischpass, Schlitzpass","baujahr":"1967","upflicht":"NLWKN","KTR":"MBGVE00300","FSK":"033147011000230006__","bemerk":null,"beschreib":"Kombination aus Borstenfischpass und Schlitzpass am Vechtewehr Grasdorf. Der Fischpass wurde 2005 optimiert (Kosten ca. 70.000 €)","beschreib_":null,"foto1":"https://nlwkn.hannit-share.de/index.php/core/preview?fileId=11056439&x=1280&y=819&a=true","foto2":"https://nlwkn.hannit-share.de/index.php/core/preview?fileId=11056442&x=1280&y=819&a=true","foto3":"https://nlwkn.hannit-share.de/index.php/core/preview?fileId=11056445&x=1280&y=819&a=true","foto4":"https://nlwkn.hannit-share.de/index.php/core/preview?fileId=11056448&x=1280&y=819&a=true","link1":null,"link2":null,"denkmal":"Nein","AIS_NR":0},"geometry":{"type":"MultiLineString","coordinates":[[[780081.856419265037403,6888503.56213540583849],[780114.776848137145862,6888437.489895273931324]]]}},
{"type":"Feature","properties":{"ID_con":2581,"bw_id":"HRK_SON_11375_13425","name":"Asphaltierte Straße(Ziegeleistraße) mit Allee","GEW":"HRK","stat_von":11375.0,"stat_bis":13425.0,"gew_seite":"L","gew_versat":-23.0,"bauart":"Straße","baujahr":null,"upflicht":"Stadt Haren","KTR":null,"FSK":"03172602400022______","bemerk":null,"beschreib":"Asphaltierte Straße (Ziegeleistraße, teilweise gepflastert) mit Allee","beschreib_":"Asphaltierte Straße (Ziegeleistraße, teilweise gepflastert) mit Allee","foto1":"https://nlwkn.hannit-share.de/index.php/core/preview?fileId=11062972&x=1280&y=819&a=true","foto2":"https://nlwkn.hannit-share.de/index.php/core/preview?fileId=11062975&x=1280&y=819&a=true","foto3":"https://nlwkn.hannit-share.de/index.php/core/preview?fileId=11062978&x=1280&y=819&a=true","foto4":"https://nlwkn.hannit-share.de/index.php/core/preview?fileId=11062981&x=1280&y=819&a=true","link1":"https://nlwkn.hannit-share.de/index.php/core/preview?fileId=10262022&x=1280&y=819&a=true","link2":"https://nlwkn.hannit-share.de/index.php/core/preview?fileId=10262046&x=1280&y=819&a=true","denkmal":"Nein","AIS_NR":0},"geometry":{"type":"MultiLineString","coordinates":[[[792171.877713529858738,6953535.788167083635926],[789119.079441962298006,6955007.75819658767432]]]}},
{"type":"Feature","properties":{"ID_con":2539,"bw_id":"VEC_SON_79985_80015","name":"Gehölzanpflanzung Biograf","GEW":"VEC","stat_von":79985.0,"stat_bis":80015.0,"gew_seite":"L","gew_versat":-10.0,"bauart":"Gehölzanpflanzung","baujahr":"2022/23","upflicht":"NLWKN, Biograf","KTR":null,"FSK":"033132102000360001__","bemerk":null,"beschreib":"Gehölzanpflanzung oh Brücke Echteler Straße, im Zuge des BioGraf - Projektes der Naturschutzstiftung Landkreis Grafschaft Bentheim.","beschreib_":"Gehölzanpflanzung oh Brücke Echteler Straße im Zuge des BioGraf - Projektes der Naturschutzstiftung Landkreis Grafschaft Bentheim.\r\nZu bepflanzende Streckenabschnitte resultieren aus der NLWKN-Maßnahmenkarte für Gehölzanpflanzungen an Vechte und Di","foto1":null,"foto2":null,"foto3":null,"foto4":null,"link1":null,"link2":null,"denkmal":"Nein","AIS_NR":0},"geometry":{"type":"MultiLineString","coordinates":[[[756784.571678290143609,6909868.040256503038108],[756833.806720099877566,6909865.547891563735902]]]}},
{"type":"Feature","properties":{"ID_con":1246,"bw_id":"SNK_SON_37200_39600","name":"30 Fledermauskästen als CEF - Maßnahme","GEW":"SNK","stat_von":37200.0,"stat_bis":39600.0,"gew_seite":"L","gew_versat":10.0,"bauart":"CEF - Maßnahme","baujahr":null,"upflicht":"Bürgerwindpark Fehndorf-Lindloh GmbH & Co. KG","KTR":null,"FSK":null,"bemerk":"30 Fledermauskästen als CEF - Maßnahme der BW Bürgerwindpark Fehndorf-Lindloh GmbH & Co. KG","beschreib":null,"beschreib_":null,"foto1":null,"foto2":null,"foto3":null,"foto4":null,"link1":null,"link2":null,"denkmal":"Nein","AIS_NR":0},"geometry":{"type":"MultiLineString","coordinates":[[[791041.350480737164617,6940127.562889713793993],[791195.402271071099676,6942218.89474521111697],[791207.246066895662807,6942302.013486149720848],[791323.707888367585838,6944086.79336991161108]]]}},
{"type":"Feature","properties":{"ID_con":2238,"bw_id":"VEC_SON_130810_131300","name":"Projektgebiet Quendorf II","GEW":"VEC","stat_von":130810.0,"stat_bis":131300.0,"gew_seite":"M","gew_versat":0.0,"bauart":"Projektgebiet","baujahr":"2023?","upflicht":"NLWKN","KTR":"MGAVE0G050","FSK":"03422200800030______","bemerk":"FGE-Akz.: 62615-22-089, Projektnummer: 2022-01-19","beschreib":"Fließgewässer- und Auenentwicklung, Projektgebiet Quendorf II","beschreib_":"Fließgewässer- und Auenentwicklung, Projektgebiet Quendorf II","foto1":"https://nlwkn.hannit-share.de/index.php/core/preview?fileId=11057144&x=1280&y=819&a=true","foto2":"https://nlwkn.hannit-share.de/index.php/core/preview?fileId=11524090&x=1280&y=819&a=true","foto3":"https://nlwkn.hannit-share.de/index.php/core/preview?fileId=11524091&x=1280&y=819&a=true","foto4":null,"link1":null,"link2":null,"denkmal":"Nein","AIS_NR":0},"geometry":{"type":"MultiLineString","coordinates":[[[800002.121304151020013,6863462.826906010508537],[800002.423696233192459,6863458.730718697421253],[800001.727601789170876,6863438.139093654230237],[800000.867120966431685,6863421.513678188435733],[800000.321680123684928,6863412.153983367606997],[799994.027292764512822,6863392.899289639666677],[799989.259669430088252,6863377.155311691574752],[799979.525762613047846,6863363.345572892576456],[799968.680805167066865,6863344.5745152765885],[799958.744819833431393,6863330.358442015945911],[799952.400714524323121,6863321.077410819940269],[799942.910847621620633,6863309.147715017199516],[799927.595024855108932,6863293.676142247393727],[799913.258023496018723,6863279.188880320638418],[799898.308677518856712,6863262.139419624581933],[799871.743532999185845,6863230.048820338211954],[799847.928963402868249,6863202.303859231993556],[799835.691639486816712,6863187.289546199142933],[799810.231570249074139,6863159.768673014827073],[799777.381817834451795,6863122.983161997050047],[799755.722906428622082,6863100.197918354533613],[799745.16677806689404,6863087.022750876843929],[799728.516522602294572,6863066.874416860751808],[799716.712468959274702,6863052.262675654143095],[799705.909181102528237,6863035.980765955522656],[799697.65714792907238,6863023.833292203955352],[799692.77875492698513,6863016.199446653947234],[799688.046586973243393,6863003.568908449262381],[799683.689738653367385,6862988.867596989497542],[799680.710856374935247,6862968.527707883156836],[799679.481816514278762,6862955.233507719822228],[799679.730779056088068,6862940.456669292412698],[799680.631995563628152,6862927.619037006050348],[799684.420569284702651,6862895.506428555585444],[799689.867133818450384,6862863.989315024577081],[799695.48296327656135,6862829.75115710310638],[799697.143439419218339,6862806.419782157987356],[799706.002407776191831,6862773.868900002911687]]]}},
{"type":"Feature","properties":{"ID_con":1220,"bw_id":"SNK_SON_15300_15350","name":"Kanalaufweitung","GEW":"SNK","stat_von":15300.0,"stat_bis":15350.0,"gew_seite":"L","gew_versat":10.0,"bauart":"Kanalaufweitung","baujahr":null,"upflicht":"NLWKN","KTR":null,"FSK":"033121010000670007__","bemerk":null,"beschreib":"Kanalaufweitung","beschreib_":"Kanalaufweitung","foto1":null,"foto2":null,"foto3":null,"foto4":null,"link1":null,"link2":null,"denkmal":"Nein","AIS_NR":0},"geometry":{"type":"MultiLineString","coordinates":[[[787010.499759082682431,6905308.710185434669256],[787008.760855116299354,6905391.014207050204277]]]}},
{"type":"Feature","properties":{"ID_con":1202,"bw_id":"NAK_SON_300_4290","name":"ausgebauter Radweg","GEW":"NAK","stat_von":300.0,"stat_bis":4290.0,"gew_seite":"L","gew_versat":-17.0,"bauart":"Radweg","baujahr":"2016, …","upflicht":"Stadt Nordhorn","KTR":null,"FSK":"033151052000670004__","bemerk":"Unterhaltungsmehrkosten","beschreib":"Dieser Radweg ist das Rückgrat des grünen Verkehrsnetzes der Stadt Nordhorn  und wertvoll für die klimafreundliche Mobilität in Nordhorn.","beschreib_":"Dieser Radweg ist das Rückgrat des grünen Verkehrsnetzes der Stadt Nordhorn  und wertvoll für die klimafreundliche Mobilität in Nordhorn.\r\nRadfahrer sind auf der gesamten Strecke zwischen Grenzübergang und Stadtflur bevorrechtigt unterwegs. Nur an z","foto1":"https://nlwkn.hannit-share.de/index.php/core/preview?fileId=11062085&x=1280&y=819&a=true","foto2":"https://nlwkn.hannit-share.de/index.php/core/preview?fileId=11062088&x=1280&y=819&a=true","foto3":"https://nlwkn.hannit-share.de/index.php/core/preview?fileId=11062091&x=1280&y=819&a=true","foto4":"https://nlwkn.hannit-share.de/index.php/core/preview?fileId=11062094&x=1280&y=819&a=true","link1":null,"link2":null,"denkmal":"Nein","AIS_NR":0},"geometry":{"type":"MultiLineString","coordinates":[[[785324.688250538893044,6873118.375105247832835],[785340.897710533579811,6873144.513247123919427],[785549.703642660868354,6873599.130176978185773],[786277.320013560238294,6875210.24981187377125],[786380.577886962913908,6875472.411515549756587],[786448.439233035198413,6875669.210656370036304],[786557.210581688792445,6875936.467670263722539],[786600.154367028386332,6876007.872504344210029],[786639.758902235073037,6876059.95149212423712],[787074.45419285830576,6876568.614055592566729],[787264.410397543222643,6876800.503464935347438],[787742.799759663641453,6877460.475034749135375],[787822.75863462605048,6877591.821360033005476],[787871.492735417326912,6877697.196699855849147],[787898.077454446465708,6877795.729430094361305],[787907.507475510472432,6877902.867706522345543],[787895.834087606752291,6878035.594657662324607],[787877.389252583263442,6878592.860467350110412],[787860.767126604216173,6878706.794750667177141],[787837.791452410281636,6878783.894329964183271],[787805.752503880765289,6878847.780068460851908],[787735.241593021550216,6878952.685237707570195]]]}},
{"type":"Feature","properties":{"ID_con":1242,"bw_id":"SNK_SON_32660_45560","name":"Baudenkmal Süd-Nord-Kanal (Teilstück V)","GEW":"SNK","stat_von":32660.0,"stat_bis":45560.0,"gew_seite":"M","gew_versat":0.0,"bauart":"Denkmal","baujahr":null,"upflicht":"NLWKN","KTR":null,"FSK":null,"bemerk":null,"beschreib":"Baudenkmal Süd-Nord-Kanal (Teilstück V)","beschreib_":"Baudenkmal Süd-Nord-Kanal (Teilstück V)","foto1":null,"foto2":null,"foto3":null,"foto4":null,"link1":null,"link2":null,"denkmal":"Ja","AIS_NR":0},"geometry":{"type":"MultiLineString","coordinates":[[[790443.244851183495484,6932652.395627020858228],[790509.188554425956681,6933732.390970950014889],[790511.623576203361154,6933807.623275113292038],[790512.895611458458006,6933846.676952003501356],[790596.536685421247967,6935387.641206973232329],[790599.600282191880979,6935430.557497324422002],[790661.405430683051236,6935829.837225714698434],[790713.70390088413842,6936167.642142866738141],[790724.633356822654605,6936206.393796999007463],[790725.849421285558492,6936221.165158255957067],[790726.921988817863166,6936234.237004775553942],[790721.560016797389835,6936266.248478075489402],[790731.015741637325846,6936371.309197422116995],[790739.203428919543512,6936457.071207678876817],[790746.572345814667642,6936513.130829356610775],[790867.331086833146401,6937948.323279468342662],[790934.650993162533268,6938684.819186758249998],[790944.605809895321727,6938800.500438177958131],[791053.863660172559321,6940069.925285389646888],[791057.097352820914239,6940116.219064532779157],[791059.425232788198628,6940149.697409125976264],[791185.072060470352881,6941854.205083878710866],[791190.283170159440488,6941924.921825338155031],[791211.816088882042095,6942217.114044210873544],[791218.622432241681963,6942264.903714179992676],[791223.669870092067868,6942300.301641212776303],[791249.238093631691299,6942693.894484348595142],[791272.565325867850333,6943053.057142806239426],[791300.194673373596743,6943478.431112094782293],[791337.725744144176133,6944055.9262885292992],[791341.117324119666591,6944097.146652863360941],[791343.409929566434585,6944125.017164004035294],[791426.665990623412654,6945266.547087064012885],[791434.402692867210135,6945396.948551605455577],[791440.538255197694525,6945479.180773506872356],[791445.505761587293819,6945545.648782931268215],[791451.64742314547766,6945644.345119004137814],[791455.152148258988746,6945700.445638958364725],[791470.715206021443009,6945881.312954710796475],[791477.356756763532758,6945985.649513223208487],[791477.900254168198444,6946072.309195175766945],[791467.905708349077031,6946138.1696248780936],[791455.582963917404413,6946179.42847506981343],[791433.402748449705541,6946228.897111209109426],[791413.710181473055854,6946265.323804217390716],[791389.843172776163556,6946302.807194444350898],[791372.042430702713318,6946329.143107181414962],[791354.433901122887619,6946349.784922948107123],[791314.193789387820289,6946394.886174103245139],[791293.319796071620658,6946418.986690972931683],[791262.018609090708196,6946455.129399868659675],[791238.189262291765772,6946482.25312677398324],[791211.503842090140097,6946512.649333426728845],[791174.62792881950736,6946556.689467528834939],[791138.789400758920237,6946597.352919228374958],[791116.169874213635921,6946628.09992697276175],[791100.668211831245571,6946655.906876064836979],[791090.622962952475064,6946684.324643635191023],[791087.517446887330152,6946709.988065090961754],[791088.387826680438593,6946732.297868020832539],[791092.19337054726202,6946755.421455664560199],[791101.666773600620218,6946778.972703196108341],[791113.023238101624884,6946800.407376018352807],[791128.825089937425219,6946829.717705722898245],[791143.947905460372567,6946857.79712887480855],[791202.634684361168183,6946957.832838702946901],[791276.477772635873407,6947090.236654818058014],[791410.078556439257227,6947326.27022994030267],[791506.234800695790909,6947497.370306249707937],[791645.529112825170159,6947742.027735596522689],[791735.782960778917186,6947902.401982959359884],[791749.006142775644548,6947925.814380290918052],[791765.452881027245894,6947954.950898700393736],[791815.754585301154293,6948043.441937719471753],[791901.408811794826761,6948197.305215541273355],[792032.507915114983916,6948428.318872842937708],[792113.387669257237576,6948569.764537623152137],[792313.817513907444663,6948924.440143377520144],[792335.173614278784953,6948963.219495044089854],[792452.265701324213296,6949169.951633220538497],[792575.219193856231868,6949387.025253966450691],[792590.815545831108466,6949414.109935529530048],[792605.800614595878869,6949440.129163568839431],[792628.623438764829189,6949480.592510784044862],[792703.200054737739265,6949612.515132032334805],[792786.77865257137455,6949760.256761552765965],[792881.689568104222417,6949928.232876373454928],[792965.057383628212847,6950079.126682367175817],[793058.904601182905026,6950256.793081278912723],[793104.516797592863441,6950381.531613515689969],[793122.698888979270123,6950445.993520094081759],[793138.346847367240116,6950517.414531903341413],[793146.885122137609869,6950580.820778056979179],[793149.939008557586931,6950654.743542902171612],[793148.168924891273491,6950721.093379178084433],[793145.336267242906615,6950792.476125301793218],[793139.807568615186028,6950841.336764674633741],[793128.789695141254924,6950907.867028741165996],[793120.767566254595295,6950948.308242381550372],[793111.037178763421252,6950997.782132883556187],[793102.592053665895946,6951032.318058528006077],[793088.848810565425083,6951087.269105512648821],[793067.541578808915801,6951159.062830779701471],[793051.077687758370303,6951225.812446172349155],[793033.124893151107244,6951298.862422564998269],[793014.12484535574913,6951366.249133972451091],[792990.888187995995395,6951457.413124630227685],[792972.314329771441408,6951526.681647385470569],[792946.985319550381973,6951622.483828749507666],[792929.025388115318492,6951696.182740069925785],[792921.770293231122196,6951723.466425443068147],[792917.962400511140004,6951737.750315566547215],[792744.722121245577,6952414.055653995834291],[792720.425546308630146,6952508.896088032983243],[792675.054376837564632,6952686.005141950212419],[792613.768728444934823,6952921.632651321589947],[792606.188881933339871,6952947.92141031101346],[792601.784420222160406,6952984.65797359123826],[792601.972147952532396,6952988.04155907034874],[792603.302853865781799,6953012.084683511406183],[792603.360706356703304,6953012.337877889163792],[792603.364624485373497,6953012.377745329402387],[792606.440122007275932,6953038.888039172627032],[792607.113511798786931,6953044.682533826678991],[792630.388363217702135,6953121.303017293103039],[792649.067261721938848,6953174.172327290289104],[792662.811657921527512,6953213.078581613488495]]]}},
{"type":"Feature","properties":{"ID_con":1321,"bw_id":"VEC_SON_140485_140540","name":"Sohlgleite Stau Samern","GEW":"VEC","stat_von":140485.0,"stat_bis":140540.0,"gew_seite":"M","gew_versat":0.0,"bauart":"Sohlgleite","baujahr":"2008/2009","upflicht":"NLWKN","KTR":"MBNVE00100","FSK":"03421201100181______","bemerk":"Stau III Samern ; BW2_ID: 9286-S03","beschreib":"Die Kulturstauanlage Samern (Stau III) wurde 2008/2009 abgerissen und durch eine Sohlgleite/Beckenfischpass ersetzt und ist jetzt durchgängig (Kosten ca. 86.500 €)","beschreib_":null,"foto1":"https://nlwkn.hannit-share.de/index.php/core/preview?fileId=11057354&x=1280&y=819&a=true","foto2":"https://nlwkn.hannit-share.de/index.php/core/preview?fileId=11057402&x=1280&y=819&a=true","foto3":null,"foto4":null,"link1":null,"link2":null,"denkmal":"Nein","AIS_NR":0},"geometry":{"type":"MultiLineString","coordinates":[[[808205.375054212403484,6852747.9415527516976],[808278.669315020437352,6852696.012795041315258]]]}},
{"type":"Feature","properties":{"ID_con":2099,"bw_id":"HAS_SON_20515_21555","name":"FGE-Projekt Auenentwicklung Hudenerfähr","GEW":"HAS","stat_von":20515.0,"stat_bis":21555.0,"gew_seite":"M","gew_versat":0.0,"bauart":"Projektgebiet","baujahr":"2023","upflicht":"NLWKN","KTR":"MAAHA0C030","FSK":"03322300200001______","bemerk":"FGE-Akz. 62615-22-039","beschreib":"FGE-Projekt Auenentwicklung Hudenerfähr (zunächst LP 1-4)","beschreib_":"FGE-Projekt Auenentwicklung Hudenerfähr (zunächst LP 1-4)","foto1":"https://nlwkn.hannit-share.de/index.php/core/preview?fileId=12171445&x=1280&y=819&a=true","foto2":"https://nlwkn.hannit-share.de/index.php/core/preview?fileId=12171444&x=1280&y=819&a=true","foto3":"https://nlwkn.hannit-share.de/index.php/core/preview?fileId=12171442&x=1280&y=819&a=true","foto4":"https://nlwkn.hannit-share.de/index.php/core/preview?fileId=12171443&x=1280&y=819&a=true","link1":null,"link2":null,"denkmal":"Nein","AIS_NR":0},"geometry":{"type":"MultiLineString","coordinates":[[[824514.330558206769638,6924148.964954500086606],[824543.254001368535683,6924123.312381695955992],[824551.751188035355881,6924116.307431379333138],[824581.520855700131506,6924091.768203028477728],[824613.680631160503253,6924064.608508706092834],[824637.494583783089183,6924041.029772551730275],[824655.332791596185416,6924015.813882286660373],[824672.734089599805884,6923976.274388306774199],[824703.584424463682808,6923906.148250760510564],[824735.633856217144057,6923815.71282843593508],[824761.025737318326719,6923754.506408972665668],[824777.476997702731751,6923723.986493573524058],[824792.211912977509201,6923703.222270662896335],[824837.482893010950647,6923660.535017241723835],[824878.55168142914772,6923638.092564891092479],[824955.83631095266901,6923608.917833193205297],[825048.172500470420346,6923578.568416770547628],[825125.50379548186902,6923547.134412257932127],[825169.591992683708668,6923524.003287426196039],[825213.731040136190131,6923498.614234415814281],[825240.512621606932953,6923476.609045057557523],[825278.087844160851091,6923442.035759131424129],[825332.732366989715956,6923382.982482122257352],[825395.066334275179543,6923315.813873196020722],[825414.402566854376346,6923290.629826608113945],[825454.527174613438547,6923242.556131113320589],[825475.391142500680871,6923213.145447957329452],[825483.990389126585796,6923201.025779566727579],[825521.97585248562973,6923147.631549988873303],[825575.626148534356616,6923065.20769224409014],[825600.530803226167336,6923025.83643364533782],[825625.700767074944451,6922974.421163692139089],[825639.54286178201437,6922943.740691616199911]]]}},
{"type":"Feature","properties":{"ID_con":1099,"bw_id":"GFD_SON_545_5945","name":"Überschwemmungsgebiet Ems","GEW":"GFD","stat_von":545.0,"stat_bis":5945.0,"gew_seite":"m","gew_versat":0.0,"bauart":"Überschwemmungsgebiet","baujahr":null,"upflicht":"Landkreis Emsland","KTR":null,"FSK":null,"bemerk":null,"beschreib":"Überschwemmungsgebiet Ems","beschreib_":null,"foto1":null,"foto2":null,"foto3":null,"foto4":null,"link1":null,"link2":null,"denkmal":"Nein","AIS_NR":0},"geometry":{"type":"MultiLineString","coordinates":[[[819880.080905629787594,6980756.545999197289348],[819874.779321061098017,6980775.860288430936635],[819827.862205276731402,6980937.979448610916734],[819814.530557467252947,6980984.045233406126499],[819759.026975235086866,6981194.404110012575984],[819741.596353792934678,6981264.298245030455291],[819721.201059897663072,6981346.078577578999102],[819707.739532948588021,6981400.054650296457112],[819675.974115501623601,6981524.720735350623727],[819654.300605989294127,6981609.783094651065767],[819650.552186797489412,6981624.341594175435603],[819602.417021104833111,6981811.3062261082232],[819550.483793688355945,6982014.895976519212127],[819498.532063479768112,6982219.176560562103987],[819443.633315529441461,6982432.329126169905066],[819393.748619676334783,6982635.978583887219429],[819340.465117443003692,6982838.182083561085165],[819287.194548078346997,6983039.702652996405959],[819266.741487952647731,6983123.321975911967456],[819243.250218197586946,6983219.367154170759022],[819238.048865845659748,6983240.636197691783309],[819226.035372920450754,6983286.408553569577634],[819210.516960792941973,6983335.53747883066535],[819198.06751413771417,6983370.305468540638685],[819178.641893911524676,6983410.409525691531599],[819157.314242758788168,6983443.599411623552442],[819137.594042939483188,6983466.514290579594672],[819117.889530363725498,6983488.744520074687898],[819082.156762895989232,6983522.28899662848562],[818951.823716603801586,6983645.077796146273613],[818738.846665440476499,6983843.635498895309865],[818634.340261290548369,6983941.062086324207485],[818525.859082474256866,6984042.191106307320297],[818440.520076391054317,6984122.463772099465132],[818390.214327386114746,6984169.780863668769598],[818326.133841932867654,6984230.054812010377645],[818018.394421727396548,6984522.660051465034485],[817987.016456580371596,6984545.30789671652019],[817971.765793779515661,6984552.515821128152311],[817953.16594843310304,6984556.211797337047756],[817931.920376329566352,6984555.721270776353776],[817901.1889530622866,6984550.200090480968356],[817899.002068301546387,6984549.737068496644497],[817827.6431997861946,6984534.610428635030985],[817824.759666308760643,6984534.000218253582716],[817767.316814895602874,6984527.173051375895739],[817737.782537644146942,6984529.240663635544479],[817713.574083192739636,6984538.304623582400382],[817694.052262894925661,6984552.288377470336854],[817668.061996319098398,6984579.184858207590878],[817638.23230293917004,6984623.862638673745096],[817614.829963680007495,6984687.25131412781775],[817591.840462914435193,6984732.77575372159481],[817567.63573253294453,6984771.399093462154269],[817537.96466614655219,6984809.207383481785655],[817516.226598306908272,6984830.015756398439407],[817495.891005825949833,6984849.479155080392957],[817470.759535950259306,6984868.833660293370485],[817443.665162264020182,6984884.017484387382865],[817405.588850826723501,6984899.63351072743535],[817353.804060135851614,6984914.933591909706593],[817306.723423228017054,6984934.466279465705156],[817271.230231571709737,6984957.015291308052838],[817232.835963003453799,6984986.374454376287758],[817214.275151364505291,6985004.139746350236237],[817186.5535285086371,6985030.671517896465957],[817111.185593531001359,6985116.917442939244211],[816998.666204788838513,6985238.048620288260281],[816946.580637050559744,6985295.962362091988325],[816902.255273151560687,6985344.430553989484906],[816858.12149580672849,6985384.65384307038039],[816812.120180610916577,6985416.584420590661466],[816775.220667109941132,6985440.476970545016229],[816741.158440750325099,6985460.309564243070781],[816657.952911242144182,6985499.624538766220212],[816650.995151774957776,6985502.239604405127466],[816543.685517913079821,6985542.581060552969575],[816415.119383907294832,6985590.910588232800364],[816218.97590965917334,6985667.923632068559527],[816168.318873434327543,6985678.777696019038558],[816135.421882656635717,6985684.012027750723064],[816098.897840393823572,6985684.993082338012755],[816072.323970068362541,6985682.244895996525884],[816034.8924089174252,6985670.153934685513377],[816001.70499669900164,6985658.682904622517526],[815946.431139392312616,6985641.454431827180088],[815898.515177465858869,6985624.819661651737988],[815883.942098994622938,6985619.768654411658645],[815832.507222979096696,6985614.60692498087883],[815803.869613671675324,6985620.443407678045332],[815772.857151519157924,6985640.589800767600536],[815749.788625777931884,6985663.251604990102351],[815730.704544583568349,6985696.895004444755614],[815711.892820627894253,6985738.997261646203697],[815698.491791257401928,6985782.197395255789161],[815691.736241782084107,6985798.136519147083163],[815671.158336840919219,6985902.697524265386164],[815708.589496363420039,6986006.297679466195405],[815792.808186657144688,6986161.444366155192256],[815855.297364189988002,6986262.751869617961347],[815882.831088881357573,6986301.968356736004353],[815891.945319482008927,6986314.969455190002918],[815923.626917543937452,6986375.321984863840044],[815935.880538664292544,6986398.664143176749349],[815941.193479936220683,6986408.774733377620578],[815937.300296203116886,6986478.044330155476928],[815915.792268841061741,6986516.652448953129351],[815858.834579962072894,6986566.437289651483297],[815816.591306898975745,6986604.02757749799639],[815762.943522353540175,6986635.565577544271946],[815644.331350212916732,6986688.73204998485744],[815586.211392759694718,6986705.697502444498241],[815515.814868318499066,6986712.730729283764958],[815445.775550974416547,6986704.341946450993419],[815387.322177158552222,6986694.29395154863596],[815355.100076057598926,6986673.286608149297535],[815328.8056149429176,6986645.665890470147133],[815261.076932647381909,6986579.462163219228387],[815197.130570103996433,6986516.240951749496162],[815177.297351820277981,6986500.34641086589545],[815127.769866600632668,6986492.423795797862113]]]}},
{"type":"Feature","properties":{"ID_con":1293,"bw_id":"VEC_SON_120710_120745","name":"Sohlgleite, raue Rampe Tillenberge","GEW":"VEC","stat_von":120710.0,"stat_bis":120745.0,"gew_seite":"M","gew_versat":0.0,"bauart":"Sohleite (Raue Rampe)","baujahr":null,"upflicht":"Landkreis Grafschaft Bentheim??","KTR":null,"FSK":"033152004000200009__","bemerk":null,"beschreib":"Sohlgleite unterhalb Brücke Tillenberger Weg","beschreib_":null,"foto1":"https://nlwkn.hannit-share.de/index.php/core/preview?fileId=11056841&x=1280&y=819&a=true","foto2":"https://nlwkn.hannit-share.de/index.php/core/preview?fileId=11056901&x=1280&y=819&a=true","foto3":"https://nlwkn.hannit-share.de/index.php/core/preview?fileId=11056847&x=1280&y=819&a=true","foto4":"https://nlwkn.hannit-share.de/index.php/core/preview?fileId=11056850&x=1280&y=819&a=true","link1":null,"link2":null,"denkmal":"Nein","AIS_NR":0},"geometry":{"type":"MultiLineString","coordinates":[[[792003.258532298263162,6873146.225799437612295],[792015.821837869123556,6873145.212510718032718],[792048.076150891487487,6873143.470668717287481],[792060.40999242675025,6873142.805454505607486]]]}},
{"type":"Feature","properties":{"ID_con":1270,"bw_id":"SNK_SON_910_1050","name":"Gemeindestraße \"Nach Schleuse II\"","GEW":"SNK","stat_von":910.0,"stat_bis":1050.0,"gew_seite":"L","gew_versat":32.0,"bauart":"Straße","baujahr":null,"upflicht":"Stadt Nordnhorn","KTR":null,"FSK":"033151032000740005__","bemerk":null,"beschreib":null,"beschreib_":null,"foto1":null,"foto2":null,"foto3":null,"foto4":null,"link1":null,"link2":null,"denkmal":"Nein","AIS_NR":0},"geometry":{"type":"MultiLineString","coordinates":[[[787832.697085733991116,6884254.839926696382463],[788000.579790318734013,6884411.47407934628427]]]}},
{"type":"Feature","properties":{"ID_con":1068,"bw_id":"DIN_SON_6720_6830","name":"Sohlgleite War","GEW":"DIN","stat_von":6720.0,"stat_bis":6830.0,"gew_seite":"M","gew_versat":0.0,"bauart":"Sohlgleite (Riegelbauweise)","baujahr":"2019-2021","upflicht":"NLWKN zukuenftig","KTR":null,"FSK":"033143003001420005__","bemerk":"starke Beeinträchtigung gemäß URPL !!","beschreib":"2019 begannen die Umbauarbeiten an der Wehranlage „Dinkelwehr War“ in Lage. Abgeschlossen wurde der Bau der Sohlgleite und der zugehörigen Brücke in 2021.","beschreib_":"2019 begannen die Umbauarbeiten an der Wehranlage „Dinkelwehr War“ in Lage. Abgeschlossen wurde der Bau der Sohlgleite und der zugehörigen Brücke in 2021.\r\nNach einer über dreijährigen Planungs- und Vorbereitungszeit ist die alte Brücke samt Weh","foto1":"https://nlwkn.hannit-share.de/index.php/core/preview?fileId=11068333&x=1280&y=819&a=true","foto2":"https://nlwkn.hannit-share.de/index.php/core/preview?fileId=11068336&x=1280&y=819&a=true","foto3":"https://nlwkn.hannit-share.de/index.php/core/preview?fileId=11068339&x=1280&y=819&a=true","foto4":"https://nlwkn.hannit-share.de/index.php/core/preview?fileId=11068342&x=1280&y=819&a=true","link1":null,"link2":null,"denkmal":"Nein","AIS_NR":0},"geometry":{"type":"MultiLineString","coordinates":[[[775088.503134276019409,6883048.16357278265059],[775063.239830732345581,6883013.778253031894565],[775035.3562272003619,6882980.904756142757833],[775000.529091025353409,6882944.398425064049661],[774979.534304946428165,6882923.418526557274163],[774970.035327847115695,6882912.451723127625883]]]}},
{"type":"Feature","properties":{"ID_con":1159,"bw_id":"HRK_SON_13280_13305","name":"Kanalaufweitung","GEW":"HRK","stat_von":13280.0,"stat_bis":13305.0,"gew_seite":"L","gew_versat":-13.0,"bauart":"Kanalaufweitung","baujahr":null,"upflicht":"NLWKN","KTR":null,"FSK":"031726023000470001__","bemerk":null,"beschreib":"Kanalaufweitung uh Grenzschleuse links","beschreib_":"Kanalaufweitung uh Grenzschleuse links","foto1":"https://nlwkn.hannit-share.de/index.php/core/preview?fileId=11063026&x=1280&y=819&a=true","foto2":null,"foto3":null,"foto4":null,"link1":null,"link2":null,"denkmal":"Nein","AIS_NR":0},"geometry":{"type":"MultiLineString","coordinates":[[[789328.364904598682187,6954889.598059233278036],[789291.188190767192282,6954907.66578499507159]]]}},
{"type":"Feature","properties":{"ID_con":1136,"bw_id":"HAS_SON_45590_47300","name":"Befestigter Radweg rechts (OK Böschung)","GEW":"HAS","stat_von":45590.0,"stat_bis":47300.0,"gew_seite":"R","gew_versat":15.0,"bauart":"Radweg (befestigt)","baujahr":"2024","upflicht":"Gemeinde Herzlake","KTR":null,"FSK":"03323101500080______","bemerk":"Der Radweg beinhaltet drei Sitzbänke bei Stat. 46+190; Stat. 46710 und Stat. 47+200)","beschreib":"Kombinierter Geh-/Radwege entlang der Hase in der Gemeinde Herzlake im gesetzlich festgesetzten f\r\nchwemmungsgebiet der Hase","beschreib_":"Kombinierter Geh-/Radwegein einer Breite von 2,00 m entlang der Hase in der Gemeinde Herzlake im gesetzlich festgesetzten Überschwemmungsgebiet der Hase: Der Radweg wurde 2024-2026 ausgebaut (3. Bauabschnitt). Der Radweg bzw. der zugehörige Vertrag bei","foto1":"https://nlwkn.hannit-share.de/index.php/core/preview?fileId=11065747&x=1280&y=819&a=true","foto2":"https://nlwkn.hannit-share.de/index.php/core/preview?fileId=11627958&x=1280&y=819&a=true","foto3":"https://nlwkn.hannit-share.de/index.php/core/preview?fileId=11627959&x=1280&y=819&a=true","foto4":"https://nlwkn.hannit-share.de/index.php/core/preview?fileId=11627957&x=1280&y=819&a=true","link1":null,"link2":null,"denkmal":"Nein","AIS_NR":0},"geometry":{"type":"MultiLineString","coordinates":[[[846238.7140848293202,6924683.253475287929177],[846385.125381337595172,6924444.255193645134568],[846570.837135828449391,6924101.889168168418109],[846661.117162174312398,6923960.035916400142014],[846711.063510300009511,6923895.579871622845531],[846770.269818814471364,6923836.5749636515975],[846884.28990039404016,6923751.592732029035687],[846936.699170425767079,6923727.048438386060297],[847115.143817237927578,6923665.609160671010613],[847272.311855735490099,6923621.731968580745161],[847371.880138901760802,6923602.975927735678852],[847588.235647457302548,6923588.184654138982296],[847902.116908037569374,6923590.218063932843506],[848048.292267148615792,6923605.927601580508053],[848102.157919408986345,6923617.425292380154133],[848147.121633445378393,6923635.320492180995643],[848206.579621132113971,6923665.583992844447494],[848262.860782430390827,6923703.471180728636682],[848417.805163827608339,6923834.139651999808848]]]}},
{"type":"Feature","properties":{"ID_con":2222,"bw_id":"PCK_SON_1980_12840","name":"ausgebauter Radweg","GEW":"PCK","stat_von":1980.0,"stat_bis":12840.0,"gew_seite":"L","gew_versat":17.0,"bauart":"Radweg","baujahr":"2022/23","upflicht":"Landkreis Grafschaft Bentheim? oder Gemeinden","KTR":null,"FSK":"033123011000120023__","bemerk":null,"beschreib":null,"beschreib_":null,"foto1":"https://nlwkn.hannit-share.de/index.php/core/preview?fileId=11061497&x=1280&y=819&a=true","foto2":"https://nlwkn.hannit-share.de/index.php/core/preview?fileId=11061500&x=1280&y=819&a=true","foto3":"https://nlwkn.hannit-share.de/index.php/core/preview?fileId=11061503&x=1280&y=819&a=true","foto4":null,"link1":null,"link2":null,"denkmal":"Nein","AIS_NR":0},"geometry":{"type":"MultiLineString","coordinates":[[[783820.08915396721568,6903182.5494772689417],[781375.009299659985118,6904174.126596090383828],[781342.871811733813956,6904201.959313003346324],[781265.272046368801966,6904290.49354290869087],[780075.329205004149117,6905678.430027226917446],[778001.999914159765467,6908109.666590764187276],[777697.951917963568121,6908456.473898872733116],[777103.235855044680648,6909154.29665201716125],[776946.626377427019179,6909345.210161378607154],[776926.047598644392565,6909363.738543181680143],[776861.081203241716139,6909406.771840143948793],[776560.465448874281719,6909592.669024360366166],[773894.189305422711186,6911300.570314600132406],[773819.727320959791541,6911339.544982244260609],[773754.367339829914272,6911349.258935332298279],[772369.567534092930146,6911364.049266817979515],[772206.505322262528352,6911370.180401887744665],[771511.090032514068298,6911683.787539622746408],[770525.065180843812414,6912140.15121741220355],[770492.449470559833571,6912146.107206786982715],[770398.903935298672877,6912147.921078817918897],[769573.265908843022771,6912156.50632157549262],[769492.339904693420976,6912168.843644561246037],[769302.524694022722542,6912232.948657749220729]]]}},
{"type":"Feature","properties":{"ID_con":1121,"bw_id":"HAS_SON_34020_34165","name":"Buhnen (Haselünne, Diestelbrücke)","GEW":"HAS","stat_von":34020.0,"stat_bis":34165.0,"gew_seite":"R","gew_versat":15.0,"bauart":"Buhnen / Leitwerk","baujahr":null,"upflicht":"NLWKN","KTR":"MBUHA00100","FSK":"033213018000080028__","bemerk":null,"beschreib":"Buhnen (Haselünne, Diestelbrücke)","beschreib_":"Buhnen (Haselünne, Diestelbrücke)","foto1":"https://nlwkn.hannit-share.de/index.php/core/preview?fileId=11065468&x=1280&y=819&a=true","foto2":"https://nlwkn.hannit-share.de/index.php/core/preview?fileId=11065471&x=1280&y=819&a=true","foto3":"https://nlwkn.hannit-share.de/index.php/core/preview?fileId=11065474&x=1280&y=819&a=true","foto4":null,"link1":null,"link2":null,"denkmal":"Nein","AIS_NR":0},"geometry":{"type":"MultiLineString","coordinates":[[[833900.413874069461599,6922570.303138054907322],[833951.844436893588863,6922573.497671562246978],[834023.188452827045694,6922559.729029809124768],[834091.317901529255323,6922514.018340471200645],[834126.717084376723506,6922470.925680373795331]]]}},
{"type":"Feature","properties":{"ID_con":1319,"bw_id":"VEC_SON_139100_139395","name":"Gehölzanpflanzung oberhalb A31","GEW":"VEC","stat_von":139100.0,"stat_bis":139395.0,"gew_seite":"L","gew_versat":-8.0,"bauart":"Gehölzanpflanzung (WWZ-BÖK) (Erlen)","baujahr":"2021","upflicht":"NLWKN, BUND, ASV","KTR":null,"FSK":null,"bemerk":null,"beschreib":"Gehölzanpflanzung durch BUND","beschreib_":null,"foto1":"https://nlwkn.hannit-share.de/index.php/core/preview?fileId=11057342&x=1280&y=819&a=true","foto2":"https://nlwkn.hannit-share.de/index.php/core/preview?fileId=11057348&x=1280&y=819&a=true","foto3":"https://nlwkn.hannit-share.de/index.php/core/preview?fileId=11057351&x=1280&y=819&a=true","foto4":null,"link1":null,"link2":null,"denkmal":"Nein","AIS_NR":0},"geometry":{"type":"MultiLineString","coordinates":[[[806760.518795662093908,6854280.000644135288894],[806789.291535294032656,6854249.183117986656725],[806823.749188403016888,6854221.358171942643821],[806880.64661678718403,6854186.509159966371953],[806956.224170082830824,6854152.984106488525867],[807167.862579758861102,6854080.556459352374077],[807192.895495273405686,6854069.523189128376544]]]}},
{"type":"Feature","properties":{"ID_con":2524,"bw_id":"EVK_SON_7000_7535","name":"asphaltierter Radweg","GEW":"EVK","stat_von":7000.0,"stat_bis":7535.0,"gew_seite":"L","gew_versat":25.0,"bauart":"asphaltierter Radweg","baujahr":null,"upflicht":"Stadt Nordhorn??","KTR":null,"FSK":"03315704200064______","bemerk":null,"beschreib":"asphaltierter Radweg","beschreib_":null,"foto1":"https://nlwkn.hannit-share.de/index.php/core/preview?fileId=11067265&x=1280&y=819&a=true","foto2":"https://nlwkn.hannit-share.de/index.php/core/preview?fileId=11067268&x=1280&y=819&a=true","foto3":"https://nlwkn.hannit-share.de/index.php/core/preview?fileId=11067271&x=1280&y=819&a=true","foto4":"https://nlwkn.hannit-share.de/index.php/core/preview?fileId=11067274&x=1280&y=819&a=true","link1":null,"link2":null,"denkmal":"Nein","AIS_NR":0},"geometry":{"type":"MultiLineString","coordinates":[[[803232.946294514811598,6882145.963318433612585],[802437.35158138233237,6881778.008163053542376]]]}},
{"type":"Feature","properties":{"ID_con":2252,"bw_id":"VEC_SON_106340_106670","name":"Sohlgleite Grasdorf","GEW":"VEC","stat_von":106340.0,"stat_bis":106670.0,"gew_seite":"M","gew_versat":0.0,"bauart":"Sohlgleite","baujahr":"2024","upflicht":"NLWKN","KTR":"MABVE0C010","FSK":"033147012000580009__","bemerk":"FGE-Akz.: 62615-21-7 und 62615-22-097","beschreib":"Planungen für eine neue Sohlgleite als Ersatz für das Wehr Grasdorf","beschreib_":"Planungen für eine neue Sohlgleite als Ersatz für das Wehr Grasdorf","foto1":"https://nlwkn.hannit-share.de/index.php/core/preview?fileId=11056451&x=1280&y=819&a=true","foto2":null,"foto3":null,"foto4":null,"link1":null,"link2":null,"denkmal":"Nein","AIS_NR":0},"geometry":{"type":"MultiLineString","coordinates":[[[780103.850185909424908,6888514.575371269136667],[780117.472992407274432,6888483.341569134034216],[780135.162025399506092,6888451.406671328470111],[780156.439841257059015,6888412.994043780490756],[780174.755689878598787,6888376.375905660912395],[780203.34667519852519,6888331.971380023285747],[780239.035188717534766,6888293.009283607825637],[780270.289373348583467,6888268.854667495936155],[780286.273427398991771,6888257.951245260424912],[780302.69504365650937,6888246.749411854892969],[780334.499974530888721,6888231.889469975605607],[780375.611028069979511,6888215.270589787513018],[780417.568877156707458,6888197.059713595546782],[780447.820440092124045,6888180.140586208552122],[780477.877896403777413,6888155.54828936047852],[780480.151552752940916,6888153.58553256932646]]]}},
{"type":"Feature","properties":{"ID_con":2420,"bw_id":"VEC_SON_82770_83540","name":"Biotop (GB-NOH 3307/001)","GEW":"VEC","stat_von":82770.0,"stat_bis":83540.0,"gew_seite":"L","gew_versat":-70.0,"bauart":"Biotop","baujahr":null,"upflicht":"Landkreis Grafschaft Bentheim","KTR":null,"FSK":"033129015000870007__","bemerk":null,"beschreib":"Biotop (GB-NOH 3307/001) linksseitig in der Gemeinde Emlichheim entlang der Böschungsoberkante verlaufend","beschreib_":null,"foto1":null,"foto2":null,"foto3":null,"foto4":null,"link1":null,"link2":null,"denkmal":"Nein","AIS_NR":0},"geometry":{"type":"MultiLineString","coordinates":[[[760880.544533291249536,6909552.044958123937249],[761199.275253974483348,6909639.34274828247726],[761324.495282936724834,6909636.672751158475876],[761657.351983059197664,6909510.34728638548404],[761855.900940287159756,6909462.948885867372155],[761949.214697465999052,6909376.834540694020689]]]}},
{"type":"Feature","properties":{"ID_con":1814,"bw_id":"VEC_SON_118300_118700","name":"Gehölzanpflanzung BUND (Hesepe)","GEW":"VEC","stat_von":118300.0,"stat_bis":118700.0,"gew_seite":"L","gew_versat":-18.0,"bauart":"Gehölzanpflanzung","baujahr":"2021","upflicht":null,"KTR":null,"FSK":"033152007001200014__","bemerk":null,"beschreib":"Gehölzanpflanzung durch BUND","beschreib_":null,"foto1":"https://nlwkn.hannit-share.de/index.php/core/preview?fileId=11056781&x=1280&y=819&a=true","foto2":"https://nlwkn.hannit-share.de/index.php/core/preview?fileId=11056832&x=1280&y=819&a=true","foto3":"https://nlwkn.hannit-share.de/index.php/core/preview?fileId=11056787&x=1280&y=819&a=true","foto4":"https://nlwkn.hannit-share.de/index.php/core/preview?fileId=11056790&x=1280&y=819&a=true","link1":null,"link2":null,"denkmal":"Nein","AIS_NR":0},"geometry":{"type":"MultiLineString","coordinates":[[[789837.713515976909548,6876106.761880142614245],[789850.355922338669188,6876011.543072463013232],[789865.961152912001126,6875942.792690366506577],[789886.482280932832509,6875871.039440946653485],[789926.827954494394362,6875767.032706052064896],[790027.079298539669253,6875607.819619569927454],[790113.401480205240659,6875507.831682922318578]]]}},
{"type":"Feature","properties":{"ID_con":1146,"bw_id":"HAS_SON_7770_7930","name":"Spundwand (BÖK) Bokeloh uh Brücke","GEW":"HAS","stat_von":7770.0,"stat_bis":7930.0,"gew_seite":"R","gew_versat":30.0,"bauart":"Spundwand","baujahr":null,"upflicht":"Stadt Meppen??","KTR":null,"FSK":"033219004000010013__","bemerk":null,"beschreib":"Spundwand (BÖK) Bokeloh uh Brücke rechts","beschreib_":"Spundwand (BÖK) Bokeloh uh Brücke rechts","foto1":"https://nlwkn.hannit-share.de/index.php/core/preview?fileId=11065906&x=1280&y=819&a=true","foto2":null,"foto3":null,"foto4":null,"link1":null,"link2":null,"denkmal":"Nein","AIS_NR":0},"geometry":{"type":"MultiLineString","coordinates":[[[817792.057906047441065,6926569.736025337129831],[817858.865973150590435,6926825.015384359285235]]]}},
{"type":"Feature","properties":{"ID_con":1262,"bw_id":"SNK_SON_44195_44260","name":"Kanalaufweitung","GEW":"SNK","stat_von":44195.0,"stat_bis":44260.0,"gew_seite":"R","gew_versat":-9.0,"bauart":"Kanalaufweitung","baujahr":null,"upflicht":"NLWKN","KTR":null,"FSK":"03172602100179______","bemerk":null,"beschreib":"Kanalaufweitung","beschreib_":"Kanalaufweitung","foto1":null,"foto2":null,"foto3":null,"foto4":null,"link1":null,"link2":null,"denkmal":"Nein","AIS_NR":0},"geometry":{"type":"MultiLineString","coordinates":[[[793118.504518364556134,6951029.823915888555348],[793090.567272324929945,6951133.723756013438106]]]}},
{"type":"Feature","properties":{"ID_con":2241,"bw_id":"DIN_SON_220_440","name":"Anhebung UW Dinkelwehr (Projekt)","GEW":"DIN","stat_von":220.0,"stat_bis":440.0,"gew_seite":"M","gew_versat":0.0,"bauart":"Projektgebiet","baujahr":"2022","upflicht":"NLWKN","KTR":"MBHVE0G01H","FSK":"033147001000010048__","bemerk":"FGE-Akz.: 62615-22-099","beschreib":"Projekt zur Anhebung des Unterwasser des Dinkelwehres Neuenhaus.","beschreib_":"Projekt zur Anhebung des Unterwasser des Dinkelwehres Neuenhaus. Anhebung des Unterwassers (ca. 11.90 m NN) des Dinkelwehres Neuenhaus durch den Einbau von acht Riegeln mit jeweils einem Höhenunterschied von sieben cm um ca. 60 cm auf 12,50 m NN (!! Bei","foto1":"https://nlwkn.hannit-share.de/index.php/core/preview?fileId=11068174&x=1280&y=819&a=true","foto2":"https://nlwkn.hannit-share.de/index.php/core/preview?fileId=11068177&x=1280&y=819&a=true","foto3":"https://nlwkn.hannit-share.de/index.php/core/preview?fileId=11068180&x=1280&y=819&a=true","foto4":null,"link1":null,"link2":null,"denkmal":"Nein","AIS_NR":0},"geometry":{"type":"MultiLineString","coordinates":[[[775136.032968966639601,6892085.399803343228996],[775081.3812972685555,6892007.886302494443953],[775042.713986267568544,6891950.046456892043352],[775020.282968295738101,6891911.902842613868415],[775004.561129898414947,6891873.947761024348438],[774999.613558050710708,6891862.266972059383988],[774990.521374215604737,6891827.385980570688844],[774977.560573337133974,6891765.781878197565675]]]}},
{"type":"Feature","properties":{"ID_con":1058,"bw_id":"DIN_SON_3900_3300","name":"Landschaftsschutzgebiet (Gut Lage, LSG NOH 00001)","GEW":"DIN","stat_von":3900.0,"stat_bis":3300.0,"gew_seite":"M","gew_versat":0.0,"bauart":"Landschaftsschutzgebiet","baujahr":"1977","upflicht":"Landkreis Grafschaft Bentheim","KTR":null,"FSK":"033143002000160002__","bemerk":"\r\nVerordnungstext??","beschreib":"Im Norden Waldbereiche und landwirtschaftliche Nutzflächen, Teilbereiche von Dinkel und Dinkelumflut, Teil der Ortslage \"Herrlichkeit\" Lage. Südlicher Teil Waldbereiche und landwirtschaftliche Nutzflächen.","beschreib_":null,"foto1":null,"foto2":null,"foto3":null,"foto4":null,"link1":null,"link2":null,"denkmal":"Nein","AIS_NR":0},"geometry":{"type":"MultiLineString","coordinates":[[[775450.911107048392296,6887664.053906716406345],[775474.049826418980956,6887608.868443751707673],[775498.196950106066652,6887551.392071700654924],[775507.15084167313762,6887522.807453820481896],[775509.552128561888821,6887505.572619548998773],[775503.371015992946923,6887486.653176656924188],[775487.279189535067417,6887462.167283237911761],[775471.611776625388302,6887439.617298512719572],[775463.555371320690028,6887419.202691239304841],[775462.495235480368137,6887405.716128484345973],[775465.832669145427644,6887392.437745965085924],[775467.893364205257967,6887384.240506871603429],[775477.325207357993349,6887355.668365750461817],[775492.363442528760061,6887315.240611771121621],[775504.055874660960399,6887291.539336076937616],[775517.785364530747756,6887263.570178656838834],[775546.795884711784311,6887220.653766942210495],[775600.128964059753343,6887148.143725134432316],[775701.972766552353278,6887003.949441082775593],[775807.221498002065346,6886857.932176060043275],[775810.482566063059494,6886852.957893308252096],[775835.780003836145625,6886814.365533389151096]]]}},
{"type":"Feature","properties":{"ID_con":1113,"bw_id":"HAS_SON_24700_24900","name":"Buhnen (Altarm Bückelte)","GEW":"HAS","stat_von":24700.0,"stat_bis":24900.0,"gew_seite":"R","gew_versat":15.0,"bauart":"Buhnen / Leitwerk","baujahr":null,"upflicht":"NLWKN","KTR":"MBUHA02007","FSK":"033226001001010004__","bemerk":null,"beschreib":"Buhnen (Bückelte) rechts","beschreib_":"Buhnen (Bückelte) rechts","foto1":"https://nlwkn.hannit-share.de/index.php/core/preview?fileId=11065294&x=1280&y=819&a=true","foto2":null,"foto3":null,"foto4":null,"link1":null,"link2":null,"denkmal":"Nein","AIS_NR":0},"geometry":{"type":"MultiLineString","coordinates":[[[827613.233022238709964,6920262.399355996400118],[827689.835023558000103,6920341.488609007559717],[827746.192922745365649,6920367.896882409229875],[827813.730129350442439,6920355.172146102413535],[827865.227589849382639,6920320.416537006385624],[827903.303997655282728,6920282.54729635361582],[827908.438635654747486,6920255.317555017769337]]]}},
{"type":"Feature","properties":{"ID_con":1237,"bw_id":"SNK_SON_23460_23510","name":"Kanalaufweitung Twist","GEW":"SNK","stat_von":23460.0,"stat_bis":23510.0,"gew_seite":"L","gew_versat":10.0,"bauart":"Kanalaufweitung","baujahr":null,"upflicht":"NLWKN","KTR":null,"FSK":"033118011000120004__","bemerk":null,"beschreib":"Kanalaufweitung Twist","beschreib_":"Kanalaufweitung Twist","foto1":"https://nlwkn.hannit-share.de/index.php/core/preview?fileId=11060129&x=1280&y=819&a=true","foto2":"https://nlwkn.hannit-share.de/index.php/core/preview?fileId=11060132&x=1280&y=819&a=true","foto3":"https://nlwkn.hannit-share.de/index.php/core/preview?fileId=11060135&x=1280&y=819&a=true","foto4":"https://nlwkn.hannit-share.de/index.php/core/preview?fileId=11060138&x=1280&y=819&a=true","link1":null,"link2":null,"denkmal":"Nein","AIS_NR":0},"geometry":{"type":"MultiLineString","coordinates":[[[790165.099629270727746,6917534.535989404655993],[790159.084533609566279,6917581.429852631874382],[790165.72004029690288,6917620.773436823859811]]]}},
{"type":"Feature","properties":{"ID_con":2199,"bw_id":"VEC_SON_133760_133870","name":"Gehölzanpflanzung ASV Schüttorf","GEW":"VEC","stat_von":133760.0,"stat_bis":133870.0,"gew_seite":"L","gew_versat":-15.0,"bauart":"Gehölzanpflanzung","baujahr":"2022","upflicht":"ASV Schüttorf / NLWKN","KTR":null,"FSK":"034210002002930004__","bemerk":"8 Schwarzerlen","beschreib":"Gehölzanpflanzung durch ASV Schüttorf","beschreib_":null,"foto1":null,"foto2":null,"foto3":null,"foto4":null,"link1":null,"link2":null,"denkmal":"Nein","AIS_NR":0},"geometry":{"type":"MultiLineString","coordinates":[[[802820.644746626610868,6860704.521015391685069],[802863.769685010658577,6860662.605570925399661],[802966.676616646465845,6860593.33742628339678]]]}},
{"type":"Feature","properties":{"ID_con":1203,"bw_id":"PCK_SON_11405_11430","name":"Kanalaufweitung Gemeinde Ringe","GEW":"PCK","stat_von":11405.0,"stat_bis":11430.0,"gew_seite":"L","gew_versat":14.0,"bauart":"Kanalaufweitung","baujahr":null,"upflicht":"NLWKN","KTR":null,"FSK":"033128004000180022__","bemerk":null,"beschreib":"Kanalaufweitung","beschreib_":null,"foto1":null,"foto2":null,"foto3":null,"foto4":null,"link1":null,"link2":null,"denkmal":"Nein","AIS_NR":0},"geometry":{"type":"MultiLineString","coordinates":[[[771545.279218581854366,6911673.89354310464114],[771507.802284273086116,6911690.786997226066887]]]}},
{"type":"Feature","properties":{"ID_con":1132,"bw_id":"HAS_SON_43375_43460","name":"Gehölzanpflanzung Mündung Südradde","GEW":"HAS","stat_von":43375.0,"stat_bis":43460.0,"gew_seite":"R","gew_versat":0.0,"bauart":"Gehölzanpflanzung","baujahr":null,"upflicht":"NLWKN","KTR":null,"FSK":null,"bemerk":"Gehölzanpflanzung (Erlen, Eschen, Eichen)","beschreib":"Gehölzanpflanzung Mündung Südradde","beschreib_":"Gehölzanpflanzung Mündung Südradde","foto1":"https://nlwkn.hannit-share.de/index.php/core/preview?fileId=11065708&x=1280&y=819&a=true","foto2":null,"foto3":null,"foto4":null,"link1":null,"link2":null,"denkmal":"Nein","AIS_NR":0},"geometry":{"type":"MultiLineString","coordinates":[[[842752.250515272840858,6925367.661845296621323],[842767.302464821375906,6925366.423808553256094],[842819.777434944058768,6925360.401211799122393],[842832.311065172660165,6925356.48789344355464],[842865.368186273262836,6925346.16774803865701],[842888.796962819527835,6925339.711704470217228]]]}},
{"type":"Feature","properties":{"ID_con":1244,"bw_id":"SNK_SON_33310_33320","name":"Kanalaufweitung Stadt Haren (Ems)","GEW":"SNK","stat_von":33310.0,"stat_bis":33320.0,"gew_seite":"R","gew_versat":-10.0,"bauart":"Kanalaufweitung","baujahr":null,"upflicht":"NLWKN","KTR":null,"FSK":"033102028000280009__","bemerk":null,"beschreib":"Kanalaufweitung Stadt Haren (Ems)","beschreib_":"Kanalaufweitung Stadt Haren (Ems)","foto1":"https://nlwkn.hannit-share.de/index.php/core/preview?fileId=11060198&x=1280&y=819&a=true","foto2":null,"foto3":null,"foto4":null,"link1":null,"link2":null,"denkmal":"Nein","AIS_NR":0},"geometry":{"type":"MultiLineString","coordinates":[[[790525.161421796656214,6933723.567142495885491],[790525.926815191865899,6933740.070961779914796]]]}},
{"type":"Feature","properties":{"ID_con":1296,"bw_id":"VEC_SON_121570_121605","name":"Borstenfischpass Wehr Brandlecht","GEW":"VEC","stat_von":121570.0,"stat_bis":121605.0,"gew_seite":"L","gew_versat":-11.0,"bauart":"Borstenfischpass","baujahr":"2007/2008","upflicht":"NLWKN","KTR":"MBGVE00400","FSK":"033152003000240012__","bemerk":null,"beschreib":"Borstenfischpass Wehr Brandlecht","beschreib_":"Borstenfischpass Wehr Brandlecht","foto1":"https://nlwkn.hannit-share.de/index.php/core/preview?fileId=11056898&x=1280&y=819&a=true","foto2":"https://nlwkn.hannit-share.de/index.php/core/preview?fileId=11057006&x=1280&y=819&a=true","foto3":"https://nlwkn.hannit-share.de/index.php/core/preview?fileId=11056904&x=1280&y=819&a=true","foto4":"https://nlwkn.hannit-share.de/index.php/core/preview?fileId=11056907&x=1280&y=819&a=true","link1":null,"link2":null,"denkmal":"Nein","AIS_NR":0},"geometry":{"type":"MultiLineString","coordinates":[[[793114.36192312638741,6872833.612679989077151],[793147.452577598858625,6872786.778204289264977]]]}},
{"type":"Feature","properties":{"ID_con":2076,"bw_id":"GFD_SON_4510_4540","name":"Fischtreppe am Wehr Goldfischdever","GEW":"GFD","stat_von":4510.0,"stat_bis":4540.0,"gew_seite":"R","gew_versat":-11.0,"bauart":"Beckenfischpass mit Sohlauflage","baujahr":"1966","upflicht":"NLWKN","KTR":"MBGEN00100","FSK":"03184700100007______","bemerk":null,"beschreib":"Fischtreppe am Wehr Goldfischdever (Beckenschlitzpass mit Substratauflage). In 2014 wurde der Schlitzpass als FGE-Kleinmaßnahme erneuert und mit einer Substratauflage versehen.","beschreib_":"Der Fischpass am Wehr in der Goldfischdever ist als FGE-Kleinmaßnahme 2014 auf Veranlassung und in Zusammenarbeit zwischen SFV Aschendorf und NLWKN optimiert worden. Damals ist u.a. auch die Sohle im Fischpass und im Auslaufbereich mit einer Substratauf","foto1":"https://nlwkn.hannit-share.de/index.php/core/preview?fileId=11066497&x=1280&y=819&a=true","foto2":"https://nlwkn.hannit-share.de/index.php/core/preview?fileId=11066500&x=1280&y=819&a=true","foto3":"https://nlwkn.hannit-share.de/index.php/core/preview?fileId=11066503&x=1280&y=819&a=true","foto4":"https://nlwkn.hannit-share.de/index.php/core/preview?fileId=11066506&x=1280&y=819&a=true","link1":null,"link2":null,"denkmal":"Nein","AIS_NR":656},"geometry":{"type":"MultiLineString","coordinates":[[[816243.107747086440213,6985678.006443966180086],[816195.396612452343106,6985691.641105056740344]]]}},
{"type":"Feature","properties":{"ID_con":1229,"bw_id":"SNK_SON_18520_18580","name":"Kanalaufweitung Twist","GEW":"SNK","stat_von":18520.0,"stat_bis":18580.0,"gew_seite":"L","gew_versat":10.0,"bauart":"Kanalaufweitung","baujahr":null,"upflicht":"NLWKN","KTR":null,"FSK":"033120007000010035__","bemerk":null,"beschreib":"Kanalaufweitung Twist","beschreib_":"Kanalaufweitung Twist","foto1":"https://nlwkn.hannit-share.de/index.php/core/preview?fileId=11060009&x=1280&y=819&a=true","foto2":"https://nlwkn.hannit-share.de/index.php/core/preview?fileId=11060012&x=1280&y=819&a=true","foto3":null,"foto4":null,"link1":null,"link2":null,"denkmal":"Nein","AIS_NR":0},"geometry":{"type":"MultiLineString","coordinates":[[[788088.311251701903529,6910141.451543338596821],[788160.412045751232654,6910208.883770299144089]]]}},
{"type":"Feature","properties":{"ID_con":1299,"bw_id":"VEC_SON_124480_124550","name":"Sohlgleite Eistrup","GEW":"VEC","stat_von":124480.0,"stat_bis":124550.0,"gew_seite":"M","gew_versat":2.0,"bauart":"Sohlgleite","baujahr":"2005","upflicht":"NLWKN","KTR":"MBNVE00100","FSK":"034202015000010001__","bemerk":"Plan??\r\nSohlgleite mit 6 Grundschwellen,  ehemalige Kulturstauanlage, die im Jahr 2004 abgerissen wurde; Becken werden aus Pfahlreihen gebildet, die angeschüttet wurden","beschreib":"Sohlgleite Eistrup (Baujahr 2005), Sohlgleite mit 5 Riegeln aus Pfahlreihen","beschreib_":"Die hier ehemals vorhandene Kulturstauanlage wurde 2005 in eine Sohlgleite mit 5 Riegeln aus Pfahlreihen umgebaut.","foto1":"https://nlwkn.hannit-share.de/index.php/core/preview?fileId=11057003&x=1280&y=819&a=true","foto2":"https://nlwkn.hannit-share.de/index.php/core/preview?fileId=11057042&x=1280&y=819&a=true","foto3":"https://nlwkn.hannit-share.de/index.php/core/preview?fileId=11057009&x=1280&y=819&a=true","foto4":"https://nlwkn.hannit-share.de/index.php/core/preview?fileId=11057012&x=1280&y=819&a=true","link1":"https://nlwkn.hannit-share.de/index.php/core/preview?fileId=7761910&x=1280&y=819&a=true","link2":"https://nlwkn.hannit-share.de/index.php/core/preview?fileId=7761936&x=1280&y=819&a=true","denkmal":"Nein","AIS_NR":0},"geometry":{"type":"MultiLineString","coordinates":[[[796961.718760135234334,6870719.527275349013507],[797036.261107049882412,6870632.424627479165792]]]}},
{"type":"Feature","properties":{"ID_con":1250,"bw_id":"SNK_SON_38940_39035","name":"Kanalaufweitung","GEW":"SNK","stat_von":38940.0,"stat_bis":39035.0,"gew_seite":"R","gew_versat":-8.0,"bauart":"Kanalaufweitung","baujahr":null,"upflicht":"NLWKN","KTR":null,"FSK":"031737037001040083__","bemerk":null,"beschreib":"Kanalaufweitung","beschreib_":"Kanalaufweitung","foto1":"https://nlwkn.hannit-share.de/index.php/core/preview?fileId=11060258&x=1280&y=819&a=true","foto2":null,"foto3":null,"foto4":null,"link1":null,"link2":null,"denkmal":"Nein","AIS_NR":0},"geometry":{"type":"MultiLineString","coordinates":[[[791282.04530311410781,6942995.330935166217387],[791292.231335739488713,6943152.152722932398319]]]}},
{"type":"Feature","properties":{"ID_con":1207,"bw_id":"PCK_SON_22610_22720","name":"Kanalaufweitung Gemeinde Laar","GEW":"PCK","stat_von":22610.0,"stat_bis":22720.0,"gew_seite":"L","gew_versat":28.0,"bauart":"Kanalaufweitung","baujahr":null,"upflicht":"NLWKN","KTR":null,"FSK":"033131104000290003__","bemerk":null,"beschreib":"Kanalaufweitung","beschreib_":"Kanalaufweitung","foto1":"https://nlwkn.hannit-share.de/index.php/core/preview?fileId=12140227&x=1280&y=819&a=true","foto2":"https://nlwkn.hannit-share.de/index.php/core/preview?fileId=12140229&x=1280&y=819&a=true","foto3":"https://nlwkn.hannit-share.de/index.php/core/preview?fileId=12140230&x=1280&y=819&a=true","foto4":"https://nlwkn.hannit-share.de/index.php/core/preview?fileId=12140231&x=1280&y=819&a=true","link1":null,"link2":null,"denkmal":"Nein","AIS_NR":0},"geometry":{"type":"MultiLineString","coordinates":[[[754902.049929274013266,6917520.100748339667916],[754780.398708657128736,6917654.362762530334294]]]}},
{"type":"Feature","properties":{"ID_con":2424,"bw_id":"VEC_SON_88910_88985","name":"Biotop (GB-NOH 3407/064)","GEW":"VEC","stat_von":88910.0,"stat_bis":88985.0,"gew_seite":"R","gew_versat":30.0,"bauart":"Biotop","baujahr":null,"upflicht":"Landkreis Grafschaft Bentheim","KTR":null,"FSK":"033127008000170002__","bemerk":"!!Unterhaltung anpassen!!","beschreib":"Biotop (GB-NOH 3407/064) rechtsseitig  (Altarm (Dönsberg) in der Gemeinde Ringe mit direkter Verbindung zur Vechte über Kastendurchlass (ID: 751)","beschreib_":null,"foto1":null,"foto2":null,"foto3":null,"foto4":null,"link1":null,"link2":null,"denkmal":"Nein","AIS_NR":0},"geometry":{"type":"MultiLineString","coordinates":[[[769173.31022875837516,6907669.399377496913075],[769286.995102016604505,6907621.80213119648397]]]}},
{"type":"Feature","properties":{"ID_con":1210,"bw_id":"PCK_SON_7930_22040","name":"Biotop (Nr. 3306008) (von landesweiter Bedeutung","GEW":"PCK","stat_von":7930.0,"stat_bis":22040.0,"gew_seite":"M","gew_versat":0.0,"bauart":"Biotop","baujahr":null,"upflicht":"Landkreis Grafschaft Bentheim","KTR":null,"FSK":"033127004000170016__","bemerk":null,"beschreib":null,"beschreib_":null,"foto1":null,"foto2":null,"foto3":null,"foto4":null,"link1":null,"link2":null,"denkmal":"Nein","AIS_NR":0},"geometry":{"type":"MultiLineString","coordinates":[[[776675.073320117196999,6909554.666344043798745],[776621.159486102173105,6909588.025060191750526],[776575.322164057986811,6909616.386479338631034],[776237.870507923420519,6909832.609218634665012],[775699.327437118277885,6910177.432047455571592],[775491.129082817118615,6910312.782280322164297],[775187.767602474079467,6910505.634124332107604],[774820.904199910233729,6910738.354684755206108],[774663.992138782748953,6910840.471259516663849],[774653.911088135442697,6910847.034476365894079],[774419.898510848172009,6910995.527157694101334],[774118.760608433163725,6911189.575192076154053],[773996.38964488345664,6911269.454015959985554],[773908.202492864453234,6911324.834659720771015],[773863.563031372847036,6911351.350902551785111],[773828.48424071748741,6911366.560685431584716],[773800.558849591878243,6911373.87058434728533],[773756.576428963569924,6911377.247838377952576],[773522.118710080394521,6911377.512621723115444],[772930.517862168606371,6911387.251693215221167],[772370.239060627412982,6911392.054760343395174],[772241.981149954954162,6911394.166449157521129],[772212.998898179968819,6911397.967047724872828],[772182.599503859179094,6911410.988841665908694],[771775.387850898783654,6911596.127612222917378],[771522.67860399291385,6911709.277413068339229],[771324.829724085982889,6911802.002122370526195],[771176.110226295422763,6911872.980006607249379],[770981.850190214812756,6911961.16951637994498],[770753.551890424685553,6912068.056858676485717],[770578.012898887507617,6912147.516380642540753],[770533.559461813420057,6912167.074659147299826],[770495.24168176529929,6912174.071935030631721],[770399.319700250052847,6912175.931900518015027],[769987.99655014637392,6912180.241455276496708],[769734.952759783482179,6912183.330863483250141],[769575.521955308620818,6912184.498096250928938],[769543.106700065196492,6912187.031361866742373],[769498.951277620624751,6912196.171480074524879],[769396.354988748556934,6912229.088113920763135],[769061.383063778979704,6912349.045635594055057],[768794.143524897051975,6912443.171576893888414],[768200.217009457410313,6912649.349425613880157],[768079.961498146527447,6912693.316380818374455],[767965.678245811373927,6912730.509830323979259],[767609.721583142294548,6912855.590888080187142],[767540.782117808354087,6912882.523104927502573],[767242.015095577691682,6913026.634679858572781],[767010.502110239351168,6913043.009038913995028],[766792.089828598545864,6913054.125033301301301],[766721.215634471620433,6913057.719943013973534],[766447.608510978869162,6913091.369553565979004],[765853.438504632678814,6913183.892475938424468],[765313.809137375559658,6913267.561246032826602],[764928.635391066665761,6913323.341591712087393],[764892.787600925541483,6913324.596200033091009],[764857.142542642424814,6913318.90977297630161],[764695.762402790482156,6913267.80676397588104],[764329.388507651165128,6913156.192425716668367],[764151.993732408969663,6913099.97300277184695],[764125.651640478288755,6913092.242468112148345],[764091.094669593148865,6913088.900602927431464],[763568.048781831515953,6913080.298437213525176],[763077.457749075721949,6913067.99722605664283],[762497.82476897991728,6913058.795606205239892],[761999.090718365740031,6913048.500342773273587],[761900.986736588529311,6913045.560519861057401],[761843.244877318153158,6913044.988265582360327],[761813.097628739080392,6913048.715497555211186],[761773.201373446849175,6913069.523035859689116],[761305.220265674637631,6913305.620713672600687],[760696.416213613119908,6913613.894582481123507],[760093.234006920829415,6913925.778948334045708],[759587.485735118272714,6914184.983204343356192],[759404.240657941671088,6914284.835268643684685],[758993.487967912107706,6914495.928535087034106],[758567.426645824802108,6914715.805488861165941],[758392.448368631536141,6914808.942561804316938],[758249.300789059954695,6914881.036945779807866],[758040.345429586828686,6914989.350695212371647],[757904.258512294967659,6915057.021584263071418],[757869.134509125142358,6915072.1675258371979],[757802.630231388378888,6915093.308479014784098],[757343.040252602542751,6915235.662936462089419],[757208.976806558668613,6915274.425741515122354],[757051.576941849663854,6915320.583881545811892],[756986.853205228107981,6915340.033791163004935],[756952.357400760985911,6915353.457869079895318],[756931.224932020413689,6915364.395853373222053],[756909.91597577277571,6915381.119857664220035],[756815.575664970558137,6915481.330512746237218],[756730.014796672156081,6915577.756061878055334],[756574.568661147844978,6915749.077096719294786],[756416.805576844257303,6915920.329563211649656],[756261.85222210153006,6916093.983635590411723],[756104.634825953166001,6916265.832797149196267],[755949.1264285458019,6916438.313936014659703],[755635.777825855882838,6916783.204866249114275],[755580.572176617919467,6916849.865586399100721],[755570.916596342227422,6916859.589181358925998]]]}},
{"type":"Feature","properties":{"ID_con":2415,"bw_id":"VBK_SON_0_405","name":"befestigter Radweg bis Höhe Binsenstraße","GEW":"VBK","stat_von":0.0,"stat_bis":405.0,"gew_seite":"L","gew_versat":15.0,"bauart":"Radweg","baujahr":"2016/2017","upflicht":"Stadt Nordhorn","KTR":null,"FSK":"033151067002390005__","bemerk":"!!Vertrag!!","beschreib":"Ausgebauter Radweg \"Am Verbindungskanal\" zwischen Seehuferstraße und Nordeingang Friedhof Heseper Weg als '\"Zweirichtungsradweg\"","beschreib_":"Der Radweg am Verbindungskanal ist Teil der beliebten Komfortverbindung von der niederländischen Grenze bis zur Kreuzung Lingener Straße/Osttangente. Er wird sowohl durch Alltagsradler als auch durch Touristen stark genutzt. \r\n\r\nDer Ausbau des Radwegs","foto1":null,"foto2":"https://nlwkn.hannit-share.de/index.php/core/preview?fileId=11060372&x=1280&y=819&a=true","foto3":null,"foto4":null,"link1":null,"link2":null,"denkmal":"Nein","AIS_NR":0},"geometry":{"type":"MultiLineString","coordinates":[[[788216.100069314939901,6880133.868605198338628],[788135.366112031042576,6879819.057704670354724],[788039.762383907334879,6879492.466669634915888]]]}},
{"type":"Feature","properties":{"ID_con":1257,"bw_id":"SNK_SON_42880_42970","name":"Kanalaufweitung Stadt Haren (Ems)","GEW":"SNK","stat_von":42880.0,"stat_bis":42970.0,"gew_seite":"R","gew_versat":-10.0,"bauart":"Kanalaufweitung","baujahr":null,"upflicht":"NLWKN","KTR":null,"FSK":"03172901000002______","bemerk":null,"beschreib":"Kanalaufweitung Stadt Haren (Ems)","beschreib_":"Kanalaufweitung Stadt Haren (Ems)","foto1":"https://nlwkn.hannit-share.de/index.php/core/preview?fileId=11060303&x=1280&y=819&a=true","foto2":"https://nlwkn.hannit-share.de/index.php/core/preview?fileId=11060276&x=1280&y=819&a=true","foto3":null,"foto4":null,"link1":null,"link2":null,"denkmal":"Nein","AIS_NR":0},"geometry":{"type":"MultiLineString","coordinates":[[[792394.856351137743331,6949035.064683424308896],[792468.242428114986978,6949164.63019279949367]]]}},
{"type":"Feature","properties":{"ID_con":1247,"bw_id":"SNK_SON_3800_3830","name":"Längsverlegung einer Mitteldruckgasleitung HDPE DN 25; Länge ca. 30 m; Deckung ca. 1,50 m.\r\n\tRealisierung der Gasversorgung des Objektes „Am Süd-Nord-Kanal 39“.","GEW":"SNK","stat_von":3800.0,"stat_bis":3830.0,"gew_seite":"L","gew_versat":18.0,"bauart":"Längsverlegung","baujahr":null,"upflicht":null,"KTR":null,"FSK":"033149004002690099__","bemerk":null,"beschreib":null,"beschreib_":null,"foto1":null,"foto2":null,"foto3":null,"foto4":null,"link1":null,"link2":null,"denkmal":"Nein","AIS_NR":0},"geometry":{"type":"MultiLineString","coordinates":[[[790108.499112091260031,6888342.053226730786264],[790127.120911900652573,6888387.615513894706964]]]}},
{"type":"Feature","properties":{"ID_con":1117,"bw_id":"HAS_SON_26900_27100","name":"Buhnen (Teufelsberge)","GEW":"HAS","stat_von":26900.0,"stat_bis":27100.0,"gew_seite":"L","gew_versat":-10.0,"bauart":"Buhnen / Leitwerk","baujahr":null,"upflicht":"NLWKN","KTR":"MBUHA00100","FSK":"033213024000070001__","bemerk":null,"beschreib":"Buhnen (Teufelsberge) links","beschreib_":"Buhnen (Teufelsberge) links","foto1":"https://nlwkn.hannit-share.de/index.php/core/preview?fileId=11065345&x=1280&y=819&a=true","foto2":"https://nlwkn.hannit-share.de/index.php/core/preview?fileId=11065348&x=1280&y=819&a=true","foto3":"https://nlwkn.hannit-share.de/index.php/core/preview?fileId=11065351&x=1280&y=819&a=true","foto4":null,"link1":null,"link2":null,"denkmal":"Nein","AIS_NR":0},"geometry":{"type":"MultiLineString","coordinates":[[[828118.568893616436981,6917520.637271153740585],[828122.377500771079212,6917450.251756181940436],[828131.195894356351346,6917421.240346232429147],[828152.593895397963934,6917395.363345719873905],[828185.853762687765993,6917373.332033946178854],[828240.829941740026698,6917352.345370210707188],[828310.925361204892397,6917335.995939292944968],[828358.566227365517989,6917331.598905690945685]]]}},
{"type":"Feature","properties":{"ID_con":1042,"bw_id":"DIN_SON_0_477","name":"Überschwemmungsgebiet Vechte","GEW":"DIN","stat_von":0.0,"stat_bis":477.0,"gew_seite":"M","gew_versat":0.0,"bauart":"Überschwemmungsgebiet","baujahr":null,"upflicht":"Landkreis Grafschaft Bentheim","KTR":null,"FSK":"033147001000010048__","bemerk":null,"beschreib":"Überschwemmungsgebiet der Vechte reicht bis in die Dinkelmündung","beschreib_":null,"foto1":null,"foto2":null,"foto3":null,"foto4":null,"link1":null,"link2":null,"denkmal":"Nein","AIS_NR":0},"geometry":{"type":"MultiLineString","coordinates":[[[775116.054294207366183,6892406.623012554831803],[775108.12503918108996,6892387.596333652734756],[775115.135671850875951,6892375.743558870628476],[775127.978033131803386,6892362.640184909105301],[775137.409005470690317,6892351.365363818593323],[775152.808819012949243,6892332.562805172987282],[775168.345364577020518,6892308.957604237832129],[775178.114181344397366,6892285.667862581089139],[775188.579190911026672,6892254.704484334215522],[775191.03134929575026,6892218.70500716380775],[775188.991488703293726,6892187.229204093106091],[775188.716475609107874,6892182.603926306590438],[775175.2417119408492,6892150.001044698059559],[775163.523386026616208,6892123.220971999689937],[775140.886981767951511,6892092.28428861964494],[775081.3812972685555,6892007.886302494443953],[775042.713986267568544,6891950.046456892043352],[775020.282968295738101,6891911.902842613868415],[775004.561129898414947,6891873.947761024348438],[774999.613558050710708,6891862.266972059383988],[774990.521374215604737,6891827.385980570688844],[774972.651513054850511,6891742.4484594585374],[774968.945265290676616,6891724.82797746360302],[774965.20031841029413,6891706.240332352928817]]]}},
{"type":"Feature","properties":{"ID_con":1322,"bw_id":"VEC_SON_140500_140850","name":"Gehölzanpflanzung BUND, ASV Schüttorf","GEW":"VEC","stat_von":140500.0,"stat_bis":140850.0,"gew_seite":"L","gew_versat":-10.0,"bauart":"Gehölzanpflanzung (Dritte)","baujahr":null,"upflicht":"NLWKN, BUND, ASV Schüttorf","KTR":null,"FSK":"03421201100181______","bemerk":null,"beschreib":"In dem Abschnitt soll nach Absprache mit dem BH Gehölz (Weiden und Erlen, die vor Ort gewonnen werden) durch BUND (Herr Oppel) und ASV Schüttorf in 2020/21 angepfanzt werden","beschreib_":"Gehölzanpflanzung durch BUND und ASV Schüttorf","foto1":"https://nlwkn.hannit-share.de/index.php/core/preview?fileId=11057399&x=1280&y=819&a=true","foto2":null,"foto3":null,"foto4":null,"link1":null,"link2":null,"denkmal":"Nein","AIS_NR":0},"geometry":{"type":"MultiLineString","coordinates":[[[808215.946674831327982,6852720.419333909638226],[808284.798908802913502,6852671.637625698931515],[808465.387648888281547,6852554.223524422384799],[808509.687976163462736,6852489.790066639892757],[808557.328761426615529,6852436.681118516251445],[808605.929596746107563,6852408.658645839430392],[808679.98899567197077,6852400.483979311771691]]]}},
{"type":"Feature","properties":{"ID_con":2224,"bw_id":"PCK_SON_14630_15580","name":"ausgebauter Radweg","GEW":"PCK","stat_von":14630.0,"stat_bis":15580.0,"gew_seite":"L","gew_versat":15.0,"bauart":"Radweg","baujahr":"2023/2024","upflicht":"Landkreis Grafschaft Bentheim? oder Gemeinden","KTR":null,"FSK":"033129007000250014__","bemerk":null,"beschreib":"ausgebauter Radweg Achse 1 (Bau-km 10+003,478 bis Bau-km 10+952,471)","beschreib_":"ausgebauter Radweg Achse 1 (Bau-km 10+003,478 bis Bau-km 10+952,471)\r\nDer touristische Radweg entlang des Kanals beginnt an der Neuerostraße im Westen des Plangebietes und wird von dort als Wirtschaftsweg in einer Breite von 3,00 m entlang des Kanals in","foto1":"https://nlwkn.hannit-share.de/index.php/core/preview?fileId=11061473&x=1280&y=819&a=true","foto2":"https://nlwkn.hannit-share.de/index.php/core/preview?fileId=11546120&x=1280&y=819&a=true","foto3":"https://nlwkn.hannit-share.de/index.php/core/preview?fileId=11546121&x=1280&y=819&a=true","foto4":"https://nlwkn.hannit-share.de/index.php/core/preview?fileId=11546122&x=1280&y=819&a=true","link1":null,"link2":null,"denkmal":"Nein","AIS_NR":0},"geometry":{"type":"MultiLineString","coordinates":[[[766506.508727766573429,6913059.230620861053467],[764962.35905173572246,6913293.481405857019126]]]}},
{"type":"Feature","properties":{"ID_con":1817,"bw_id":"VEC_SON_94050_94120","name":"Umgehungsgerinne Wehr Tinholt","GEW":"VEC","stat_von":94050.0,"stat_bis":94120.0,"gew_seite":"L","gew_versat":-30.0,"bauart":"Umgehungsgerinne","baujahr":"2001","upflicht":"NLWKN","KTR":"MBGVE00100","FSK":"03312602600039______","bemerk":null,"beschreib":"Umgehungsgerinne aus zwei Zügen für Sommer- und Winterstau am Vechtewehr Tinholt. 2011/12 wurde das Umgehungsgerinne in Zusammenrabeit mit ASV und LfV optimiert","beschreib_":"Umgehungsgerinne aus zwei Zügen für Sommer- und Winterstau am Vechtewehr Tinholt. 2011/12 wurde das Umgehungsgerinne in Zusammenrabeit mit ASV und LfV optimiert","foto1":"https://nlwkn.hannit-share.de/index.php/core/preview?fileId=11057687&x=1280&y=819&a=true","foto2":"https://nlwkn.hannit-share.de/index.php/core/preview?fileId=11057690&x=1280&y=819&a=true","foto3":null,"foto4":null,"link1":null,"link2":null,"denkmal":"Nein","AIS_NR":0},"geometry":{"type":"MultiLineString","coordinates":[[[773473.696901969262399,6902249.735836260952055],[773481.618422524887137,6902134.803682242520154]]]}},
{"type":"Feature","properties":{"ID_con":1209,"bw_id":"PCK_SON_7825_7985","name":"Umlaufgraben Schleuse I","GEW":"PCK","stat_von":7825.0,"stat_bis":7985.0,"gew_seite":"L","gew_versat":25.0,"bauart":"Umlaufgraben","baujahr":"1890","upflicht":"NLWKN","KTR":"MBLVE40800","FSK":"033127004000790009__","bemerk":null,"beschreib":"Der Umlaufgraben dient zur Hochwasserentlastung der Schleuse (Zulauf ist ein Gewölbedurchlass mit 2,40 m lichter Weite, zur Durchflussregelung mit einem Schütz versehen ist). Der Umlaufgraben mündet ca. 70 m unterhalb der Schleuse in den Kanal.","beschreib_":"Der Umlaufgraben dient zur Hochwasserentlastung der Schleuse (Zulauf ist ein Gewölbedurchlass mit 2,40 m lichter Weite, zur Durchflussregelung mit einem Schütz versehen ist). Der Umlaufgraben mündet ca. 70 m unterhalb der Schleuse in den Kanal.","foto1":"https://nlwkn.hannit-share.de/index.php/core/preview?fileId=11061563&x=1280&y=819&a=true","foto2":"https://nlwkn.hannit-share.de/index.php/core/preview?fileId=11061560&x=1280&y=819&a=true","foto3":"https://nlwkn.hannit-share.de/index.php/core/preview?fileId=11061569&x=1280&y=819&a=true","foto4":"https://nlwkn.hannit-share.de/index.php/core/preview?fileId=11061572&x=1280&y=819&a=true","link1":null,"link2":null,"denkmal":"Nein","AIS_NR":0},"geometry":{"type":"MultiLineString","coordinates":[[[776800.35195392370224,6909428.80640035867691],[776576.592406746931374,6909567.203869306482375]]]}},
{"type":"Feature","properties":{"ID_con":1139,"bw_id":"HAS_SON_49360_49540","name":"Buhnen (Mündung Hahnenmoorkanal)","GEW":"HAS","stat_von":49360.0,"stat_bis":49540.0,"gew_seite":"L","gew_versat":-14.0,"bauart":"Buhnen / Leitwerk","baujahr":null,"upflicht":"NLWKN","KTR":"MBUHA00100","FSK":"033232005000840011__","bemerk":null,"beschreib":"Buhnen (Mündung Hahnenmoorkanal) links","beschreib_":"Buhnen (Mündung Hahnenmoorkanal) links","foto1":"https://nlwkn.hannit-share.de/index.php/core/preview?fileId=11065849&x=1280&y=819&a=true","foto2":"https://nlwkn.hannit-share.de/index.php/core/preview?fileId=11065852&x=1280&y=819&a=true","foto3":"https://nlwkn.hannit-share.de/index.php/core/preview?fileId=11065855&x=1280&y=819&a=true","foto4":"https://nlwkn.hannit-share.de/index.php/core/preview?fileId=11065858&x=1280&y=819&a=true","link1":null,"link2":null,"denkmal":"Nein","AIS_NR":0},"geometry":{"type":"MultiLineString","coordinates":[[[851416.373547379276715,6925036.712640024721622],[851443.184019345906563,6925069.038309044204652],[851477.678526206407696,6925123.62957349140197],[851492.336337640532292,6925165.942087364383042],[851500.451729882741347,6925201.290270414203405],[851503.97506784577854,6925247.551172799430788],[851495.588354142615572,6925328.4565663151443]]]}},
{"type":"Feature","properties":{"ID_con":1213,"bw_id":"SNK_SON_10_1110","name":"Radweg","GEW":"SNK","stat_von":10.0,"stat_bis":1110.0,"gew_seite":"R","gew_versat":-20.0,"bauart":"Radweg","baujahr":null,"upflicht":"Stadt Nordhorn?","KTR":null,"FSK":"033151034000510005__","bemerk":null,"beschreib":"Grafschafter Fietsentour, Rundroute 7","beschreib_":null,"foto1":"https://nlwkn.hannit-share.de/index.php/core/preview?fileId=11059928&x=1280&y=819&a=true","foto2":"https://nlwkn.hannit-share.de/index.php/core/preview?fileId=11059931&x=1280&y=819&a=true","foto3":null,"foto4":null,"link1":null,"link2":null,"denkmal":"Nein","AIS_NR":0},"geometry":{"type":"MultiLineString","coordinates":[[[786678.397989111253992,6883342.617656486108899],[786812.689846791909076,6883430.274528418667614],[787795.010040763067082,6884112.328432377427816],[787919.713300014147535,6884218.693735353648663],[788128.931854882277548,6884418.294268620200455]]]}},
{"type":"Feature","properties":{"ID_con":1287,"bw_id":"VEC_SON_114820_115100","name":"Spundwandeinfassung","GEW":"VEC","stat_von":114820.0,"stat_bis":115100.0,"gew_seite":"L","gew_versat":-7.0,"bauart":"Spundwand","baujahr":null,"upflicht":"NLWKN??","KTR":null,"FSK":"033151017002890011__","bemerk":null,"beschreib":null,"beschreib_":null,"foto1":"https://nlwkn.hannit-share.de/index.php/core/preview?fileId=11056667&x=1280&y=819&a=true","foto2":null,"foto3":null,"foto4":null,"link1":null,"link2":null,"denkmal":"Nein","AIS_NR":0},"geometry":{"type":"MultiLineString","coordinates":[[[786803.45162406633608,6879452.200197278521955],[786810.072523820563219,6879451.975664394907653],[786835.385327288531698,6879466.290217745117843],[786851.155637553427368,6879489.103000355884433],[786857.857798019540496,6879531.099555138498545],[786862.183300878619775,6879595.394200939685106],[786868.047099644551054,6879633.477702273987234],[786881.266583905089647,6879662.994889043271542],[786896.887401742511429,6879677.45354999601841],[786918.1157571002841,6879686.218713053502142],[786941.139092769823037,6879686.835249674506485],[786967.632084080367349,6879680.943682289682329],[787021.157099574687891,6879655.301923620514572],[787072.342140850843862,6879626.674637959338725]]]}},
{"type":"Feature","properties":{"ID_con":2512,"bw_id":"SNK_SON_14400_17590","name":"Längsverlegung Glasfaserkabel","GEW":"SNK","stat_von":14400.0,"stat_bis":17590.0,"gew_seite":"L","gew_versat":12.0,"bauart":"Längsverlegung (HDD) Glasfaserkabel","baujahr":"2023","upflicht":"Breitband Grafschaft Bentheim GmbH & Co. KG","KTR":null,"FSK":"033121003000010062__","bemerk":"Akte !!","beschreib":"Längsverlegung Glasfaserkabel für den Breitbandausbau im Landkreis Grafschaft Bentheim","beschreib_":null,"foto1":null,"foto2":null,"foto3":null,"foto4":null,"link1":null,"link2":null,"denkmal":"Nein","AIS_NR":0},"geometry":{"type":"MultiLineString","coordinates":[[[786996.254965218598954,6903852.634301235899329],[787012.720014765509404,6903871.080382053740323],[787025.400843570241705,6903892.657701494172215],[787031.179588254308328,6903936.064766054041684],[786982.443519800668582,6906867.409221080131829],[786936.639811845263466,6908921.498815950937569],[786939.943122061085887,6908987.92642701882869],[786950.454588601598516,6909025.961073599755764],[786976.316176973283291,6909080.904100431129336]]]}},
{"type":"Feature","properties":{"ID_con":2546,"bw_id":"VEC_SON_80320_80345","name":"Gehölzanpflanzung Biograf","GEW":"VEC","stat_von":80320.0,"stat_bis":80345.0,"gew_seite":"L","gew_versat":-10.0,"bauart":"Gehölzanpflanzung","baujahr":"2022/2023","upflicht":"NLWKN, BioGraf","KTR":null,"FSK":"033132102000360001__","bemerk":null,"beschreib":"Gehölzanpflanzung oh Brücke Echteler Straße, im Zuge des BioGraf - Projektes der Naturschutzstiftung Landkreis Grafschaft Bentheim.","beschreib_":"Gehölzanpflanzung oh Brücke Echteler Straße im Zuge des BioGraf - Projektes der Naturschutzstiftung Landkreis Grafschaft Bentheim.\r\nZu bepflanzende Streckenabschnitte resultieren aus der NLWKN-Maßnahmenkarte für Gehölzanpflanzungen an Vechte und Di","foto1":null,"foto2":null,"foto3":null,"foto4":null,"link1":null,"link2":null,"denkmal":"Nein","AIS_NR":0},"geometry":{"type":"MultiLineString","coordinates":[[[757230.238332161796279,6909588.75238792411983],[757268.427581853116862,6909573.576777991838753]]]}},
{"type":"Feature","properties":{"ID_con":1093,"bw_id":"GFD_SON_3720_4260","name":"HW-Deich beim Wehr an der Goldfischdever","GEW":"GFD","stat_von":3720.0,"stat_bis":4260.0,"gew_seite":"R","gew_versat":-19.0,"bauart":"Deich","baujahr":"1963","upflicht":"NLWKN","KTR":"MCBEN00100","FSK":"031847002000210004__","bemerk":null,"beschreib":"HW-Deich beim Wehr an der Goldfischdever gem. Entwurf für den Ausbau der Goldfischdever 1. u. 2. Ausführung aus 1963","beschreib_":"HW-Deich beim Wehr an der Goldfischdever gem. Entwurf für den Ausbau der Goldfischdever 1. u. 2. Ausführung aus 1963","foto1":null,"foto2":null,"foto3":null,"foto4":null,"link1":null,"link2":null,"denkmal":"Nein","AIS_NR":667},"geometry":{"type":"MultiLineString","coordinates":[[[817319.057479190989397,6984963.99018844217062],[817252.921972869662568,6985010.835216961801052],[817209.13118896970991,6985052.747734308242798],[816924.574400099692866,6985366.793841952458024],[816877.399495081044734,6985409.789019629359245],[816756.192918906453997,6985488.189957095310092],[816638.26327683031559,6985540.714025193825364]]]}},
{"type":"Feature","properties":{"ID_con":1065,"bw_id":"DIN_SON_5440_5700","name":"Weg","GEW":"DIN","stat_von":5440.0,"stat_bis":5700.0,"gew_seite":"L","gew_versat":-10.0,"bauart":"Weg","baujahr":null,"upflicht":"Gemeinde Lage","KTR":null,"FSK":"033143002000150028__","bemerk":null,"beschreib":null,"beschreib_":null,"foto1":"https://nlwkn.hannit-share.de/index.php/core/preview?fileId=11068306&x=1280&y=819&a=true","foto2":null,"foto3":null,"foto4":null,"link1":null,"link2":null,"denkmal":"Nein","AIS_NR":0},"geometry":{"type":"MultiLineString","coordinates":[[[775913.279890526318923,6884907.974859086796641],[775678.767983175697736,6884741.661832127720118],[775616.087873346521519,6884676.914811494760215],[775586.146751581807621,6884631.224144645966589]]]}},
{"type":"Feature","properties":{"ID_con":1124,"bw_id":"HAS_SON_36100_36200","name":"Buhnen (Polle)","GEW":"HAS","stat_von":36100.0,"stat_bis":36200.0,"gew_seite":"L","gew_versat":-10.0,"bauart":"Buhnen / Leitwerk","baujahr":null,"upflicht":"NLWKN","KTR":"MBUHA02007","FSK":"033213018000080028__","bemerk":null,"beschreib":"Buhnen (Polle)","beschreib_":"Buhnen (Polle)","foto1":"https://nlwkn.hannit-share.de/index.php/core/preview?fileId=11065543&x=1280&y=819&a=true","foto2":"https://nlwkn.hannit-share.de/index.php/core/preview?fileId=11065546&x=1280&y=819&a=true","foto3":"https://nlwkn.hannit-share.de/index.php/core/preview?fileId=11065549&x=1280&y=819&a=true","foto4":null,"link1":null,"link2":null,"denkmal":"Nein","AIS_NR":0},"geometry":{"type":"MultiLineString","coordinates":[[[834496.699608715018257,6919561.643037541769445],[834529.168645964819007,6919518.439511550590396],[834573.108495977125131,6919491.524426262825727],[834604.978154601412825,6919488.439181538298726],[834649.930540934437886,6919497.975272788666189]]]}},
{"type":"Feature","properties":{"ID_con":1821,"bw_id":"VEC_SON_140055_140410","name":"Sohlgleite Samern (ehm. Spundwandabsturz)","GEW":"VEC","stat_von":140055.0,"stat_bis":140410.0,"gew_seite":"M","gew_versat":0.0,"bauart":"Sohlgleite","baujahr":"2018","upflicht":"NLWKN","KTR":"MBNVE00100","FSK":"03421201100181______","bemerk":"ehemalige Sohlschwelle (Spundwandabsturz Samern) ; BW2_ID: 9286-S04","beschreib":"Der hier ehm. vorh. Spundwandsohlabsturz ist 2018 in eine Sohlgleite umgebaut worden und somit jetzt durchgängig. (Kosten ca. 180.000 €)","beschreib_":"Der hier ehm. vorh. Spundwandsohlabsturz ist 2018 in eine Sohlgleite umgebaut worden und somit jetzt durchgängig. (Kosten ca. 180.000 €)","foto1":null,"foto2":null,"foto3":null,"foto4":null,"link1":null,"link2":null,"denkmal":"Nein","AIS_NR":0},"geometry":{"type":"MultiLineString","coordinates":[[[807757.604217297048308,6853225.898635485209525],[807750.974449111381546,6853179.282234777696431],[807750.704450872610323,6853155.930562248453498],[807752.979681974509731,6853130.417242618277669],[807757.108715812209994,6853108.562128885649145],[807761.076119131292216,6853093.372658260166645],[807781.646427824744023,6853056.351368376985192],[807804.294378500431776,6853025.215185203589499],[807823.250632869894616,6853009.275030036456883],[807940.217021410237066,6852929.001723885536194],[808062.480026468052529,6852847.464582310058177],[808104.921683307969943,6852818.028840875253081]]]}},
{"type":"Feature","properties":{"ID_con":1076,"bw_id":"EVK_SON_16950_17095","name":"Drosselstrecke","GEW":"EVK","stat_von":16950.0,"stat_bis":17670.0,"gew_seite":"M","gew_versat":0.0,"bauart":"Drosselstrecke (mit tlw. Verrohrung des EVK)","baujahr":null,"upflicht":"NLWKN","KTR":null,"FSK":"033151020004300017__","bemerk":null,"beschreib":"Die Drosselstrecke (ca. 800 m) ist durch Straßenausbaumaßnahmen entstanden, die zu einer eerheblichen Einengung des Kanalquerschnitts führen","beschreib_":"Die Drosselstrecke (ca. 800 m) ist durch Straßenausbaumaßnahmen (Überbauung) in den 1960er Jahren entstanden die zu einer erheblichen Einengung in diesem Kanalquerschnitt führen. Für den Bau der Straßen wurde u.a. Sand aus dem Vechtesee verwandt. I","foto1":"https://nlwkn.hannit-share.de/index.php/core/preview?fileId=11067220&x=1280&y=819&a=true","foto2":"https://nlwkn.hannit-share.de/index.php/core/preview?fileId=11067223&x=1280&y=819&a=true","foto3":null,"foto4":null,"link1":null,"link2":null,"denkmal":"Nein","AIS_NR":0},"geometry":{"type":"MultiLineString","coordinates":[[[788055.288321518455632,6880163.078404992818832],[788007.932230622856878,6880169.441100096330047],[787898.040985906263813,6880195.651354039087892],[787826.234278775402345,6880201.329797676764429],[787771.952128729550168,6880203.699835196137428],[787605.996939096716233,6880217.815574656240642],[787527.035980178276077,6880223.096836163662374],[787436.657609457965009,6880230.124016256071627],[787348.748749345657416,6880235.832495087757707],[787316.746895861229859,6880238.294393742457032],[787313.726846403791569,6880238.881596770137548],[787285.894240880035795,6880244.268141489475965],[787141.838478823658079,6880252.615993185900152],[787045.451039752922952,6880260.613742294721305],[786967.540045882342383,6880266.088416935876012],[786906.662280643708073,6880270.913684464991093],[786883.71174765820615,6880276.604948070831597]]]}},
{"type":"Feature","properties":{"ID_con":1183,"bw_id":"HRK_SON_515_530","name":"Anlegehilfe oberhalb Kirchstraßenbrücke","GEW":"HRK","stat_von":515.0,"stat_bis":530.0,"gew_seite":"R","gew_versat":6.0,"bauart":"Anlegehilfe","baujahr":null,"upflicht":"NLWKN","KTR":null,"FSK":"03310301600136______","bemerk":null,"beschreib":"Anlegehilfe oh Kirchstraßenbrücke rechts","beschreib_":"Anlegehilfe oh Kirchstraßenbrücke rechts","foto1":"https://nlwkn.hannit-share.de/index.php/core/preview?fileId=11063245&x=1280&y=819&a=true","foto2":null,"foto3":null,"foto4":null,"link1":null,"link2":null,"denkmal":"Nein","AIS_NR":0},"geometry":{"type":"MultiLineString","coordinates":[[[805981.269489813479595,6943849.116208191029727],[805956.707169219502248,6943852.212890529073775]]]}},
{"type":"Feature","properties":{"ID_con":1282,"bw_id":"VEC_SON_109050_109130","name":"Auenentwicklung Frenswegen","GEW":"VEC","stat_von":109050.0,"stat_bis":109130.0,"gew_seite":"L","gew_versat":-60.0,"bauart":"Projektgebiet","baujahr":"2022","upflicht":"NLWKN","KTR":"MGAVE0G070","FSK":"033151001000130016__","bemerk":"??Kosten nachtragen\"\"","beschreib":"Auenentwicklung Frenswegen (Projektgebiet)","beschreib_":null,"foto1":"https://nlwkn.hannit-share.de/index.php/core/preview?fileId=11056502&x=1280&y=819&a=true","foto2":"https://nlwkn.hannit-share.de/index.php/core/preview?fileId=11056505&x=1280&y=819&a=true","foto3":"https://nlwkn.hannit-share.de/index.php/core/preview?fileId=11056508&x=1280&y=819&a=true","foto4":"https://nlwkn.hannit-share.de/index.php/core/preview?fileId=11056511&x=1280&y=819&a=true","link1":null,"link2":null,"denkmal":"Nein","AIS_NR":0},"geometry":{"type":"MultiLineString","coordinates":[[[781769.135997418663464,6884881.58191931527108],[781824.681817049044184,6884763.037663689814508]]]}},
{"type":"Feature","properties":{"ID_con":1215,"bw_id":"SNK_SON_10540_18160","name":"Baudenkmal Süd-Nord-Kanal (Teilstück III)","GEW":"SNK","stat_von":10540.0,"stat_bis":18160.0,"gew_seite":"M","gew_versat":0.0,"bauart":"Denkmal","baujahr":null,"upflicht":"NLWKN","KTR":null,"FSK":null,"bemerk":null,"beschreib":"Baudenkmal Süd-Nord-Kanal (Teilstück III)","beschreib_":"Baudenkmal Süd-Nord-Kanal (Teilstück III)","foto1":null,"foto2":null,"foto3":null,"foto4":null,"link1":null,"link2":null,"denkmal":"Ja","AIS_NR":0},"geometry":{"type":"MultiLineString","coordinates":[[[788569.720161499222741,6898984.973267106339335],[788556.642148692742921,6899054.667025784961879],[788527.282661576289684,6899205.324254976585507],[788507.519116999697872,6899298.437453004531562],[788492.436295045656152,6899345.433374874293804],[788466.981902296189219,6899392.153606625273824],[788452.633056563674472,6899411.425779151730239],[788421.661698832875118,6899448.751215142197907],[788403.396357605583034,6899485.258522714488208],[788391.67774390662089,6899535.813298657536507],[788381.773508759331889,6899604.914667789824307],[788380.400385564076714,6899655.918525961227715],[788379.523269302560948,6899689.015152224339545],[788383.202810946619138,6899767.729558019898832],[788376.045696576009504,6900124.786218887194991],[788388.451261809212156,6900483.534758396446705],[788413.565927202929743,6900841.482383570633829],[788434.010377970756963,6901201.633663731627166],[788440.262674141093157,6901313.962779400870204],[788441.465142052154988,6901355.62294215708971],[788432.617923320271075,6901558.907115125097334],[788416.20817526767496,6901916.951630222611129],[788414.543767265276983,6902023.298254140652716],[788411.325230693328194,6902275.320825384929776],[788404.165449262713082,6902632.486373506486416],[788396.428643420571461,6902924.374869870021939],[788394.699413362890482,6902989.608040790073574],[788388.721842672908679,6903345.681158632040024],[788383.86648893461097,6903702.957230058498681],[788382.273068163194694,6903763.062638327479362],[788374.588979133171961,6903791.77404854260385],[788364.536444218829274,6903822.736833233386278],[788344.138979567913339,6903852.268518194556236],[788325.107979666092433,6903873.73765517026186],[788298.068091096472926,6903892.6804407723248],[788270.027742827078328,6903905.813516337424517],[788237.528036320582032,6903913.044577483087778],[788201.724205850274302,6903914.404374396428466],[788109.667402035323903,6903905.007294911891222],[787789.266500164521858,6903847.873806468211114],[787529.763441148912534,6903800.450933218002319],[787329.973331400775351,6903763.873698299750686],[787249.60391057212837,6903748.998550801537931],[787209.309692310518585,6903745.606384397484362],[787166.496156392153352,6903750.24210618622601],[787095.546685128239915,6903771.473922991193831],[787037.558462962857448,6903782.644093935377896],[787006.335169763769954,6903785.277112238109112],[787005.116002016584389,6903785.244403737597167],[787005.048695133649744,6903790.719362923875451],[787005.213656427920796,6903801.892896188423038],[787005.520462427055463,6903821.475386685691774],[787005.616345695336349,6903827.975440609268844],[787013.215189457288943,6903844.370744244195521],[787028.706947671133094,6903859.366073255427182],[787036.477228800882585,6903874.080333365127444],[787044.405309767695144,6903886.077803156338632],[787047.611307051149197,6903901.9308046316728],[787050.907247135764919,6903934.91623143479228],[787048.907041751896031,6904052.553516743704677],[787045.343649171176367,6904260.981377310119569],[787043.690752418129705,6904356.610621989704669],[787037.654687658534385,6904704.06587300170213],[787032.461573195410892,6905099.62721446249634],[787025.23950790532399,6905372.58779011759907],[787024.402366438531317,6905644.325987773947418],[787022.833332844777033,6905705.775284550152719],[787018.272484282264486,6905925.636326985433698],[787002.152864745468833,6906867.794704389758408],[786998.47860271926038,6907005.65406621992588],[786986.860531742568128,6907637.664489128626883],[786971.222604936687276,6908326.6015066197142],[786970.208271419163793,6908356.788185693323612],[786969.27144893980585,6908384.552576885558665],[786958.761670653591864,6908859.726206478662789],[786957.570072238449939,6908890.262755706906319],[786956.368842452066019,6908921.227272273041308],[786956.565518397372216,6908948.879019596613944],[786959.528206206741743,6908984.75707199331373],[786969.006846791715361,6909019.054227543994784],[786986.295051881112158,6909060.385480684228241],[787002.401889780187048,6909085.165183702483773],[787024.123709492385387,6909111.902524295262992],[787087.709185263491236,6909171.979154027998447],[787166.532119638752192,6909245.696779420599341],[787300.043908078921959,6909375.178674309514463],[787407.452616719063371,6909477.210748184472322],[787556.847663490101695,6909620.142664092592895],[787667.75430464418605,6909723.945015309378505]]]}},
{"type":"Feature","properties":{"ID_con":1261,"bw_id":"SNK_SON_43280_45100","name":"Gemeindestraße Peterdose West","GEW":"SNK","stat_von":43280.0,"stat_bis":45100.0,"gew_seite":"L","gew_versat":18.0,"bauart":"Straße","baujahr":null,"upflicht":null,"KTR":null,"FSK":"03172602100136______","bemerk":null,"beschreib":null,"beschreib_":null,"foto1":"https://nlwkn.hannit-share.de/index.php/core/preview?fileId=11060327&x=1280&y=819&a=true","foto2":null,"foto3":null,"foto4":null,"link1":null,"link2":null,"denkmal":"Nein","AIS_NR":0},"geometry":{"type":"MultiLineString","coordinates":[[[792680.951815783744678,6949633.598061520606279],[792938.960935067967512,6950093.407901330851018],[793031.508126210421324,6950268.614586652256548],[793093.827699254034087,6950453.443483848124743],[793117.263488327618688,6950584.09010546375066],[793120.174045098829083,6950654.549743805080652],[793110.222866520867683,6950837.810536182485521],[793081.989354338613339,6950991.333366808481514],[792699.92801819217857,6952469.059212978929281]]]}},
{"type":"Feature","properties":{"ID_con":1164,"bw_id":"HRK_SON_1745_1760","name":"Anlegehilfe unterhalb Reinersbrücke","GEW":"HRK","stat_von":1745.0,"stat_bis":1760.0,"gew_seite":"L","gew_versat":-5.0,"bauart":"Anlegehilfe","baujahr":null,"upflicht":"NLWKN","KTR":null,"FSK":"03310301400005______","bemerk":null,"beschreib":"Anlegehilfe uh Reinersbrücke links","beschreib_":"Anlegehilfe uh Reinersbrücke links","foto1":"https://nlwkn.hannit-share.de/index.php/core/preview?fileId=11063098&x=1280&y=819&a=true","foto2":"https://nlwkn.hannit-share.de/index.php/core/preview?fileId=11063101&x=1280&y=819&a=true","foto3":"https://nlwkn.hannit-share.de/index.php/core/preview?fileId=11063104&x=1280&y=819&a=true","foto4":null,"link1":null,"link2":null,"denkmal":"Nein","AIS_NR":0},"geometry":{"type":"MultiLineString","coordinates":[[[804450.745790840359405,6945136.118334955535829],[804428.167356833233498,6945146.304972189478576]]]}},
{"type":"Feature","properties":{"ID_con":2452,"bw_id":"SNK_SON_31525_31860","name":"denkmalgeschützte Wallböschung ; Allee","GEW":"SNK","stat_von":31525.0,"stat_bis":31860.0,"gew_seite":"R","gew_versat":-11.0,"bauart":"Wallböschung/Allee, denkmalgeschützt","baujahr":null,"upflicht":"NLWKN","KTR":null,"FSK":"033118045000010030__","bemerk":null,"beschreib":"denkmalgeschützte Wallböschung  (ID: 35947845) und Allee (ID: 35947793)","beschreib_":null,"foto1":null,"foto2":null,"foto3":null,"foto4":null,"link1":null,"link2":null,"denkmal":"Ja","AIS_NR":0},"geometry":{"type":"MultiLineString","coordinates":[[[790409.560322332428768,6930777.471499472856522],[790436.660131705692038,6931213.83803373016417],[790438.58486996521242,6931330.778336256742477]]]}},
{"type":"Feature","properties":{"ID_con":1224,"bw_id":"SNK_SON_16170_16230","name":"Kanalaufweitung Georgsdorf","GEW":"SNK","stat_von":16170.0,"stat_bis":16230.0,"gew_seite":"L","gew_versat":10.0,"bauart":"Kanalaufweitung","baujahr":null,"upflicht":"NLWKN","KTR":null,"FSK":"033121004000150022__","bemerk":null,"beschreib":"Kanalaufweitung Georgsdorf","beschreib_":"Kanalaufweitung Georgsdorf","foto1":null,"foto2":null,"foto3":null,"foto4":null,"link1":null,"link2":null,"denkmal":"Nein","AIS_NR":0},"geometry":{"type":"MultiLineString","coordinates":[[[786987.889939974062145,6906741.165112959221005],[786986.199274641810916,6906839.959922624751925]]]}},
{"type":"Feature","properties":{"ID_con":2196,"bw_id":"VEC_SON_134350_134540","name":"Gehölzanpflanzung ASV Schüttorf","GEW":"VEC","stat_von":133350.0,"stat_bis":134540.0,"gew_seite":"R","gew_versat":15.0,"bauart":"Gehölzanpflanzung","baujahr":"2022","upflicht":"ASV Schüttorf / NLWKN","KTR":null,"FSK":"034210002001550064__","bemerk":"10 Schwarzerlen","beschreib":"Gehölzanpflanzung durch ASV Schüttorf","beschreib_":null,"foto1":null,"foto2":null,"foto3":null,"foto4":null,"link1":null,"link2":null,"denkmal":"Nein","AIS_NR":0},"geometry":{"type":"MultiLineString","coordinates":[[[802460.304642647388391,6861241.600107381120324],[802631.276576170814224,6861152.431615150533617],[802672.092227975139394,6861120.410740211606026],[802694.13923503481783,6861088.201783038675785],[802705.577588396146894,6861060.349617171101272],[802725.607878095237538,6860938.198714810423553],[802743.070323071675375,6860882.811881546862423],[802787.55945305514615,6860819.582538903690875],[802853.267388517037034,6860741.314913867041469],[802894.72931301605422,6860700.940644803456962],[802997.68969665421173,6860631.783591797575355],[803162.289577981457114,6860537.050918778404593],[803263.594370643841103,6860504.258550929836929],[803493.083758336957544,6860457.649273167364299],[803563.883137954864651,6860428.628916347399354],[803617.114880041801371,6860387.940078756771982],[803659.500258921761997,6860345.66785079985857],[803708.289050056831911,6860286.677941449917853],[803733.643384982016869,6860246.171183412894607],[803745.671761755598709,6860208.782422447577119],[803751.90968678786885,6860168.265364274382591],[803747.790534168365411,6860120.378287288360298],[803732.745198865770362,6860049.355437113903463],[803713.150878964574076,6859989.343548662960529]]]}},
{"type":"Feature","properties":{"ID_con":1123,"bw_id":"HAS_SON_35200_35270","name":"Buhnen HWRB-Haselünne","GEW":"HAS","stat_von":35200.0,"stat_bis":35270.0,"gew_seite":"L","gew_versat":-20.0,"bauart":"Buhnen","baujahr":null,"upflicht":"NLWKN","KTR":"MBUHA02007","FSK":"033213018000080028__","bemerk":null,"beschreib":"Buhnen links (Höhe Poller Straße)","beschreib_":"Buhnen links (Höhe Poller Straße)","foto1":"https://nlwkn.hannit-share.de/index.php/core/preview?fileId=11065537&x=1280&y=819&a=true","foto2":"https://nlwkn.hannit-share.de/index.php/core/preview?fileId=11065540&x=1280&y=819&a=true","foto3":null,"foto4":null,"link1":null,"link2":null,"denkmal":"Nein","AIS_NR":0},"geometry":{"type":"MultiLineString","coordinates":[[[834089.558356775902212,6920871.497566118836403],[834062.769539431319572,6920759.300610202364624]]]}},
{"type":"Feature","properties":{"ID_con":2456,"bw_id":"EVK_SON_100_1220","name":"denkmalgeschützter Baumbestand","GEW":"EVK","stat_von":100.0,"stat_bis":1220.0,"gew_seite":"R","gew_versat":-20.0,"bauart":"Denkmal","baujahr":null,"upflicht":"NLWKN","KTR":null,"FSK":"033163002001750036__","bemerk":null,"beschreib":"denkmalgeschützter Baumbestand (ID: 35908693)","beschreib_":"denkmalgeschützter Baumbestand (ID: 35908693)","foto1":"https://nlwkn.hannit-share.de/index.php/core/preview?fileId=11568865&x=1280&y=819&a=true","foto2":null,"foto3":null,"foto4":null,"link1":null,"link2":null,"denkmal":"Nein","AIS_NR":0},"geometry":{"type":"MultiLineString","coordinates":[[[813651.112661897903308,6885153.398731414228678],[813581.408123429166153,6885027.52469062898308],[813553.144902245840058,6884996.344895521178842],[813060.068638215656392,6884669.530329984612763],[812973.770855831098743,6884615.479510326869786],[812971.980607220204547,6884615.109535243362188],[812431.643007850390859,6884892.888087800703943],[812340.200082723633386,6884928.134179537184536],[812209.712086223298684,6884967.12925408501178],[812129.591804159572348,6884959.335754457861185]]]}},
{"type":"Feature","properties":{"ID_con":1820,"bw_id":"VEC_SON_138600_138660","name":"Fischpass Wehr Samern","GEW":"VEC","stat_von":138600.0,"stat_bis":138660.0,"gew_seite":"R","gew_versat":7.0,"bauart":"Beckenfischpass (Schlitzpass)","baujahr":"1977","upflicht":"NLWKN","KTR":"MBGVE00600","FSK":"03421201800299______","bemerk":null,"beschreib":"Beckenfischpass am Vechtewehr Samern.2009 wurde Sohlsubstrat in die Becken eingebracht. 2014 wurde der Fischpass nochmals optimiert (neue Trennhölzer)","beschreib_":"Beckenfischpass am Vechtewehr Samern.2009 wurde Sohlsubstrat in die Becken eingebracht. 2014 wurde der Fischpass nochmals optimiert (neue Trennhölzer)","foto1":"https://nlwkn.hannit-share.de/index.php/core/preview?fileId=11057306&x=1280&y=819&a=true","foto2":"https://nlwkn.hannit-share.de/index.php/core/preview?fileId=11057309&x=1280&y=819&a=true","foto3":null,"foto4":null,"link1":null,"link2":null,"denkmal":"Nein","AIS_NR":0},"geometry":{"type":"MultiLineString","coordinates":[[[806225.731646945583634,6854882.601805698126554],[806306.100999702350236,6854826.524621025659144]]]}},
{"type":"Feature","properties":{"ID_con":1225,"bw_id":"SNK_SON_16830_16910","name":"Kanalaufweitung Georgsdorf","GEW":"SNK","stat_von":16830.0,"stat_bis":16910.0,"gew_seite":"L","gew_versat":10.0,"bauart":"Kanalaufweitung","baujahr":null,"upflicht":"NLWKN","KTR":null,"FSK":"033121004000150022__","bemerk":null,"beschreib":"Kanalaufweitung Georgsdorf","beschreib_":"Kanalaufweitung Georgsdorf","foto1":null,"foto2":null,"foto3":null,"foto4":null,"link1":null,"link2":null,"denkmal":"Nein","AIS_NR":0},"geometry":{"type":"MultiLineString","coordinates":[[[786966.110813827253878,6907827.817727522924542],[786963.120517516159452,6907959.547385465353727]]]}},
{"type":"Feature","properties":{"ID_con":1279,"bw_id":"VEC_SON_104450_104700","name":"Gehölzanpflanzung rechts (hochstämmig)","GEW":"VEC","stat_von":104450.0,"stat_bis":104700.0,"gew_seite":"R","gew_versat":12.0,"bauart":"Gehölzanpflanzung (WWZ; BÖK)","baujahr":"??","upflicht":"NLWKN","KTR":null,"FSK":"033147010000210013__","bemerk":"??Wer hat diese Anfpflanzung vorgenommen??","beschreib":"Gehölzanpflanzung rechts","beschreib_":"Gehölzanpflanzung rechts","foto1":"https://nlwkn.hannit-share.de/index.php/core/preview?fileId=11056424&x=1280&y=819&a=true","foto2":"https://nlwkn.hannit-share.de/index.php/core/preview?fileId=11056427&x=1280&y=819&a=true","foto3":"https://nlwkn.hannit-share.de/index.php/core/preview?fileId=11056430&x=1280&y=819&a=true","foto4":null,"link1":null,"link2":null,"denkmal":"Nein","AIS_NR":0},"geometry":{"type":"MultiLineString","coordinates":[[[778341.88970624585636,6890906.411469416692853],[778465.721872092923149,6890822.809689783491194],[778491.321956434170716,6890801.146584450267255],[778535.088106843992136,6890742.861603115685284],[778556.578376333694905,6890691.82989798579365],[778564.782198422471993,6890653.568206367082894],[778565.384393024258316,6890600.356743431650102],[778559.725021571503021,6890570.994505567476153]]]}},
{"type":"Feature","properties":{"ID_con":2056,"bw_id":"DIN_SON_1165_1275","name":"Spundwand rechts uh Brücke","GEW":"DIN","stat_von":1165.0,"stat_bis":1275.0,"gew_seite":"R","gew_versat":6.0,"bauart":"Spundwand","baujahr":null,"upflicht":"NLWKN","KTR":"MBUVE00300","FSK":"033147002000300062__","bemerk":null,"beschreib":"Spundwände in Neuenhaus","beschreib_":null,"foto1":"https://nlwkn.hannit-share.de/index.php/core/preview?fileId=11067952&x=1280&y=819&a=true","foto2":"https://nlwkn.hannit-share.de/index.php/core/preview?fileId=11067955&x=1280&y=819&a=true","foto3":"https://nlwkn.hannit-share.de/index.php/core/preview?fileId=11067958&x=1280&y=819&a=true","foto4":"https://nlwkn.hannit-share.de/index.php/core/preview?fileId=11067961&x=1280&y=819&a=true","link1":null,"link2":null,"denkmal":"Nein","AIS_NR":0},"geometry":{"type":"MultiLineString","coordinates":[[[774976.447193556465209,6890605.749447640962899],[774942.519032294629142,6890554.864675879478455],[774893.100400728406385,6890492.669151639565825],[774878.57296289713122,6890457.548634921200573]]]}},
{"type":"Feature","properties":{"ID_con":1187,"bw_id":"HRK_SON_6885_6915","name":"Anlegeplatz NLWKN, Schleuse 68","GEW":"HRK","stat_von":6885.0,"stat_bis":6915.0,"gew_seite":"L","gew_versat":-12.0,"bauart":"Spundwandanlegeplatz","baujahr":null,"upflicht":"NLWKN","KTR":null,"FSK":"03173600300002______","bemerk":null,"beschreib":"Anlegeplatz NLWKN, Schleuse 68 links","beschreib_":"Anlegeplatz NLWKN, Schleuse 68 links","foto1":"https://nlwkn.hannit-share.de/index.php/core/preview?fileId=11063320&x=1280&y=819&a=true","foto2":null,"foto3":null,"foto4":null,"link1":null,"link2":null,"denkmal":"Nein","AIS_NR":0},"geometry":{"type":"MultiLineString","coordinates":[[[799234.977249930379912,6951318.550874982960522],[799187.25397841015365,6951331.940430168062449]]]}},
{"type":"Feature","properties":{"ID_con":2544,"bw_id":"VEC_SON_80120_80155","name":"Gehölzanpflanzung Biograf","GEW":"VEC","stat_von":80120.0,"stat_bis":80155.0,"gew_seite":"R","gew_versat":10.0,"bauart":"Gehölzanpflanzung","baujahr":"2022/2023","upflicht":"NLWKN, BioGraf","KTR":null,"FSK":"033130106000330001__","bemerk":null,"beschreib":"Gehölzanpflanzung oh Brücke Echteler Straße, im Zuge des BioGraf - Projektes der Naturschutzstiftung Landkreis Grafschaft Bentheim.","beschreib_":"Gehölzanpflanzung oh Brücke Echteler Straße im Zuge des BioGraf - Projektes der Naturschutzstiftung Landkreis Grafschaft Bentheim.\r\nZu bepflanzende Streckenabschnitte resultieren aus der NLWKN-Maßnahmenkarte für Gehölzanpflanzungen an Vechte und Di","foto1":null,"foto2":null,"foto3":null,"foto4":null,"link1":null,"link2":null,"denkmal":"Nein","AIS_NR":0},"geometry":{"type":"MultiLineString","coordinates":[[[757003.139001033850946,6909829.111431812867522],[757043.124641215777956,6909787.682907311245799]]]}},
{"type":"Feature","properties":{"ID_con":1118,"bw_id":"HAS_SON_3510_7600","name":"Ufernaher Fußweg","GEW":"HAS","stat_von":3510.0,"stat_bis":7600.0,"gew_seite":"R","gew_versat":38.0,"bauart":"Fuss-/Radweg","baujahr":null,"upflicht":"Stadt Meppen","KTR":null,"FSK":"033110013000140005__","bemerk":"(Vertrag?)","beschreib":"Ufernaher Fuß-/Radweg rechts","beschreib_":"Ufernaher Fuß-/Radweg rechts","foto1":"https://nlwkn.hannit-share.de/index.php/core/preview?fileId=11065522&x=1280&y=819&a=true","foto2":"https://nlwkn.hannit-share.de/index.php/core/preview?fileId=11065525&x=1280&y=819&a=true","foto3":"https://nlwkn.hannit-share.de/index.php/core/preview?fileId=11065528&x=1280&y=819&a=true","foto4":"https://nlwkn.hannit-share.de/index.php/core/preview?fileId=11065531&x=1280&y=819&a=true","link1":"https://nlwkn.hannit-share.de/index.php/core/preview?fileId=8628420&x=1280&y=819&a=true","link2":null,"denkmal":"Nein","AIS_NR":0},"geometry":{"type":"MultiLineString","coordinates":[[[815208.074846050003543,6925901.35274176672101],[815471.687475550104864,6925857.185971294529736],[815882.021057810401544,6925865.655358417890966],[815955.016956144128926,6925828.779037348926067],[815973.811976925935596,6925734.095115375705063],[815935.275796733680181,6925665.560393121093512],[815812.860923798172735,6925554.348804975859821],[815473.032269253977574,6925267.293944461271167],[815277.039066854980774,6925145.606780364178121],[815240.100026721716858,6925101.465522354468703],[815226.067048537777737,6925051.277278673835099],[815234.516458306694403,6924995.663624096661806],[815257.982433768105693,6924917.525554955005646],[815302.290802787872963,6924848.654008985497057],[815508.392075177747756,6924656.367378332652152],[815635.162585954880342,6924562.84145783726126],[815754.826275995932519,6924485.83384551666677],[815873.237970349262469,6924428.900194689631462],[815990.276885681552812,6924388.583581916987896],[816182.783876604633406,6924359.348914686590433],[816611.160664531867951,6924379.512243093922734],[816751.289700880064629,6924411.575368787162006],[816929.339880289742723,6924504.545152192935348],[817002.819144664332271,6924568.689863367006183],[817078.019543881411664,6924681.289192111231387],[817197.41768856102135,6925018.233215378597379],[817206.28697406721767,6925209.266475385054946],[817180.998147690552287,6925391.052470766939223],[817218.080758597236127,6925475.015514243394136],[817280.659789419965819,6925520.832712122239172],[817380.63223489804659,6925527.235998157411814],[817725.567877904628403,6925465.688088493421674],[817887.994602083577774,6925449.118839563801885],[817954.639260698808357,6925454.369035891257226],[817982.388678302406333,6925465.534488466568291],[817997.664529959438369,6925480.461361175402999],[817997.660030828090385,6925504.430795804597437],[817850.006786118494347,6925766.040727925486863],[817783.032419337425381,6925942.455149546265602],[817758.311796996626072,6926098.448573740199208],[817753.572977368836291,6926276.157349976710975]]]}},
{"type":"Feature","properties":{"ID_con":1314,"bw_id":"VEC_SON_135410_135580","name":"Betonstützwand","GEW":"VEC","stat_von":135410.0,"stat_bis":135580.0,"gew_seite":"L","gew_versat":-14.0,"bauart":"Stahlbetonwand","baujahr":null,"upflicht":"Stadt Nordhorn??","KTR":null,"FSK":"034210002002290002__","bemerk":null,"beschreib":null,"beschreib_":null,"foto1":null,"foto2":null,"foto3":null,"foto4":null,"link1":null,"link2":null,"denkmal":"Nein","AIS_NR":0},"geometry":{"type":"MultiLineString","coordinates":[[[804353.500217976281419,6858817.852826709859073],[804488.458598333294503,6858574.661584683693945]]]}},
{"type":"Feature","properties":{"ID_con":1129,"bw_id":"HAS_SON_40930_41100","name":"Buhnen (Flechumer Tannen)","GEW":"HAS","stat_von":40930.0,"stat_bis":41100.0,"gew_seite":"R","gew_versat":10.0,"bauart":"Buhnen / Leitwerk","baujahr":null,"upflicht":"NLWKN","KTR":"MBUHA02007","FSK":"033209004000630043__","bemerk":null,"beschreib":"Buhnen (Flechumer Tannen) rechts","beschreib_":"Buhnen (Flechumer Tannen) rechts","foto1":null,"foto2":null,"foto3":null,"foto4":null,"link1":null,"link2":null,"denkmal":"Nein","AIS_NR":0},"geometry":{"type":"MultiLineString","coordinates":[[[839196.665237737004645,6924935.375611638650298],[839199.687472475343384,6925000.739152482710779],[839213.04678351408802,6925041.139245110563934],[839237.426814197329804,6925080.720157154835761],[839268.231369891786017,6925114.530989319086075],[839297.128632193314843,6925135.870094718411565],[839322.019850643351674,6925142.882916606962681],[839364.768035614397377,6925144.811144377104938]]]}},
{"type":"Feature","properties":{"ID_con":1077,"bw_id":"EVK_SON_19600_21080","name":"Biotop (G. Nr. 3508056) (von landesweiter Bedeutung)","GEW":"EVK","stat_von":19600.0,"stat_bis":21080.0,"gew_seite":"M","gew_versat":0.0,"bauart":"Biotop","baujahr":null,"upflicht":"Landkreis Grafschaft Bentheim","KTR":null,"FSK":"033151025000760004__","bemerk":"Abzweig Süd-Nord-Kanal bis zur Koppelschleuse","beschreib":"Biotop","beschreib_":"1077","foto1":null,"foto2":null,"foto3":null,"foto4":null,"link1":null,"link2":null,"denkmal":"Nein","AIS_NR":0},"geometry":{"type":"MultiLineString","coordinates":[[[786616.04269782314077,6883375.233390933834016],[786586.091560242348351,6883405.154598760418594],[786492.883258746005595,6883513.960826827213168],[786457.237764454446733,6883555.568808492273092],[786437.643237137817778,6883578.441842464730144],[786354.247148258727975,6883669.961951189674437],[786253.853374788421206,6883779.935799000784755],[786223.846188921947032,6883814.58526259008795],[786154.877446670085192,6883895.46213052328676],[786120.158512379741296,6883929.985145013779402],[786090.341386228334159,6883957.547699176706374],[786064.680979534983635,6883976.556440509855747],[786029.639311576378532,6883993.736437331885099],[785997.886009814566933,6884005.488859240897],[785972.606324072461575,6884010.324693587608635],[785947.389743177685887,6884012.797527885995805],[785923.062652786378749,6884011.354674773290753],[785885.490834657917731,6884005.61568833515048],[785841.740833975258283,6883995.77089739497751],[785816.033874328015372,6883987.19982739072293],[785661.433144789887592,6883949.155677367001772],[785416.279324003495276,6883888.179464917629957],[785034.646192179294303,6883791.263920295983553],[785020.505510747665539,6883787.671527928672731],[784983.759165227995254,6883778.707680164836347],[784624.634090721607208,6883691.083269308321178],[784576.238632710766979,6883678.741558684967458],[784557.476127372588962,6883675.082478769123554],[784544.188580192159861,6883672.359557983465493],[784504.054792714654468,6883669.664269666187465]]]}},
{"type":"Feature","properties":{"ID_con":1223,"bw_id":"SNK_SON_1570_3780","name":"Radweg","GEW":"SNK","stat_von":1570.0,"stat_bis":3780.0,"gew_seite":"R","gew_versat":-10.0,"bauart":"Radweg","baujahr":null,"upflicht":"Stadt Nordhorn?","KTR":null,"FSK":"033151030004200014__","bemerk":"Grafschafter Fietsentour, Rundroute 7","beschreib":null,"beschreib_":null,"foto1":"https://nlwkn.hannit-share.de/index.php/core/preview?fileId=11059979&x=1280&y=819&a=true","foto2":null,"foto3":null,"foto4":null,"link1":null,"link2":null,"denkmal":"Nein","AIS_NR":0},"geometry":{"type":"MultiLineString","coordinates":[[[788620.799009539885446,6884996.39875362534076],[788674.241431893897243,6885076.065956602804363],[788735.916376583161764,6885187.030964658595622],[789252.841992688598111,6886292.669611170887947],[789494.891700945794582,6886846.413851581513882],[790137.119274061638862,6888294.324156054295599]]]}},
{"type":"Feature","properties":{"ID_con":1290,"bw_id":"VEC_SON_115700_116450","name":"Sandfang Nordhorn (Vechtesee)","GEW":"VEC","stat_von":115700.0,"stat_bis":116450.0,"gew_seite":"M","gew_versat":0.0,"bauart":"Sandfang","baujahr":"1972-1974","upflicht":"NLWKN","KTR":"MBOVE00100","FSK":"033151013000300023__","bemerk":null,"beschreib":"Vechtesee (Sandfang) Nordhorn. Ca. 16 ha Wasserfläche mit Tiefen bis 10 m","beschreib_":"Im Sommer kann auf dem Vechtesee eine Vielzahl von Angeboten genutzt werden.  Zum Beispiel kann man von Mai bis Oktober im Vechtesee Tretboot fahren oder sich mit den Ausflugsschiffen Vechtestromer oder Vechtesonne die Umgebung zeigen lassen. Außerdem k","foto1":"https://nlwkn.hannit-share.de/index.php/core/preview?fileId=11056682&x=1280&y=819&a=true","foto2":"https://nlwkn.hannit-share.de/index.php/core/preview?fileId=11056718&x=1280&y=819&a=true","foto3":"https://nlwkn.hannit-share.de/index.php/core/preview?fileId=11056688&x=1280&y=819&a=true","foto4":"https://nlwkn.hannit-share.de/index.php/core/preview?fileId=11056691&x=1280&y=819&a=true","link1":null,"link2":null,"denkmal":"Nein","AIS_NR":664},"geometry":{"type":"MultiLineString","coordinates":[[[787751.077253713738173,6878996.209773018956184],[787791.49365174153354,6878997.287715908139944],[787896.608010849566199,6879005.852173392660916],[787924.003080367809162,6879008.082318320870399],[788020.385363049572334,6879015.491771402768791],[788074.106616061879322,6878992.71796977892518],[788106.882333191228099,6878940.340455770492554],[788120.933225610293448,6878865.678969419561327],[788130.178773232735693,6878698.913983389735222],[788137.162681055022404,6878435.279712831601501],[788154.842389815254137,6878314.734554287977517],[788194.041443451773375,6878202.023408591747284],[788222.646947816829197,6878120.609844738617539],[788224.510783770005219,6878115.369229526259005]]]}},
{"type":"Feature","properties":{"ID_con":1269,"bw_id":"SNK_SON_7440_7530","name":"Kanalaufweitung uh Schleuse III","GEW":"SNK","stat_von":7440.0,"stat_bis":7530.0,"gew_seite":"L","gew_versat":10.0,"bauart":"Kanalaufweitung","baujahr":null,"upflicht":null,"KTR":null,"FSK":"033154013000010015__","bemerk":null,"beschreib":null,"beschreib_":null,"foto1":"https://nlwkn.hannit-share.de/index.php/core/preview?fileId=11060420&x=1280&y=819&a=true","foto2":null,"foto3":null,"foto4":null,"link1":null,"link2":null,"denkmal":"Nein","AIS_NR":0},"geometry":{"type":"MultiLineString","coordinates":[[[789643.736303801764734,6894049.785593239590526],[789592.268978148582391,6894110.346584550105035],[789570.792515469249338,6894141.630765121430159],[789555.951291355537251,6894173.024324977770448]]]}},
{"type":"Feature","properties":{"ID_con":1149,"bw_id":"HRK_SON_0_13476","name":"Baudenkmal mit begleitender Allee, ehemaligem Treidelweg und Schleusen","GEW":"HRK","stat_von":0.0,"stat_bis":13476.0,"gew_seite":"M","gew_versat":0.0,"bauart":"Denkmal","baujahr":null,"upflicht":"NLWKN","KTR":null,"FSK":"033151030004200031__","bemerk":null,"beschreib":"Baudenkmal mit begleitender Allee, ehemaligem Treidelweg und Schleusen","beschreib_":"Baudenkmal (ID: 35919343) mit begleitender Allee, ehemaligem Treidelweg und Schleusen","foto1":null,"foto2":null,"foto3":null,"foto4":null,"link1":null,"link2":null,"denkmal":"Ja","AIS_NR":0},"geometry":{"type":"MultiLineString","coordinates":[[[806819.090270416345447,6943973.324556573294103],[806764.7993458568817,6943960.457799614407122],[806699.505335705238394,6943935.692988704890013],[806677.257778493105434,6943930.22474760375917],[806652.736358170863241,6943924.197921846061945],[806499.622985418187454,6943897.449425797909498],[806356.719411542173475,6943875.550288303755224],[806276.750501499278471,6943860.939538383856416],[806191.99916296324227,6943854.262330641970038],[806101.401409234269522,6943852.04333106521517],[806085.524392530322075,6943852.185358452610672],[806032.537422721157782,6943852.657161471433938],[806020.334363176254556,6943854.195899638347328],[805948.511927129817195,6943863.251017417758703],[805874.751029878505506,6943876.395482341758907],[805806.583986863261089,6943895.430087872780859],[805765.997077155625448,6943912.838232489302754],[805715.954307915410027,6943941.519801657646894],[805672.763942149584182,6943971.517565989866853],[805630.691319610807113,6944002.694048462435603],[805595.358641421073116,6944039.788164093159139],[805523.491680315695703,6944116.246370615437627],[805385.709859236492775,6944260.106012602336705],[805249.530957253417,6944405.429875370115042],[805200.481431599007919,6944457.772903586737812],[805166.535952027421445,6944493.996253666467965],[805058.204944660421461,6944606.370058248750865],[804936.829953146982007,6944735.680230100639164],[804707.194688061717898,6944973.915342912077904],[804682.897281927987933,6944998.156772387214005],[804681.313485158607364,6944999.737597037106752],[804654.367246145382524,6945022.081972924992442],[804626.275990653084591,6945044.398370462469757],[804589.065029996447265,6945064.189533211290836],[804526.364260670146905,6945093.703684943728149],[804449.788336966885254,6945127.477431079372764],[804424.292467089369893,6945138.980309402570128],[804391.760149955865927,6945153.656470925547183],[804356.174996983841993,6945170.64948074426502],[804142.073293900117278,6945272.886488705873489],[804009.786168904858641,6945331.740035354159772],[803546.679394435486756,6945541.163497109897435],[803401.622224035905674,6945605.445224540308118],[803236.808614771463908,6945679.588682297617197],[803202.714415602735244,6945693.437877582386136],[803122.026870047207922,6945726.209142975509167],[803062.488346932572313,6945751.571736261248589],[803045.467465061345138,6945758.822632632218301],[802956.147166797774844,6945796.869684630073607],[802929.392866865731776,6945811.161978850141168],[802878.124991044402122,6945842.102348302491009],[802831.415674812276848,6945874.306128744967282],[802802.082744144019671,6945900.039227315224707],[802770.283999673789367,6945932.615922848694026],[802730.113877154886723,6945978.789499581791461],[802684.03615708486177,6946031.721134098246694],[802603.543594439397566,6946134.632084931246936],[802601.057940006139688,6946137.811876352876425],[802580.878203000407666,6946160.417383768595755],[802580.796443256898783,6946160.517814412713051],[802549.792732083122246,6946199.356546960771084],[802539.522864154656418,6946212.219387304969132],[802513.528329113963991,6946246.746671691536903],[802513.500982123543508,6946246.783898718655109],[802498.131044442299753,6946267.196261074393988],[802482.5475464646006,6946287.892687663435936],[802310.954656132613309,6946495.334396806545556],[802275.338421896798536,6946542.774518270976841],[802245.543820281745866,6946586.908057035878301],[802221.685290390625596,6946623.134356734342873],[802204.766750078066252,6946657.233765868470073],[802124.790033416124061,6946826.694668371230364],[802088.342970582889393,6946907.486734788864851],[802050.689451057929546,6946990.5512101855129],[802025.19394297816325,6947046.300846099853516],[802004.717402965412475,6947084.915214188396931],[801974.947948916582391,6947127.899554588831961],[801940.503813087707385,6947174.221126130782068],[801912.082582055474631,6947209.184574583545327],[801884.977916084579192,6947237.276473495177925],[801835.617652894696221,6947283.22311444953084],[801596.984828188666143,6947507.410542257130146],[801485.378190842689946,6947609.339212115854025],[801221.022226852364838,6947851.294276190921664],[801095.235272364341654,6947968.978518065996468],[801001.259376707021147,6948054.085940376855433],[800951.745009070844389,6948105.783019370399415],[800879.595686795888469,6948190.289096382446587],[800671.483623099629767,6948431.354723796248436],[800634.81761662021745,6948474.169388298876584],[800594.247418372076936,6948535.300534782931209],[800567.966459879186004,6948576.074696974828839],[800561.332627187017351,6948587.178203805349767],[800536.804479193175212,6948628.235018164850771],[800517.620777042931877,6948665.420853290706873],[800516.287828163360246,6948668.002643748186529],[800497.8933700628113,6948714.731453387998044],[800438.456176396808587,6948887.038066019304097],[800376.720902964007109,6949059.291600498370826],[800339.552686978830025,6949167.705252077430487],[800323.99185721098911,6949238.680231220088899],[800316.007593932095915,6949282.221519106067717],[800293.503458917490207,6949355.323286018334329],[800260.411038642632775,6949438.520035886205733],[800194.7119727950776,6949585.358349606394768],[800078.480454637785442,6949915.110122519545257],[800025.344098555040546,6950067.071161297149956],[799955.979480605572462,6950265.438578991219401],[799831.258542751078494,6950612.268993064761162],[799716.288782412651926,6950936.334208468906581],[799691.536164279328659,6951007.090997059829533],[799676.777590090758167,6951045.86326455231756],[799653.896310705575161,6951087.884111949242651],[799637.21802800509613,6951111.639653935097158],[799618.303432904765941,6951133.03708135150373],[799585.352571460767649,6951164.441002447158098],[799553.780661340686493,6951186.668719464913011],[799508.290139893884771,6951214.300764495506883],[799500.673400773550384,6951217.730704572983086],[799479.247965164366178,6951227.380939417518675],[799445.698721003951505,6951236.892799764871597],[799425.822754328488372,6951241.484051501378417],[799405.264168396824971,6951246.231706784106791],[799386.80526211252436,6951251.883678774349391],[799367.06606770248618,6951257.927025927230716],[799333.805929878377356,6951268.412681721150875],[799282.548371025244705,6951284.568472276441753],[798733.078761116950773,6951438.716148435138166],[798144.093536292668432,6951610.243085910566151],[797558.556781737250276,6951780.667903651483357],[796974.201771677588113,6951948.782233326695859],[796750.524659816641361,6952012.896148040890694],[796380.581805547466502,6952118.921278054825962],[795797.385149482404813,6952284.681690631434321],[795582.943419683491811,6952347.569811999797821],[795504.667992184404284,6952370.524152182042599],[795216.344338609836996,6952455.06619870942086],[794620.234384740004316,6952629.628463555127382],[794520.704876831849106,6952658.13658809568733],[794232.531092228135094,6952740.474173152819276],[794027.634248116286471,6952800.78520988766104],[793944.262243336765096,6952826.252593106590211],[793714.372846342739649,6952891.781559530645609],[793440.809583258000202,6952969.750327138230205],[793145.576488590566441,6953057.624670413322747],[793111.469828872475773,6953068.470690094865859],[793025.101007707766257,6953095.934675447642803],[792936.979941783822142,6953127.027088732458651],[792920.125173664651811,6953134.930223412811756],[792864.871065306593664,6953160.841759094037116],[792849.407723491662182,6953168.222845884971321],[792729.9264026543824,6953225.257295085117221],[792678.451051217038184,6953249.973318980075419],[792515.566550172050484,6953328.179486302658916],[792443.307297546416521,6953362.873248411342502],[792275.018951019272208,6953443.66847213357687],[791678.088063240633346,6953732.032972121611238],[791225.450910212122835,6953949.3054912481457],[791167.417130932444707,6953976.948461215011775],[791144.136837086058222,6953988.036605240777135],[791090.67714342137333,6954013.499095489270985],[791076.521096851909533,6954020.241309692151845],[790518.484800199163146,6954291.757100428454578],[790506.215479564503767,6954297.725253787823021],[789922.03309614630416,6954577.114347967319191],[789211.964140346506611,6954922.233409298583865],[789168.484593750908971,6954942.597776651382446],[789105.421771440887824,6954972.132875289767981],[789104.916550193796866,6954972.369652434252203],[789026.236142692971043,6955008.089739458635449]]]}},
{"type":"Feature","properties":{"ID_con":2433,"bw_id":"HAS_SON_42600_42660","name":"Gehölzanpflanzung Mündung Bookhofer Graben","GEW":"HAS","stat_von":42600.0,"stat_bis":42660.0,"gew_seite":"L","gew_versat":0.0,"bauart":"Gehöllzanpflanzung","baujahr":"033209005001070020__","upflicht":"NLWKN","KTR":null,"FSK":"033209005001070020__","bemerk":null,"beschreib":"Gehölzanpflanzung Mündung Bookhofer Graben","beschreib_":"Gehölzanpflanzung Mündung Bookhofer Graben","foto1":"https://nlwkn.hannit-share.de/index.php/core/preview?fileId=11065690&x=1280&y=819&a=true","foto2":"https://nlwkn.hannit-share.de/index.php/core/preview?fileId=11065693&x=1280&y=819&a=true","foto3":"https://nlwkn.hannit-share.de/index.php/core/preview?fileId=11065696&x=1280&y=819&a=true","foto4":"https://nlwkn.hannit-share.de/index.php/core/preview?fileId=11065699&x=1280&y=819&a=true","link1":null,"link2":null,"denkmal":"Nein","AIS_NR":0},"geometry":{"type":"MultiLineString","coordinates":[[[841699.671123443637043,6924803.267093054950237],[841729.892266439041123,6924842.477246701717377],[841758.667090258328244,6924882.689699514769018]]]}},
{"type":"Feature","properties":{"ID_con":1208,"bw_id":"PCK_SON_6770_6855","name":"Kanalaufweitung Bathorner Diek","GEW":"PCK","stat_von":6770.0,"stat_bis":6855.0,"gew_seite":"L","gew_versat":25.0,"bauart":"Kanalaufweitung","baujahr":null,"upflicht":"NLWKN","KTR":null,"FSK":"033125007001300111__","bemerk":null,"beschreib":"Kanalaufweitung Bathorner Diek","beschreib_":"Kanalaufweitung Bathorner Diek","foto1":"https://nlwkn.hannit-share.de/index.php/core/preview?fileId=11061524&x=1280&y=819&a=true","foto2":"https://nlwkn.hannit-share.de/index.php/core/preview?fileId=11061527&x=1280&y=819&a=true","foto3":"https://nlwkn.hannit-share.de/index.php/core/preview?fileId=11061530&x=1280&y=819&a=true","foto4":"https://nlwkn.hannit-share.de/index.php/core/preview?fileId=11061533&x=1280&y=819&a=true","link1":null,"link2":null,"denkmal":"Nein","AIS_NR":0},"geometry":{"type":"MultiLineString","coordinates":[[[777948.387311547412537,6908150.860816855914891],[777856.19421056623105,6908256.020771493203938]]]}},
{"type":"Feature","properties":{"ID_con":2647,"bw_id":"VEC_SON_115120_115160","name":"historische Kaimauer","GEW":"VEC","stat_von":115120.0,"stat_bis":115160.0,"gew_seite":"L","gew_versat":-12.0,"bauart":"Kaimauer","baujahr":"1950??","upflicht":"Stadt Nordhorn","KTR":null,"FSK":"033151015000460005__","bemerk":null,"beschreib":"historische Kaimauer","beschreib_":"historische Kaimauer","foto1":"https://nlwkn.hannit-share.de/index.php/core/preview?fileId=12281595&x=1280&y=819&a=true","foto2":null,"foto3":null,"foto4":null,"link1":null,"link2":null,"denkmal":"Ja","AIS_NR":0},"geometry":{"type":"MultiLineString","coordinates":[[[787096.381092726485804,6879603.845548582263291],[787152.434247664175928,6879569.984584626741707]]]}},
{"type":"Feature","properties":{"ID_con":2549,"bw_id":"VEC_SON_80640_80795","name":"Gehölzanpflanzung Biograf","GEW":"VEC","stat_von":80640.0,"stat_bis":80790.0,"gew_seite":"L","gew_versat":-10.0,"bauart":"Gehölzanpflanzung","baujahr":"2022/2023","upflicht":"NLWKN, BioGraf","KTR":null,"FSK":"033130106000330001__","bemerk":null,"beschreib":"Gehölzanpflanzung oh Brücke Echteler Straße, im Zuge des BioGraf - Projektes der Naturschutzstiftung Landkreis Grafschaft Bentheim.","beschreib_":"Gehölzanpflanzung oh Brücke Echteler Straße im Zuge des BioGraf - Projektes der Naturschutzstiftung Landkreis Grafschaft Bentheim.\r\nZu bepflanzende Streckenabschnitte resultieren aus der NLWKN-Maßnahmenkarte für Gehölzanpflanzungen an Vechte und Di","foto1":null,"foto2":null,"foto3":null,"foto4":null,"link1":null,"link2":null,"denkmal":"Nein","AIS_NR":0},"geometry":{"type":"MultiLineString","coordinates":[[[757578.675127404043451,6909242.752770849503577],[757649.196591204497963,6909225.149292497895658],[757778.264604141237214,6909217.692606107331812],[757823.136794022633694,6909210.02859646268189]]]}},
{"type":"Feature","properties":{"ID_con":1308,"bw_id":"VEC_SON_129140_129250","name":"Sohlgleite Gansfort","GEW":"VEC","stat_von":129140.0,"stat_bis":129250.0,"gew_seite":"M","gew_versat":0.0,"bauart":"Sohlgleite","baujahr":"2010","upflicht":"NLWKN","KTR":"MBNVE00100","FSK":"034208005000160007__","bemerk":null,"beschreib":"Sohlgleite Gansfort (Baujahr 2010). Die Kulturstauanlage wurde in 2006 abgerissen (Träger der Maßnahme LK NOH) und durch eine Sohlgleite/Beckenfischpass ersetzt und ist jetzt durchgängig (Kosten: ca. 186.000 €)","beschreib_":"Sohlgleite Gansfort (Baujahr 2010). Die Kulturstauanlage wurde in 2006 abgerissen (Träger der Maßnahme LK NOH) und durch eine Sohlgleite/Beckenfischpass bestehend aus 12 Riegeln aus Pfahlreihen ersetzt und ist jetzt durchgängig (Kosten: ca. 186.000","foto1":"https://nlwkn.hannit-share.de/index.php/core/preview?fileId=11057123&x=1280&y=819&a=true","foto2":"https://nlwkn.hannit-share.de/index.php/core/preview?fileId=11057162&x=1280&y=819&a=true","foto3":"https://nlwkn.hannit-share.de/index.php/core/preview?fileId=11057129&x=1280&y=819&a=true","foto4":"https://nlwkn.hannit-share.de/index.php/core/preview?fileId=11057132&x=1280&y=819&a=true","link1":null,"link2":null,"denkmal":"Nein","AIS_NR":0},"geometry":{"type":"MultiLineString","coordinates":[[[800620.07354292483069,6865627.751314586028457],[800620.471887371735647,6865624.837175820022821],[800635.455465654144064,6865581.061578677035868],[800649.49970211670734,6865542.70695998519659],[800657.372042287141085,6865518.625384462065995],[800661.436883468995802,6865502.536964572966099],[800663.275145228253677,6865478.145350066944957],[800660.525921538006514,6865454.549869444221258]]]}},
{"type":"Feature","properties":{"ID_con":1171,"bw_id":"HRK_SON_2650_4760","name":"Radweg","GEW":"HRK","stat_von":2650.0,"stat_bis":4760.0,"gew_seite":"L","gew_versat":-16.0,"bauart":"Radweg","baujahr":null,"upflicht":"Stadt Haren","KTR":null,"FSK":"03310302400001______","bemerk":null,"beschreib":null,"beschreib_":null,"foto1":"https://nlwkn.hannit-share.de/index.php/core/preview?fileId=11063194&x=1280&y=819&a=true","foto2":"https://nlwkn.hannit-share.de/index.php/core/preview?fileId=11063197&x=1280&y=819&a=true","foto3":"https://nlwkn.hannit-share.de/index.php/core/preview?fileId=11063200&x=1280&y=819&a=true","foto4":"https://nlwkn.hannit-share.de/index.php/core/preview?fileId=11063203&x=1280&y=819&a=true","link1":"https://nlwkn.hannit-share.de/index.php/core/preview?fileId=10260636&x=1280&y=819&a=true","link2":null,"denkmal":"Nein","AIS_NR":0},"geometry":{"type":"MultiLineString","coordinates":[[[803095.473839729558676,6945766.285714311525226],[802941.963040381786413,6945834.538133268244565],[802847.341028497670777,6945895.520175627432764],[802820.669404240790755,6945918.918671709485352],[802704.250808124430478,6946048.78516492806375],[802503.088121103472076,6946304.543661584146321],[802331.974911513389088,6946511.406554671935737],[802244.619476331514306,6946636.467212783172727],[802027.477472985396162,6947098.622036875225604],[801931.877761129988357,6947226.869492646306753],[801614.973123730625957,6947526.806989804841578],[801020.139039528439753,6948072.666893335990608],[800805.288475230918266,6948316.835839139297605]]]}},
{"type":"Feature","properties":{"ID_con":1240,"bw_id":"SNK_SON_28120_28160","name":"Kanalaufweitung Twist","GEW":"SNK","stat_von":28120.0,"stat_bis":28160.0,"gew_seite":"R","gew_versat":-10.0,"bauart":"Kanalaufweitung","baujahr":null,"upflicht":"NLWKN","KTR":"MAAEN10100","FSK":"033118036000010371__","bemerk":null,"beschreib":"Kanalaufweitung Twist","beschreib_":"Kanalaufweitung Twist","foto1":null,"foto2":null,"foto3":null,"foto4":null,"link1":null,"link2":null,"denkmal":"Nein","AIS_NR":0},"geometry":{"type":"MultiLineString","coordinates":[[[790028.392695922404528,6925168.142460869625211],[790033.416477054008283,6925233.973623811267316]]]}},
{"type":"Feature","properties":{"ID_con":1111,"bw_id":"HAS_SON_20950_21940","name":"Projektgebiet Hudenerfähr","GEW":"HAS","stat_von":20950.0,"stat_bis":21940.0,"gew_seite":"M","gew_versat":0.0,"bauart":"Projektgebiet","baujahr":"2017/18","upflicht":"NLWKN","KTR":null,"FSK":"033224003001620002__","bemerk":"Strukturverbessernde Maßnahmen Hudenerfähr","beschreib":"Strukturverbessernde Maßnahmen Hudenerfähr. Umgesetzt in 2017/18 mit dem Betriebshof Lehrte","beschreib_":"Strukturverbessernde Maßnahmen Hudenerfähr. Umgesetzt in 2017/18 mit dem Betriebshof Lehrte","foto1":"https://nlwkn.hannit-share.de/index.php/core/preview?fileId=11065225&x=1280&y=819&a=true","foto2":null,"foto3":null,"foto4":null,"link1":null,"link2":null,"denkmal":"Nein","AIS_NR":0},"geometry":{"type":"MultiLineString","coordinates":[[[824945.244437704677694,6923612.916286445222795],[824955.83631095266901,6923608.917833193205297],[825048.172500470420346,6923578.568416770547628],[825125.50379548186902,6923547.134412257932127],[825169.591992683708668,6923524.003287426196039],[825213.731040136190131,6923498.614234415814281],[825240.512621606932953,6923476.609045057557523],[825278.087844160851091,6923442.035759131424129],[825332.732366989715956,6923382.982482122257352],[825395.066334275179543,6923315.813873196020722],[825414.402566854376346,6923290.629826608113945],[825454.527174613438547,6923242.556131113320589],[825475.391142500680871,6923213.145447957329452],[825483.990389126585796,6923201.025779566727579],[825521.97585248562973,6923147.631549988873303],[825575.626148534356616,6923065.20769224409014],[825600.530803226167336,6923025.83643364533782],[825625.700767074944451,6922974.421163692139089],[825664.39512532169465,6922888.65623711887747],[825753.993392958422191,6922688.107226599007845],[825762.359520124387927,6922669.380796205252409],[825782.970479353796691,6922620.12573947198689],[825789.538401644560508,6922594.662055851891637],[825803.358389597851783,6922546.764367047697306],[825820.73610336415004,6922507.983260406181216],[825858.997687599272467,6922441.795332368463278],[825893.371453314670362,6922381.547435558401048],[825900.577222924563102,6922366.599948595277965]]]}},
{"type":"Feature","properties":{"ID_con":1819,"bw_id":"DIN_SON_1630_1700","name":"Umgehungsgerinne Wehr Dinkel Neuenhaus","GEW":"DIN","stat_von":1630.0,"stat_bis":1700.0,"gew_seite":"L","gew_versat":-25.0,"bauart":"Umgehungsgerinne","baujahr":"2010","upflicht":"NLWKN","KTR":"MBGVE00700","FSK":"033147008000940060__","bemerk":null,"beschreib":"Das Umgehungsgerinne am Dinkelwehr Neuenhaus wurde 2010 neu gebaut. Es ersetzt den ehemaligen technischen Beckenfischpass am Wehr","beschreib_":null,"foto1":"https://nlwkn.hannit-share.de/index.php/core/preview?fileId=11068066&x=1280&y=819&a=true","foto2":"https://nlwkn.hannit-share.de/index.php/core/preview?fileId=11068069&x=1280&y=819&a=true","foto3":"https://nlwkn.hannit-share.de/index.php/core/preview?fileId=11068072&x=1280&y=819&a=true","foto4":"https://nlwkn.hannit-share.de/index.php/core/preview?fileId=11068075&x=1280&y=819&a=true","link1":null,"link2":null,"denkmal":"Nein","AIS_NR":0},"geometry":{"type":"MultiLineString","coordinates":[[[775110.674904774292372,6889995.126004037447274],[775223.482043359894305,6889974.513909970410168]]]}},
{"type":"Feature","properties":{"ID_con":2115,"bw_id":"VEC_SON_97780_98070","name":"Projektgebiet ASV (Brünas Heide)","GEW":"VEC","stat_von":97780.0,"stat_bis":98070.0,"gew_seite":"L","gew_versat":0.0,"bauart":"Projektgebiet","baujahr":"2022/2023","upflicht":"LfV (Landesfischereiverband Weser-Ems), ASV Neuenhaus","KTR":null,"FSK":"03314501000044______","bemerk":"!!Vertrag!!","beschreib":"Projektgebiet Brünas Heide (Anlage eines Laich- und Aufwuchshabitats) mit einseitigem Anschluss an die Vechte.","beschreib_":"Projektgebiet Brünas Heide (Anlage eines Laich- und Aufwuchshabitats) mit einseitigem Anschluss an die Vechte. Die Maßnahme wurde durch den ASV Neuenhaus und dem LfV Weser-Ems (Dr. Salva) in Zusammenarbeit mit dem NLWKN (Bodengutachten, Planunterlagen)","foto1":"https://nlwkn.hannit-share.de/index.php/core/preview?fileId=11057759&x=1280&y=819&a=true","foto2":"https://nlwkn.hannit-share.de/index.php/core/preview?fileId=11057762&x=1280&y=819&a=true","foto3":"https://nlwkn.hannit-share.de/index.php/core/preview?fileId=11057765&x=1280&y=819&a=true","foto4":"https://nlwkn.hannit-share.de/index.php/core/preview?fileId=11057768&x=1280&y=819&a=true","link1":"https://nlwkn.hannit-share.de/index.php/core/preview?fileId=7731961&x=1280&y=819&a=true","link2":"https://nlwkn.hannit-share.de/index.php/core/preview?fileId=7731968&x=1280&y=819&a=true","denkmal":"Nein","AIS_NR":0},"geometry":{"type":"MultiLineString","coordinates":[[[773729.654207685263827,6897492.26490877661854],[773731.767983551020734,6897467.523218328133225],[773743.409518371103331,6897426.844194795936346],[773756.018020002869889,6897397.963693471625447],[773783.811987944995053,6897373.249116775579751],[774009.925622413051315,6897235.953624927438796],[774063.053153887507506,6897195.449475130066276],[774068.402194772148505,6897188.025211738422513]]]}},
{"type":"Feature","properties":{"ID_con":2555,"bw_id":"DIN_SON_8535_8600","name":"Gehölzanpflanzung Biograf","GEW":"DIN","stat_von":8515.0,"stat_bis":8600.0,"gew_seite":"R","gew_versat":7.0,"bauart":"Gehölzanpflanzung","baujahr":"2022/23","upflicht":"NLWKN, BioGraf","KTR":null,"FSK":"033143006002120005__","bemerk":null,"beschreib":"Gehölzanpflanzung Dinkel, im Zuge des BioGraf - Projektes der Naturschutzstiftung Landkreis Grafschaft Bentheim.","beschreib_":"Gehölzanpflanzung Dinkel im Zuge des BioGraf - Projektes der Naturschutzstiftung Landkreis Grafschaft Bentheim.\r\nZu bepflanzende Streckenabschnitte resultieren aus der NLWKN-Maßnahmenkarte für Gehölzanpflanzungen an Vechte und Dinkel. Die Streckenabs","foto1":null,"foto2":null,"foto3":null,"foto4":null,"link1":null,"link2":null,"denkmal":"Nein","AIS_NR":0},"geometry":{"type":"MultiLineString","coordinates":[[[773693.02641060622409,6880628.194043126888573],[773600.145609356230125,6880524.304083807393909]]]}},
{"type":"Feature","properties":{"ID_con":2550,"bw_id":"VEC_SON_80800_80905","name":"Gehölzanpflanzung Biograf","GEW":"VEC","stat_von":80800.0,"stat_bis":80905.0,"gew_seite":"R","gew_versat":10.0,"bauart":"Gehölzanpflanzung","baujahr":"2022/2023","upflicht":"NLWKN, BioGraf","KTR":null,"FSK":"033130106000330001__","bemerk":null,"beschreib":"Gehölzanpflanzung oh Brücke Echteler Straße, im Zuge des BioGraf - Projektes der Naturschutzstiftung Landkreis Grafschaft Bentheim.","beschreib_":"Gehölzanpflanzung oh Brücke Echteler Straße im Zuge des BioGraf - Projektes der Naturschutzstiftung Landkreis Grafschaft Bentheim.\r\nZu bepflanzende Streckenabschnitte resultieren aus der NLWKN-Maßnahmenkarte für Gehölzanpflanzungen an Vechte und Di","foto1":null,"foto2":null,"foto3":null,"foto4":null,"link1":null,"link2":null,"denkmal":"Nein","AIS_NR":0},"geometry":{"type":"MultiLineString","coordinates":[[[757849.835761388181709,6909234.657082100398839],[757919.564494444523007,6909191.838090697303414],[757987.000583270564675,6909125.936365840956569]]]}},
{"type":"Feature","properties":{"ID_con":1165,"bw_id":"HRK_SON_1800_2645","name":"asphaltierter Radweg","GEW":"HRK","stat_von":1800.0,"stat_bis":2645.0,"gew_seite":"L","gew_versat":-19.0,"bauart":"asphaltierter Radweg","baujahr":null,"upflicht":"Stadt Haren","KTR":null,"FSK":"03310301400001______","bemerk":null,"beschreib":null,"beschreib_":null,"foto1":"https://nlwkn.hannit-share.de/index.php/core/preview?fileId=11063122&x=1280&y=819&a=true","foto2":"https://nlwkn.hannit-share.de/index.php/core/preview?fileId=11063125&x=1280&y=819&a=true","foto3":"https://nlwkn.hannit-share.de/index.php/core/preview?fileId=11063128&x=1280&y=819&a=true","foto4":"https://nlwkn.hannit-share.de/index.php/core/preview?fileId=11063131&x=1280&y=819&a=true","link1":null,"link2":null,"denkmal":"Nein","AIS_NR":0},"geometry":{"type":"MultiLineString","coordinates":[[[804378.329473271151073,6945194.894675127230585],[804155.247910560108721,6945301.420262123458087],[803559.352882912033238,6945569.924190565012395],[803104.849067976232618,6945767.688661771826446]]]}},
{"type":"Feature","properties":{"ID_con":1122,"bw_id":"HAS_SON_34330_34740","name":"Hochwasserdeich Rückhaltebecken Haselünne","GEW":"HAS","stat_von":34330.0,"stat_bis":34740.0,"gew_seite":"R","gew_versat":25.0,"bauart":"Hochwasserdeich","baujahr":null,"upflicht":"NLWKN","KTR":"MCBHA00100","FSK":"033213018000080028__","bemerk":null,"beschreib":"HW-Deich RHB Haselünne","beschreib_":"HW-Deich RHB Haselünne","foto1":"https://nlwkn.hannit-share.de/index.php/core/preview?fileId=11065492&x=1280&y=819&a=true","foto2":"https://nlwkn.hannit-share.de/index.php/core/preview?fileId=11065495&x=1280&y=819&a=true","foto3":"https://nlwkn.hannit-share.de/index.php/core/preview?fileId=11065498&x=1280&y=819&a=true","foto4":null,"link1":null,"link2":null,"denkmal":"Nein","AIS_NR":668},"geometry":{"type":"MultiLineString","coordinates":[[[834268.37179415137507,6922231.198687226511538],[834385.482902025571093,6921991.633261952549219],[834408.994907398126088,6921905.066743148490787],[834410.556103799026459,6921830.065342380665243],[834396.925475608208217,6921743.865634018555284],[834303.016052813385613,6921570.638295763172209]]]}},
{"type":"Feature","properties":{"ID_con":1067,"bw_id":"DIN_SON_5790_5910","name":"Landw. Betrieb bis BOK","GEW":"DIN","stat_von":5790.0,"stat_bis":5910.0,"gew_seite":"R","gew_versat":10.0,"bauart":"Landw. Betrieb","baujahr":null,"upflicht":"??","KTR":null,"FSK":"033143003001030004__","bemerk":null,"beschreib":null,"beschreib_":null,"foto1":null,"foto2":null,"foto3":null,"foto4":null,"link1":null,"link2":null,"denkmal":"Nein","AIS_NR":0},"geometry":{"type":"MultiLineString","coordinates":[[[775581.406269237399101,6884477.458262294530869],[775552.731206016498618,6884282.50066627189517]]]}},
{"type":"Feature","properties":{"ID_con":1305,"bw_id":"VEC_SON_127150_127265","name":"Sohlgleite Rohrbachstau","GEW":"VEC","stat_von":127150.0,"stat_bis":127265.0,"gew_seite":"M","gew_versat":0.0,"bauart":"Sohlgleite","baujahr":"2006","upflicht":"NLWKN","KTR":"MBNVE00100","FSK":"03420800600170______","bemerk":null,"beschreib":"Sohlgleite am ehemaligen Stau Rohrbach. Das Staubauwerk ist erhalten aber ohne Funktion (Baujahr 2006, Kosten ca. 169.000 €)","beschreib_":"Sohlgleite am ehemaligen Stau Rohrbach. Das Staubauwerk ist erhalten aber ohne Funktion (Baujahr 2006, Kosten ca. 169.000 €)","foto1":"https://nlwkn.hannit-share.de/index.php/core/preview?fileId=11057060&x=1280&y=819&a=true","foto2":"https://nlwkn.hannit-share.de/index.php/core/preview?fileId=11057126&x=1280&y=819&a=true","foto3":"https://nlwkn.hannit-share.de/index.php/core/preview?fileId=11057066&x=1280&y=819&a=true","foto4":"https://nlwkn.hannit-share.de/index.php/core/preview?fileId=11057069&x=1280&y=819&a=true","link1":null,"link2":null,"denkmal":"Nein","AIS_NR":0},"geometry":{"type":"MultiLineString","coordinates":[[[800343.96122133359313,6868608.964764529839158],[800353.850296112941578,6868596.310790181159973],[800379.088834708556533,6868556.366205925121903],[800408.528658599127084,6868503.452885595150292],[800419.266409592586569,6868482.47967960499227],[800425.275060037034564,6868466.139279233291745],[800432.804550297092646,6868443.820883508771658]]]}},
{"type":"Feature","properties":{"ID_con":1267,"bw_id":"SNK_SON_5060_10540","name":"Baudenkmal Süd-Nord-Kanal (Teilstück II)","GEW":"SNK","stat_von":5060.0,"stat_bis":10540.0,"gew_seite":"M","gew_versat":0.0,"bauart":"Denkmal","baujahr":null,"upflicht":"NLWKN","KTR":null,"FSK":null,"bemerk":null,"beschreib":"Baudenkmal Süd-Nord-Kanal (Teilstück II)","beschreib_":"Baudenkmal Süd-Nord-Kanal (Teilstück II)","foto1":null,"foto2":null,"foto3":null,"foto4":null,"link1":null,"link2":null,"denkmal":"Ja","AIS_NR":0},"geometry":{"type":"MultiLineString","coordinates":[[[790276.604416962596588,6890292.831631988286972],[790227.01402365474496,6890479.110855602659285],[790128.797125301789492,6890848.680818782187998],[789984.885082195862196,6891390.156753733754158],[789969.208915430819616,6891456.973318563774228],[789964.776632922701538,6891506.328087369911373],[789965.574431808432564,6891555.620645912364125],[789971.360955794691108,6891604.246572706848383],[790005.083267134497873,6891723.150015600025654],[790093.016978203319013,6892000.442561306059361],[790103.227400243864395,6892039.059223282150924],[790131.155406987876631,6892124.88892818428576],[790152.944310719612986,6892200.441697531379759],[790150.892326986184344,6892258.526585649698973],[790133.849767872714438,6892309.936879148706794],[790042.446615133667365,6892505.628571092151105],[789978.261423953576013,6892662.759429471567273],[789930.911269878968596,6892775.368895389139652],[789916.192291411920451,6892849.266316246241331],[789872.571640369831584,6893068.635889385826886],[789828.533280250267126,6893295.135170029476285],[789777.798188443412073,6893542.076487072743475],[789732.789542331709526,6893735.215517834760249],[789704.449078679084778,6893894.238820279017091],[789695.965245636296459,6893932.917844542302191],[789693.883255488472059,6893940.545705927535892],[789689.741167066036724,6893957.405209244228899],[789689.164664616109803,6893962.292915686964989],[789686.840544546837918,6893982.107445955276489],[789682.603431991185062,6894000.766563000157475],[789681.648715393617749,6894003.76805392280221],[789675.25511661847122,6894023.849956567399204],[789663.297354463371448,6894051.316505980677903],[789643.912332390667871,6894076.333879787474871],[789605.301442908355966,6894120.365531578660011],[789585.050090338219889,6894149.865233485586941],[789572.343023653724231,6894177.312232810072601],[789562.097962403553538,6894195.279826176352799],[789524.153035580995493,6894246.493049817159772],[789454.129758744966239,6894343.272817230783403],[789343.795485455775633,6894508.695954086259007],[789287.134142170893028,6894625.102614382281899],[789278.31403617747128,6894654.666298670694232],[789273.412154263816774,6894671.115766286849976],[789262.571417252416722,6894722.248519704677165],[789247.981879262719303,6894823.880960028618574],[789226.091563397902064,6895034.223113126121461],[789184.9413970944006,6895477.181812756694853],[789113.770765076740645,6895959.623158668167889],[788998.426589277456515,6896632.388585776090622],[788973.902196573326364,6896766.476017014123499],[788968.286375127616338,6896789.07486252207309],[788965.16328614205122,6896801.654672551900148],[788879.538337693549693,6897265.854311631061137],[788818.196804514620453,6897623.671789293177426],[788690.889154047355987,6898339.23011820949614],[788623.767828805488534,6898696.941791367717087],[788569.720161499222741,6898984.973267106339335]]]}},
{"type":"Feature","properties":{"ID_con":2652,"bw_id":"HAS_SON_33020_33290","name":"Längsverlegung Fernwärmeleitung (Stadt Haselünne=","GEW":"HAS","stat_von":33020.0,"stat_bis":33290.0,"gew_seite":"L","gew_versat":-30.0,"bauart":"Längsverlegung Fernwärmeleitung","baujahr":"2011","upflicht":"Stadt Haselünne","KTR":null,"FSK":"033213020001560017__","bemerk":null,"beschreib":"Längsverlegung Fernwärmeleitung (Stadt Haselünne=","beschreib_":"Längsverlegung Fernwärmeleitung (Stadt Haselünne=","foto1":"https://nlwkn.hannit-share.de/index.php/core/preview?fileId=12440544&x=1280&y=819&a=true","foto2":null,"foto3":null,"foto4":null,"link1":null,"link2":null,"denkmal":"Nein","AIS_NR":0},"geometry":{"type":"MultiLineString","coordinates":[[[832602.603643127600662,6921654.226546727120876],[832746.640305373235606,6921852.789270689710975],[832875.578165944200009,6921999.057220949791372]]]}},
{"type":"Feature","properties":{"ID_con":1303,"bw_id":"VEC_SON_126980_127115","name":"Schilfsaum","GEW":"VEC","stat_von":126980.0,"stat_bis":127115.0,"gew_seite":"R","gew_versat":6.0,"bauart":"Schilfsaum","baujahr":null,"upflicht":"NLWKN","KTR":null,"FSK":"03420500100091______","bemerk":null,"beschreib":null,"beschreib_":null,"foto1":"https://nlwkn.hannit-share.de/index.php/core/preview?fileId=11057048&x=1280&y=819&a=true","foto2":null,"foto3":null,"foto4":null,"link1":null,"link2":null,"denkmal":"Nein","AIS_NR":0},"geometry":{"type":"MultiLineString","coordinates":[[[800085.302858208771795,6868687.304415369406343],[800121.148244592593983,6868678.352229780517519],[800228.937602419522591,6868672.788823903538287],[800257.47901523555629,6868668.316617555916309],[800293.055503497249447,6868659.28955130558461],[800304.286693578818813,6868652.683911769650877]]]}},
{"type":"Feature","properties":{"ID_con":1135,"bw_id":"HAS_SON_4500_4700","name":"Kanalböschung links (Pralluferbereich)","GEW":"HAS","stat_von":4500.0,"stat_bis":4700.0,"gew_seite":"L","gew_versat":-30.0,"bauart":"Prallufer","baujahr":null,"upflicht":"??","KTR":null,"FSK":"033110012000720006__","bemerk":"?? Im URPL angegeben (Prüfen)","beschreib":"Kanalböschung links (Pralluferbereich)","beschreib_":"Kanalböschung links (Pralluferbereich)","foto1":"https://nlwkn.hannit-share.de/index.php/core/preview?fileId=11065732&x=1280&y=819&a=true","foto2":"https://nlwkn.hannit-share.de/index.php/core/preview?fileId=11065735&x=1280&y=819&a=true","foto3":null,"foto4":null,"link1":null,"link2":null,"denkmal":"Nein","AIS_NR":0},"geometry":{"type":"MultiLineString","coordinates":[[[815196.60795484483242,6925224.292954998090863],[815138.795279084239155,6925155.031822054646909],[815111.544355930294842,6925057.56519475672394],[815136.046108704758808,6924922.494241739623249],[815154.965168001828715,6924872.403567688539624]]]}},
{"type":"Feature","properties":{"ID_con":2451,"bw_id":"SNK_SON_17880_18100","name":"denkmalgeschützter Baumbestand","GEW":"SNK","stat_von":17880.0,"stat_bis":18100.0,"gew_seite":"L","gew_versat":23.0,"bauart":"Baumbestand, denkmalgeschützt  (ID: 36051639)","baujahr":null,"upflicht":"NLWKN","KTR":null,"FSK":"033121003000010062__","bemerk":null,"beschreib":"denkmalgeschützter Baumbestand (Objekttyp: Baumbestand; ID: 36051639)","beschreib_":null,"foto1":null,"foto2":null,"foto3":null,"foto4":null,"link1":null,"link2":null,"denkmal":"Ja","AIS_NR":0},"geometry":{"type":"MultiLineString","coordinates":[[[787307.474782844888978,6909434.435991166159511],[787569.659652492264286,6909683.96976347733289]]]}},
{"type":"Feature","properties":{"ID_con":2657,"bw_id":"HRK_SON_750_770","name":"Anlegehilfe uh. neue Brücke","GEW":"HRK","stat_von":750.0,"stat_bis":770.0,"gew_seite":"L","gew_versat":-10.0,"bauart":"Anlegehilfe","baujahr":"2026","upflicht":"Stadt Haren","KTR":null,"FSK":"03310301600136______","bemerk":"Vertrag??","beschreib":"Anlegehilfe uh. neue Brücke","beschreib_":"Anlegehilfe uh. neue Brücke","foto1":"https://nlwkn.hannit-share.de/index.php/core/preview?fileId=12517775&x=1280&y=819&a=true","foto2":"https://nlwkn.hannit-share.de/index.php/core/preview?fileId=12517773&x=1280&y=819&a=true","foto3":"https://nlwkn.hannit-share.de/index.php/core/preview?fileId=12517772&x=1280&y=819&a=true","foto4":"https://nlwkn.hannit-share.de/index.php/core/preview?fileId=12517774&x=1280&y=819&a=true","link1":null,"link2":null,"denkmal":"Nein","AIS_NR":0},"geometry":{"type":"MultiLineString","coordinates":[[[805641.764492795453407,6944015.026238429360092],[805618.969056530622765,6944038.958197142928839]]]}},
{"type":"Feature","properties":{"ID_con":1284,"bw_id":"VEC_SON_111685_114015","name":"Befestigter Radweg","GEW":"VEC","stat_von":111685.0,"stat_bis":114015.0,"gew_seite":"L","gew_versat":-15.0,"bauart":"Radweg","baujahr":"2015","upflicht":"Stadt Nordhorn","KTR":null,"FSK":"033151005000710011__","bemerk":null,"beschreib":null,"beschreib_":null,"foto1":"https://nlwkn.hannit-share.de/index.php/core/preview?fileId=11056544&x=1280&y=819&a=true","foto2":"https://nlwkn.hannit-share.de/index.php/core/preview?fileId=11056568&x=1280&y=819&a=true","foto3":"https://nlwkn.hannit-share.de/index.php/core/preview?fileId=11056550&x=1280&y=819&a=true","foto4":null,"link1":null,"link2":null,"denkmal":"Nein","AIS_NR":0},"geometry":{"type":"MultiLineString","coordinates":[[[783988.403048105421476,6882821.392284791916609],[783997.553594663739204,6882724.580773293972015],[784009.713368648663163,6882689.903871100395918],[784058.914433642057702,6882607.576050502248108],[784120.298787559848279,6882527.479977298527956],[784138.360664243577048,6882481.252570719458163],[784147.109069941448979,6882445.412811186164618],[784150.291573989437893,6882414.801554085686803],[784146.32821964903269,6882360.188682457432151],[784140.036380164558068,6882331.701191542670131],[784096.489005270064808,6882219.418810780160129],[784087.631463534315117,6882147.352144015021622],[784099.237936155521311,6881717.472745463252068],[784111.208432575454935,6881613.920636678114533],[784128.385471066460013,6881517.981283134780824],[784164.884384151897393,6881382.907892826013267],[784226.00046996655874,6881218.894253841601312],[784393.294962592888623,6880812.120585152879357],[784413.448342067189515,6880782.018570466898382],[784445.220174204558134,6880753.027151656337082],[784483.847946509951726,6880730.10417309217155],[784530.241829163976945,6880718.427726607769728],[784570.84736957855057,6880718.311022568494081],[784740.250100739183836,6880746.962223557755351],[784823.238616986316629,6880754.230634242296219],[784889.149930316605605,6880739.348369519226253],[784961.981316177989356,6880710.790963150560856],[785022.086949632153846,6880677.584670540876687],[785075.063287544064224,6880619.058324079960585],[785215.841619950020686,6880415.490026596002281],[785229.436452597146854,6880369.924966721795499],[785230.095802486292087,6880246.63712384365499],[785250.581835723598488,6880178.784445334225893],[785267.079021429992281,6880150.421654544770718],[785328.366240824572742,6880100.64207277353853],[785647.058941456489265,6879913.787973461672664]]]}},
{"type":"Feature","properties":{"ID_con":1107,"bw_id":"HAS_SON_13700_17910","name":"Landschaftsschutzgebiet Natura 2000-Untere Haseniederung","GEW":"HAS","stat_von":13700.0,"stat_bis":17910.0,"gew_seite":"M","gew_versat":0.0,"bauart":"Landschaftsschutzgebiet","baujahr":null,"upflicht":"Lankreis Emsland","KTR":null,"FSK":null,"bemerk":null,"beschreib":"Landschaftsschutzgebiet Natura 2000-Untere Haseniederung","beschreib_":"Landschaftsschutzgebiet Natura 2000-Untere Haseniederung","foto1":null,"foto2":null,"foto3":null,"foto4":null,"link1":null,"link2":null,"denkmal":"Nein","AIS_NR":0},"geometry":{"type":"MultiLineString","coordinates":[[[820780.547589659225196,6924514.375161582604051],[820781.638607391621917,6924455.723095715045929],[820801.045369313913397,6924344.093516014516354],[820841.800658355467021,6924223.756468766368926],[820883.13659135508351,6924151.232737022452056],[820911.90347820147872,6924124.512700560502708],[820934.209092275938019,6924101.664708043448627],[820952.878646050114185,6924073.460604269057512],[820977.024837314267643,6924035.587844396010041],[820999.136927788029425,6923987.877163175493479],[821005.958286955719814,6923951.873905728571117],[821009.228046218515374,6923906.751012893393636],[821022.614725480787456,6923846.03844952955842],[821037.228375567123294,6923814.35388486366719],[821049.583642407436855,6923799.56871993560344],[821069.824702808517031,6923784.960177878849208],[821089.512797780917026,6923778.248129813931882],[821106.41946465941146,6923778.253867605701089],[821125.476955596473999,6923782.827758079394698],[821146.943728440441191,6923797.248158968985081],[821174.599580104346387,6923820.469853886403143],[821265.774413561448455,6923909.531321519054472],[821297.954269427806139,6923932.102609110064805],[821331.472502409364097,6923945.287964163348079],[821368.880644861841574,6923952.534584091976285],[821403.77116965665482,6923954.827990165911615],[821431.576799450675026,6923954.702395172789693],[821457.939345970167778,6923951.907260411418974],[821499.507356992806308,6923941.167578305117786],[821528.334932742407545,6923929.011752982623875],[821548.541686327545904,6923915.90754846483469],[821571.885937993880361,6923896.849332580342889],[821591.928191105253063,6923874.325373758561909],[821611.311519336421043,6923847.643181077204645],[821632.348501447006129,6923814.22104075178504],[821647.309472019667737,6923783.673644072376192],[821665.849640272557735,6923727.595162075944245],[821691.576840107096359,6923618.952378466725349],[821747.754529291531071,6923391.98422412481159],[821762.105665134964511,6923321.504531167447567],[821768.120453702518716,6923287.744625821709633],[821768.626188583322801,6923265.158536086790264],[821766.89667076151818,6923241.769955344498158],[821762.431050730869174,6923206.267806895077229],[821752.728022768045776,6923169.895656434819102],[821729.960640043136664,6923112.893312888219953],[821720.771824309020303,6923087.076575821265578],[821718.391773811192252,6923059.154339357279241],[821722.736035640118644,6923032.891852339729667],[821734.406229082727805,6923015.077069754712284],[821754.766282662167214,6923011.768458528444171],[821788.853804887388833,6923014.896579002961516],[821845.978371295612305,6923031.897853367030621],[821977.287976513267495,6923073.263975597918034],[822130.292702563223429,6923118.880875075235963],[822206.337431073421612,6923145.44405525084585],[822252.44357470900286,6923166.815431783907115],[822285.851091485004872,6923184.888828915543854],[822319.156216487986967,6923207.479081642813981],[822336.760154837160371,6923226.704163730144501],[822350.44033804780338,6923253.373649318702519],[822361.733992290333845,6923286.015699032694101],[822363.981998550705612,6923319.961464315652847],[822363.108239995199256,6923359.109377612359822],[822360.234349660691805,6923386.914523278363049],[822346.407562340260483,6923434.058890285901725],[822326.557154061389156,6923481.820705531165004],[822312.316067419364117,6923513.88918777462095],[822223.002391272224486,6923677.600626010447741],[822184.055699193617329,6923739.246669401414692],[822142.306128960452043,6923791.791998436674476],[822109.187005911371671,6923827.957224050536752],[822079.257077784044668,6923855.910340276546776],[822022.03754264919553,6923894.548775950446725],[821912.2366533462191,6923965.901454399339855],[821792.569496020674706,6924041.5510263890028],[821745.16121101740282,6924078.150079907849431],[821686.046745394123718,6924134.068673158064485],[821629.937638622708619,6924190.056604458019137],[821583.759843020001426,6924238.734853400848806],[821550.416914356057532,6924284.688947943039238],[821529.876959727262147,6924329.425074892118573],[821521.471117832232267,6924369.162130396813154],[821518.507805753848515,6924400.734411234036088],[821518.837621498620138,6924419.576554752886295],[821522.956031535635702,6924436.995544307865202],[821538.221997135668062,6924459.938721435144544],[821572.645891977474093,6924499.887265452183783],[821613.212454073014669,6924533.94911958836019],[821659.038226158241741,6924568.127599491737783],[821662.81061211717315,6924570.264095005579293],[821700.595219018403441,6924591.664360854774714],[821772.978585163829848,6924614.386375427246094],[821896.169731422443874,6924650.306123873218894],[821945.456767643918283,6924664.220971778966486],[821996.897012035595253,6924682.704213108867407],[822031.144545125542209,6924697.034823411144316],[822051.806173029821366,6924714.071770688518882],[822072.398824370699003,6924734.122372303158045],[822093.608974180649966,6924760.212197097949684],[822116.871305030537769,6924795.390606434084475],[822145.636878057965077,6924853.292640529572964],[822156.215102450572886,6924884.416974598541856],[822157.818454040796496,6924890.985149325802922],[822168.607034242595546,6924935.17209130898118],[822174.974520036252216,6924986.544859859161079],[822179.188851132639684,6925033.349126301705837],[822175.522679562447593,6925096.551890132017434],[822173.532465538941324,6925118.355385169386864],[822170.145616810070351,6925202.659311805851758],[822173.474977594451047,6925255.472479680553079],[822181.563789488514885,6925297.090372157283127],[822190.655515147256665,6925327.431868917308748],[822204.338691807934083,6925354.108746772632003],[822234.296154673444107,6925392.451627688482404],[822289.492249690578319,6925444.923204959370196],[822353.20226905378513,6925486.28468622174114],[822435.77806323999539,6925524.300901804119349],[822578.580111054470763,6925591.543328203260899],[822655.030916275107302,6925634.695469534024596],[822701.01833091978915,6925662.095873904414475],[822732.850864117615856,6925683.903968800790608],[822765.215748592279851,6925715.519989728927612],[822796.097040321677923,6925746.350159510970116],[822830.497485618107021,6925787.805915553122759],[822850.861808118177578,6925818.399193658493459],[822857.387415759731084,6925829.093943539075553],[822889.336226772051305,6925879.536971914581954],[822914.975678689428605,6925909.495691540651023],[822935.707516181166284,6925923.522239151410758],[822965.42117150244303,6925939.254811130464077],[822996.789695216342807,6925948.245282256044447],[823036.588957034400664,6925949.887549051083624],[823040.342431042226963,6925949.543978347443044],[823069.726512212771922,6925946.861373160965741],[823105.918005767511204,6925941.3626570077613]]]}},
{"type":"Feature","properties":{"ID_con":2538,"bw_id":"VEC_SON_80000_80045","name":"Gehölzanpflanzung Biograf","GEW":"VEC","stat_von":80000.0,"stat_bis":80045.0,"gew_seite":"R","gew_versat":15.0,"bauart":"Gehölzanpflanzung","baujahr":"2022/23","upflicht":"NLWKN, Biograf","KTR":null,"FSK":"033130106000330001__","bemerk":null,"beschreib":"Gehölzanpflanzung oh Brücke Echteler Straße, im Zuge des BioGraf - Projektes der Naturschutzstiftung Landkreis Grafschaft Bentheim.","beschreib_":"Gehölzanpflanzung oh Brücke Echteler Straße im Zuge des BioGraf - Projektes der Naturschutzstiftung Landkreis Grafschaft Bentheim.\r\nZu bepflanzende Streckenabschnitte resultieren aus der NLWKN-Maßnahmenkarte für Gehölzanpflanzungen an Vechte und Di","foto1":null,"foto2":null,"foto3":null,"foto4":null,"link1":null,"link2":null,"denkmal":"Nein","AIS_NR":0},"geometry":{"type":"MultiLineString","coordinates":[[[756812.196067080600187,6909907.860218922607601],[756885.273335307603702,6909901.360846076160669]]]}},
{"type":"Feature","properties":{"ID_con":1326,"bw_id":"VEC_SON_143330_143430","name":"Gehölzanpflanzung","GEW":"VEC","stat_von":143330.0,"stat_bis":143430.0,"gew_seite":"L","gew_versat":-11.0,"bauart":"Gehölzanpflanzung (Dritte)??","baujahr":null,"upflicht":"??","KTR":null,"FSK":"034213003001000065__","bemerk":"Wer hat die Bäume gepflanzt??","beschreib":"Gehölzanpflanzung (Dritte)??","beschreib_":null,"foto1":"https://nlwkn.hannit-share.de/index.php/core/preview?fileId=11057405&x=1280&y=819&a=true","foto2":null,"foto3":null,"foto4":null,"link1":null,"link2":null,"denkmal":"Nein","AIS_NR":0},"geometry":{"type":"MultiLineString","coordinates":[[[810948.218432422494516,6849606.359838648699224],[811089.243381991283968,6849524.17818071693182]]]}},
{"type":"Feature","properties":{"ID_con":2432,"bw_id":"HAS_SON_38400_38700","name":"Gehölzanpflanzung links Höhe Altarm Andrup 1","GEW":"HAS","stat_von":38400.0,"stat_bis":38700.0,"gew_seite":"L","gew_versat":-20.0,"bauart":"Gehölzanpflanzung","baujahr":"??","upflicht":"NLWKN","KTR":null,"FSK":"033210009001230027__","bemerk":"Jahr der Anpflanzung??","beschreib":"Gehölzanpflanzung links Höhe Altarm Andrup 1","beschreib_":"Gehölzanpflanzung links Höhe Altarm Andrup 1","foto1":"https://nlwkn.hannit-share.de/index.php/core/preview?fileId=11065570&x=1280&y=819&a=true","foto2":"https://nlwkn.hannit-share.de/index.php/core/preview?fileId=11065573&x=1280&y=819&a=true","foto3":"https://nlwkn.hannit-share.de/index.php/core/preview?fileId=11065576&x=1280&y=819&a=true","foto4":"https://nlwkn.hannit-share.de/index.php/core/preview?fileId=11065579&x=1280&y=819&a=true","link1":"https://nlwkn.hannit-share.de/index.php/core/preview?fileId=8188835&x=1280&y=819&a=true","link2":"https://nlwkn.hannit-share.de/index.php/core/preview?fileId=8188874&x=1280&y=819&a=true","denkmal":"Nein","AIS_NR":0},"geometry":{"type":"MultiLineString","coordinates":[[[837344.052072433172725,6921595.652642585337162],[837386.283925307332538,6921629.356927298940718],[837498.059937132638879,6921741.364967850036919],[837601.24254619772546,6921875.837311987765133],[837667.439348723273724,6921980.222962806001306]]]}},
{"type":"Feature","properties":{"ID_con":1315,"bw_id":"VEC_SON_135570_136175","name":"Fuß- und Radweg links","GEW":"VEC","stat_von":135570.0,"stat_bis":136175.0,"gew_seite":"L","gew_versat":-22.0,"bauart":"Radweg","baujahr":null,"upflicht":"Stadt Schüttorf","KTR":null,"FSK":"034210007000930023__","bemerk":null,"beschreib":null,"beschreib_":null,"foto1":null,"foto2":null,"foto3":null,"foto4":null,"link1":null,"link2":null,"denkmal":"Nein","AIS_NR":0},"geometry":{"type":"MultiLineString","coordinates":[[[804469.4931102511473,6858581.056825432926416],[804562.939908780041151,6858428.348018107004464],[804642.318859944818541,6858345.001053948886693],[804682.610105220344849,6858312.059936341829598],[804975.256033326149918,6858145.087551021017134],[805034.207560594775714,6858085.259192541241646],[805082.181314324727282,6858021.188898357562721],[805116.165391953545623,6857894.715211092494428]]]}},
{"type":"Feature","properties":{"ID_con":2457,"bw_id":"PCK_SON_20270_23450","name":"denkmalgeschützter Baumbestand links","GEW":"PCK","stat_von":20270.0,"stat_bis":23450.0,"gew_seite":"L","gew_versat":-24.0,"bauart":"Denkmalschutz, Baumbestand","baujahr":null,"upflicht":"NLWKN","KTR":null,"FSK":"033131104000290001__","bemerk":null,"beschreib":"denkmalgeschützter Baumbestand (ID: 36054495) in der Gemeinde Laar","beschreib_":"denkmalgeschützter Baumbestand (ID: 36054495) in der Gemeinde Laar","foto1":"https://nlwkn.hannit-share.de/index.php/core/preview?fileId=12140221&x=1280&y=819&a=true","foto2":"https://nlwkn.hannit-share.de/index.php/core/preview?fileId=12140224&x=1280&y=819&a=true","foto3":"https://nlwkn.hannit-share.de/index.php/core/preview?fileId=12140225&x=1280&y=819&a=true","foto4":"https://nlwkn.hannit-share.de/index.php/core/preview?fileId=12140226&x=1280&y=819&a=true","link1":null,"link2":null,"denkmal":"Ja","AIS_NR":0},"geometry":{"type":"MultiLineString","coordinates":[[[757793.607188917463645,6915137.510401498526335],[757001.97164087893907,6915376.786702978424728],[756934.489340445026755,6915412.823850017972291],[754371.765184374176897,6918230.478350147604942],[753965.171972783165984,6918535.96591545175761]]]}},
{"type":"Feature","properties":{"ID_con":1342,"bw_id":"VEC_SON_89540_89760","name":"Biotop (G. Nr. 3506011) (von landesweiter Bedeutung)","GEW":"VEC","stat_von":89540.0,"stat_bis":89760.0,"gew_seite":"L","gew_versat":-30.0,"bauart":"Biotop","baujahr":null,"upflicht":null,"KTR":null,"FSK":"03312602200034______","bemerk":null,"beschreib":"Biotop (G. Nr. 3506011) (von landesweiter Bedeutung)","beschreib_":"Biotop (G. Nr. 3506011) (von landesweiter Bedeutung)","foto1":null,"foto2":null,"foto3":null,"foto4":null,"link1":null,"link2":null,"denkmal":"Nein","AIS_NR":0},"geometry":{"type":"MultiLineString","coordinates":[[[769838.957549861166626,6906918.963269982486963],[769938.141584064811468,6906791.601372301578522],[770010.786273478297517,6906721.75273025687784],[770106.438830300816335,6906657.664359465241432]]]}},
{"type":"Feature","properties":{"ID_con":1196,"bw_id":"HRK_SON_9160_9175","name":"Anlegehilfe unterhalb Erika-Schul-Brücke","GEW":"HRK","stat_von":9160.0,"stat_bis":9175.0,"gew_seite":"L","gew_versat":-9.0,"bauart":"Dalben","baujahr":null,"upflicht":"NLWKN","KTR":null,"FSK":"031736002000020001__","bemerk":null,"beschreib":"Anlegehilfe uh  Erika-Schul-Brücke","beschreib_":"Anlegehilfe uh Erika-Schul-Brücke","foto1":"https://nlwkn.hannit-share.de/index.php/core/preview?fileId=11063374&x=1280&y=819&a=true","foto2":"https://nlwkn.hannit-share.de/index.php/core/preview?fileId=11063377&x=1280&y=819&a=true","foto3":"https://nlwkn.hannit-share.de/index.php/core/preview?fileId=11063380&x=1280&y=819&a=true","foto4":null,"link1":null,"link2":null,"denkmal":"Nein","AIS_NR":0},"geometry":{"type":"MultiLineString","coordinates":[[[795621.04309830290731,6952351.927197141572833],[795597.258315690094605,6952358.90216257609427]]]}},
{"type":"Feature","properties":{"ID_con":1110,"bw_id":"HAS_SON_21555_25980","name":"Landschaftsschutzgebiet Natura 2000-Untere Haseniederung","GEW":"HAS","stat_von":21555.0,"stat_bis":25980.0,"gew_seite":"M","gew_versat":0.0,"bauart":"Landschaftsschutzgebiet","baujahr":null,"upflicht":"Lankreis Emsland","KTR":null,"FSK":"033226004000690013__","bemerk":null,"beschreib":"Landschaftsschutzgebiet Natura 2000-Untere Haseniederung","beschreib_":"Landschaftsschutzgebiet Natura 2000-Untere Haseniederung","foto1":null,"foto2":null,"foto3":null,"foto4":null,"link1":null,"link2":null,"denkmal":"Nein","AIS_NR":0},"geometry":{"type":"MultiLineString","coordinates":[[[825639.54286178201437,6922943.740691616199911],[825664.39512532169465,6922888.65623711887747],[825753.993392958422191,6922688.107226599007845],[825762.359520124387927,6922669.380796205252409],[825782.970479353796691,6922620.12573947198689],[825789.538401644560508,6922594.662055851891637],[825803.358389597851783,6922546.764367047697306],[825820.73610336415004,6922507.983260406181216],[825858.997687599272467,6922441.795332368463278],[825893.371453314670362,6922381.547435558401048],[825909.897811942500994,6922347.26547524984926],[825918.784660683828406,6922318.842553649097681],[825923.098211970180273,6922293.330292960628867],[825922.907972861663438,6922267.720697573386133],[825920.365244817105122,6922246.576650679111481],[825907.556667631608434,6922213.912273702211678],[825885.398833831888624,6922162.21309900470078],[825878.548363639041781,6922131.937099437229335],[825874.849937057704665,6922094.952962792478502],[825878.479329205700196,6922066.415466168895364],[825888.915523591451347,6922035.767373681999743],[825909.783563190372661,6922009.115323728881776],[825929.700465049245395,6921991.47817665617913],[825975.213631938793696,6921971.392685350961983],[826020.56211478728801,6921958.832774464972317],[826065.696629042620771,6921956.057915471494198],[826110.600839310442097,6921963.822811990045011],[826169.6413700717967,6921977.921381814405322],[826350.887338236207142,6922037.627306608483195],[826418.677169040543959,6922063.965872503817081],[826467.989271247526631,6922076.342651741579175],[826503.181089938734658,6922081.632513382472098],[826530.931143117137253,6922083.746702274307609],[826563.301551058306359,6922080.691008717752993],[826587.46184945164714,6922075.194995108991861],[826592.722320993314497,6922072.363716759718955],[826604.945292124175467,6922065.786301726475358],[826621.107069993624464,6922048.066695428453386],[826635.881740722688846,6922025.044050532393157],[826650.152404221706092,6921990.712860148400068],[826656.831677125766873,6921959.983601869083941],[826658.765972547582351,6921909.101751855574548],[826660.350194044993259,6921867.429905698634684],[826659.211551766144112,6921816.195318326354027],[826651.338828179519624,6921694.77792317699641],[826653.254462056094781,6921641.352645363658667],[826657.077772814198397,6921603.782015141099691],[826665.864970067632385,6921545.237145960330963],[826676.248279872583225,6921516.847362256608903],[826696.344335775007494,6921490.930321834050119],[826723.799568504560739,6921471.95282425917685],[826770.157898167381063,6921447.362585716880858],[826817.884950463776477,6921428.828236863017082],[826848.082616129657254,6921421.957767287269235],[826872.90899624209851,6921420.240630107931793],[826896.102633398259059,6921424.513829552568495],[826914.676763810450211,6921433.95490148011595],[826937.543051497545093,6921453.282308928668499],[826962.530453854356892,6921478.67893903888762],[826982.459048356395215,6921494.928092387504876],[826998.748835485894233,6921505.827016271650791],[827021.109337198431604,6921513.84460829384625],[827042.819702184060588,6921517.331135181710124],[827069.930709884734824,6921514.158518748357892],[827100.862278919667006,6921508.057094689458609],[827131.22197489393875,6921493.658406120724976],[827160.179705592803657,6921474.710582714527845],[827187.079746477422304,6921446.682426895946264],[827211.155443901196122,6921415.496461438015103],[827228.817174817784689,6921392.619934448041022],[827309.79320526518859,6921295.739234303124249],[827361.959064123220742,6921245.670556594617665],[827389.136846407316625,6921216.010857677087188],[827395.855363484472036,6921199.645609234459698],[827398.335752263315953,6921188.999699705280364],[827404.968731397297233,6921160.530435844324529],[827408.388213416328654,6921130.95152626093477],[827410.127742595039308,6921100.971217405982316],[827408.310557930497453,6921051.29077407065779],[827385.788505354081281,6920997.270802363753319],[827353.548289738828316,6920957.766006908379495],[827275.930849934695289,6920886.84848178550601],[827208.319559044903144,6920833.439011326991022],[827141.633121212362312,6920772.197944175451994],[827030.22918494080659,6920641.912209928035736],[826944.89560940337833,6920523.795178958214819],[826884.131744235171936,6920400.198776168748736],[826867.335280756000429,6920329.784821890294552],[826869.038399399723858,6920283.595701701007783],[826874.586263974313624,6920262.1632090350613],[826882.576711704488844,6920234.516062326729298],[826893.705957625526935,6920214.744123741984367],[826943.249498776509427,6920183.704570225439966],[826982.231208892073482,6920163.102234377525747],[827054.053670867346227,6920151.356000801548362],[827272.918931535561569,6920163.478207284584641],[827480.376833561691456,6920187.803747988305986],[827554.127632150775753,6920201.32480504643172],[827599.251648999517784,6920220.823762273415923],[827612.438451471854933,6920229.733108035288751],[827621.485009917407297,6920235.845159095712006],[827653.602565306588076,6920267.483031979762018],[827704.390070123947226,6920320.993506336584687],[827749.444963750545867,6920342.105336739681661],[827804.167634772253223,6920331.795016789808869],[827849.502579235704616,6920301.198588042519987],[827876.678050250164233,6920274.579810282215476],[827880.474065518006682,6920270.395758527331054],[827889.635736002819613,6920221.810751660726964],[827893.141398434177972,6920194.592430114746094],[827895.051482153590769,6920179.762956043705344],[827894.060685987817124,6920076.993511349894106],[827893.150962167768739,6920059.255138148553669],[827887.457444166298956,6919999.636892108246684],[827885.802226065890864,6919982.297455554828048],[827883.356132669374347,6919925.9012480545789],[827882.795149848912843,6919912.965702683664858],[827885.59846622904297,6919852.794277682900429],[827896.266647450160235,6919776.231839383020997],[827920.738447148003615,6919686.417636826634407],[827949.487720298347995,6919607.236185217276216],[827968.510864948737435,6919560.971466124989092],[827982.999015402863733,6919516.114127118140459],[827994.354079357115552,6919477.212269219569862],[827999.345958445686847,6919454.734095719642937],[828017.714228922268376,6919369.307791011407971],[828040.942264311364852,6919267.425010309554636],[828058.724569972837344,6919209.089266362600029],[828079.247343258117326,6919162.859155926853418],[828104.56802094867453,6919103.183650525286794],[828157.591817456996068,6919012.488514294847846],[828170.056685255141929,6918991.681050969287753],[828202.880608350620605,6918932.167584256269038],[828220.271285838563927,6918891.893469291739166],[828224.148976035648957,6918851.32626124098897],[828221.830301835085265,6918819.657325346022844],[828210.957238106173463,6918766.725520676001906],[828192.610744432895444,6918712.127907618880272],[828183.109441995969974,6918665.249116680584848],[828173.447389666107483,6918625.893379104323685],[828174.032007228932343,6918598.806633055210114],[828179.282824579160661,6918564.293390093371272],[828186.9991393891396,6918544.947258478961885],[828187.644612491247244,6918543.329049634747207]]]}},
{"type":"Feature","properties":{"ID_con":1180,"bw_id":"HRK_SON_490_1080","name":"Radweg","GEW":"HRK","stat_von":490.0,"stat_bis":1080.0,"gew_seite":"L","gew_versat":-18.0,"bauart":"Radweg","baujahr":null,"upflicht":"??","KTR":null,"FSK":"03310301600132______","bemerk":null,"beschreib":null,"beschreib_":null,"foto1":null,"foto2":null,"foto3":null,"foto4":null,"link1":null,"link2":null,"denkmal":"Nein","AIS_NR":0},"geometry":{"type":"MultiLineString","coordinates":[[[806027.894234743202105,6943883.247963204048574],[805880.985361903673038,6943905.568719746544957],[805816.455888868542388,6943923.587655708193779],[805779.822366986074485,6943939.300213414244354],[805689.515552923781797,6943996.138005237095058],[805650.446941570728086,6944025.088602804578841],[805276.486965843709186,6944420.161816153675318]]]}},
{"type":"Feature","properties":{"ID_con":2239,"bw_id":"VEC_SON_114000_114830","name":"Projektgebiet Ölmühlenarm (Verbesserung der Durchgängigkeit)","GEW":"VEC","stat_von":114000.0,"stat_bis":114830.0,"gew_seite":"M","gew_versat":0.0,"bauart":"Projektgebiet","baujahr":"2023??","upflicht":null,"KTR":"MBNVE0C04G","FSK":"033151006000010103__","bemerk":"FGE-Akz.: 62615-21-006","beschreib":"Projektgebiet Ölmühlenarm (Verbesserung der Durchgängigkeit)","beschreib_":"Projektgebiet Ölmühlenarm (Verbesserung der Durchgängigkeit)","foto1":"https://nlwkn.hannit-share.de/index.php/core/preview?fileId=11056565&x=1280&y=819&a=true","foto2":"https://nlwkn.hannit-share.de/index.php/core/preview?fileId=11056637&x=1280&y=819&a=true","foto3":"https://nlwkn.hannit-share.de/index.php/core/preview?fileId=11056571&x=1280&y=819&a=true","foto4":"https://nlwkn.hannit-share.de/index.php/core/preview?fileId=11056574&x=1280&y=819&a=true","link1":"https://nlwkn.hannit-share.de/index.php/core/preview?fileId=7757962&x=1280&y=819&a=true","link2":"https://nlwkn.hannit-share.de/index.php/core/preview?fileId=7757941&x=1280&y=819&a=true","denkmal":"Nein","AIS_NR":0},"geometry":{"type":"MultiLineString","coordinates":[[[785638.104947087587789,6879947.071909695863724],[785656.066430575097911,6879936.230929547920823],[785698.509175910963677,6879921.330300633795559],[785748.221984188188799,6879895.26090036239475],[785802.746602670056745,6879874.863582449965179],[785852.605783908744343,6879864.465358730405569],[785910.381028354517184,6879859.184080814011395],[786019.384789562202059,6879857.659865571185946],[786100.076354270917363,6879863.430423378944397],[786148.967903005890548,6879860.788953671231866],[786198.330169041408226,6879847.883765722624958],[786244.547919764881954,6879822.584366865456104],[786270.33172704197932,6879803.660344216972589],[786285.276513462187722,6879790.161720650270581],[786311.958363007637672,6879762.248118553310633],[786333.287468215334229,6879739.941531012766063],[786377.071220687008463,6879682.775371425785124],[786404.87416997354012,6879638.728789925575256],[786428.643340663053095,6879598.596821247600019],[786458.339155886438675,6879555.310310950502753],[786493.909747915575281,6879524.129692809656262],[786535.391496984404512,6879500.868962579406798],[786550.325138857471757,6879496.759395477361977],[786578.317396119120531,6879489.058118529617786],[786618.949401657097042,6879482.532573150470853],[786703.103003280120902,6879475.30078714620322],[786767.367853933013976,6879464.919268254190683],[786807.244320705300197,6879463.567045588977635],[786818.536068060435355,6879469.952725963667035]]]}},
{"type":"Feature","properties":{"ID_con":2053,"bw_id":"DIN_SON_930_960","name":"Böschungsmauer links uh Brücke","GEW":"DIN","stat_von":930.0,"stat_bis":960.0,"gew_seite":"L","gew_versat":-20.0,"bauart":"Böschungsmauer","baujahr":null,"upflicht":"Wigger","KTR":null,"FSK":"033147002000300044__","bemerk":null,"beschreib":"Böschungsmauer links uh Brücke","beschreib_":null,"foto1":"https://nlwkn.hannit-share.de/index.php/core/preview?fileId=11068390&x=1280&y=819&a=true","foto2":null,"foto3":null,"foto4":null,"link1":null,"link2":null,"denkmal":"Nein","AIS_NR":0},"geometry":{"type":"MultiLineString","coordinates":[[[774862.654554407927208,6890965.157521529123187],[774881.37348604388535,6890919.56145441532135]]]}},
{"type":"Feature","properties":{"ID_con":1106,"bw_id":"HAS_SON_13480_13700","name":"Naturschutzgebiet: Natura 2000-Naturschutzgebiet in der unteren Haseniederung, TG 4 ( Huteweiden bei Groß Dörgen)","GEW":"HAS","stat_von":13480.0,"stat_bis":13700.0,"gew_seite":"M","gew_versat":0.0,"bauart":"Naturschutzgebiet","baujahr":null,"upflicht":"Lankreis Emsland","KTR":null,"FSK":"033219003000010009__","bemerk":null,"beschreib":"Naturschutzgebiet: Natura 2000-Naturschutzgebiet in der unteren Haseniederung, TG 4 ( Huteweiden bei Groß Dörgen)","beschreib_":"Naturschutzgebiet: Natura 2000-Naturschutzgebiet in der unteren Haseniederung, TG 4 ( Huteweiden bei Groß Dörgen)","foto1":"https://nlwkn.hannit-share.de/index.php/core/preview?fileId=11065144&x=1280&y=819&a=true","foto2":null,"foto3":null,"foto4":null,"link1":null,"link2":null,"denkmal":"Nein","AIS_NR":0},"geometry":{"type":"MultiLineString","coordinates":[[[820867.277118010562845,6924863.087902343831956],[820850.363731487770565,6924819.565931887365878],[820811.683243165723979,6924704.073948010802269],[820779.018248762586154,6924596.589827575720847],[820780.547589659225196,6924514.375161582604051]]]}},
{"type":"Feature","properties":{"ID_con":1258,"bw_id":"SNK_SON_43140_44860","name":"Gemeindestraße Peterdose Ost","GEW":"SNK","stat_von":43140.0,"stat_bis":44860.0,"gew_seite":"R","gew_versat":-15.0,"bauart":"Straße","baujahr":null,"upflicht":null,"KTR":null,"FSK":"03172602100179______","bemerk":null,"beschreib":null,"beschreib_":null,"foto1":"https://nlwkn.hannit-share.de/index.php/core/preview?fileId=11060309&x=1280&y=819&a=true","foto2":"https://nlwkn.hannit-share.de/index.php/core/preview?fileId=11060306&x=1280&y=819&a=true","foto3":"https://nlwkn.hannit-share.de/index.php/core/preview?fileId=11060315&x=1280&y=819&a=true","foto4":"https://nlwkn.hannit-share.de/index.php/core/preview?fileId=11060318&x=1280&y=819&a=true","link1":null,"link2":null,"denkmal":"Nein","AIS_NR":0},"geometry":{"type":"MultiLineString","coordinates":[[[792614.270481445943005,6949405.169942293316126],[792903.362891079043038,6949916.200053789652884],[793081.549626593128778,6950246.559613538905978],[793128.101869043428451,6950373.867804624140263],[793146.869088596547954,6950440.403435067273676],[793171.569799777003936,6950578.09625531360507],[793174.732419168576598,6950654.645294927060604],[793170.044022936490364,6950794.953978260047734],[793135.293072159285657,6951002.968620980158448],[792851.317959748790599,6952097.807069855742157]]]}},
{"type":"Feature","properties":{"ID_con":1238,"bw_id":"SNK_SON_25320_25410","name":"Kanalaufweitung Twist","GEW":"SNK","stat_von":25320.0,"stat_bis":25410.0,"gew_seite":"R","gew_versat":-10.0,"bauart":"Kanalaufweitung","baujahr":null,"upflicht":"NLWKN","KTR":"MAAEN10100","FSK":"033118032000100039__","bemerk":null,"beschreib":"Kanalaufweitung Twist","beschreib_":null,"foto1":null,"foto2":null,"foto3":null,"foto4":null,"link1":null,"link2":null,"denkmal":"Nein","AIS_NR":0},"geometry":{"type":"MultiLineString","coordinates":[[[789725.21154727623798,6920564.105931322090328],[789719.924427775084041,6920594.500878180377185],[789711.965745243593119,6920710.128119328990579]]]}},
{"type":"Feature","properties":{"ID_con":1074,"bw_id":"EVK_SON_100_550","name":"Bootsanleger Yachthafen Lingen","GEW":"EVK","stat_von":100.0,"stat_bis":550.0,"gew_seite":"R","gew_versat":-13.0,"bauart":"Bootsanleger","baujahr":"1992","upflicht":"Yacht Club Lingen (Ems) e. V.","KTR":null,"FSK":"033163002000360007__","bemerk":null,"beschreib":"Bootsanleger Yachthafen Lingen","beschreib_":null,"foto1":"https://nlwkn.hannit-share.de/index.php/core/preview?fileId=11067061&x=1280&y=819&a=true","foto2":"https://nlwkn.hannit-share.de/index.php/core/preview?fileId=11067064&x=1280&y=819&a=true","foto3":"https://nlwkn.hannit-share.de/index.php/core/preview?fileId=11067067&x=1280&y=819&a=true","foto4":"https://nlwkn.hannit-share.de/index.php/core/preview?fileId=11067070&x=1280&y=819&a=true","link1":"https://nlwkn.hannit-share.de/index.php/core/preview?fileId=7618313&x=1280&y=819&a=true","link2":null,"denkmal":"Nein","AIS_NR":0},"geometry":{"type":"MultiLineString","coordinates":[[[813660.687002199469134,6885146.954226301982999],[813632.618604750023223,6885090.314126876182854],[813591.04327097942587,6885021.058309654705226],[813560.665536746615544,6884987.545870561152697],[813112.668788423179649,6884690.469524756073952]]]}},
{"type":"Feature","properties":{"ID_con":1309,"bw_id":"VEC_SON_131040_131150","name":"Sohlgleite Löpmann","GEW":"VEC","stat_von":131040.0,"stat_bis":131150.0,"gew_seite":"M","gew_versat":0.0,"bauart":"Sohlgleite","baujahr":"2003","upflicht":"NLWKN","KTR":"MBNVE00100","FSK":"03422200800030______","bemerk":null,"beschreib":"Sohlgleite Löpmann. Die Kulturstauanlage wurde in 2003 abgerissen und durch eine Sohlgleite/Beckenfischpass bestehend aus 7 Riegeln aus Pfahlreihen ersetzt und ist jetzt durchgängig (Kosten: ca. 101.000 €)","beschreib_":"Sohlgleite Löpmann. Die Kulturstauanlage wurde in 2003 abgerissen und durch eine Sohlgleite/Beckenfischpass bestehend aus 7 Riegeln aus Pfahlreihen ersetzt und ist jetzt durchgängig (Kosten: ca. 101.000 €)","foto1":"https://nlwkn.hannit-share.de/index.php/core/preview?fileId=11057159&x=1280&y=819&a=true","foto2":"https://nlwkn.hannit-share.de/index.php/core/preview?fileId=11057198&x=1280&y=819&a=true","foto3":null,"foto4":null,"link1":null,"link2":null,"denkmal":"Nein","AIS_NR":0},"geometry":{"type":"MultiLineString","coordinates":[[[799805.776593710761517,6863154.779959152452648],[799777.381817834451795,6863122.983161997050047],[799755.722906428622082,6863100.197918354533613],[799745.16677806689404,6863087.022750876843929],[799728.516522602294572,6863066.874416860751808],[799716.712468959274702,6863052.262675654143095],[799705.909181102528237,6863035.980765955522656],[799697.65714792907238,6863023.833292203955352],[799692.77875492698513,6863016.199446653947234],[799692.482738376245834,6863015.409355225972831]]]}},
{"type":"Feature","properties":{"ID_con":1190,"bw_id":"HRK_SON_7450_8100","name":"Längsverlegung Westnetz Mitteldruck Gasleitung","GEW":"HRK","stat_von":7450.0,"stat_bis":8100.0,"gew_seite":"L","gew_versat":-22.0,"bauart":"Längsverlegung","baujahr":"2021","upflicht":"Westnetz (Teil von Innnogy)","KTR":null,"FSK":"031736003000010001__","bemerk":null,"beschreib":null,"beschreib_":null,"foto1":null,"foto2":null,"foto3":null,"foto4":null,"link1":null,"link2":null,"denkmal":"Nein","AIS_NR":0},"geometry":{"type":"MultiLineString","coordinates":[[[798342.069007984944619,6951590.531531917862594],[797310.641452336567454,6951889.901175966486335]]]}},
{"type":"Feature","properties":{"ID_con":1291,"bw_id":"VEC_SON_116470_117175","name":"Befestigter Radweg","GEW":"VEC","stat_von":116470.0,"stat_bis":117175.0,"gew_seite":"R","gew_versat":15.0,"bauart":"Radweg","baujahr":null,"upflicht":null,"KTR":null,"FSK":"033151008001050024__","bemerk":null,"beschreib":null,"beschreib_":null,"foto1":"https://nlwkn.hannit-share.de/index.php/core/preview?fileId=11056715&x=1280&y=819&a=true","foto2":"https://nlwkn.hannit-share.de/index.php/core/preview?fileId=11056784&x=1280&y=819&a=true","foto3":"https://nlwkn.hannit-share.de/index.php/core/preview?fileId=11056721&x=1280&y=819&a=true","foto4":"https://nlwkn.hannit-share.de/index.php/core/preview?fileId=11056724&x=1280&y=819&a=true","link1":null,"link2":null,"denkmal":"Nein","AIS_NR":0},"geometry":{"type":"MultiLineString","coordinates":[[[788258.312657843576744,6878093.572005672380328],[788292.93102153390646,6878006.530802140943706],[788331.690439585596323,6877936.998036925680935],[788404.323158423299901,6877853.784541081637144],[788452.038856466650032,6877818.415660106576979],[788524.077208265662193,6877780.51116778049618],[788589.172697477857582,6877750.015615986660123],[788685.880019838688895,6877717.987879316322505],[788745.719831746770069,6877704.479474700987339],[788998.058445225120522,6877680.51618068292737],[789088.080840130220167,6877666.852850272320211],[789211.530664454447106,6877638.991613411344588]]]}},
{"type":"Feature","properties":{"ID_con":2054,"bw_id":"DIN_SON_960_1025","name":"Böschungsmauer links uh Brücke","GEW":"DIN","stat_von":960.0,"stat_bis":1025.0,"gew_seite":"L","gew_versat":-17.0,"bauart":"Böschungsmauer","baujahr":null,"upflicht":"??","KTR":null,"FSK":"033147002000300062__","bemerk":null,"beschreib":"Böschungsmauer links uh Brücke","beschreib_":null,"foto1":"https://nlwkn.hannit-share.de/index.php/core/preview?fileId=11068393&x=1280&y=819&a=true","foto2":"https://nlwkn.hannit-share.de/index.php/core/preview?fileId=11068396&x=1280&y=819&a=true","foto3":null,"foto4":null,"link1":null,"link2":null,"denkmal":"Nein","AIS_NR":0},"geometry":{"type":"MultiLineString","coordinates":[[[774885.923222106182948,6890921.434383572079241],[774926.494021208607592,6890822.649167182855308]]]}},
{"type":"Feature","properties":{"ID_con":1184,"bw_id":"HRK_SON_5360_5800","name":"Kanalaufweitung","GEW":"HRK","stat_von":5360.0,"stat_bis":5800.0,"gew_seite":"L","gew_versat":-20.0,"bauart":"Kanalaufweitung","baujahr":null,"upflicht":"NLWKN","KTR":null,"FSK":"03310302800025______","bemerk":null,"beschreib":"Kanalaufweitung links","beschreib_":"Kanalaufweitung links","foto1":null,"foto2":null,"foto3":null,"foto4":null,"link1":null,"link2":null,"denkmal":"Nein","AIS_NR":0},"geometry":{"type":"MultiLineString","coordinates":[[[800370.952840968151577,6949178.717526195570827],[800348.039400255889632,6949290.456215273588896],[800324.542272869963199,6949366.784651432186365],[800225.487814617110416,6949597.434480689466],[800129.819361056550406,6949868.852779034525156]]]}},
{"type":"Feature","properties":{"ID_con":2552,"bw_id":"VEC_SON_83745_83840","name":"Gehölzanpflanzung Biograf","GEW":"VEC","stat_von":83745.0,"stat_bis":83840.0,"gew_seite":"R","gew_versat":10.0,"bauart":"Gehölzanpflanzung","baujahr":"2022/2023","upflicht":"NLWKN, BioGraf","KTR":null,"FSK":"033129016002350003__","bemerk":null,"beschreib":"Gehölzanpflanzung südwestlich Sportplatz Emlichheim, im Zuge des BioGraf - Projektes der Naturschutzstiftung Landkreis Grafschaft Bentheim.","beschreib_":"Gehölzanpflanzung südwestlich Sportplatz Emlichheim im Zuge des BioGraf - Projektes der Naturschutzstiftung Landkreis Grafschaft Bentheim.\r\nZu bepflanzende Streckenabschnitte resultieren aus der NLWKN-Maßnahmenkarte für Gehölzanpflanzungen an Vechte","foto1":null,"foto2":null,"foto3":null,"foto4":null,"link1":null,"link2":null,"denkmal":"Nein","AIS_NR":0},"geometry":{"type":"MultiLineString","coordinates":[[[762323.0890337274177,6909363.301540706306696],[762377.432469960534945,6909369.87546819075942],[762480.401956469053403,6909371.77218562271446]]]}},
{"type":"Feature","properties":{"ID_con":2597,"bw_id":"VEC_SON_121540_124525","name":"Durchgängigkeit am Vechtewehr Brandlecht","GEW":"VEC","stat_von":121540.0,"stat_bis":124525.0,"gew_seite":"M","gew_versat":0.0,"bauart":"Sohlgleite","baujahr":"2021-26","upflicht":"NLWKN","KTR":"MABVE0C03A","FSK":null,"bemerk":"FGE-Akz.: 62615-21-5","beschreib":"FGE- Projektgebiet: Durchgängigkeit am Vechtewehr Brandlecht in Kombination mit Fließgewässer- u. Auenentwicklung","beschreib_":"FGE- Projektgebiet: Durchgängigkeit am Vechtewehr Brandlecht in Kombination mit Fließgewässer- u. Auenentwicklung\r\nzunächst LP 1-2","foto1":"https://nlwkn.hannit-share.de/index.php/core/preview?fileId=11445778&x=1280&y=819&a=true","foto2":"https://nlwkn.hannit-share.de/index.php/core/preview?fileId=11445776&x=1280&y=819&a=true","foto3":"https://nlwkn.hannit-share.de/index.php/core/preview?fileId=11445777&x=1280&y=819&a=true","foto4":"https://nlwkn.hannit-share.de/index.php/core/preview?fileId=11445775&x=1280&y=819&a=true","link1":null,"link2":null,"denkmal":"Nein","AIS_NR":0},"geometry":{"type":"MultiLineString","coordinates":[[[793101.389339733403176,6872884.681826369836926],[793140.734425062430091,6872826.862772073596716],[793202.718439301941544,6872740.96835527382791],[793287.263122695265338,6872633.522924887947738],[793363.221062667784281,6872561.240021856501698],[793423.315289718215354,6872516.30866373796016],[793507.725982798147015,6872437.548097047023475],[793737.470884532784112,6872224.028234463185072],[793775.885372474906035,6872198.701218478381634],[793992.576851115445606,6872055.902912701480091],[794375.794148378423415,6871868.193859292194247],[794427.369357100105844,6871841.786506895907223],[794610.159407656174153,6871748.189493018202484],[794680.045908731059171,6871738.282436938025057],[794733.995324263814837,6871744.332064630463719],[794945.298411760712042,6871803.207504041492939],[795046.189709283062257,6871828.349374114535749],[795080.788129738881253,6871821.63727474026382],[795125.888906757696532,6871798.672548564150929],[795136.51123438810464,6871789.813316818326712],[795201.625219365232624,6871735.498918876051903],[795269.792866942705587,6871712.07127558812499],[795375.176053727976978,6871676.886478617787361],[795413.387852724059485,6871652.589272579178214],[795444.44521504745353,6871612.387659944593906],[795470.430674878298305,6871546.215895614586771],[795500.031467514927499,6871472.888896780088544],[795526.221336503978819,6871450.699749312363565],[795586.605470955488272,6871433.689285040833056],[795622.998768209596165,6871427.94590535108],[795666.075257625430822,6871428.063105840235949],[795703.976336993509904,6871447.295897011645138],[795753.172252347110771,6871485.809372566640377],[795802.918077212991193,6871521.823350242339075],[795849.648808685131371,6871536.865161638706923],[795894.558536892640404,6871545.280197650194168],[795909.065473782015033,6871546.426098181866109],[795950.588957739644684,6871549.682831865735352],[796022.381161868572235,6871544.502347726374865],[796074.763498555519618,6871528.156748227775097],[796115.013321647653356,6871500.659304982051253],[796127.250796493492089,6871490.741877171210945],[796158.814254936762154,6871465.171227617189288],[796186.06496584683191,6871432.602459347806871],[796252.423577462439425,6871360.488730134442449],[796321.374024011311121,6871308.514373925514519],[796397.616070141550153,6871265.718992947600782],[796485.295701041468419,6871215.132666567340493],[796508.887429633294232,6871202.557455429807305],[796536.582599134068005,6871187.785182771272957],[796568.137016096385196,6871161.771159315481782],[796624.687609261949547,6871112.813144684769213],[796690.534772903425619,6871036.756039868108928],[796762.138086721068248,6870950.558239627629519],[796908.230859934235923,6870776.837232975289226],[797007.227997576468624,6870661.458793772384524]]]}},
{"type":"Feature","properties":{"ID_con":1080,"bw_id":"EVK_SON_5630_7000","name":"Naturschutzgebiet (NSG WE 00188, Engdener Wüste/ Heseper Moor (Nordhorn Range)","GEW":"EVK","stat_von":5630.0,"stat_bis":7000.0,"gew_seite":"L","gew_versat":25.0,"bauart":"Naturschutzgebiet","baujahr":null,"upflicht":"Landkreis Grafschaft Bentheim","KTR":null,"FSK":"03315704200064______","bemerk":"Das 1.012 Hektar große Schutzgebiet liegt vollständig innerhalb der Grenzen des Luft-Boden-Schießplatzes ”Nordhorn Range” und beinhaltet unter anderem den größten Sandheidekomplex im westlichen Niedersachsen, ergänzt um Birkenbruchwald-Bereiche","beschreib":"Naturschutzgebiet (NSG WE 00188, Engdener Wüste/ Heseper Moor (Nordhorn Range)","beschreib_":null,"foto1":null,"foto2":null,"foto3":null,"foto4":null,"link1":null,"link2":null,"denkmal":"Nein","AIS_NR":0},"geometry":{"type":"MultiLineString","coordinates":[[[805273.825105408555828,6883080.453194144181907],[803232.81165588949807,6882145.90135327167809]]]}},
{"type":"Feature","properties":{"ID_con":2078,"bw_id":"SNK_SON_39460_39540","name":"Umgehungsgerinne am Wehr Fehndorf","GEW":"SNK","stat_von":39460.0,"stat_bis":39540.0,"gew_seite":"R","gew_versat":-15.0,"bauart":"Umgehungsgerinne","baujahr":null,"upflicht":"NLWKN","KTR":"MBGEN10100","FSK":"031737003000540002__","bemerk":"Das Umgehungsgerinne scheint nicht funktionsfähig zu sein.","beschreib":"Umgehungsgerinne Wehr Fehndorf","beschreib_":"Umgehungsgerinne Wehr Fehndorf","foto1":"https://nlwkn.hannit-share.de/index.php/core/preview?fileId=11060261&x=1280&y=819&a=true","foto2":"https://nlwkn.hannit-share.de/index.php/core/preview?fileId=11060264&x=1280&y=819&a=true","foto3":"https://nlwkn.hannit-share.de/index.php/core/preview?fileId=11060267&x=1280&y=819&a=true","foto4":"https://nlwkn.hannit-share.de/index.php/core/preview?fileId=11060270&x=1280&y=819&a=true","link1":null,"link2":null,"denkmal":"Nein","AIS_NR":0},"geometry":{"type":"MultiLineString","coordinates":[[[791349.34552950784564,6943853.006918179802597],[791357.929474361939356,6943985.08088162727654]]]}},
{"type":"Feature","properties":{"ID_con":1134,"bw_id":"HAS_SON_44150_44630","name":"Baugebiet Busemühle rechts","GEW":"HAS","stat_von":44150.0,"stat_bis":44630.0,"gew_seite":"R","gew_versat":30.0,"bauart":"Baugebiet","baujahr":null,"upflicht":null,"KTR":null,"FSK":"03323102100039______","bemerk":null,"beschreib":null,"beschreib_":null,"foto1":null,"foto2":null,"foto3":null,"foto4":null,"link1":null,"link2":null,"denkmal":"Nein","AIS_NR":0},"geometry":{"type":"MultiLineString","coordinates":[[[844026.090791729860939,6925355.486003479920328],[844192.916588613996282,6925338.660047387704253],[844528.538958295481279,6925283.83045756444335],[844808.918765974114649,6925264.037136449478567]]]}},
{"type":"Feature","properties":{"ID_con":1241,"bw_id":"SNK_SON_32330_32400","name":"Kanalaufweitung","GEW":"SNK","stat_von":32330.0,"stat_bis":32400.0,"gew_seite":"R","gew_versat":-10.0,"bauart":"Kanalaufweitung","baujahr":null,"upflicht":"NLWKN","KTR":"MAAEN10100","FSK":"033118045000010030__","bemerk":null,"beschreib":"Kanalaufweitung","beschreib_":"Kanalaufweitung","foto1":null,"foto2":null,"foto3":null,"foto4":null,"link1":null,"link2":null,"denkmal":"Nein","AIS_NR":0},"geometry":{"type":"MultiLineString","coordinates":[[[790448.934381130849943,6932107.154119505546987],[790450.567219981807284,6932222.783490345813334]]]}},
{"type":"Feature","properties":{"ID_con":1186,"bw_id":"HRK_SON_6570_6680","name":"Leitplanke (BÖK)","GEW":"HRK","stat_von":6570.0,"stat_bis":6680.0,"gew_seite":"R","gew_versat":15.0,"bauart":"Leitplanke","baujahr":null,"upflicht":null,"KTR":null,"FSK":null,"bemerk":null,"beschreib":null,"beschreib_":null,"foto1":"https://nlwkn.hannit-share.de/index.php/core/preview?fileId=11063272&x=1280&y=819&a=true","foto2":"https://nlwkn.hannit-share.de/index.php/core/preview?fileId=11063275&x=1280&y=819&a=true","foto3":"https://nlwkn.hannit-share.de/index.php/core/preview?fileId=11063278&x=1280&y=819&a=true","foto4":null,"link1":null,"link2":null,"denkmal":"Nein","AIS_NR":0},"geometry":{"type":"MultiLineString","coordinates":[[[799648.403002246981487,6951046.130902891047299],[799633.153751106350683,6951074.135534500703216],[799599.95453972381074,6951116.251700434833765],[799569.694829320767894,6951145.090691146440804],[799534.398487690021284,6951169.447734178043902]]]}},
{"type":"Feature","properties":{"ID_con":1205,"bw_id":"PCK_SON_15625_16190","name":"Längsverlegung, TWL","GEW":"PCK","stat_von":15625.0,"stat_bis":16190.0,"gew_seite":"R","gew_versat":-20.0,"bauart":"Längsverlegung, TWL","baujahr":"2018","upflicht":"WAZ Niedergrafschaft","KTR":null,"FSK":"033129007000250014__","bemerk":"Weitere Pläne sind im entsprechenden Ordner vorhanden","beschreib":")","beschreib_":null,"foto1":null,"foto2":null,"foto3":null,"foto4":null,"link1":null,"link2":null,"denkmal":"Nein","AIS_NR":0},"geometry":{"type":"MultiLineString","coordinates":[[[764887.31326952832751,6913357.099279619753361],[764849.666974989813752,6913351.093563174828887],[764120.074838115717284,6913125.013926022686064],[763997.165602391352877,6913120.315592439845204]]]}},
{"type":"Feature","properties":{"ID_con":1051,"bw_id":"DIN_SON_2760_2880","name":"Biotop (GB-NOH 3507/ 054)","GEW":"DIN","stat_von":2760.0,"stat_bis":2880.0,"gew_seite":"R","gew_versat":50.0,"bauart":"Biotop","baujahr":null,"upflicht":"Landkreis Grafschaft Bentheim","KTR":null,"FSK":"03314704700007______","bemerk":null,"beschreib":"Biotop (GB-NOH 3507/ 054, Seggen-, binsen-, hochstaudenreiche Nasswiese, Sumpf, Röhricht ; nicht kartiert) rechtsseitig auf dem Gebiet der Stadt Neuenhaus mit direkter Verbindung zur Böschungsoberkante der Vechte.","beschreib_":null,"foto1":null,"foto2":null,"foto3":null,"foto4":null,"link1":null,"link2":null,"denkmal":"Nein","AIS_NR":0},"geometry":{"type":"MultiLineString","coordinates":[[[775831.295599974226207,6888408.131305772811174],[775823.513987122685649,6888324.921237316913903],[775773.675223786151037,6888197.922800305299461]]]}},
{"type":"Feature","properties":{"ID_con":2413,"bw_id":"HRK_SON_0_90","name":"Umlauf Schleuse I","GEW":"HRK","stat_von":0.0,"stat_bis":90.0,"gew_seite":"R","gew_versat":25.0,"bauart":"Umlauf","baujahr":"1884","upflicht":"NLWKN","KTR":"MBLEN20200","FSK":"033103003002690002__","bemerk":null,"beschreib":"Umlauf Schleuse I (DN 1000) incl. Ein- und Auslassbauwerke","beschreib_":"Umlauf Schleuse I (DN 1000) incl. Ein- und Auslassbauwerke","foto1":null,"foto2":null,"foto3":null,"foto4":null,"link1":null,"link2":null,"denkmal":"Nein","AIS_NR":0},"geometry":{"type":"MultiLineString","coordinates":[[[806831.058861721190624,6943933.740996048785746],[806689.19611093972344,6943890.634028603322804]]]}},
{"type":"Feature","properties":{"ID_con":1316,"bw_id":"VEC_SON_136165_136535","name":"Sandfang Schüttorf","GEW":"VEC","stat_von":136165.0,"stat_bis":136535.0,"gew_seite":"M","gew_versat":0.0,"bauart":"Sandfang","baujahr":"1973","upflicht":"NLWKN","KTR":"MBOVE00200","FSK":"034210007000940008__","bemerk":null,"beschreib":"Sandfang Schüttorf","beschreib_":"Sandfang Schüttorf","foto1":"https://nlwkn.hannit-share.de/index.php/core/preview?fileId=11057273&x=1280&y=819&a=true","foto2":null,"foto3":null,"foto4":null,"link1":null,"link2":null,"denkmal":"Nein","AIS_NR":665},"geometry":{"type":"MultiLineString","coordinates":[[[805147.378196217934601,6857920.077505907043815],[805150.516366435796954,6857905.628177085891366],[805152.283516352064908,6857897.48577718809247],[805166.282337646116503,6857854.889978228136897],[805178.94451888022013,6857826.215295205824077],[805180.598135756212287,6857822.471472819335759],[805204.99492937605828,6857792.558630571700633],[805245.475578319397755,6857755.711053694598377],[805254.558494474506006,6857747.44321596622467],[805318.655920941149816,6857707.202186997048557],[805395.306734716170467,6857660.488239608705044],[805456.215804877923802,6857612.258322279900312],[805490.061734124436043,6857564.498223551549017],[805502.506522537092678,6857516.215686397626996],[805507.103694737423211,6857471.98125527612865]]]}},
{"type":"Feature","properties":{"ID_con":1156,"bw_id":"HRK_SON_12095_12110","name":"Anlegehilfe oh Billereibrücke","GEW":"HRK","stat_von":12095.0,"stat_bis":12110.0,"gew_seite":"R","gew_versat":3.0,"bauart":"Anlegehilfe","baujahr":null,"upflicht":"NLWKN","KTR":null,"FSK":"031726022000010001__","bemerk":null,"beschreib":"Anlegehilfe oh Billereibrücke rechts","beschreib_":"Anlegehilfe oh Billereibrücke rechts","foto1":"https://nlwkn.hannit-share.de/index.php/core/preview?fileId=11063014&x=1280&y=819&a=true","foto2":"https://nlwkn.hannit-share.de/index.php/core/preview?fileId=11063017&x=1280&y=819&a=true","foto3":"https://nlwkn.hannit-share.de/index.php/core/preview?fileId=11063020&x=1280&y=819&a=true","foto4":"https://nlwkn.hannit-share.de/index.php/core/preview?fileId=11063023&x=1280&y=819&a=true","link1":null,"link2":null,"denkmal":"Nein","AIS_NR":0},"geometry":{"type":"MultiLineString","coordinates":[[[791080.56398775964044,6954012.814017406664789],[791058.240741701680236,6954023.61249884031713]]]}},
{"type":"Feature","properties":{"ID_con":1211,"bw_id":"SNK_SON_0_5060","name":"Süd-Nord-Kanal (Teilstück I), Teil einer Gruppe baulicher Anlagen gem. § 3 Abs. 3 S. 1 NDSchG","GEW":"SNK","stat_von":0.0,"stat_bis":5060.0,"gew_seite":"M","gew_versat":0.0,"bauart":"Denkmal","baujahr":null,"upflicht":"NLWKN","KTR":null,"FSK":null,"bemerk":null,"beschreib":"Baudenkmal Süd-Nord-Kanal (Teilstück I), Teil einer Gruppe baulicher Anlagen gem. § 3 Abs. 3 S. 1 NDSchG","beschreib_":null,"foto1":null,"foto2":null,"foto3":null,"foto4":null,"link1":null,"link2":null,"denkmal":"Ja","AIS_NR":0},"geometry":{"type":"MultiLineString","coordinates":[[[786646.796650228090584,6883361.179198333993554],[786794.421733341063373,6883457.539782498963177],[787109.905814505298622,6883677.309346255846322],[787529.355340605368838,6883969.352274090051651],[787775.019313003052957,6884138.401149961166084],[787825.516229670494795,6884177.319019363261759],[787897.787904246360995,6884243.116845045238733],[788054.752357466379181,6884390.314078647643328],[788055.319737517507747,6884390.905518525280058],[788057.371465435717255,6884393.098393379710615],[788099.445311081362888,6884434.537050686776638],[788109.05266746005509,6884445.050351433455944],[788149.017286543617956,6884488.76977951452136],[788184.559586404124275,6884524.935560472309589],[788321.055675702285953,6884667.635993902571499],[788339.734999133273959,6884688.817296008579433],[788460.673101336695254,6884825.906315539032221],[788546.357045644079335,6884922.143899634480476],[788582.385354107478634,6884968.565837604925036],[788660.263749933103099,6885084.660826129838824],[788721.325133742764592,6885194.522383525036275],[788866.940196941024624,6885505.714106801897287],[789015.916199324885383,6885826.126472047530115],[789063.863644200493582,6885928.196996424347162],[789099.170529875671491,6886003.490209243260324],[789142.13557652302552,6886095.141384731978178],[789237.917268406716175,6886299.453068579547107],[789479.90039319684729,6886853.047803394496441],[789864.234871642896906,6887718.984611619263887],[790104.981998229632154,6888265.463929633609951],[790133.846396395005286,6888325.233677887357771],[790136.964439553907141,6888334.189756671898067],[790142.858688265783712,6888351.135155755095184],[790306.754280457855202,6888709.311778232455254],[790346.055543672875501,6888800.009599344804883],[790401.034167820820585,6888926.908370492048562],[790485.307737257680856,6889125.191903362981975],[790493.191846966044977,6889154.317577254027128],[790509.706717297085561,6889215.347900441847742],[790516.741006456315517,6889262.888086210936308],[790517.81285192805808,6889318.226114545948803],[790513.877667144755833,6889372.983914218842983],[790502.644701560027897,6889444.75940259732306],[790484.867260974249803,6889510.754502961412072],[790395.064688684768043,6889847.832706414163113],[790276.604416962596588,6890292.831631988286972]]]}},
{"type":"Feature","properties":{"ID_con":1341,"bw_id":"VEC_SON_89535_89715","name":"NSG Vechte-Altarm-Kalle","GEW":"VEC","stat_von":89535.0,"stat_bis":89715.0,"gew_seite":"L","gew_versat":-30.0,"bauart":"Naturschutzgebiet","baujahr":null,"upflicht":"Landkreis Grafschaft Bentheim","KTR":null,"FSK":"03312602200034______","bemerk":"NSG WE 00053","beschreib":"NSG Vechte-Altarm-Kalle","beschreib_":"NSG Vechte-Altarm-Kalle","foto1":"https://nlwkn.hannit-share.de/index.php/core/preview?fileId=11057630&x=1280&y=819&a=true","foto2":"https://nlwkn.hannit-share.de/index.php/core/preview?fileId=11057633&x=1280&y=819&a=true","foto3":null,"foto4":null,"link1":null,"link2":null,"denkmal":"Nein","AIS_NR":0},"geometry":{"type":"MultiLineString","coordinates":[[[769834.483926348621026,6906926.187170702964067],[769938.711725901463069,6906790.827933699823916],[770039.481895800912753,6906702.136745717376471]]]}},
{"type":"Feature","properties":{"ID_con":1323,"bw_id":"VEC_SON_141570_141630","name":"Sohlgleite Büter","GEW":"VEC","stat_von":141570.0,"stat_bis":141630.0,"gew_seite":"M","gew_versat":0.0,"bauart":"Sohlgleite","baujahr":"2009","upflicht":"NLWKN","KTR":"MBNVE00100","FSK":"03421201100187______","bemerk":null,"beschreib":"Die Kulturstauanlage Büter (Stau II) wurde 2009 abgerissen und durch eine Sohlgleite/Beckenfischpass ersetzt und ist jetzt durchgängig. (Kosten: ca. 122.500 €)","beschreib_":null,"foto1":"https://nlwkn.hannit-share.de/index.php/core/preview?fileId=11838072&x=1280&y=819&a=true","foto2":"https://nlwkn.hannit-share.de/index.php/core/preview?fileId=11838071&x=1280&y=819&a=true","foto3":"https://nlwkn.hannit-share.de/index.php/core/preview?fileId=11838069&x=1280&y=819&a=true","foto4":"https://nlwkn.hannit-share.de/index.php/core/preview?fileId=11838070&x=1280&y=819&a=true","link1":null,"link2":null,"denkmal":"Nein","AIS_NR":0},"geometry":{"type":"MultiLineString","coordinates":[[[809551.804640816757455,6851781.366296694613993],[809612.206779924803413,6851725.682841375470161],[809617.781273921369575,6851720.197907933034003],[809623.511676782974973,6851714.559703886508942]]]}},
{"type":"Feature","properties":{"ID_con":1175,"bw_id":"HRK_SON_430_445","name":"Anlegehilfe unterhalb Kirchstraßenbrücke","GEW":"HRK","stat_von":430.0,"stat_bis":445.0,"gew_seite":"L","gew_versat":-10.0,"bauart":"Anlegehilfe","baujahr":null,"upflicht":"NLWKN","KTR":null,"FSK":"033103003002700004__","bemerk":null,"beschreib":"Anlegehilfe uh Kirchstraßenbrücke","beschreib_":"Anlegehilfe uh Kirchstraßenbrücke","foto1":"https://nlwkn.hannit-share.de/index.php/core/preview?fileId=11063236&x=1280&y=819&a=true","foto2":"https://nlwkn.hannit-share.de/index.php/core/preview?fileId=11063239&x=1280&y=819&a=true","foto3":null,"foto4":null,"link1":null,"link2":null,"denkmal":"Nein","AIS_NR":0},"geometry":{"type":"MultiLineString","coordinates":[[[806122.065505716833286,6943869.098847342655063],[806097.316051954287104,6943868.61849619820714]]]}},
{"type":"Feature","properties":{"ID_con":1120,"bw_id":"HAS_SON_31400_32140","name":"Projektgebiet Muhne","GEW":"HAS","stat_von":31400.0,"stat_bis":32140.0,"gew_seite":"M","gew_versat":0.0,"bauart":"Projektgebiet","baujahr":"2019-2021","upflicht":"NLWKN","KTR":null,"FSK":"033213022000730003__","bemerk":null,"beschreib":"Strukturverbesserde Maßnahmen Haselünne (Muhne)","beschreib_":"Strukturverbesserde Maßnahmen Haselünne (Muhne)","foto1":"https://nlwkn.hannit-share.de/index.php/core/preview?fileId=11065369&x=1280&y=819&a=true","foto2":"https://nlwkn.hannit-share.de/index.php/core/preview?fileId=11065372&x=1280&y=819&a=true","foto3":"https://nlwkn.hannit-share.de/index.php/core/preview?fileId=11065375&x=1280&y=819&a=true","foto4":"https://nlwkn.hannit-share.de/index.php/core/preview?fileId=11065378&x=1280&y=819&a=true","link1":"https://nlwkn.hannit-share.de/index.php/core/preview?fileId=8175270&x=1280&y=819&a=true","link2":"https://nlwkn.hannit-share.de/index.php/core/preview?fileId=8175301&x=1280&y=819&a=true","denkmal":"Nein","AIS_NR":0},"geometry":{"type":"MultiLineString","coordinates":[[[830875.509609539527446,6919648.648440442048013],[831031.26152810046915,6919766.196101523935795],[831174.818721542018466,6919867.133875147439539],[831243.436127766151913,6919925.06337952055037],[831270.916703089606017,6919951.198895552195609],[831283.925635529798456,6919963.571004121564329],[831328.090357272303663,6920005.922286772169173],[831572.56252138747368,6920236.249257372692227],[831610.853093253215775,6920272.451751607470214],[831635.819938244647346,6920299.335557799786329],[831659.957394673023373,6920329.965567799285054],[831682.561534011270851,6920362.069038834422827],[831727.706775064230897,6920429.288245092146099],[831753.091823850525543,6920471.992618124932051],[831757.100205646594986,6920478.295582242310047]]]}},
{"type":"Feature","properties":{"ID_con":1310,"bw_id":"VEC_SON_132065_133010","name":"Quendorf I, Struktur und Auenentwicklung Quendorf oberhalb Brücke Schulstraße","GEW":"VEC","stat_von":132065.0,"stat_bis":133010.0,"gew_seite":"M","gew_versat":0.0,"bauart":"Projektgebiet","baujahr":"2020-2021","upflicht":"NLWKN","KTR":"MGAVE0G060","FSK":"03422200200137______","bemerk":null,"beschreib":"Struktur und Auenentwicklung Quendorf I, oberhalb Brücke Schulstraße (2020/21)","beschreib_":"Struktur und Auenentwicklung Quendorf oberhalb Brücke Schulstraße (2020/21). Ein neues Auengewässer, Kiesbänke, ein um 245 Meter verlängerter Flusslauf, insgesamt 15 Bäume als Strukturelemente und Strömungslenker wurden gebaut. Das Projektkosten b","foto1":"https://nlwkn.hannit-share.de/index.php/core/preview?fileId=11057195&x=1280&y=819&a=true","foto2":"https://nlwkn.hannit-share.de/index.php/core/preview?fileId=11057213&x=1280&y=819&a=true","foto3":"https://nlwkn.hannit-share.de/index.php/core/preview?fileId=11057201&x=1280&y=819&a=true","foto4":"https://nlwkn.hannit-share.de/index.php/core/preview?fileId=11057204&x=1280&y=819&a=true","link1":null,"link2":null,"denkmal":"Nein","AIS_NR":0},"geometry":{"type":"MultiLineString","coordinates":[[[800555.990918925730512,6861872.002371698617935],[800556.39284138334915,6861871.612736091949046],[800611.674085626611486,6861832.266441120766103],[800694.997760301921517,6861781.012111641466618],[800713.861292309127748,6861772.872175892814994],[800767.243208854226395,6861752.290188441053033],[800788.849707900546491,6861746.169098732061684],[800832.943974183872342,6861735.794128394685686],[800884.721137064741924,6861726.896505505777895],[800919.389645048999228,6861720.476048754528165],[800952.368957229424268,6861704.734723011031747],[800969.756622401298955,6861686.433733453042805],[800986.37858819658868,6861662.334591008722782],[801003.243666560854763,6861640.078995200805366],[801037.531858287053183,6861582.903710762038827],[801048.04405310715083,6861571.628090474754572],[801061.007317260024138,6861559.460630060173571],[801089.968804292264394,6861539.853880257345736],[801224.599078493891284,6861442.682042541913688],[801235.193810557713732,6861435.366444969549775],[801264.162292928434908,6861425.111413874663413],[801293.620110381743871,6861417.776763658970594],[801335.169320951565169,6861413.697793424129486],[801367.797047036583535,6861409.405955472961068],[801411.931367107084952,6861409.620711921714246],[801481.823811426758766,6861430.481524890288711],[801510.50720578583423,6861434.605805076658726],[801537.400245261844248,6861433.142394887283444],[801578.05829211033415,6861426.588568762876093],[801614.726821569027379,6861417.822671708650887],[801666.741958957049064,6861409.555211850441992],[801729.74099893309176,6861401.840861389413476],[801797.917295361636207,6861397.053446077741683],[801839.02344361692667,6861396.859860413707793],[801893.00654990656767,6861396.97316865157336],[801935.726402502739802,6861392.625537985935807],[801937.757141081383452,6861392.463832672685385]]]}},
{"type":"Feature","properties":{"ID_con":2650,"bw_id":"EVK_SON_16790_16830","name":"ausgebauter Radweg","GEW":"EVK","stat_von":16790.0,"stat_bis":16830.0,"gew_seite":"L","gew_versat":34.0,"bauart":"Radweg","baujahr":"2016/17","upflicht":"Stadt Nordhorn","KTR":null,"FSK":"033151067002730001__","bemerk":null,"beschreib":"ausgebauter Radweg (Zweirichtungsradweg)","beschreib_":"ausgebauter Radweg (Zweirichtungsradweg)","foto1":null,"foto2":null,"foto3":null,"foto4":null,"link1":null,"link2":null,"denkmal":"Nein","AIS_NR":0},"geometry":{"type":"MultiLineString","coordinates":[[[788312.829714162740856,6880089.618815497495234],[788247.478605458396487,6880093.925351429730654]]]}},
{"type":"Feature","properties":{"ID_con":1206,"bw_id":"PCK_SON_16500_16630","name":"Kanalaufweitung Gemeinde Emlichheim","GEW":"PCK","stat_von":16500.0,"stat_bis":16630.0,"gew_seite":"R","gew_versat":-30.0,"bauart":"Kanalaufweitung","baujahr":null,"upflicht":"NLWKN","KTR":null,"FSK":"033129019000140011__","bemerk":null,"beschreib":"Kanalaufweitung","beschreib_":"Kanalaufweitung","foto1":"https://nlwkn.hannit-share.de/index.php/core/preview?fileId=11061479&x=1280&y=819&a=true","foto2":"https://nlwkn.hannit-share.de/index.php/core/preview?fileId=11061482&x=1280&y=819&a=true","foto3":null,"foto4":null,"link1":null,"link2":null,"denkmal":"Nein","AIS_NR":0},"geometry":{"type":"MultiLineString","coordinates":[[[763487.647003959980793,6913127.740790422074497],[763274.000320648076013,6913122.385284081101418]]]}},
{"type":"Feature","properties":{"ID_con":2425,"bw_id":"VEC_SON_91740_91800","name":"Biotop (GB-NOH 3407/035)","GEW":"VEC","stat_von":91740.0,"stat_bis":91800.0,"gew_seite":"L","gew_versat":-30.0,"bauart":"Biotop","baujahr":null,"upflicht":"Landkreis Grafschaft Bentheim","KTR":null,"FSK":"03312602300098______","bemerk":"!!Unterhaltung anpassen!!","beschreib":"Biotop (GB-NOH 3407/035) linksseitig (Altarm) in der Gemeinde Hoogstede mit direkter Verbindung zur Vechte über Rohrdurchlass (ID: 759)","beschreib_":null,"foto1":null,"foto2":null,"foto3":null,"foto4":null,"link1":null,"link2":null,"denkmal":"Nein","AIS_NR":0},"geometry":{"type":"MultiLineString","coordinates":[[[772075.246034126845188,6905077.649212918244302],[772157.377038438455202,6905023.065568597987294]]]}},
{"type":"Feature","properties":{"ID_con":1151,"bw_id":"HRK_SON_11185_11200","name":"Anlgeghilfe oberhalb Brücke Hinterm Busch","GEW":"HRK","stat_von":11185.0,"stat_bis":11200.0,"gew_seite":"R","gew_versat":4.0,"bauart":"Anlegehilfe","baujahr":null,"upflicht":"NLWKN","KTR":null,"FSK":"031726022001980001__","bemerk":null,"beschreib":"Anlegehilfe oh Brücke Hinterm Busch rechts","beschreib_":"Anlegehilfe oh Brücke Hinterm Busch rechts","foto1":"https://nlwkn.hannit-share.de/index.php/core/preview?fileId=11062966&x=1280&y=819&a=true","foto2":"https://nlwkn.hannit-share.de/index.php/core/preview?fileId=11062969&x=1280&y=819&a=true","foto3":null,"foto4":null,"link1":null,"link2":null,"denkmal":"Nein","AIS_NR":0},"geometry":{"type":"MultiLineString","coordinates":[[[792435.546423270367086,6953359.253197670914233],[792413.193261250271462,6953369.985176027752459]]]}},
{"type":"Feature","properties":{"ID_con":1234,"bw_id":"SNK_SON_22730_22810","name":"Kanalaufweitung Twist","GEW":"SNK","stat_von":22730.0,"stat_bis":22810.0,"gew_seite":"L","gew_versat":10.0,"bauart":"Kanalaufweitung","baujahr":null,"upflicht":"NLWKN","KTR":null,"FSK":"033118010000040019__","bemerk":null,"beschreib":"Kanalaufweitung Twist","beschreib_":"Kanalaufweitung Twist","foto1":"https://nlwkn.hannit-share.de/index.php/core/preview?fileId=11060120&x=1280&y=819&a=true","foto2":"https://nlwkn.hannit-share.de/index.php/core/preview?fileId=11060123&x=1280&y=819&a=true","foto3":null,"foto4":null,"link1":null,"link2":null,"denkmal":"Nein","AIS_NR":0},"geometry":{"type":"MultiLineString","coordinates":[[[790146.796125619672239,6916333.29919857904315],[790147.835526106297038,6916465.197764728218317]]]}},
{"type":"Feature","properties":{"ID_con":1053,"bw_id":"DIN_SON_2890_3065","name":"Biotop (GB-NOH 3507/049)","GEW":"DIN","stat_von":2890.0,"stat_bis":3065.0,"gew_seite":"R","gew_versat":40.0,"bauart":"Biotop","baujahr":null,"upflicht":"Landkreis Grafschaft Bentheim","KTR":null,"FSK":"03314704700006______","bemerk":null,"beschreib":"Biotop (GB-NOH 3507/049, Naturnahes Kleingewässer, Altarm, Sauergras-, Binsen-, Staudenried; NSc, SEa) rechtsseitig auf dem Gebiet der Stadt Neuenhaus mit direkter Verbindung zur Böschungsoberkante der Dinkel.","beschreib_":null,"foto1":null,"foto2":null,"foto3":null,"foto4":null,"link1":null,"link2":null,"denkmal":"Nein","AIS_NR":0},"geometry":{"type":"MultiLineString","coordinates":[[[775752.487826863769442,6888187.388271341100335],[775684.094310022774152,6888021.731278062798083],[775616.648601028136909,6887921.229885023087263]]]}},
{"type":"Feature","properties":{"ID_con":2052,"bw_id":"DIN_SON_1300_1410","name":"Spundwand links oh Brücke","GEW":"DIN","stat_von":1300.0,"stat_bis":1410.0,"gew_seite":"L","gew_versat":-11.0,"bauart":"Spundwand","baujahr":null,"upflicht":"NLWKN","KTR":"MBUVE00300","FSK":"033147033000060006__","bemerk":null,"beschreib":"Spundwände in Neuenhaus","beschreib_":null,"foto1":"https://nlwkn.hannit-share.de/index.php/core/preview?fileId=11068012&x=1280&y=819&a=true","foto2":"https://nlwkn.hannit-share.de/index.php/core/preview?fileId=11068015&x=1280&y=819&a=true","foto3":"https://nlwkn.hannit-share.de/index.php/core/preview?fileId=11068018&x=1280&y=819&a=true","foto4":null,"link1":null,"link2":null,"denkmal":"Nein","AIS_NR":0},"geometry":{"type":"MultiLineString","coordinates":[[[774839.31498732464388,6890424.267767379060388],[774827.281350129749626,6890321.089820913039148],[774830.897639067727141,6890264.45010591018945],[774836.092765095992945,6890239.135046947747469]]]}},
{"type":"Feature","properties":{"ID_con":1278,"bw_id":"VEC_SON_104000_104230","name":"Gehölzsanpflanzung","GEW":"VEC","stat_von":104000.0,"stat_bis":104230.0,"gew_seite":"R","gew_versat":18.0,"bauart":"Gehölzanpflanzung (BOK)","baujahr":null,"upflicht":"NLWKN","KTR":null,"FSK":"033147010000060005__","bemerk":"??Wer hat diese Anfpflanzung vorgenommen??","beschreib":"Gehölzanpflanzung (BOK) rechts durch Dritte?","beschreib_":null,"foto1":"https://nlwkn.hannit-share.de/index.php/core/preview?fileId=11056418&x=1280&y=819&a=true","foto2":"https://nlwkn.hannit-share.de/index.php/core/preview?fileId=11056421&x=1280&y=819&a=true","foto3":null,"foto4":null,"link1":null,"link2":null,"denkmal":"Nein","AIS_NR":0},"geometry":{"type":"MultiLineString","coordinates":[[[777859.29902440472506,6891457.900938474573195],[777926.720111607341096,6891404.188760384917259],[778012.564781447639689,6891320.347113735042512],[778115.359623688622378,6891172.857665099203587]]]}},
{"type":"Feature","properties":{"ID_con":1075,"bw_id":"EVK_SON_10750_11630","name":"Naturschutzgebiet (NSG WE 00188, Engdener Wüste/ Heseper Moor (Nordhorn Range)","GEW":"EVK","stat_von":10750.0,"stat_bis":11630.0,"gew_seite":"L","gew_versat":35.0,"bauart":"Naturschutzgebiet","baujahr":null,"upflicht":"Landkreis Grafschaft Bentheim","KTR":null,"FSK":"03315200100010______","bemerk":"Das 1.012 Hektar große Schutzgebiet liegt vollständig innerhalb der Grenzen des Luft-Boden-Schießplatzes ”Nordhorn Range” und beinhaltet unter anderem den größten Sandheidekomplex im westlichen Niedersachsen, ergänzt um Birkenbruchwald-Bereiche","beschreib":"Naturschutzgebiet (NSG WE 00188, Engdener Wüste/ Heseper Moor (Nordhorn Range)","beschreib_":null,"foto1":null,"foto2":null,"foto3":null,"foto4":null,"link1":null,"link2":null,"denkmal":"Nein","AIS_NR":0},"geometry":{"type":"MultiLineString","coordinates":[[[797387.298079177853651,6880317.358414166606963],[795984.054856421193108,6879989.482247748412192]]]}},
{"type":"Feature","properties":{"ID_con":2547,"bw_id":"VEC_SON_80410_80420","name":"Gehölzanpflanzung Biograf","GEW":"VEC","stat_von":80410.0,"stat_bis":80420.0,"gew_seite":"R","gew_versat":10.0,"bauart":"Gehölzanpflanzung","baujahr":"2022/2023","upflicht":"NLWKN, BioGraf","KTR":null,"FSK":"033130106000330001__","bemerk":null,"beschreib":"Gehölzanpflanzung oh Brücke Echteler Straße, im Zuge des BioGraf - Projektes der Naturschutzstiftung Landkreis Grafschaft Bentheim.","beschreib_":"Gehölzanpflanzung oh Brücke Echteler Straße im Zuge des BioGraf - Projektes der Naturschutzstiftung Landkreis Grafschaft Bentheim.\r\nZu bepflanzende Streckenabschnitte resultieren aus der NLWKN-Maßnahmenkarte für Gehölzanpflanzungen an Vechte und Di","foto1":null,"foto2":null,"foto3":null,"foto4":null,"link1":null,"link2":null,"denkmal":"Nein","AIS_NR":0},"geometry":{"type":"MultiLineString","coordinates":[[[757383.195327044581063,6909574.891605307348073],[757398.391645776922815,6909568.624390199780464]]]}},
{"type":"Feature","properties":{"ID_con":1178,"bw_id":"HRK_SON_4685_4930","name":"Längsverlegung Westnetz Niederspannungskabel","GEW":"HRK","stat_von":4685.0,"stat_bis":4930.0,"gew_seite":"L","gew_versat":-19.0,"bauart":"Längsverlegung","baujahr":"2021","upflicht":"Westnetz (Teil von Innogy)","KTR":null,"FSK":"03310302400001______","bemerk":"Lage prüfen","beschreib":null,"beschreib_":null,"foto1":"https://nlwkn.hannit-share.de/index.php/core/preview?fileId=11628765&x=1280&y=819&a=true","foto2":null,"foto3":null,"foto4":null,"link1":null,"link2":null,"denkmal":"Nein","AIS_NR":0},"geometry":{"type":"MultiLineString","coordinates":[[[800890.255356164765544,6948226.003682519309223],[800659.846106747630984,6948493.239252903498709],[800633.111376996850595,6948533.523472190834582]]]}},
{"type":"Feature","properties":{"ID_con":1116,"bw_id":"HAS_SON_25980_30925","name":"Naturschutzgebiet: Natura 2000-Naturschutzgebiet in der unteren Haseniederung, TG 7 (Hammer und Wester Schleife)","GEW":"HAS","stat_von":25980.0,"stat_bis":30925.0,"gew_seite":"M","gew_versat":0.0,"bauart":"Naturschutzgebiet","baujahr":null,"upflicht":"Lankreis Emsland","KTR":null,"FSK":"033226003000680014__","bemerk":null,"beschreib":"Naturschutzgebiet: Natura 2000-Naturschutzgebiet in der unteren Haseniederung, TG 7 (Hammer und Wester Schleife)","beschreib_":"Naturschutzgebiet: Natura 2000-Naturschutzgebiet in der unteren Haseniederung, TG 7 (Hammer und Wester Schleife)","foto1":"https://nlwkn.hannit-share.de/index.php/core/preview?fileId=11065342&x=1280&y=819&a=true","foto2":null,"foto3":null,"foto4":null,"link1":null,"link2":null,"denkmal":"Nein","AIS_NR":0},"geometry":{"type":"MultiLineString","coordinates":[[[828187.644612491247244,6918543.329049634747207],[828191.190450033405796,6918534.439585228450596],[828216.608368213172071,6918504.880750865675509],[828248.030857177102007,6918475.450427414849401],[828277.135643737390637,6918448.982662904076278],[828302.52049746690318,6918420.928506957367063],[828321.835916739422828,6918395.752428852021694],[828333.54693627578672,6918370.626415096223354],[828333.645289642154239,6918370.415408360771835],[828340.25021572818514,6918342.706504046916962],[828343.103247154154815,6918314.916323106735945],[828344.534424062236212,6918283.330685397610068],[828338.018564758356661,6918237.272714544087648],[828327.669809309067205,6918194.895058939233422],[828315.625287381582893,6918161.512310335412621],[828295.275288372882642,6918130.208698538132012],[828272.463547136983834,6918108.63853560294956],[828242.784267780953087,6918092.18794175889343],[828210.641702765249647,6918085.468756551854312],[828170.750137816299684,6918089.871969430707395],[828131.47978223208338,6918100.312112748622894],[828077.94991850911174,6918110.440890974365175],[828047.097198393545114,6918113.534196004271507],[828021.627338599064387,6918110.723656482063234],[827979.011398163042031,6918102.270670955069363],[827956.070611630100757,6918086.71736242249608],[827938.415345369838178,6918069.774780198000371],[827914.347729524946772,6918036.884282794781029],[827895.762716702185571,6917993.574491958133876],[827889.054500999278389,6917956.545020209625363],[827889.181526761502028,6917915.901272565126419],[827894.481769764912315,6917879.133087846450508],[827900.94127000530716,6917858.19839885737747],[827923.779108757618815,6917809.015802008099854],[827946.831157065462321,6917784.677290766499937],[827968.282835971447639,6917764.820353263989091],[828020.896438557305373,6917727.574685285799205],[828049.99905999971088,6917701.110167781822383],[828077.634906692081131,6917673.106749106198549],[828094.729112752247602,6917646.381593642756343],[828107.078363431966864,6917630.843383357860148],[828120.567024532356299,6917597.264727554284036],[828132.7657662385609,6917553.874031535349786],[828134.932770582498051,6917523.060875687748194],[828136.528568882262334,6917483.956546984612942],[828138.695533042191528,6917453.143821137025952],[828145.968885075417347,6917429.215238807722926],[828163.70003347133752,6917407.772561813704669],[828193.40623640618287,6917388.095146032981575],[828245.642880234867334,6917368.154230735264719],[828313.555650931899436,6917352.313861177302897],[828372.988316082512029,6917346.828436252661049],[828456.173427910311148,6917353.898399027995765],[828519.06582866050303,6917362.035377629101276],[828554.908902083872817,6917371.089886057190597],[828634.737910046940669,6917394.644691706635058],[828671.089464053278789,6917415.000992342829704],[828711.717650613049045,6917445.985896428115666],[828747.776811293675564,6917479.882703974843025],[828791.995304511860013,6917518.473830221220851],[828818.673423637868837,6917534.856323735788465],[828859.593780016642995,6917552.300209794193506],[828925.326962534803897,6917568.02072402369231],[829000.833669067826122,6917583.19837221223861],[829072.556772656505927,6917599.800804642960429],[829111.322770183905959,6917612.680589240044355],[829142.454554289812222,6917631.417378824204206],[829176.477275454788469,6917655.484621338546276],[829206.535193061223254,6917689.250693552196026],[829226.871539565734565,6917721.301829491741955],[829236.078638100298122,6917747.093031277880073],[829239.089599756523967,6917781.781676796264946],[829235.361154251149856,6917815.573196003213525],[829227.258769559673965,6917843.248856140300632],[829212.48298856173642,6917867.016091449186206],[829186.40001647232566,6917892.798636729829013],[829124.689120949129574,6917934.37273467797786],[829029.598472658428364,6917991.785055475309491],[828963.398984209052287,6918032.508093246258795],[828866.741903326823376,6918092.896418938413262],[828784.842976491199806,6918130.269773362204432],[828727.237888410920277,6918155.370241772383451],[828689.959736583638005,6918177.898912344127893],[828670.759618925047107,6918197.80736671295017],[828655.931254127412103,6918223.832706827670336],[828647.190062724170275,6918246.225024646148086],[828642.071271643275395,6918274.719749399460852],[828642.400937577709556,6918299.214777740649879],[828642.649127496406436,6918317.637959204614162],[828650.360057231620885,6918378.025622165761888],[828660.937649818020873,6918409.86982771102339],[828676.115813204902224,6918437.298491011373699],[828697.413730882457457,6918459.589349651709199],[828721.122980060987175,6918474.404269470833242],[828746.544001926900819,6918479.47075257729739],[828788.479495705803856,6918484.894079649820924],[828824.554405732895248,6918483.414746942929924],[828869.73318737372756,6918477.616673082113266],[828951.55272207246162,6918444.003885329701006],[829028.821254794951528,6918412.551193945109844],[829103.707408087211661,6918387.068804647773504],[829156.585033526760526,6918372.400234415195882],[829213.085395628469996,6918363.833508722484112],[829258.150368824601173,6918363.299645530059934],[829284.371196483378299,6918366.124007356353104],[829316.419153499882668,6918377.352085269056261],[829352.809168282314204,6918396.203028239309788],[829378.562405443401076,6918420.847099377773702],[829412.917864165385254,6918464.493599081411958],[829433.748685452737845,6918508.60264596156776],[829450.013480251072906,6918555.624727874062955],[829465.31568273936864,6918612.413529052399099],[829486.820044577121735,6918730.310091871768236],[829505.763826385489665,6918792.447538666427135],[829525.110927610192448,6918835.774027179926634],[829551.084081900422461,6918885.264485859312117],[829582.264325638534501,6918937.126526298932731],[829604.219308371422812,6918963.947307166643441],[829670.242826233035885,6919036.885081924498081],[829706.330871664802544,6919070.032772394828498],[829737.501892297412269,6919087.265604509972036],[829771.822111998451874,6919097.789718635380268],[829822.064504643902183,6919101.127230329439044],[829861.192777940887026,6919097.450778837315738],[829889.926244886126369,6919088.281966590322554],[829918.770671969163232,6919073.844403203576803],[829947.025903092348017,6919051.867429887875915],[829986.095278802094981,6919015.817817608825862],[830024.541374357300811,6918973.731995526701212],[830049.300735552562401,6918939.634638752788305],[830130.093110229587182,6918813.392080278135836],[830243.101443451829255,6918620.090127388946712],[830282.809290826553479,6918553.944244989193976],[830290.374542656703852,6918537.51357860583812],[830296.194173563271761,6918524.872850335203111],[830304.900844991789199,6918503.981134689413011],[830313.110774475615472,6918471.035784335806966],[830313.672294656513259,6918444.701069312170148],[830309.044669137452729,6918415.243990839459002],[830305.070641979807988,6918390.317715360783041],[830265.71969609183725,6918263.764697179198265],[830252.695306315319613,6918205.524789563380182],[830249.423095486592501,6918182.871725779958069],[830249.17085818212945,6918159.531426280736923],[830250.690830873674713,6918123.433138879016042],[830262.065030805650167,6918083.029679748229682],[830276.264909064397216,6918050.96644533611834],[830296.403082170290872,6918022.041523084975779],[830320.198505520354956,6917997.711529489606619],[830352.952056979062036,6917975.832532830536366],[830384.731152130407281,6917964.469244053587317],[830411.90921403944958,6917957.523863733746111],[830438.225283578154631,6917955.828257943503559],[830471.199321856023744,6917958.793276887387037],[830501.028542416985147,6917968.464737646281719],[830524.787859251955524,6917981.015331318601966],[830549.186316671315581,6917998.851542483083904],[830571.254246177733876,6918020.398944413289428],[830595.252668115193956,6918057.042752593755722],[830613.980635026935488,6918094.327402823604643],[830629.222166511230171,6918142.948604652658105],[830631.56049714772962,6918150.405857462435961],[830651.962270323652774,6918250.203850924037397],[830664.655899469275028,6918288.8659577826038],[830684.533764578518458,6918342.735572887584567],[830703.200538727687672,6918383.031187917105854],[830737.340715926024131,6918437.206218930892646],[830777.372413687058724,6918496.777772331610322],[830799.888042767648585,6918532.639458115212619],[830817.182421063189395,6918566.88391527812928],[830824.830452370923012,6918595.652206605300307],[830826.635146100539714,6918616.769257225096226],[830827.000745354336686,6918670.223879091441631],[830821.025948477443308,6918703.971776831895113],[830809.687289652880281,6918742.874307029880583],[830788.987466343445703,6918798.13890022598207],[830763.913212870247662,6918847.287906503304839],[830693.296766454237513,6918982.062459720298648]]]}},
{"type":"Feature","properties":{"ID_con":1214,"bw_id":"SNK_SON_10_70","name":"Radweg","GEW":"SNK","stat_von":10.0,"stat_bis":70.0,"gew_seite":"L","gew_versat":22.0,"bauart":"Radweg","baujahr":null,"upflicht":"Stadt Nordhorn?","KTR":null,"FSK":"033151034000510010__","bemerk":null,"beschreib":"Grafschafter Fietsentour, Rundroute 7","beschreib_":null,"foto1":null,"foto2":null,"foto3":null,"foto4":null,"link1":null,"link2":null,"denkmal":"Nein","AIS_NR":0},"geometry":{"type":"MultiLineString","coordinates":[[[786640.860401434707455,6883400.412721565924585],[786723.21940696623642,6883454.172187737189233]]]}},
{"type":"Feature","properties":{"ID_con":2554,"bw_id":"VEC_SON_141450_141990","name":"Gehölzanpflanzung Biograf","GEW":"VEC","stat_von":141450.0,"stat_bis":141990.0,"gew_seite":"R","gew_versat":10.0,"bauart":"Gehölzanpflanzung","baujahr":"2022/2023","upflicht":"NLWKN, BioGraf","KTR":null,"FSK":"03421201100187______","bemerk":null,"beschreib":"Gehölzanpflanzung Samern (Ohne), im Zuge des BioGraf - Projektes der Naturschutzstiftung Landkreis Grafschaft Bentheim.","beschreib_":"Gehölzanpflanzung Samern (Ohne) im Zuge des BioGraf - Projektes der Naturschutzstiftung Landkreis Grafschaft Bentheim.\r\nZu bepflanzende Streckenabschnitte resultieren aus der NLWKN-Maßnahmenkarte für Gehölzanpflanzungen an Vechte und Dinkel. Die Stre","foto1":null,"foto2":null,"foto3":null,"foto4":null,"link1":null,"link2":null,"denkmal":"Nein","AIS_NR":0},"geometry":{"type":"MultiLineString","coordinates":[[[809460.481371024623513,6851949.047146932221949],[809481.92977526912,6851895.421512119472027],[809523.925839598523453,6851830.74569024797529],[809697.696756071527489,6851664.476790541782975],[809813.297772100544535,6851563.956646347418427],[809842.683927337522618,6851507.109759273938835],[809872.600299275363795,6851235.614616650156677],[809879.682830231147818,6851222.11488850787282]]]}},
{"type":"Feature","properties":{"ID_con":1059,"bw_id":"DIN_SON_4040_4125","name":"Oberleitung auf Böschungskante","GEW":"DIN","stat_von":4040.0,"stat_bis":4125.0,"gew_seite":"R","gew_versat":15.0,"bauart":"Oberleitung","baujahr":null,"upflicht":"??","KTR":null,"FSK":"03314300700027______","bemerk":null,"beschreib":"Oberleitung an Böschungskante rechts","beschreib_":null,"foto1":"https://nlwkn.hannit-share.de/index.php/core/preview?fileId=11068225&x=1280&y=819&a=true","foto2":"https://nlwkn.hannit-share.de/index.php/core/preview?fileId=11068228&x=1280&y=819&a=true","foto3":null,"foto4":null,"link1":null,"link2":null,"denkmal":"Nein","AIS_NR":0},"geometry":{"type":"MultiLineString","coordinates":[[[775996.795160588924773,6886669.346646264195442],[776123.0423066415824,6886610.392854735255241]]]}},
{"type":"Feature","properties":{"ID_con":1170,"bw_id":"HRK_SON_2600_2615","name":"Anlegehilfe unterhalb Knepperbrücke","GEW":"HRK","stat_von":2600.0,"stat_bis":2615.0,"gew_seite":"L","gew_versat":-7.0,"bauart":"Anlegehilfe","baujahr":null,"upflicht":"NLWKN","KTR":null,"FSK":"033103014000020002__","bemerk":null,"beschreib":"Dalben unterhalb Knepperbrücke","beschreib_":"Dalben unterhalb Knepperbrücke","foto1":"https://nlwkn.hannit-share.de/index.php/core/preview?fileId=11063176&x=1280&y=819&a=true","foto2":"https://nlwkn.hannit-share.de/index.php/core/preview?fileId=11063179&x=1280&y=819&a=true","foto3":"https://nlwkn.hannit-share.de/index.php/core/preview?fileId=11063182&x=1280&y=819&a=true","foto4":"https://nlwkn.hannit-share.de/index.php/core/preview?fileId=11063185&x=1280&y=819&a=true","link1":null,"link2":null,"denkmal":"Nein","AIS_NR":0},"geometry":{"type":"MultiLineString","coordinates":[[[803165.340562270255759,6945721.115825487300754],[803142.391104000736959,6945730.43672398943454]]]}},
{"type":"Feature","properties":{"ID_con":1230,"bw_id":"SNK_SON_19400_19480","name":"Kanalaufweitung Twist","GEW":"SNK","stat_von":19400.0,"stat_bis":19480.0,"gew_seite":"R","gew_versat":-15.0,"bauart":"Kanalaufweitung","baujahr":null,"upflicht":"NLWKN","KTR":null,"FSK":"033120004000170051__","bemerk":null,"beschreib":"Kanalaufweitung Twist","beschreib_":"Kanalaufweitung Twist","foto1":"https://nlwkn.hannit-share.de/index.php/core/preview?fileId=11060072&x=1280&y=819&a=true","foto2":"https://nlwkn.hannit-share.de/index.php/core/preview?fileId=11060075&x=1280&y=819&a=true","foto3":"https://nlwkn.hannit-share.de/index.php/core/preview?fileId=11060078&x=1280&y=819&a=true","foto4":null,"link1":null,"link2":null,"denkmal":"Nein","AIS_NR":0},"geometry":{"type":"MultiLineString","coordinates":[[[789141.961165794869885,6911136.620106995105743],[789216.051078033749945,6911245.520850732922554]]]}},
{"type":"Feature","properties":{"ID_con":2448,"bw_id":"NAK_SON_0_320","name":"Denkmalgeschützter Abschnitt des NAK","GEW":"NAK","stat_von":0.0,"stat_bis":320.0,"gew_seite":"M","gew_versat":0.0,"bauart":"Denkmal","baujahr":"1886-1903","upflicht":"NLWKN","KTR":null,"FSK":"033151010000710105__","bemerk":null,"beschreib":"Historische, regional bedeutende Wasserstraße (1886-1903 erbaut), die Nordhorn mit internationalen Wasserwegen verband.","beschreib_":"Historische, regional bedeutende Wasserstraße (1886-1903 erbaut), die Nordhorn mit internationalen Wasserwegen verband. Betrieb und Unterhaltung seit 1904 in der Verantwortung der Linksemsischen Kanalgenossenschaft. Teilstück im Bereich zw. Ems-Vechte-","foto1":"https://nlwkn.hannit-share.de/index.php/core/preview?fileId=11061959&x=1280&y=819&a=true","foto2":"https://nlwkn.hannit-share.de/index.php/core/preview?fileId=11061962&x=1280&y=819&a=true","foto3":"https://nlwkn.hannit-share.de/index.php/core/preview?fileId=11061965&x=1280&y=819&a=true","foto4":"https://nlwkn.hannit-share.de/index.php/core/preview?fileId=11061968&x=1280&y=819&a=true","link1":null,"link2":null,"denkmal":"Ja","AIS_NR":0},"geometry":{"type":"MultiLineString","coordinates":[[[784976.978184344246984,6872784.02826112229377],[785117.624162341235206,6872867.642905689775944],[785160.914428943651728,6872899.097464219667017],[785181.541258480050601,6872920.920090800151229],[785206.278430221136659,6872953.119203224778175],[785230.127868186100386,6872991.161998513154685],[785263.464472162886523,6873057.327832656912506],[785273.209994006436318,6873077.773068495094776],[785294.626071410253644,6873122.702366340905428],[785313.582815593341365,6873153.273378886282444],[785316.3630067165941,6873157.75483282841742],[785317.937136078136973,6873161.170833371579647]]]}},
{"type":"Feature","properties":{"ID_con":1348,"bw_id":"VEC_SON_98000_98330","name":"NSG Brünas Heide","GEW":"VEC","stat_von":98000.0,"stat_bis":98330.0,"gew_seite":"R","gew_versat":28.0,"bauart":"Naturschutzgebiet","baujahr":"1983","upflicht":"Landkreis Grafschaft Bentheim","KTR":null,"FSK":"03314600800184______","bemerk":"NSG WE 00139","beschreib":"Die Brünas Heide ist ein Naturschutzgebiet (NSG WE 139) in der niedersächsischen Gemeinde Esche in der Samtgemeinde Neuenhaus im Landkreis Grafschaft Bentheim.","beschreib_":"Die Brünas Heide ist ein Naturschutzgebiet in der niedersächsischen Gemeinde Esche in der Samtgemeinde Neuenhaus im Landkreis Grafschaft Bentheim.\r\nDas Naturschutzgebiet mit dem Kennzeichen NSG WE 139 ist 10 Hektar groß. Es liegt südlich von Esche zw","foto1":"https://nlwkn.hannit-share.de/index.php/core/preview?fileId=11057777&x=1280&y=819&a=true","foto2":"https://nlwkn.hannit-share.de/index.php/core/preview?fileId=11057780&x=1280&y=819&a=true","foto3":"https://nlwkn.hannit-share.de/index.php/core/preview?fileId=11057783&x=1280&y=819&a=true","foto4":"https://nlwkn.hannit-share.de/index.php/core/preview?fileId=11057786&x=1280&y=819&a=true","link1":"https://nlwkn.hannit-share.de/index.php/core/preview?fileId=7732045&x=1280&y=819&a=true","link2":"https://nlwkn.hannit-share.de/index.php/core/preview?fileId=7731968&x=1280&y=819&a=true","denkmal":"Nein","AIS_NR":0},"geometry":{"type":"MultiLineString","coordinates":[[[774002.958679653587751,6897293.909645776264369],[774097.473317908355966,6897227.506164805963635],[774151.541129883611575,6897136.612617594189942],[774204.401140689034946,6896932.811478211544454],[774199.354641213314608,6896864.441195051185787],[774180.711331855738536,6896802.16811983473599],[774146.308812269475311,6896761.20228242315352]]]}},
{"type":"Feature","properties":{"ID_con":1154,"bw_id":"HRK_SON_1155_1170","name":"Anlgeghilfe oberhalb Holterhuisbrücke","GEW":"HRK","stat_von":1155.0,"stat_bis":1170.0,"gew_seite":"R","gew_versat":4.0,"bauart":"Anlegehilfe","baujahr":null,"upflicht":"NLWKN","KTR":null,"FSK":"03310301400005______","bemerk":null,"beschreib":"Anlegehilfe oh Holterhuisbrücke rechts","beschreib_":"Anlegehilfe oh Holterhuisbrücke rechts","foto1":"https://nlwkn.hannit-share.de/index.php/core/preview?fileId=11062990&x=1280&y=819&a=true","foto2":null,"foto3":null,"foto4":null,"link1":null,"link2":null,"denkmal":"Nein","AIS_NR":0},"geometry":{"type":"MultiLineString","coordinates":[[[805165.420150392339565,6944485.521330744959414],[805148.269983533304185,6944503.420239763334394]]]}},
{"type":"Feature","properties":{"ID_con":1249,"bw_id":"SNK_SON_3800_7360","name":"Radweg","GEW":"SNK","stat_von":3800.0,"stat_bis":7360.0,"gew_seite":"R","gew_versat":-25.0,"bauart":"Radweg","baujahr":null,"upflicht":null,"KTR":null,"FSK":"033154012000040012__","bemerk":"Grafschafter Fietsentour, Rundroute 7","beschreib":null,"beschreib_":null,"foto1":null,"foto2":null,"foto3":null,"foto4":null,"link1":null,"link2":null,"denkmal":"Nein","AIS_NR":0},"geometry":{"type":"MultiLineString","coordinates":[[[790173.288024080335163,6888314.262948587536812],[790524.380440426873975,6889112.202088518999517],[790557.841211635270156,6889258.776549035683274],[790554.774409674108028,6889376.718639186583459],[790542.798887359909713,6889453.241369752213359],[790009.721150784520432,6891464.145184488035738],[790005.891557404072955,6891506.791254398413002],[790011.942244378849864,6891596.766971064731479],[790194.15579106961377,6892195.020287347026169],[790191.591330851777457,6892267.622147831134498],[789970.253026312217116,6892787.66043299715966],[789735.220516006462276,6893944.503153216093779]]]}},
{"type":"Feature","properties":{"ID_con":2223,"bw_id":"PCK_SON_13700_14090","name":"ausgebauter Radweg","GEW":"PCK","stat_von":13700.0,"stat_bis":14090.0,"gew_seite":"L","gew_versat":19.0,"bauart":"Radweg","baujahr":"2022/23","upflicht":"Landkreis Grafschaft Bentheim? oder Gemeinden","KTR":null,"FSK":"033128009000420021__","bemerk":null,"beschreib":"ausgebauter Radweg Achse 2 Bau-km 20+000,00 bis Bau-km 20+411,428","beschreib_":"ausgebauter Radweg Achse 2 Bau-km 20+000,00 bis Bau-km 20+411,428\r\nDer nächste auszubauende Abschnitt entsteht zwischen dem Schleusenweg Nr. 48 und dem Schleusenweg Nr. 10. Hier wird, wie auch im ersten Abschnitt, ein 3,00 m breiter Wirtschaftsweg entst","foto1":"https://nlwkn.hannit-share.de/index.php/core/preview?fileId=11061467&x=1280&y=819&a=true","foto2":"https://nlwkn.hannit-share.de/index.php/core/preview?fileId=11546119&x=1280&y=819&a=true","foto3":"https://nlwkn.hannit-share.de/index.php/core/preview?fileId=11546118&x=1280&y=819&a=true","foto4":null,"link1":null,"link2":null,"denkmal":"Nein","AIS_NR":0},"geometry":{"type":"MultiLineString","coordinates":[[[767966.40250589651987,6912697.36724881734699],[767528.738531318726018,6912853.584389165043831],[767366.69198749458883,6912931.749679277651012]]]}},
{"type":"Feature","properties":{"ID_con":1131,"bw_id":"HAS_SON_43075_43590","name":"Pflege- und Entwicklungsmaßnahme Bookhof","GEW":"HAS","stat_von":43075.0,"stat_bis":43590.0,"gew_seite":"M","gew_versat":0.0,"bauart":"Projektgebiet","baujahr":"2019-22","upflicht":"NLWKN","KTR":"MAAHA00100","FSK":"03323102100039______","bemerk":null,"beschreib":"Pflege- und Entwicklungsmaßname Bookhof","beschreib_":"Pflege- und Entwicklungsmaßname Bookhof","foto1":"https://nlwkn.hannit-share.de/index.php/core/preview?fileId=11373956&x=1280&y=819&a=true","foto2":"https://nlwkn.hannit-share.de/index.php/core/preview?fileId=11373954&x=1280&y=819&a=true","foto3":"https://nlwkn.hannit-share.de/index.php/core/preview?fileId=11373955&x=1280&y=819&a=true","foto4":"https://nlwkn.hannit-share.de/index.php/core/preview?fileId=11373957&x=1280&y=819&a=true","link1":null,"link2":null,"denkmal":"Nein","AIS_NR":0},"geometry":{"type":"MultiLineString","coordinates":[[[842265.338380937115289,6925299.532760652713478],[842382.646947275497951,6925327.404528135433793],[842513.560461725806817,6925355.049392020329833],[842632.3867987889098,6925366.663446052931249],[842679.599278978537768,6925371.745267937891185],[842717.885496524744667,6925370.488292819820344],[842767.302464821375906,6925366.423808553256094],[842819.777434944058768,6925360.401211799122393],[842832.311065172660165,6925356.48789344355464],[842865.368186273262836,6925346.16774803865701],[842947.368502812692896,6925323.571382070891559],[843010.049321490572765,6925310.684891949407756],[843065.483857212704606,6925307.748091250658035],[843099.3102279297309,6925307.978453668765724]]]}},
{"type":"Feature","properties":{"ID_con":2453,"bw_id":"EVK_SON_100_1220","name":"denkmalgeschützter Abschnitt des EVK","GEW":"EVK","stat_von":100.0,"stat_bis":1220.0,"gew_seite":"M","gew_versat":0.0,"bauart":"Denkmal, Kanal (Wasserstraße)","baujahr":null,"upflicht":"NLWKN","KTR":null,"FSK":"033163002001810145__","bemerk":null,"beschreib":"denkmalgeschützter Abschnitt des EVK (ID: 35907952)","beschreib_":null,"foto1":null,"foto2":null,"foto3":null,"foto4":null,"link1":null,"link2":null,"denkmal":"Ja","AIS_NR":0},"geometry":{"type":"MultiLineString","coordinates":[[[813679.762009922531433,6885137.454056987538934],[813651.311039831256494,6885080.042292723432183],[813608.213322025025263,6885008.250866961665452],[813574.636996833374724,6884971.209917171858251],[813498.356203579693101,6884919.355493653565645],[813077.788015894824639,6884641.896539706736803],[812986.145324073731899,6884584.498291720636189],[812967.295369769912213,6884580.602746328338981],[812939.395748444949277,6884595.482790659181774],[812467.048130335402675,6884838.114113595336676],[812418.24994729924947,6884862.857108454219997],[812329.624353035353124,6884897.017132026143372],[812206.495467630214989,6884933.81290040910244],[812136.912830479675904,6884926.990146651864052],[812132.756494236993603,6884926.640130462124944]]]}},
{"type":"Feature","properties":{"ID_con":1169,"bw_id":"HRK_SON_2000_13470","name":"Bundesstraße B408","GEW":"HRK","stat_von":2000.0,"stat_bis":13470.0,"gew_seite":"R","gew_versat":21.0,"bauart":"Straße","baujahr":null,"upflicht":"NLSTBV","KTR":null,"FSK":null,"bemerk":null,"beschreib":null,"beschreib_":null,"foto1":null,"foto2":null,"foto3":null,"foto4":null,"link1":null,"link2":null,"denkmal":"Nein","AIS_NR":0},"geometry":{"type":"MultiLineString","coordinates":[[[804051.670545349479653,6945275.088579148985445],[803223.04393272427842,6945647.691049059852958],[802940.736498476588167,6945765.659281208179891],[802858.883459471282549,6945813.112623600289226],[802778.492294319439679,6945874.362627158872783],[802657.59827227354981,6946009.220036334358156],[802247.356201131478883,6946522.200999343767762],[802191.427766993991099,6946605.968056634068489],[801974.844929976854473,6947066.924948020838201],[801886.10154216887895,6947185.973105919547379],[801573.375322129577398,6947481.952716074883938],[800976.424491579993628,6948029.749328593723476],[800606.988530079834163,6948453.262513807043433],[800506.220601432258263,6948611.657104289159179],[800465.662700156564824,6948701.813296265900135],[800306.054983607493341,6949158.405791081488132],[800282.376921597751789,6949273.566346395760775],[800260.912801346043125,6949343.288741368800402],[800162.410374630475417,6949572.648188290186226],[799645.264662613393739,6951030.910863244906068],[799609.626036448637024,6951090.167352689430118],[799562.841891232761554,6951137.795406186953187],[799535.454422966577113,6951157.077029178850353],[799466.009674857137725,6951195.009871592745185],[795787.778040606644936,6952251.262441649101675],[793430.820825506350957,6952936.439061420038342],[792924.245288293925114,6953094.572235260158777],[789019.858108543790877,6954972.802586215548217]]]}},
{"type":"Feature","properties":{"ID_con":1239,"bw_id":"SNK_SON_26120_26400","name":"Naturschutzgebiet (Provinzialmoor, NSG WE 00280)","GEW":"SNK","stat_von":26120.0,"stat_bis":26400.0,"gew_seite":"R","gew_versat":-25.0,"bauart":"Naturschutzgebiet","baujahr":null,"upflicht":"Landkreis Emsland","KTR":null,"FSK":"033118036000010371__","bemerk":"\r\nNaturschutzgebiet \"Provinzialmoor\"\r\nKENNZEICHEN: NSG WE 280\r\n\r\nDas gut 530 ha große Naturschutzgebiet stellt einen zusammenhängenden Hochmoorbereich dar, dessen Teilbereiche sich allerdings je nach Nutzungsgeschichte in sehr unterschiedlichem Zustand","beschreib":null,"beschreib_":null,"foto1":null,"foto2":null,"foto3":null,"foto4":null,"link1":null,"link2":null,"denkmal":"Nein","AIS_NR":0},"geometry":{"type":"MultiLineString","coordinates":[[[789819.359669473604299,6921874.186464685946703],[789853.8106860734988,6922334.880704990588129]]]}},
{"type":"Feature","properties":{"ID_con":1254,"bw_id":"SNK_SON_41060_41210","name":"Nebenstrecke Stadt Haren (Ems)","GEW":"SNK","stat_von":41060.0,"stat_bis":41210.0,"gew_seite":"R","gew_versat":-15.0,"bauart":"Nebenstrecke","baujahr":null,"upflicht":"Landkreis Emland","KTR":null,"FSK":"031737002000770004__","bemerk":null,"beschreib":null,"beschreib_":null,"foto1":null,"foto2":null,"foto3":null,"foto4":null,"link1":null,"link2":null,"denkmal":"Nein","AIS_NR":0},"geometry":{"type":"MultiLineString","coordinates":[[[791297.13073445414193,6946452.449836921878159],[791136.9295171527192,6946641.608539396896958]]]}},
{"type":"Feature","properties":{"ID_con":1044,"bw_id":"DIN_SON_120_230","name":"Befestigter Radweg","GEW":"DIN","stat_von":120.0,"stat_bis":230.0,"gew_seite":"R","gew_versat":15.0,"bauart":"Radweg","baujahr":null,"upflicht":"Stadt Neuenhaus","KTR":null,"FSK":"033147019001110023__","bemerk":null,"beschreib":"Asphaltierter Radweg rechts","beschreib_":null,"foto1":"https://nlwkn.hannit-share.de/index.php/core/preview?fileId=11067976&x=1280&y=819&a=true","foto2":"https://nlwkn.hannit-share.de/index.php/core/preview?fileId=11067979&x=1280&y=819&a=true","foto3":"https://nlwkn.hannit-share.de/index.php/core/preview?fileId=11067982&x=1280&y=819&a=true","foto4":"https://nlwkn.hannit-share.de/index.php/core/preview?fileId=11067985&x=1280&y=819&a=true","link1":"https://nlwkn.hannit-share.de/index.php/core/preview?fileId=8195701&x=1280&y=819&a=true","link2":null,"denkmal":"Nein","AIS_NR":0},"geometry":{"type":"MultiLineString","coordinates":[[[775214.474603014532477,6892234.993585165590048],[775213.201595820253715,6892177.317452559247613],[775185.075102355564013,6892111.020664669573307],[775146.500847727176733,6892057.530687072314322]]]}},
{"type":"Feature","properties":{"ID_con":1084,"bw_id":"GFD_SON_2050_2425","name":"HW-Deich beim Wehr an der Goldfischdever","GEW":"GFD","stat_von":2050.0,"stat_bis":2425.0,"gew_seite":"R","gew_versat":-19.0,"bauart":"Deich","baujahr":"1963","upflicht":"NLWKN","KTR":"MCBEN00100","FSK":"03184700400026______","bemerk":null,"beschreib":"HW-Deich beim Wehr an der Goldfischdever gem. Entwurf für den Ausbau der Goldfischdever 1. u. 2. Ausführung aus 1963","beschreib_":"HW-Deich beim Wehr an der Goldfischdever gem. Entwurf für den Ausbau der Goldfischdever 1. u. 2. Ausführung aus 1963","foto1":null,"foto2":null,"foto3":null,"foto4":null,"link1":null,"link2":null,"denkmal":"Nein","AIS_NR":667},"geometry":{"type":"MultiLineString","coordinates":[[[819283.633798205992207,6983186.80554184038192],[819227.348833923228085,6983382.528544479049742],[819183.219170402735472,6983461.895500931888819],[819140.576884244801477,6983510.72533852327615],[818936.252294008270837,6983702.737390882335603]]]}},
{"type":"Feature","properties":{"ID_con":1126,"bw_id":"HAS_SON_39015_39510","name":"Naturschutzgebiet: Natura 2000-Naturschutzgebiet in der unteren Haseniederung, TG 13 (Hasewiese bei Eltern))","GEW":"HAS","stat_von":39015.0,"stat_bis":39510.0,"gew_seite":"M","gew_versat":0.0,"bauart":"Naturschutzgebiet","baujahr":null,"upflicht":"Landkreis Emland","KTR":null,"FSK":"033214006000020010__","bemerk":null,"beschreib":"Naturschutzgebiet: Natura 2000-Naturschutzgebiet in der unteren Haseniederung, TG 13 (Hasewiese bei Eltern))","beschreib_":"Naturschutzgebiet: Natura 2000-Naturschutzgebiet in der unteren Haseniederung, TG 13 (Hasewiese bei Eltern))","foto1":null,"foto2":null,"foto3":null,"foto4":null,"link1":null,"link2":null,"denkmal":"Nein","AIS_NR":0},"geometry":{"type":"MultiLineString","coordinates":[[[837718.151671187602915,6922509.357331422157586],[837718.208893140545115,6922511.068823929876089],[837718.502645002445206,6922519.815835800021887],[837715.634390606777743,6922549.881826433353126],[837701.716163211502135,6922606.083167994394898],[837692.441951338085346,6922655.600732953287661],[837690.095039816689678,6922696.974980281665921],[837689.587972362525761,6922721.818686030805111],[837696.467995954095386,6922752.839479905553162],[837711.608530873432755,6922784.029750321991742],[837737.232537390780635,6922816.941549791954458],[837779.2547371230321,6922856.213298157788813],[837836.1765413263347,6922901.817726851440966],[837907.442751908907667,6922943.949032824486494],[838030.776012268848717,6923012.000895517878234],[838117.034327342058532,6923055.945806303992867],[838153.367811976466328,6923076.24463270790875]]]}},
{"type":"Feature","properties":{"ID_con":2461,"bw_id":"VEC_SON_134730_134980","name":"Längsverlegung Gasleitung","GEW":"VEC","stat_von":134730.0,"stat_bis":134980.0,"gew_seite":"L","gew_versat":-21.0,"bauart":"Längsverlegung Gasleitung","baujahr":null,"upflicht":"??","KTR":null,"FSK":"034210002002890017__","bemerk":"?? Vertrag ??","beschreib":null,"beschreib_":null,"foto1":"https://nlwkn.hannit-share.de/index.php/core/preview?fileId=11057234&x=1280&y=819&a=true","foto2":null,"foto3":null,"foto4":null,"link1":null,"link2":null,"denkmal":"Nein","AIS_NR":0},"geometry":{"type":"MultiLineString","coordinates":[[[803678.192715427954681,6859695.933419148437679],[803698.574585696565919,6859662.599369348026812],[803747.295849285786971,6859619.100909107364714],[803924.830332061159424,6859368.942825834266841]]]}},
{"type":"Feature","properties":{"ID_con":2662,"bw_id":"EVK_SON_17760_18500","name":"Längsverlegung NVB Mittelspannungskabel","GEW":"EVK","stat_von":17760.0,"stat_bis":18040.0,"gew_seite":"L","gew_versat":15.0,"bauart":"Längsverlegung (HDD, tlw. offen)","baujahr":"2026","upflicht":"NVB","KTR":null,"FSK":"033151020004220011__","bemerk":"Vertrag, Pläne","beschreib":"Längsverlegung NVB von Mittelspannungskabeln","beschreib_":"Längsverlegung NVB von Mittelspannungskabeln. 3x Mittelspannungskabel NA2XS(F)2Y1x500², verlegt in Schutzrohr HDPE d 160,  1x Mittelspannungskabel NA2XS(F)2Y3x1x185², verlegt in Schutzrohr HDPE d 160 1xLWLK HDPE d 110","foto1":null,"foto2":null,"foto3":null,"foto4":null,"link1":null,"link2":null,"denkmal":"Nein","AIS_NR":0},"geometry":{"type":"MultiLineString","coordinates":[[[786765.058031345019117,6880377.059905521571636],[786757.01216846704483,6880431.050817254930735],[786785.875617789686657,6880840.386090671643615]]]}},
{"type":"Feature","properties":{"ID_con":1286,"bw_id":"VEC_SON_114775_114825","name":"Borstenfischpass am Ölmühlenwehr","GEW":"VEC","stat_von":114775.0,"stat_bis":114825.0,"gew_seite":"L","gew_versat":-8.0,"bauart":"Borstenfischpass","baujahr":"1970","upflicht":"NLWKN","KTR":"MBGVE00900","FSK":"033151016001010004__","bemerk":null,"beschreib":"Borstenfischpass am Ölmühlenwehr","beschreib_":null,"foto1":"https://nlwkn.hannit-share.de/index.php/core/preview?fileId=11056634&x=1280&y=819&a=true","foto2":"https://nlwkn.hannit-share.de/index.php/core/preview?fileId=11056685&x=1280&y=819&a=true","foto3":"https://nlwkn.hannit-share.de/index.php/core/preview?fileId=11056640&x=1280&y=819&a=true","foto4":"https://nlwkn.hannit-share.de/index.php/core/preview?fileId=11056643&x=1280&y=819&a=true","link1":null,"link2":null,"denkmal":"Nein","AIS_NR":0},"geometry":{"type":"MultiLineString","coordinates":[[[786728.577007157145999,6879457.886160450056195],[786766.099625710514374,6879451.824595231562853],[786810.476602355483919,6879450.31975235324353],[786817.841436367714778,6879454.484692866913974]]]}},
{"type":"Feature","properties":{"ID_con":2460,"bw_id":"PCK_SON_13150_13740","name":"denkmalgeschützter Baumbestand","GEW":"PCK","stat_von":13150.0,"stat_bis":13740.0,"gew_seite":"R","gew_versat":26.0,"bauart":"Baumbestand; denkmalgeschützt","baujahr":null,"upflicht":"NLWKN","KTR":null,"FSK":"033128009000420021__","bemerk":null,"beschreib":"denkmalgeschützter Baumbestand (Objekttyp: Baumbestand; ID:36059106)","beschreib_":null,"foto1":null,"foto2":null,"foto3":null,"foto4":null,"link1":null,"link2":null,"denkmal":"Ja","AIS_NR":0},"geometry":{"type":"MultiLineString","coordinates":[[[768817.144905100692995,6912389.658050106838346],[767900.749850303865969,6912707.923511922359467]]]}},
{"type":"Feature","properties":{"ID_con":2082,"bw_id":"SNK_SON_44625_44635","name":"Fischwanderhilfe Wehr Altenberge","GEW":"SNK","stat_von":44625.0,"stat_bis":44635.0,"gew_seite":"R","gew_versat":-4.0,"bauart":"Beckenfischpass","baujahr":"1975","upflicht":"NLWKN","KTR":"MBGEN10200","FSK":"03172602100174______","bemerk":null,"beschreib":"Fischwanderhilfe (Beckenfischpass) Wehr Altenberge","beschreib_":"Fischwanderhilfe (Beckenfischpass) Wehr Altenberge","foto1":"https://nlwkn.hannit-share.de/index.php/core/preview?fileId=11060345&x=1280&y=819&a=true","foto2":"https://nlwkn.hannit-share.de/index.php/core/preview?fileId=11060324&x=1280&y=819&a=true","foto3":"https://nlwkn.hannit-share.de/index.php/core/preview?fileId=11060357&x=1280&y=819&a=true","foto4":"https://nlwkn.hannit-share.de/index.php/core/preview?fileId=11060360&x=1280&y=819&a=true","link1":null,"link2":null,"denkmal":"Nein","AIS_NR":0},"geometry":{"type":"MultiLineString","coordinates":[[[792930.494916200754233,6951716.373844662681222],[792926.235374847427011,6951732.374194070696831]]]}},
{"type":"Feature","properties":{"ID_con":1049,"bw_id":"DIN_SON_1855_2440","name":"Sandfang Dinkel Neuenhaus","GEW":"DIN","stat_von":1855.0,"stat_bis":2440.0,"gew_seite":"M","gew_versat":0.0,"bauart":"Sandfang","baujahr":"1974??","upflicht":"NLWKN","KTR":"MBOVE00300","FSK":"033147008000940060__","bemerk":null,"beschreib":"Sandfang Neuenhaus (Dinkel). Der Sandfang wird im Zuge der Gewässerunterhaltung als Teil der Dinkel betrachtet. Sandfangräumung – Sandentnahme- in 1986 und 2001. Sandfang ist ca. alle  10 - 15 Jahre zu räumen.","beschreib_":"Sandfang Neuenhaus (Dinkel). Entwurf aus 1964 (UV 114-Dinkel/5). Der Sandfang wird im Zuge der Gewässerunterhaltung als Teil der Dinkel betrachtet. Sandfangräumung – Sandentnahme- in 1986 und 2001. Der Sandfang ist für eine Materialauflandung in ein","foto1":"https://nlwkn.hannit-share.de/index.php/core/preview?fileId=11068105&x=1280&y=819&a=true","foto2":"https://nlwkn.hannit-share.de/index.php/core/preview?fileId=11068108&x=1280&y=819&a=true","foto3":"https://nlwkn.hannit-share.de/index.php/core/preview?fileId=11068111&x=1280&y=819&a=true","foto4":"https://nlwkn.hannit-share.de/index.php/core/preview?fileId=11068114&x=1280&y=819&a=true","link1":null,"link2":null,"denkmal":"Nein","AIS_NR":666},"geometry":{"type":"MultiLineString","coordinates":[[[775412.844561584293842,6889859.238100608810782],[775437.17840889422223,6889741.17405569087714],[775464.29459617822431,6889561.175062720663846],[775497.212944675702602,6889413.553102000616491],[775533.937100226874463,6889267.0023333132267],[775566.450518089230172,6889136.68834565859288],[775578.244753613951616,6889089.421177851967514],[775611.680890487041324,6889008.6412562597543],[775643.98183422954753,6888929.163644744083285]]]}},
{"type":"Feature","properties":{"ID_con":1119,"bw_id":"HAS_SON_30925_39015","name":"Landschaftsschutzgebiet Natura 2000-Untere Haseniederung","GEW":"HAS","stat_von":30925.0,"stat_bis":39015.0,"gew_seite":"M","gew_versat":0.0,"bauart":"Landschaftsschutzgebiet","baujahr":null,"upflicht":"Lankreis Emsland","KTR":null,"FSK":"033214009000700001__","bemerk":null,"beschreib":"Landschaftsschutzgebiet Natura 2000-Untere Haseniederung","beschreib_":"Landschaftsschutzgebiet Natura 2000-Untere Haseniederung","foto1":null,"foto2":null,"foto3":null,"foto4":null,"link1":null,"link2":null,"denkmal":"Nein","AIS_NR":0},"geometry":{"type":"MultiLineString","coordinates":[[[830693.296766454237513,6918982.062459720298648],[830645.720059532788582,6919072.863000143319368],[830634.55611043900717,6919103.490284715779126],[830624.843770469073206,6919136.40638227481395],[830617.350336999050342,6919170.875748277641833],[830615.208492888486944,6919200.944150320254266],[830612.730095718405209,6919246.813287011347711],[830612.360448489547707,6919299.504349275492132],[830615.231937656411901,6919340.972826940007508],[830623.711530538043007,6919365.998140038922429],[830640.990891132969409,6919400.998367398045957],[830686.968011707998812,6919463.716094746254385],[830759.538519381429069,6919547.329716553911567],[830851.286222493625246,6919628.578933984041214],[830864.949085826752707,6919640.678128060884774],[831031.26152810046915,6919766.196101523935795],[831174.818721542018466,6919867.133875147439539],[831243.436127766151913,6919925.06337952055037],[831270.916703089606017,6919951.198895552195609],[831283.925635529798456,6919963.571004121564329],[831328.090357272303663,6920005.922286772169173],[831572.56252138747368,6920236.249257372692227],[831610.853093253215775,6920272.451751607470214],[831635.819938244647346,6920299.335557799786329],[831659.957394673023373,6920329.965567799285054],[831682.561534011270851,6920362.069038834422827],[831727.706775064230897,6920429.288245092146099],[831753.091823850525543,6920471.992618124932051],[831902.114127344451845,6920706.317551074549556],[832036.945609308080748,6920937.333387892693281],[832100.981512165046297,6921035.075452393852174],[832186.222713747178204,6921165.459901054389775],[832186.845758517738432,6921166.412935542874038],[832233.596781529369764,6921229.151697816327214],[832371.699879775289446,6921411.345451804809272],[832419.232760450802743,6921474.053712940774858],[832528.501275912625715,6921636.013234613463283],[832614.632268037414178,6921755.312043616548181],[832672.992768037016504,6921837.878743464127183],[832708.084994259290397,6921883.805067889392376],[832753.500479627517052,6921938.987058169208467],[832802.673331964178942,6921992.855949645861983],[832815.183785405359231,6922006.560728867538273],[832887.53670142730698,6922084.738660851493478],[832903.330905638867989,6922101.80578615795821],[832976.968449101899751,6922172.64627596270293],[833034.55899400357157,6922220.553917639888823],[833081.955960409599356,6922253.183772050775588],[833135.3892805154901,6922284.436063571833074],[833199.464317107223906,6922309.885433977469802],[833286.066828253329732,6922335.810488562099636],[833326.350574967102148,6922349.291573864407837],[833439.750050296192057,6922387.245837376452982],[833498.979935598094016,6922408.293345068581402],[833656.011149416910484,6922464.093222285620868],[833773.778269628062844,6922508.742649984546006],[833849.935697943205014,6922531.430151017382741],[833891.737266844487749,6922544.35827180929482],[833921.711727753048763,6922547.999890513718128],[833950.248872560099699,6922548.598508172668517],[833974.341421567369252,6922546.091184593737125],[834013.610586710739881,6922536.370409676805139],[834020.672725269687362,6922532.10343505628407],[834042.524581536650658,6922518.900681604631245],[834074.566418312489986,6922495.47292017750442],[834103.823971249279566,6922461.44073673337698],[834104.367313572438434,6922460.556233060546219],[834130.267315493314527,6922418.313386366702616],[834159.995123600820079,6922361.699855555780232],[834208.71832848538179,6922258.789792203344405],[834326.343323937151581,6922021.765452186577022],[834346.808091067359783,6921977.006716929376125],[834358.104879453429021,6921939.589153964072466],[834367.960549954557791,6921899.129099702462554],[834368.681512409122661,6921864.503054279834032],[834369.339766317280009,6921832.886476933024824],[834365.799732085550204,6921805.31813137140125],[834365.461336855194531,6921802.682981107383966],[834357.392535901162773,6921757.330063015222549],[834337.21363772067707,6921716.242470855824649],[834299.579493330325931,6921647.678443948738277],[834247.398822032031603,6921556.219792689196765],[834187.741934434394352,6921463.099047225899994],[834164.688359681982547,6921415.92765595484525],[834145.044891588855535,6921349.248609110713005],[834137.352694588596933,6921285.832568202167749],[834129.070768447592854,6921178.731596386991441],[834130.985346663859673,6921086.904533045366406],[834132.245615122723393,6920954.401789701543748],[834127.368910595774651,6920900.084001742303371],[834116.736872054287232,6920833.599557959474623],[834098.628144217538647,6920765.451261147856712],[834072.07688539638184,6920670.020379270426929],[834053.843209760030732,6920607.894552393816411],[834041.837785039446317,6920535.359827331267297],[834037.338651215308346,6920462.981391414068639],[834038.971378515241668,6920384.709900680929422],[834041.854535529506393,6920318.511280416510999],[834049.336260957759805,6920247.893443454056978],[834057.721261649159715,6920205.905559874139726],[834072.898799866321497,6920126.413010394200683],[834106.656974443467334,6920020.206663335673511],[834133.751178016653284,6919945.48488774523139],[834168.099417603109032,6919882.960506612434983],[834199.006883164402097,6919841.446112722158432],[834237.419624613132328,6919800.089071825146675],[834312.084063540445641,6919748.949923771433532],[834372.797784209949896,6919718.599956257268786],[834416.8388607687084,6919695.428432784974575],[834449.182999499375001,6919656.955593848600984],[834478.647651526029222,6919612.399653352797031],[834512.616165815154091,6919567.937898891046643],[834540.424004468950443,6919530.876294621266425],[834564.757552597788163,6919516.327069183811545],[834578.457925189984962,6919507.578797182999551],[834581.487738054944202,6919507.285767030902207],[834604.044153301045299,6919505.101833685301244],[834638.44937194371596,6919511.843538081273437],[834684.740625146776438,6919524.856485212221742],[834721.836147256777622,6919546.7102086013183],[834763.217393874190748,6919579.195351243019104],[834856.240513709839433,6919656.422639697790146],[834934.284046472515911,6919731.83293367549777],[835017.92742713924963,6919826.934062181971967],[835068.979074267903343,6919900.274548171088099],[835099.416276231291704,6919953.611546950414777],[835120.940282324212603,6920002.245614355430007],[835136.113636837806553,6920067.312300913967192],[835148.19253752368968,6920136.830982928164303],[835149.324047814356163,6920227.206508520059288],[835146.169485900201835,6920306.950582212768495],[835143.85695549659431,6920346.054742390289903],[835147.956142068840563,6920365.717074933461845],[835152.02416687970981,6920386.883189417421818],[835168.198155531426892,6920403.785312676802278],[835194.944005588302389,6920417.895609937608242],[835245.870867253746837,6920424.979446566663682],[835334.304369211895391,6920434.347528093494475],[835395.773533280356787,6920440.143819771707058],[835434.688141773105599,6920446.976835884153843],[835496.001904700417072,6920460.298713873140514],[835537.795496009523049,6920473.214822813868523],[835632.897979266941547,6920523.378865817561746],[835799.237749227671884,6920615.679863137193024],[835971.151602612459101,6920729.177714199759066],[836065.062745760078542,6920793.43015162833035],[836111.878526066197082,6920825.461662431247532],[836195.515850501833484,6920883.89375723619014],[836258.491710824426264,6920927.890151052735746],[836345.785990936914459,6920992.945792292244732],[836401.795435420237482,6921045.307515671476722],[836448.795608413172886,6921097.483223929069936],[836475.081661829841323,6921134.171985394321382],[836511.912827786291018,6921169.570803625509143],[836575.400629521347582,6921223.593034903518856],[836619.521050438750535,6921257.609914996661246],[836631.598824116168544,6921266.922151534818113],[836677.532679004827514,6921297.990343606099486],[836748.811109318048693,6921338.619639215059578],[836802.219258691067807,6921365.390832263976336],[836836.546135952230543,6921382.598300195299089],[836887.568543463945389,6921404.899864031933248],[836937.798120972351171,6921426.854591105133295],[837049.438602860784158,6921477.348488145507872],[837134.298254301771522,6921515.240723713301122],[837213.149988400284201,6921553.008737279102206],[837216.305947420652956,6921554.787721082568169],[837254.736318692099303,6921576.456230784766376],[837308.152585942414589,6921609.182018021121621],[837364.326656114892103,6921654.013604368083179],[837411.428885289933532,6921701.671098176389933],[837473.273082564701326,6921763.186828102916479],[837523.103315719636157,6921824.456059075891972],[837574.251851788139902,6921894.78791200555861],[837607.686356435879134,6921949.696208762004972],[837644.124948423122987,6922004.666243240237236],[837662.420099007315002,6922065.289277189411223],[837680.437285221996717,6922139.463243011385202],[837693.735667320317589,6922224.08346922788769],[837710.676236706203781,6922424.760626534000039],[837717.569023908814415,6922491.930501822382212],[837718.151671187602915,6922509.357331422157586]]]}},
{"type":"Feature","properties":{"ID_con":1078,"bw_id":"EVK_SON_3220_3360","name":"Kanalaufweitung Emsbüren","GEW":"EVK","stat_von":3220.0,"stat_bis":3360.0,"gew_seite":"R","gew_versat":-10.0,"bauart":"Kanalaufweitung","baujahr":null,"upflicht":"NLWKN","KTR":null,"FSK":"033163015001410014__","bemerk":null,"beschreib":"Kanalaufweitung Emsbüren","beschreib_":"Kanalaufweitung Emsbüren","foto1":"https://nlwkn.hannit-share.de/index.php/core/preview?fileId=11568891&x=1280&y=819&a=true","foto2":null,"foto3":null,"foto4":null,"link1":null,"link2":null,"denkmal":"Nein","AIS_NR":0},"geometry":{"type":"MultiLineString","coordinates":[[[808862.90502903808374,6884714.212323450483382],[808706.770409246673808,6884702.700434000231326],[808633.438322653179057,6884688.452638826332986]]]}},
{"type":"Feature","properties":{"ID_con":1318,"bw_id":"VEC_SON_138800_139040","name":"Gehölzanpflanzung (WWZ-BÖK)","GEW":"VEC","stat_von":138800.0,"stat_bis":139040.0,"gew_seite":"L","gew_versat":-10.0,"bauart":"Gehölzanpflanzung (WWZ-BÖK) (Schwarzerlen und Weiden (salix spec)","baujahr":"2021","upflicht":"NLWKN, BUND, ASV","KTR":null,"FSK":null,"bemerk":"VEC_SON_138800_139040","beschreib":"Gehölzanpflanzung durch BUND","beschreib_":null,"foto1":"https://nlwkn.hannit-share.de/index.php/core/preview?fileId=11057336&x=1280&y=819&a=true","foto2":"https://nlwkn.hannit-share.de/index.php/core/preview?fileId=11057339&x=1280&y=819&a=true","foto3":null,"foto4":null,"link1":null,"link2":null,"denkmal":"Nein","AIS_NR":0},"geometry":{"type":"MultiLineString","coordinates":[[[806474.912510115420446,6854671.769218321889639],[806526.66607438842766,6854626.835947228595614],[806589.348252568976022,6854550.558704474940896],[806659.519411897286773,6854436.064451455138624],[806699.636789232492447,6854361.429193053394556]]]}},
{"type":"Feature","properties":{"ID_con":2414,"bw_id":"HRK_SON_6770_6820","name":"Umlauf Schleuse II","GEW":"HRK","stat_von":6770.0,"stat_bis":6820.0,"gew_seite":"L","gew_versat":-10.0,"bauart":"Umlauf","baujahr":"1884","upflicht":"NLWKN","KTR":"MBLEN20200","FSK":"03173600300002______","bemerk":null,"beschreib":"Umlauf Schleuse II (DN 1000, incl. Ein- und Auslassbauwerk)","beschreib_":"Umlauf Schleuse II (DN 1000, incl. Ein- und Auslassbauwerk)","foto1":null,"foto2":null,"foto3":null,"foto4":null,"link1":null,"link2":null,"denkmal":"Nein","AIS_NR":0},"geometry":{"type":"MultiLineString","coordinates":[[[799416.377496482222341,6951260.619107437320054],[799337.356243728427216,6951284.651612614281476]]]}},
{"type":"Feature","properties":{"ID_con":1277,"bw_id":"VEC_SON_103420_104000","name":"Gehölzanpflanzung","GEW":"VEC","stat_von":103420.0,"stat_bis":104000.0,"gew_seite":"L","gew_versat":-13.0,"bauart":"Gehölzanpflanzung","baujahr":null,"upflicht":"NLWKN","KTR":null,"FSK":"033147027000530002__","bemerk":"??Wer hat diese Anfpflanzung vorgenommen??","beschreib":"Gehölzanpflanzung durch Dritte?","beschreib_":null,"foto1":"https://nlwkn.hannit-share.de/index.php/core/preview?fileId=11056412&x=1280&y=819&a=true","foto2":"https://nlwkn.hannit-share.de/index.php/core/preview?fileId=11056415&x=1280&y=819&a=true","foto3":null,"foto4":null,"link1":null,"link2":null,"denkmal":"Nein","AIS_NR":0},"geometry":{"type":"MultiLineString","coordinates":[[[777404.458277558675036,6892252.45475186035037],[777440.500000716419891,6892029.021578070707619],[777466.548075815546326,6891917.252445830032229],[777493.492317873169668,6891840.87978969886899],[777523.411861463682726,6891775.436230008490384],[777586.557248990400694,6891662.660218425095081],[777662.520695410785265,6891567.341363438405097],[777738.887169717927463,6891487.705172964371741],[777827.797400130424649,6891417.914174606092274]]]}},
{"type":"Feature","properties":{"ID_con":1079,"bw_id":"EVK_SON_3305_3430","name":"Landschaftsschutzgebiet (Emstal, LSG NOH 00004)","GEW":"EVK","stat_von":3305.0,"stat_bis":3430.0,"gew_seite":"M","gew_versat":0.0,"bauart":"Landschaftsschutzgebiet","baujahr":null,"upflicht":"Landkreis Grafschaft Bentheim","KTR":null,"FSK":"033157058000180017__","bemerk":"(1822 ha im Landkreis Grafschaft Bentheim, der größte Teil des Schutzgebietes liegt im Landkreis Emsland): Landwirtschaftliche Nutzflächen im Wechsel mit Wäldern, kleinere Bach- und Grabenläufe sowie Stillgewässer.","beschreib":"Landschaftsschutzgebiet (Emstal, LSG NOH 00004)","beschreib_":null,"foto1":null,"foto2":null,"foto3":null,"foto4":null,"link1":null,"link2":null,"denkmal":"Nein","AIS_NR":0},"geometry":{"type":"MultiLineString","coordinates":[[[808725.226055050850846,6884687.592973477207124],[808708.937385710538365,6884686.391863383352757],[808681.484303124598227,6884682.277498099021614],[808666.918262051651254,6884679.33697653748095],[808633.524792500189506,6884671.629162181168795],[808531.891354462597519,6884625.485843379981816]]]}},
{"type":"Feature","properties":{"ID_con":2097,"bw_id":"VEC_SON_135520_135880","name":"Sohlgleite Schüttorf","GEW":"VEC","stat_von":135520.0,"stat_bis":135880.0,"gew_seite":"M","gew_versat":0.0,"bauart":"Sohlgleite","baujahr":"2021","upflicht":"NLWKN","KTR":"MBNVE00200","FSK":"034210007000910009__","bemerk":"Soll das Bauwerk ins AIS aufgenommen werden?","beschreib":"Das Wehr Schüttorf wurde in 2021 durch eine Sohlgleite in Riegelbauweise ersetzt. 30 Riegel überbrücken einen Höhenunterschied von 2.40 m. Die Maßnahme wurde mit FGE-Mitteln gefördert. Kosten ca. 2.3 Mill. €","beschreib_":"Das Wehr Schüttorf wurde in 2021 durch eine Sohlgleite in Riegelbauweise ersetzt. 30 Riegel überbrücken einen Höhenunterschied von 2.40 m. Die Maßnahme wurde mit FGE-Mitteln gefördert. Kosten ca. 2.3 Mill. €","foto1":"https://nlwkn.hannit-share.de/index.php/core/preview?fileId=11057255&x=1280&y=819&a=true","foto2":"https://nlwkn.hannit-share.de/index.php/core/preview?fileId=11057258&x=1280&y=819&a=true","foto3":"https://nlwkn.hannit-share.de/index.php/core/preview?fileId=11057261&x=1280&y=819&a=true","foto4":"https://nlwkn.hannit-share.de/index.php/core/preview?fileId=11057264&x=1280&y=819&a=true","link1":null,"link2":null,"denkmal":"Nein","AIS_NR":0},"geometry":{"type":"MultiLineString","coordinates":[[[804459.717976707499474,6858671.024347039870918],[804469.42514958162792,6858653.88750865496695],[804497.634060241398402,6858604.09151991084218],[804533.496015677694231,6858543.383273265324533],[804546.453483768855222,6858520.535495358519256],[804591.563299039145932,6858450.447560450993478],[804632.121616620919667,6858405.111334498971701],[804666.757307771709748,6858371.49422413110733],[804702.988225338165648,6858341.872564601711929],[804795.57158732379321,6858289.336053693667054],[804822.691718964953907,6858273.808659612201154],[804855.661658752826042,6858254.930924251675606]]]}},
{"type":"Feature","properties":{"ID_con":1227,"bw_id":"SNK_SON_18160_26885","name":"Internationaler Naturpark Bourtanger Moor - Bargerveen (NP NDS 00013)","GEW":"SNK","stat_von":18160.0,"stat_bis":26885.0,"gew_seite":"M","gew_versat":0.0,"bauart":"Naturpark","baujahr":null,"upflicht":"Internationaler Naturpark Bourtanger Moor- Bargerveen e.V.","KTR":null,"FSK":"033118023000960007__","bemerk":null,"beschreib":null,"beschreib_":null,"foto1":null,"foto2":null,"foto3":null,"foto4":null,"link1":null,"link2":null,"denkmal":"Nein","AIS_NR":0},"geometry":{"type":"MultiLineString","coordinates":[[[787667.75430464418605,6909723.945015309378505],[787672.472337520332076,6909728.360764578916132],[787824.98683299543336,6909872.742856184951961],[788150.206035267678089,6910176.787342037074268],[788680.929005671408959,6910673.599774168804288],[788849.910199868027121,6910832.047399409115314],[788910.665830624639057,6910888.919836746528745],[788954.568244313122705,6910932.176377003081143],[788993.477200238616206,6910976.529381522908807],[789009.554863589466549,6910995.396879492327571],[789036.49195527320262,6911030.458779958076775],[789064.234733940684237,6911066.578761674463749],[789123.269235461484641,6911153.000230759382248],[789208.209440282196738,6911277.861412571743131],[789275.818869099137373,6911384.484917494468391],[789304.889216924202628,6911426.74703582841903],[789325.717011635540985,6911455.378360001370311],[789346.543750282260589,6911483.993053250946105],[789571.994698094087653,6911790.19737000297755],[789898.487102563492954,6912252.005406234413385],[790026.628195754950866,6912434.034880835562944],[790049.721622152603231,6912479.5232012597844],[790109.510254746652208,6912666.028487921692431],[790127.332787117455155,6912736.643283555284142],[790127.828681210521609,6912772.524305954575539],[790136.381856871768832,6913380.427481899037957],[790136.922711511841044,6913419.228047883138061],[790137.27122934255749,6913444.28687306959182],[790138.43708130333107,6913526.321298070251942],[790138.458347672014497,6913548.255101710557938],[790138.475652538822033,6913567.784103343263268],[790138.531577951391228,6913619.083972691558301],[790143.029296488850378,6914036.955000865273178],[790145.239192230626941,6914353.143026945181191],[790146.03924725856632,6914465.154897476546466],[790147.434045420493931,6914567.373045738786459],[790150.60092018940486,6914799.717139164917171],[790151.170223106979392,6914826.261320700868964],[790151.555843741167337,6914844.105460784398019],[790150.523203365737572,6915030.208477782085538],[790153.052135522128083,6915295.942368253134191],[790154.376547502703033,6915516.024998822249472],[790153.844020748743787,6915605.326973873190582],[790156.867180769564584,6915912.166232219897211],[790159.554574299021624,6916088.841663608327508],[790159.828901071101427,6916106.855360380373895],[790160.138678637216799,6916127.209580790251493],[790163.541009348584339,6916352.97203238401562],[790164.578130657784641,6916509.815479869954288],[790168.036849147290923,6916677.705084159970284],[790167.140351978014223,6916775.465308024547994],[790170.063730925205164,6916981.76546666584909],[790172.280940055614337,6917114.466843019239604],[790175.545657091890462,6917240.427750666625798],[790176.279909295146354,6917371.920142131857574],[790179.752064234693535,6917505.004077875055373],[790181.47661723033525,6917536.171775579452515],[790177.810518599231727,6917563.849591119214892],[790175.711825114442036,6917581.099736887961626],[790178.325861788121983,6917606.714583912864327],[790184.126575161004439,6917624.86963415145874],[790184.341330928145908,6917640.151265086606145],[790184.943596116849221,6917731.600964243523777],[790184.297807293827645,6917770.143747153691947],[790184.186791796470061,6917776.923163942061365],[790184.846973106032237,6917785.718240240588784],[790185.02828233409673,6917812.771376994438469],[790183.53213592490647,6917833.372452418319881],[790182.223795890924521,6917859.840626406483352],[790181.090948680881411,6917878.324022754095495],[790179.297867320710793,6917895.583092973567545],[790174.284134540357627,6917923.838348277844489],[790151.438081833766773,6918056.888251299969852],[790117.71561210823711,6918246.897307470440865],[790113.451072323601693,6918272.602619920857251],[790109.774817230529152,6918293.715988709591329],[790102.468373111099936,6918335.678660238161683],[790010.688260532100685,6918854.420170454308391],[789995.173563755000941,6918938.594626697711647],[789978.657009499846026,6919022.009522248990834],[789959.653948361054063,6919118.111614591442049],[789936.969715203857049,6919233.022993048653007],[789929.471168048679829,6919277.531855350360274],[789920.357507928507403,6919331.696158121339977],[789857.771696762763895,6919696.544619016349316],[789805.299497080734,6919999.537492993287742],[789797.318237150204368,6920045.01404579076916],[789780.81626244133804,6920139.259466081857681],[789747.644280630280264,6920340.819397591985762],[789744.286808636737987,6920359.195142894983292],[789741.159172856830992,6920376.39599076192826],[789703.566619499237277,6920592.510792720131576],[789698.203358153579757,6920669.636301612481475],[789695.354726890102029,6920711.871156701818109],[789695.594871261506341,6920732.023935291916132],[789695.888860167236999,6920756.810295871458948],[789698.987493737717159,6920788.680283629335463],[789723.171786612016149,6921149.78005506657064],[789731.92629386333283,6921262.770302490331233],[789743.686137423734181,6921414.318278191611171],[789772.783463496598415,6921802.885423242114484],[789811.707463829545304,6922324.969580464996397],[789814.129849138553254,6922354.380947770550847],[789816.471675912151113,6922389.467817429453135],[789840.666528925066814,6922752.882909056730568],[789851.026865724124946,6922908.487375817261636],[789867.307350107701495,6923136.382409903220832]]]}},
{"type":"Feature","properties":{"ID_con":2381,"bw_id":"VEC_SON_116560_116910","name":"Wegerecht Seepark Nordhorn","GEW":"VEC","stat_von":116560.0,"stat_bis":116910.0,"gew_seite":"L","gew_versat":-16.0,"bauart":"Wegerecht","baujahr":"2022","upflicht":"Stadt Nordhorn","KTR":null,"FSK":"033151008000890020__","bemerk":"!!Vertrag!!","beschreib":"Aufgrund der Gewährleistung der Durchführung der Unterhaltung war nach Errichtung des Durchstiches zur Vechte vom Seepark Nordhorn die Eintragung eines Wegerechtes erforderlich.","beschreib_":"Zur Anbindung des \"Seeparks Nordhorn\" wurde in 2022 ein Durchstich zur Vechte errichtet (Siehe VEC_EIN_116700). Damit der NLWKN auch weiterhin die Unterhaltung des Abschnittes von der Brücke Osttangente bis Brücke Frensdorfer Ring durchführen kann, wa","foto1":null,"foto2":null,"foto3":null,"foto4":null,"link1":null,"link2":null,"denkmal":"Nein","AIS_NR":0},"geometry":{"type":"MultiLineString","coordinates":[[[788273.335803147521801,6877937.403736406937242],[788289.99437725241296,6877907.519215056672692],[788369.747009252430871,6877816.149472274817526],[788425.235285198315978,6877775.019550292752683],[788570.101600564084947,6877702.758999740704894],[788672.316060650278814,6877668.907616359181702],[788737.927590392297134,6877654.0963727934286],[788775.493914789054543,6877651.137400821782649]]]}},
{"type":"Feature","properties":{"ID_con":1045,"bw_id":"DIN_SON_1200_1260","name":"Spundwand links uh Brücke","GEW":"DIN","stat_von":1200.0,"stat_bis":1260.0,"gew_seite":"L","gew_versat":-10.0,"bauart":"Spundwand","baujahr":null,"upflicht":"NLWKN","KTR":"MBUVE00300","FSK":"033147002000300062__","bemerk":null,"beschreib":"Spundwände in Neuenhaus","beschreib_":null,"foto1":"https://nlwkn.hannit-share.de/index.php/core/preview?fileId=11067964&x=1280&y=819&a=true","foto2":"https://nlwkn.hannit-share.de/index.php/core/preview?fileId=11067967&x=1280&y=819&a=true","foto3":"https://nlwkn.hannit-share.de/index.php/core/preview?fileId=11067970&x=1280&y=819&a=true","foto4":"https://nlwkn.hannit-share.de/index.php/core/preview?fileId=11067973&x=1280&y=819&a=true","link1":null,"link2":null,"denkmal":"Nein","AIS_NR":0},"geometry":{"type":"MultiLineString","coordinates":[[[774923.583239911007695,6890573.6326346937567],[774870.417149451328442,6890506.315963065251708],[774863.553821746259928,6890490.930269425734878]]]}},
{"type":"Feature","properties":{"ID_con":1145,"bw_id":"HAS_SON_7600_8000","name":"Ufernahe Straße und Fuß-/Radweg rechts","GEW":"HAS","stat_von":7600.0,"stat_bis":8000.0,"gew_seite":"R","gew_versat":28.0,"bauart":"Straße/Fuß- und Radweg","baujahr":null,"upflicht":null,"KTR":null,"FSK":"033218001000410007__","bemerk":null,"beschreib":"Ufernahe Straße und Fuß-/Radweg rechts","beschreib_":"Ufernahe Straße und Fuß-/Radweg rechts","foto1":null,"foto2":null,"foto3":null,"foto4":null,"link1":null,"link2":null,"denkmal":"Nein","AIS_NR":0},"geometry":{"type":"MultiLineString","coordinates":[[[817770.101177917560562,6926280.596221221610904],[817782.781433378113434,6926492.914937424473464],[817796.825963067356497,6926580.060496200807393],[817893.001355002052151,6926935.891092769801617]]]}},
{"type":"Feature","properties":{"ID_con":1334,"bw_id":"VEC_SON_81720_82525","name":"Radweg links (Grafschafter Fietsentour, Hauptroute)","GEW":"VEC","stat_von":81720.0,"stat_bis":82525.0,"gew_seite":"L","gew_versat":-28.0,"bauart":"Radweg","baujahr":null,"upflicht":"Samtgemeinde Emlichheim??","KTR":null,"FSK":"033129015000890002__","bemerk":"Radweg Grafschafter Fietsentour, Hauptroute","beschreib":"Radweg links (Grafschafter Fietsentour, Hauptroute)","beschreib_":"Radweg links (Grafschafter Fietsentour, Hauptroute)","foto1":null,"foto2":null,"foto3":null,"foto4":null,"link1":null,"link2":null,"denkmal":"Nein","AIS_NR":0},"geometry":{"type":"MultiLineString","coordinates":[[[759227.171112412470393,6909149.143138651736081],[759857.685377273359336,6909356.373233173973858],[760371.656061510671861,6909479.344266266562045],[760456.617463694768958,6909502.881234050728381],[760502.223160902387463,6909531.831942404620349]]]}},
{"type":"Feature","properties":{"ID_con":2667,"bw_id":"SNK_SON_24540_25190","name":"Längsverlegung Leerrohr f. Stromleitung","GEW":"SNK","stat_von":24540.0,"stat_bis":25190.0,"gew_seite":"R","gew_versat":-115.0,"bauart":"Längsverlegung","baujahr":"2026","upflicht":"Neptune Energy","KTR":null,"FSK":"033118032000130015__","bemerk":"Link Akte Vertrag","beschreib":"Längsverlegung Leerrohr für Stromleitung mit einer Mindestüberdeckung von 0,6 m und einem Schutzstreifen von 3,0 m","beschreib_":"Längsverlegung Leerrohr für Stromleitung mit einer Mindestüberdeckung von 0,6 m und einem Schutzstreifen von 3,0 m","foto1":null,"foto2":null,"foto3":null,"foto4":null,"link1":null,"link2":null,"denkmal":"Nein","AIS_NR":0},"geometry":{"type":"MultiLineString","coordinates":[[[790113.299390587024391,6919325.397324438206851],[789932.467785072862171,6920382.12646893505007]]]}},
{"type":"Feature","properties":{"ID_con":1112,"bw_id":"HAS_SON_22900_23070","name":"Buhnen (Többen Kamp)","GEW":"HAS","stat_von":22900.0,"stat_bis":23070.0,"gew_seite":"L","gew_versat":-10.0,"bauart":"Buhnen / Leitwerk","baujahr":null,"upflicht":"NLWKN","KTR":"MBUHA00100","FSK":"033225002000310002__","bemerk":null,"beschreib":"Leitwerk Többen Kamp","beschreib_":"Leitwerk Többen Kamp","foto1":null,"foto2":null,"foto3":null,"foto4":null,"link1":null,"link2":null,"denkmal":"Nein","AIS_NR":0},"geometry":{"type":"MultiLineString","coordinates":[[[826640.501143061788753,6921604.268322852440178],[826649.831380892894231,6921541.145491041243076],[826661.678935244679451,6921508.752396987751126],[826684.909492976032197,6921478.793020093813539],[826715.250283983419649,6921457.821033127605915],[826763.590443529887125,6921432.179612691514194],[826830.019122870522551,6921409.24814838450402]]]}},
{"type":"Feature","properties":{"ID_con":1047,"bw_id":"DIN_SON_1600_2760","name":"Befestigter Radweg (Erneuerung 2020)","GEW":"DIN","stat_von":1600.0,"stat_bis":2760.0,"gew_seite":"R","gew_versat":25.0,"bauart":"Radweg","baujahr":"2020","upflicht":"Stadt Neuenhaus","KTR":null,"FSK":"033147008000940060__","bemerk":null,"beschreib":"Befestigter Radweg (Erneuerung 2020). Der sanierte Radweg wurde 2020 freigegeben.","beschreib_":null,"foto1":"https://nlwkn.hannit-share.de/index.php/core/preview?fileId=11068054&x=1280&y=819&a=true","foto2":"https://nlwkn.hannit-share.de/index.php/core/preview?fileId=11068057&x=1280&y=819&a=true","foto3":"https://nlwkn.hannit-share.de/index.php/core/preview?fileId=11068060&x=1280&y=819&a=true","foto4":"https://nlwkn.hannit-share.de/index.php/core/preview?fileId=11068063&x=1280&y=819&a=true","link1":null,"link2":null,"denkmal":"Nein","AIS_NR":0},"geometry":{"type":"MultiLineString","coordinates":[[[775077.367003894527443,6890086.339685675688088],[775264.411192976636812,6890051.826820841990411],[775314.812714154366404,6890034.629832182079554],[775394.475077417679131,6889976.288716405630112],[775425.981995492940769,6889933.433848505839705],[775452.315936832805164,6889871.419477354735136],[775504.442446711007506,6889569.522003799676895],[775617.335098690353334,6889102.136167944408953],[775687.71173740865197,6888930.45732234697789],[775744.009884907864034,6888714.887377919629216],[775783.069656043779105,6888525.71443057525903],[775790.578560772584751,6888418.681069035083055]]]}},
{"type":"Feature","properties":{"ID_con":1268,"bw_id":"SNK_SON_70_435","name":"Gemeindestraße??","GEW":"SNK","stat_von":70.0,"stat_bis":435.0,"gew_seite":"L","gew_versat":27.0,"bauart":"Straße","baujahr":null,"upflicht":"Stadt Nordhorn?","KTR":null,"FSK":"033151034000280008__","bemerk":null,"beschreib":"Straße","beschreib_":null,"foto1":null,"foto2":null,"foto3":null,"foto4":null,"link1":null,"link2":null,"denkmal":"Nein","AIS_NR":0},"geometry":{"type":"MultiLineString","coordinates":[[[786717.758936443016864,6883460.386048604734242],[787209.790978056262247,6883800.84016043972224]]]}},
{"type":"Feature","properties":{"ID_con":1285,"bw_id":"VEC_SON_114460_114820","name":"Befestigter Radweg","GEW":"VEC","stat_von":114460.0,"stat_bis":114820.0,"gew_seite":"L","gew_versat":-8.0,"bauart":"Radweg","baujahr":null,"upflicht":null,"KTR":null,"FSK":"033151016000810040__","bemerk":null,"beschreib":"Befestigter Radweg","beschreib_":null,"foto1":"https://nlwkn.hannit-share.de/index.php/core/preview?fileId=11056613&x=1280&y=819&a=true","foto2":null,"foto3":null,"foto4":null,"link1":null,"link2":null,"denkmal":"Nein","AIS_NR":0},"geometry":{"type":"MultiLineString","coordinates":[[[786322.867133614839986,6879731.977811549790204],[786366.267586544039659,6879675.320551601238549],[786417.659846790833399,6879591.435829003341496],[786448.479569504735991,6879546.511162556707859],[786486.320013908203691,6879513.340898866765201],[786530.388412102824077,6879488.629759067669511],[786575.540017358609475,6879476.206545479595661],[786617.352073697024025,6879469.491493171080947],[786701.499669042415917,6879462.260237988084555],[786766.099625710630789,6879451.824595231562853],[786803.396274237660691,6879450.559865894727409]]]}},
{"type":"Feature","properties":{"ID_con":1150,"bw_id":"HRK_SON_11115_11130","name":"Anlegehilfe unterhalb Brücke Hinterm Busch","GEW":"HRK","stat_von":11115.0,"stat_bis":11130.0,"gew_seite":"L","gew_versat":-6.0,"bauart":"Anlegehilfe","baujahr":null,"upflicht":"NLWKN","KTR":null,"FSK":"031726022001980003__","bemerk":null,"beschreib":"Anlegehilfe uh Brücke Hinterm Busch link","beschreib_":"Anlegehilfe uh Brücke Hinterm Busch link","foto1":"https://nlwkn.hannit-share.de/index.php/core/preview?fileId=11062945&x=1280&y=819&a=true","foto2":"https://nlwkn.hannit-share.de/index.php/core/preview?fileId=11062948&x=1280&y=819&a=true","foto3":"https://nlwkn.hannit-share.de/index.php/core/preview?fileId=11062951&x=1280&y=819&a=true","foto4":null,"link1":null,"link2":null,"denkmal":"Nein","AIS_NR":0},"geometry":{"type":"MultiLineString","coordinates":[[[792546.997403829242103,6953324.108039675280452],[792524.644448283012025,6953334.840210430324078]]]}},
{"type":"Feature","properties":{"ID_con":1333,"bw_id":"VEC_SON_80000_84300","name":"Radweg rechts (Vechtetal Route)","GEW":"VEC","stat_von":80000.0,"stat_bis":84300.0,"gew_seite":"R","gew_versat":28.0,"bauart":"Radweg","baujahr":null,"upflicht":"Samtgemeinde Emlichheim??","KTR":null,"FSK":"033129017000420002__","bemerk":"Vechtetal Route","beschreib":"Radweg rechts (Vechtetal Route)","beschreib_":"Radweg rechts (Vechtetal Route)","foto1":"https://nlwkn.hannit-share.de/index.php/core/preview?fileId=11057618&x=1280&y=819&a=true","foto2":null,"foto3":null,"foto4":null,"link1":null,"link2":null,"denkmal":"Nein","AIS_NR":0},"geometry":{"type":"MultiLineString","coordinates":[[[756812.338391567231156,6909929.313813121989369],[756890.237796948873438,6909925.370007286779583],[757019.387772683985531,6909854.860115916468203],[757207.832208898500539,6909665.455317639745772],[757424.889320628601126,6909590.288423116318882],[757468.612953183590434,6909549.238286256790161],[757498.528272659983486,6909495.145041627809405],[757559.956352587323636,6909340.855618215166032],[757594.713437553029507,6909304.956566610373557],[757659.925421423977241,6909287.060915135778487],[757846.473877273267135,6909269.810807703994215],[757937.319369971984997,6909215.786094796843827],[758003.96712194418069,6909152.461774778552353],[758079.233564203139395,6909062.485829058103263],[758128.809468016843311,6909029.906070621684194],[758239.014759220764972,6908983.870906277559698],[758313.418791756266728,6908976.873834788799286],[758358.644579165847972,6908978.237835243344307],[758491.365519261104055,6909012.715621002018452],[759832.653241706662811,6909445.212937200441957],[760418.484653194434941,6909588.27683119662106],[760541.145390577032231,6909674.316141599789262],[760656.149580291821621,6909721.790344797074795],[760831.264421099564061,6909709.544340160675347],[760905.570802684174851,6909712.526781650260091],[761175.250176002504304,6909800.291431535966694],[761234.09802352625411,6909806.992103558965027],[761356.927770534646697,6909796.983465356752276],[761704.707257137401029,6909664.992686402052641],[761929.593655781354755,6909611.305193329229951],[761978.275540084927343,6909581.190582614392042],[762106.300128302304074,6909446.427154653705657],[762149.642336264834739,6909416.516365430317819],[762193.223625115584582,6909397.695315345190465],[762231.099363635759801,6909387.142115455120802],[762417.068770990241319,6909401.642292588949203],[762604.582173724193126,6909391.742369788698852],[762680.46918868937064,6909412.134477388113737],[762735.782589562004432,6909451.304477861151099],[762790.5381691721268,6909522.538910567760468],[762856.212834697100334,6909654.687599723227322],[762928.556655273656361,6909728.537241428159177],[763017.046320419874974,6909760.030295579694211],[763065.603666132781655,6909761.478290287777781]]]}},
{"type":"Feature","properties":{"ID_con":1243,"bw_id":"SNK_SON_33130_33200","name":"Kanalaufweitung Stadt Haren (Ems)","GEW":"SNK","stat_von":33130.0,"stat_bis":33200.0,"gew_seite":"R","gew_versat":-10.0,"bauart":"Kanalaufweitung","baujahr":null,"upflicht":"NLWKN","KTR":null,"FSK":"033102028000280009__","bemerk":null,"beschreib":"Kanalaufweitung Stadt Haren (Ems)","beschreib_":"Kanalaufweitung Stadt Haren (Ems)","foto1":null,"foto2":null,"foto3":null,"foto4":null,"link1":null,"link2":null,"denkmal":"Nein","AIS_NR":0},"geometry":{"type":"MultiLineString","coordinates":[[[790507.021169906598516,6933426.466145535930991],[790514.070512705249712,6933541.90992745757103]]]}},
{"type":"Feature","properties":{"ID_con":2551,"bw_id":"VEC_SON_80990_81210","name":"Gehölzanpflanzung Biograf","GEW":"VEC","stat_von":80990.0,"stat_bis":81210.0,"gew_seite":"L","gew_versat":-10.0,"bauart":"Gehölzanpflanzung","baujahr":"2022/2023","upflicht":"NLWKN, BioGraf","KTR":null,"FSK":"033132102000360001__","bemerk":null,"beschreib":"Gehölzanpflanzung oh Brücke Echteler Straße, im Zuge des BioGraf - Projektes der Naturschutzstiftung Landkreis Grafschaft Bentheim.","beschreib_":"Gehölzanpflanzung oh Brücke Echteler Straße im Zuge des BioGraf - Projektes der Naturschutzstiftung Landkreis Grafschaft Bentheim.\r\nZu bepflanzende Streckenabschnitte resultieren aus der NLWKN-Maßnahmenkarte für Gehölzanpflanzungen an Vechte und Di","foto1":null,"foto2":null,"foto3":null,"foto4":null,"link1":null,"link2":null,"denkmal":"Nein","AIS_NR":0},"geometry":{"type":"MultiLineString","coordinates":[[[758062.229092737077735,6908999.002745363861322],[758134.35648286936339,6908955.49201044254005],[758224.101352195255458,6908922.406292552128434],[758311.434198176721111,6908914.193455808795989],[758367.178378165932372,6908915.874658340588212],[758416.4442017293768,6908926.493579075671732]]]}},
{"type":"Feature","properties":{"ID_con":2445,"bw_id":"VEC_SON_134320_134880","name":"Längsverlegung Abwasserdruckrohrleitung im Böschungsbereich","GEW":"VEC","stat_von":134320.0,"stat_bis":134880.0,"gew_seite":"R","gew_versat":10.0,"bauart":"Längsverlegung Abwasserdruckrohrleitung","baujahr":"2012/13","upflicht":"TAV Badt Bentheim","KTR":null,"FSK":"034210002001550064__","bemerk":"In 2023 waren Maßnahmen zur Sicherung der Leitung an der rechten Böschung erforderlich","beschreib":"Verlegung mehrerer Abwasser- und Klärschlammdruck-rohrleitungen zwischen dem Klärschlammpoldergelände und der Kläranlage Schüttorf, aufgestellt im Juli 2012 (angepasst am 02.10.12) von der Gesellschaft für Abwasserberatung und Management mbH.","beschreib_":"Verlegung mehrerer Abwasser- und Klärschlammdruck-rohrleitungen zwischen dem Klärschlammpoldergelände und der Kläranlage Schüttorf, aufgestellt im Juli 2012 (angepasst am 02.10.12) von der Gesellschaft für Abwasserberatung und Management mbH. In 20","foto1":"https://nlwkn.hannit-share.de/index.php/core/preview?fileId=11057219&x=1280&y=819&a=true","foto2":"https://nlwkn.hannit-share.de/index.php/core/preview?fileId=11057240&x=1280&y=819&a=true","foto3":"https://nlwkn.hannit-share.de/index.php/core/preview?fileId=11057225&x=1280&y=819&a=true","foto4":"https://nlwkn.hannit-share.de/index.php/core/preview?fileId=11057228&x=1280&y=819&a=true","link1":null,"link2":null,"denkmal":"Nein","AIS_NR":0},"geometry":{"type":"MultiLineString","coordinates":[[[803655.421197794144973,6860337.77274155523628],[803701.658130066585727,6860281.868326535448432],[803726.183947311132215,6860242.685305686667562],[803737.699876434635371,6860206.889543259516358],[803743.689012443530373,6860167.98869782499969],[803739.697499689413235,6860121.58494458720088],[803724.850197284366004,6860051.49658312741667],[803705.786662514787167,6859992.832663642242551],[803657.17210660490673,6859868.068537250161171],[803654.728281046962366,6859842.451040583662689],[803657.411210408783518,6859832.068065543659031],[803673.791808161186054,6859794.302887436933815],[803737.67035053553991,6859695.661692912690341],[803785.243145004147664,6859653.188185784034431],[803871.275556627777405,6859531.65821133647114]]]}},
{"type":"Feature","properties":{"ID_con":1883,"bw_id":"HAS_SON_33465_33530","name":"Böschungsmauer Pius Hospital Haselünne","GEW":"HAS","stat_von":33465.0,"stat_bis":33530.0,"gew_seite":"R","gew_versat":32.0,"bauart":"Böschungsmauer","baujahr":null,"upflicht":"Stadt Haselünne","KTR":null,"FSK":"033213012004420001__","bemerk":null,"beschreib":"Böschungsmauer Pius Hospital Haselünne","beschreib_":"Böschungsmauer Pius Hospital Haselünne","foto1":"https://nlwkn.hannit-share.de/index.php/core/preview?fileId=11065402&x=1280&y=819&a=true","foto2":"https://nlwkn.hannit-share.de/index.php/core/preview?fileId=11065405&x=1280&y=819&a=true","foto3":null,"foto4":null,"link1":null,"link2":null,"denkmal":"Nein","AIS_NR":0},"geometry":{"type":"MultiLineString","coordinates":[[[833020.095997045980766,6922274.572630852460861],[833111.108418380725197,6922330.727003047242761]]]}},
{"type":"Feature","properties":{"ID_con":1228,"bw_id":"SNK_SON_18160_32120","name":"Baudenkmal Süd-Nord-Kanal (Teilstück IV)","GEW":"SNK","stat_von":18160.0,"stat_bis":32120.0,"gew_seite":"M","gew_versat":0.0,"bauart":"Denkmal","baujahr":null,"upflicht":"NLWKN","KTR":null,"FSK":"033118045000010030__","bemerk":null,"beschreib":"Baudenkmal Süd-Nord-Kanal (Teilstück IV, Objektkennziffer: 45405400001) als Teil einer Gruppe baulicher Anlagen (§ 3 Abs. 3 NDSchG)","beschreib_":"Baudenkmal Süd-Nord-Kanal (Teilstück IV, Objektkennziffer: 45405400001) als Teil einer Gruppe baulicher Anlagen (§ 3 Abs. 3 NDSchG)","foto1":"https://nlwkn.hannit-share.de/index.php/core/preview?fileId=11059997&x=1280&y=819&a=true","foto2":"https://nlwkn.hannit-share.de/index.php/core/preview?fileId=11060000&x=1280&y=819&a=true","foto3":"https://nlwkn.hannit-share.de/index.php/core/preview?fileId=11060003&x=1280&y=819&a=true","foto4":null,"link1":null,"link2":null,"denkmal":"Ja","AIS_NR":0},"geometry":{"type":"MultiLineString","coordinates":[[[787667.75430464418605,6909723.945015309378505],[787672.472337520332076,6909728.360764578916132],[787824.98683299543336,6909872.742856184951961],[788150.206035267678089,6910176.787342037074268],[788680.929005671408959,6910673.599774168804288],[788849.910199868027121,6910832.047399409115314],[788910.665830624639057,6910888.919836746528745],[788954.568244313122705,6910932.176377003081143],[788993.477200238616206,6910976.529381522908807],[789009.554863589466549,6910995.396879492327571],[789036.49195527320262,6911030.458779958076775],[789064.234733940684237,6911066.578761674463749],[789123.269235461484641,6911153.000230759382248],[789208.209440282196738,6911277.861412571743131],[789275.818869099137373,6911384.484917494468391],[789304.889216924202628,6911426.74703582841903],[789325.717011635540985,6911455.378360001370311],[789346.543750282260589,6911483.993053250946105],[789571.994698094087653,6911790.19737000297755],[789898.487102563492954,6912252.005406234413385],[790026.628195754950866,6912434.034880835562944],[790049.721622152603231,6912479.5232012597844],[790109.510254746652208,6912666.028487921692431],[790127.332787117455155,6912736.643283555284142],[790127.828681210521609,6912772.524305954575539],[790136.381856871768832,6913380.427481899037957],[790136.922711511841044,6913419.228047883138061],[790137.27122934255749,6913444.28687306959182],[790138.43708130333107,6913526.321298070251942],[790138.458347672014497,6913548.255101710557938],[790138.475652538822033,6913567.784103343263268],[790138.531577951391228,6913619.083972691558301],[790143.029296488850378,6914036.955000865273178],[790145.239192230626941,6914353.143026945181191],[790146.03924725856632,6914465.154897476546466],[790147.434045420493931,6914567.373045738786459],[790150.60092018940486,6914799.717139164917171],[790151.170223106979392,6914826.261320700868964],[790151.555843741167337,6914844.105460784398019],[790150.523203365737572,6915030.208477782085538],[790153.052135522128083,6915295.942368253134191],[790154.376547502703033,6915516.024998822249472],[790153.844020748743787,6915605.326973873190582],[790156.867180769564584,6915912.166232219897211],[790159.554574299021624,6916088.841663608327508],[790159.828901071101427,6916106.855360380373895],[790160.138678637216799,6916127.209580790251493],[790163.541009348584339,6916352.97203238401562],[790164.578130657784641,6916509.815479869954288],[790168.036849147290923,6916677.705084159970284],[790167.140351978014223,6916775.465308024547994],[790170.063730925205164,6916981.76546666584909],[790172.280940055614337,6917114.466843019239604],[790175.545657091890462,6917240.427750666625798],[790176.279909295146354,6917371.920142131857574],[790179.752064234693535,6917505.004077875055373],[790181.47661723033525,6917536.171775579452515],[790177.810518599231727,6917563.849591119214892],[790175.711825114442036,6917581.099736887961626],[790178.325861788121983,6917606.714583912864327],[790184.126575161004439,6917624.86963415145874],[790184.341330928145908,6917640.151265086606145],[790184.943596116849221,6917731.600964243523777],[790184.297807293827645,6917770.143747153691947],[790184.186791796470061,6917776.923163942061365],[790184.846973106032237,6917785.718240240588784],[790185.02828233409673,6917812.771376994438469],[790183.53213592490647,6917833.372452418319881],[790182.223795890924521,6917859.840626406483352],[790181.090948680881411,6917878.324022754095495],[790179.297867320710793,6917895.583092973567545],[790174.284134540357627,6917923.838348277844489],[790151.438081833766773,6918056.888251299969852],[790117.71561210823711,6918246.897307470440865],[790113.451072323601693,6918272.602619920857251],[790109.774817230529152,6918293.715988709591329],[790102.468373111099936,6918335.678660238161683],[790010.688260532100685,6918854.420170454308391],[789995.173563755000941,6918938.594626697711647],[789978.657009499846026,6919022.009522248990834],[789959.653948361054063,6919118.111614591442049],[789936.969715203857049,6919233.022993048653007],[789929.471168048679829,6919277.531855350360274],[789920.357507928507403,6919331.696158121339977],[789857.771696762763895,6919696.544619016349316],[789805.299497080734,6919999.537492993287742],[789797.318237150204368,6920045.01404579076916],[789780.81626244133804,6920139.259466081857681],[789747.644280630280264,6920340.819397591985762],[789744.286808636737987,6920359.195142894983292],[789741.159172856830992,6920376.39599076192826],[789703.566619499237277,6920592.510792720131576],[789698.203358153579757,6920669.636301612481475],[789695.354726890102029,6920711.871156701818109],[789695.594871261506341,6920732.023935291916132],[789695.888860167236999,6920756.810295871458948],[789698.987493737717159,6920788.680283629335463],[789723.171786612016149,6921149.78005506657064],[789731.92629386333283,6921262.770302490331233],[789743.686137423734181,6921414.318278191611171],[789772.783463496598415,6921802.885423242114484],[789811.707463829545304,6922324.969580464996397],[789814.129849138553254,6922354.380947770550847],[789816.471675912151113,6922389.467817429453135],[789840.666528925066814,6922752.882909056730568],[789851.026865724124946,6922908.487375817261636],[789911.162266373983584,6923750.240194015204906],[789911.303258540341631,6923757.382616804912686],[789911.49423402629327,6923765.564603351056576],[789930.440589182428084,6924040.838420379906893],[789943.073242488433607,6924224.419456319883466],[789963.514693660312332,6924521.074540034867823],[789983.046115135075524,6924790.226798849180341],[790014.501285943202674,6925202.504246569238603],[790027.720925957197323,6925375.705686616711318],[790029.938799863215536,6925411.138838784769177],[790032.735065872315317,6925443.426714019849896],[790086.126092959544621,6926287.592755435034633],[790088.029278232599609,6926321.861284591257572],[790089.550722067127936,6926349.369751221500337],[790094.267439925693907,6926403.982609180733562],[790099.461128805880435,6926460.683311924338341],[790101.994578185607679,6926496.2814896479249],[790104.300287137390114,6926528.714264230802655],[790127.241847303579561,6926867.670629242435098],[790163.301968597108498,6927405.145351302810013],[790184.941716856206767,6927742.707001787610352],[790205.283497664961033,6928053.259555803611875],[790207.826862179790623,6928085.150015541352332],[790209.8624748934526,6928110.609244982711971],[790223.484488601563498,6928303.249485359527171],[790237.002530572353862,6928505.174380178563297],[790248.947737544775009,6928655.69824259262532],[790258.098799346364103,6928780.72506832703948],[790259.554763965075836,6928800.565241779200733],[790271.280305241583847,6928993.944421453401446],[790281.834788507083431,6929126.700527775101364],[790300.248900343081914,6929414.036733750253916],[790303.37792902381625,6929451.86809139419347],[790305.815802647732198,6929481.039840784855187],[790387.090621229493991,6930712.244722643867135],[790400.846613088506274,6930920.617968427948654],[790403.186718656099401,6930966.064662679098547],[790404.64418920839671,6930994.581572777591646],[790413.610742158023641,6931124.452727729454637],[790418.544237729394808,6931214.552789484150708],[790420.58330715529155,6931338.456438819877803],[790421.099421703373082,6931370.127867795526981],[790427.381985111511312,6931751.478251779451966],[790427.519640567479655,6931760.510379097424448]]]}},
{"type":"Feature","properties":{"ID_con":1172,"bw_id":"HRK_SON_2675_2690","name":"Anlegehilfe oberhalb Knepperbrücke","GEW":"HRK","stat_von":2675.0,"stat_bis":2690.0,"gew_seite":"R","gew_versat":3.0,"bauart":"Anlegehilfe","baujahr":null,"upflicht":"NLWKN","KTR":null,"FSK":"033103021000040001__","bemerk":null,"beschreib":"Anlegehilfe oh Knepperbrücke rechts","beschreib_":"Anlegehilfe oh Knepperbrücke rechts","foto1":"https://nlwkn.hannit-share.de/index.php/core/preview?fileId=11063209&x=1280&y=819&a=true","foto2":"https://nlwkn.hannit-share.de/index.php/core/preview?fileId=11063212&x=1280&y=819&a=true","foto3":null,"foto4":null,"link1":null,"link2":null,"denkmal":"Nein","AIS_NR":0},"geometry":{"type":"MultiLineString","coordinates":[[[803044.846383029245771,6945753.69303740747273],[803022.056908688158728,6945763.400637934915721]]]}},
{"type":"Feature","properties":{"ID_con":1163,"bw_id":"HRK_SON_1480_1790","name":"Radweg","GEW":"HRK","stat_von":1480.0,"stat_bis":1790.0,"gew_seite":"L","gew_versat":-17.0,"bauart":"Radweg","baujahr":null,"upflicht":"Stadt Haren","KTR":null,"FSK":"03310301400001______","bemerk":null,"beschreib":null,"beschreib_":null,"foto1":null,"foto2":null,"foto3":null,"foto4":null,"link1":null,"link2":null,"denkmal":"Nein","AIS_NR":0},"geometry":{"type":"MultiLineString","coordinates":[[[804819.27301076205913,6944898.121952172368765],[804700.25485986971762,6945020.557960033416748],[804641.246167803765275,6945068.441407746635377],[804391.581777644343674,6945184.899233873002231]]]}},
{"type":"Feature","properties":{"ID_con":2144,"bw_id":"HRK_SON_40_505","name":"Hochwasserschutzmauer (Klinkermauerwerk)","GEW":"HRK","stat_von":40.0,"stat_bis":505.0,"gew_seite":"L","gew_versat":-20.0,"bauart":"Flutmauer","baujahr":null,"upflicht":"Stadt Haren","KTR":null,"FSK":"033103003002700004__","bemerk":null,"beschreib":"Flutmauer","beschreib_":null,"foto1":"https://nlwkn.hannit-share.de/index.php/core/preview?fileId=11063230&x=1280&y=819&a=true","foto2":"https://nlwkn.hannit-share.de/index.php/core/preview?fileId=11063233&x=1280&y=819&a=true","foto3":null,"foto4":null,"link1":null,"link2":null,"denkmal":"Nein","AIS_NR":0},"geometry":{"type":"MultiLineString","coordinates":[[[806745.241198340780102,6943988.366665261797607],[806644.970671091228724,6943956.443730751983821],[806273.17243293451611,6943893.889608152210712],[806101.346186695969664,6943885.172080792486668],[806000.438160497578792,6943889.953166773542762]]]}},
{"type":"Feature","properties":{"ID_con":1281,"bw_id":"VEC_SON_108300_110225","name":"Projektgebiet Strukturverbessernde Maßnahmen Frenswegen","GEW":"VEC","stat_von":108300.0,"stat_bis":110225.0,"gew_seite":"M","gew_versat":0.0,"bauart":"Projektgebiet","baujahr":"2018-2021","upflicht":"NLWKN","KTR":null,"FSK":"033151024000550005__","bemerk":null,"beschreib":"Projektgebiet Strukturverbessernde Maßnahmen Frenswegen","beschreib_":null,"foto1":"https://nlwkn.hannit-share.de/index.php/core/preview?fileId=11056478&x=1280&y=819&a=true","foto2":"https://nlwkn.hannit-share.de/index.php/core/preview?fileId=11056481&x=1280&y=819&a=true","foto3":null,"foto4":null,"link1":null,"link2":null,"denkmal":"Nein","AIS_NR":0},"geometry":{"type":"MultiLineString","coordinates":[[[781564.469092147890478,6886010.876897471956909],[781562.460843750857748,6885988.306538962759078],[781554.069307188270614,6885946.073104705661535],[781543.825101961148903,6885913.35851770080626],[781528.927921517402865,6885876.2636708477512],[781514.845077970763668,6885848.230062652379274],[781490.437364440993406,6885809.80998667050153],[781471.787370141595602,6885774.207210161723197],[781462.902666756883264,6885750.038613131269813],[781455.098690147860907,6885705.69558197632432],[781452.970971287111752,6885686.497205853462219],[781451.810951280873269,6885651.375470204278827],[781455.345709652756341,6885619.041987623088062],[781459.810522428248078,6885591.517134079709649],[781477.131721343845129,6885539.891044417396188],[781538.275363715947606,6885378.885737858712673],[781561.410762870567851,6885327.950955154374242],[781595.020110561163165,6885262.41893760394305],[781622.160882479278371,6885220.10221897251904],[781649.040277402033098,6885187.346970703452826],[781705.921243836986832,6885124.049046888947487],[781762.755991334561259,6885062.344821211881936],[781775.729747437639162,6885049.483088007196784],[781787.282397590926848,6885038.030824246816337],[781808.960828661103733,6885014.037925409153104],[781813.530338116688654,6885008.979992589913309],[781836.182809182908386,6884975.57864360883832],[781847.462045585620217,6884950.901419112458825],[781866.855769352056086,6884900.930144974030554],[781880.486548107699491,6884867.812138772569597],[781895.205252021900378,6884833.661421437747777],[781919.019264558446594,6884796.569338279776275],[781945.838040016009472,6884765.939967144280672],[781973.599862125469372,6884739.589887656271458],[781984.325548420194536,6884730.105694555677474],[781993.35949907626491,6884721.322159384377301],[781998.541083853808232,6884712.217947109602392],[782002.668752266676165,6884702.439832874573767],[782001.689367581042461,6884667.578297533094883],[781990.453140445868485,6884607.707693425938487],[781973.086255624191836,6884536.703228930942714],[781979.443436754285358,6884492.367593316361308],[782011.998635494266637,6884454.771099929697812],[782048.188599389977753,6884425.444954301230609],[782080.527266060002148,6884411.494806394912302],[782108.726730794529431,6884407.752140684984624],[782134.887117387726903,6884423.735510469414294],[782146.626784140826203,6884449.429758242331445],[782151.217585848644376,6884477.723422997631133],[782157.799386007594876,6884511.662327867001295],[782168.33056934713386,6884550.225238185375929],[782186.577670387341641,6884588.999515402130783],[782219.669989390997216,6884633.986441671848297],[782264.224033174687065,6884667.675637270323932],[782287.02288026351016,6884673.245603491552174],[782322.813298655673862,6884670.474345517344773],[782353.145186977926642,6884666.520285347476602],[782392.674856637837365,6884655.907044697552919],[782452.627783422009088,6884635.220108741894364],[782505.031999421189539,6884619.110305146314204],[782541.766460629296489,6884613.734267190098763],[782585.803985097911209,6884612.812896783463657],[782625.515291330870241,6884614.960595335811377],[782654.57275093626231,6884618.943805668503046],[782687.724057144485414,6884628.354614087380469],[782732.801010426017456,6884647.660672932863235],[782775.260063545894809,6884665.83071775175631],[782816.229064764687791,6884680.240127987228334],[782867.884312681504525,6884691.750117886811495],[782916.56100564985536,6884695.735836278647184],[782966.498585876310244,6884692.314360799267888],[783030.43089699652046,6884681.299376561306417],[783081.252307090326212,6884667.397443829104304],[783081.290284073795192,6884667.386979426257312],[783099.347525596967898,6884662.446765579283237],[783160.94606308429502,6884639.6726692346856],[783198.128770062350668,6884620.569616154767573]]]}},
{"type":"Feature","properties":{"ID_con":2450,"bw_id":"SNK_SON_9420_9580","name":"Denkmalgeschützter Baumbestand","GEW":"SNK","stat_von":9420.0,"stat_bis":9580.0,"gew_seite":"L","gew_versat":20.0,"bauart":"Denkmal","baujahr":null,"upflicht":"??","KTR":null,"FSK":"03315401900070______","bemerk":null,"beschreib":"Denkmalgeschützter Baumbestand (Objekttyp: Baumbestand; ID:36064362)","beschreib_":null,"foto1":null,"foto2":null,"foto3":null,"foto4":null,"link1":null,"link2":null,"denkmal":"Ja","AIS_NR":0},"geometry":{"type":"MultiLineString","coordinates":[[[788864.541453192359768,6897166.245782733894885],[788818.887572099920362,6897425.414240254089236]]]}},
{"type":"Feature","properties":{"ID_con":1148,"bw_id":"HRK_SON_0_13475","name":"Fernsteuerung HRK","GEW":"HRK","stat_von":0.0,"stat_bis":13475.0,"gew_seite":"M","gew_versat":0.0,"bauart":"Fernsteuerung","baujahr":"2003","upflicht":"NLWKJN","KTR":"MDWEN20100","FSK":null,"bemerk":null,"beschreib":"Fernsteuerung der Brücken und Schleusen am HRK für die Schifffahrt","beschreib_":"Bis etwa 1988 wurden die vier Schleusen sowie zehn Klapp- und Drehbrücken im Verlauf des damals schon über 100 Jahre alten Haren-Rütenbrock-Kanals von mehreren Schleusenwärtern und Schleusenwärterinnen von Hand bedient. Mit der Umstellung auf maschi","foto1":"https://nlwkn.hannit-share.de/index.php/core/preview?fileId=11062894&x=1280&y=819&a=true","foto2":"https://nlwkn.hannit-share.de/index.php/core/preview?fileId=11062897&x=1280&y=819&a=true","foto3":null,"foto4":null,"link1":null,"link2":null,"denkmal":"Nein","AIS_NR":0},"geometry":{"type":"MultiLineString","coordinates":[[[806819.090270416345447,6943973.324556573294103],[806764.7993458568817,6943960.457799614407122],[806699.505335705238394,6943935.692988704890013],[806677.257778493105434,6943930.22474760375917],[806652.736358170863241,6943924.197921846061945],[806499.622985418187454,6943897.449425797909498],[806356.719411542173475,6943875.550288303755224],[806276.750501499278471,6943860.939538383856416],[806191.99916296324227,6943854.262330641970038],[806101.401409234269522,6943852.04333106521517],[806085.524392530322075,6943852.185358452610672],[806032.537422721157782,6943852.657161471433938],[806020.334363176254556,6943854.195899638347328],[805948.511927129817195,6943863.251017417758703],[805874.751029878505506,6943876.395482341758907],[805806.583986863261089,6943895.430087872780859],[805765.997077155625448,6943912.838232489302754],[805715.954307915410027,6943941.519801657646894],[805672.763942149584182,6943971.517565989866853],[805630.691319610807113,6944002.694048462435603],[805595.358641421073116,6944039.788164093159139],[805523.491680315695703,6944116.246370615437627],[805385.709859236492775,6944260.106012602336705],[805249.530957253417,6944405.429875370115042],[805200.481431599007919,6944457.772903586737812],[805166.535952027421445,6944493.996253666467965],[805058.204944660421461,6944606.370058248750865],[804936.829953146982007,6944735.680230100639164],[804707.194688061717898,6944973.915342912077904],[804682.897281927987933,6944998.156772387214005],[804681.313485158607364,6944999.737597037106752],[804654.367246145382524,6945022.081972924992442],[804626.275990653084591,6945044.398370462469757],[804589.065029996447265,6945064.189533211290836],[804526.364260670146905,6945093.703684943728149],[804449.788336966885254,6945127.477431079372764],[804424.292467089369893,6945138.980309402570128],[804391.760149955865927,6945153.656470925547183],[804356.174996983841993,6945170.64948074426502],[804142.073293900117278,6945272.886488705873489],[804009.786168904858641,6945331.740035354159772],[803546.679394435486756,6945541.163497109897435],[803401.622224035905674,6945605.445224540308118],[803236.808614771463908,6945679.588682297617197],[803202.714415602735244,6945693.437877582386136],[803122.026870047207922,6945726.209142975509167],[803062.488346932572313,6945751.571736261248589],[803045.467465061345138,6945758.822632632218301],[802956.147166797774844,6945796.869684630073607],[802929.392866865731776,6945811.161978850141168],[802878.124991044402122,6945842.102348302491009],[802831.415674812276848,6945874.306128744967282],[802802.082744144019671,6945900.039227315224707],[802770.283999673789367,6945932.615922848694026],[802730.113877154886723,6945978.789499581791461],[802684.03615708486177,6946031.721134098246694],[802603.543594439397566,6946134.632084931246936],[802601.057940006139688,6946137.811876352876425],[802580.878203000407666,6946160.417383768595755],[802580.796443256898783,6946160.517814412713051],[802549.792732083122246,6946199.356546960771084],[802539.522864154656418,6946212.219387304969132],[802513.528329113963991,6946246.746671691536903],[802513.500982123543508,6946246.783898718655109],[802498.131044442299753,6946267.196261074393988],[802482.5475464646006,6946287.892687663435936],[802310.954656132613309,6946495.334396806545556],[802275.338421896798536,6946542.774518270976841],[802245.543820281745866,6946586.908057035878301],[802221.685290390625596,6946623.134356734342873],[802204.766750078066252,6946657.233765868470073],[802124.790033416124061,6946826.694668371230364],[802088.342970582889393,6946907.486734788864851],[802050.689451057929546,6946990.5512101855129],[802025.19394297816325,6947046.300846099853516],[802004.717402965412475,6947084.915214188396931],[801974.947948916582391,6947127.899554588831961],[801940.503813087707385,6947174.221126130782068],[801912.082582055474631,6947209.184574583545327],[801884.977916084579192,6947237.276473495177925],[801835.617652894696221,6947283.22311444953084],[801596.984828188666143,6947507.410542257130146],[801485.378190842689946,6947609.339212115854025],[801221.022226852364838,6947851.294276190921664],[801095.235272364341654,6947968.978518065996468],[801001.259376707021147,6948054.085940376855433],[800951.745009070844389,6948105.783019370399415],[800879.595686795888469,6948190.289096382446587],[800671.483623099629767,6948431.354723796248436],[800634.81761662021745,6948474.169388298876584],[800594.247418372076936,6948535.300534782931209],[800567.966459879186004,6948576.074696974828839],[800561.332627187017351,6948587.178203805349767],[800536.804479193175212,6948628.235018164850771],[800517.620777042931877,6948665.420853290706873],[800516.287828163360246,6948668.002643748186529],[800497.8933700628113,6948714.731453387998044],[800438.456176396808587,6948887.038066019304097],[800376.720902964007109,6949059.291600498370826],[800339.552686978830025,6949167.705252077430487],[800323.99185721098911,6949238.680231220088899],[800316.007593932095915,6949282.221519106067717],[800293.503458917490207,6949355.323286018334329],[800260.411038642632775,6949438.520035886205733],[800194.7119727950776,6949585.358349606394768],[800078.480454637785442,6949915.110122519545257],[800025.344098555040546,6950067.071161297149956],[799955.979480605572462,6950265.438578991219401],[799831.258542751078494,6950612.268993064761162],[799716.288782412651926,6950936.334208468906581],[799691.536164279328659,6951007.090997059829533],[799676.777590090758167,6951045.86326455231756],[799653.896310705575161,6951087.884111949242651],[799637.21802800509613,6951111.639653935097158],[799618.303432904765941,6951133.03708135150373],[799585.352571460767649,6951164.441002447158098],[799553.780661340686493,6951186.668719464913011],[799508.290139893884771,6951214.300764495506883],[799500.673400773550384,6951217.730704572983086],[799479.247965164366178,6951227.380939417518675],[799445.698721003951505,6951236.892799764871597],[799425.822754328488372,6951241.484051501378417],[799405.264168396824971,6951246.231706784106791],[799386.80526211252436,6951251.883678774349391],[799367.06606770248618,6951257.927025927230716],[799333.805929878377356,6951268.412681721150875],[799282.548371025244705,6951284.568472276441753],[798733.078761116950773,6951438.716148435138166],[798144.093536292668432,6951610.243085910566151],[797558.556781737250276,6951780.667903651483357],[796974.201771677588113,6951948.782233326695859],[796750.524659816641361,6952012.896148040890694],[796380.581805547466502,6952118.921278054825962],[795797.385149482404813,6952284.681690631434321],[795582.943419683491811,6952347.569811999797821],[795504.667992184404284,6952370.524152182042599],[795216.344338609836996,6952455.06619870942086],[794620.234384740004316,6952629.628463555127382],[794520.704876831849106,6952658.13658809568733],[794232.531092228135094,6952740.474173152819276],[794027.634248116286471,6952800.78520988766104],[793944.262243336765096,6952826.252593106590211],[793714.372846342739649,6952891.781559530645609],[793440.809583258000202,6952969.750327138230205],[793145.576488590566441,6953057.624670413322747],[793111.469828872475773,6953068.470690094865859],[793025.101007707766257,6953095.934675447642803],[792936.979941783822142,6953127.027088732458651],[792920.125173664651811,6953134.930223412811756],[792864.871065306593664,6953160.841759094037116],[792849.407723491662182,6953168.222845884971321],[792729.9264026543824,6953225.257295085117221],[792678.451051217038184,6953249.973318980075419],[792515.566550172050484,6953328.179486302658916],[792443.307297546416521,6953362.873248411342502],[792275.018951019272208,6953443.66847213357687],[791678.088063240633346,6953732.032972121611238],[791225.450910212122835,6953949.3054912481457],[791167.417130932444707,6953976.948461215011775],[791144.136837086058222,6953988.036605240777135],[791090.67714342137333,6954013.499095489270985],[791076.521096851909533,6954020.241309692151845],[790518.484800199163146,6954291.757100428454578],[790506.215479564503767,6954297.725253787823021],[789922.03309614630416,6954577.114347967319191],[789211.964140346506611,6954922.233409298583865],[789168.484593750908971,6954942.597776651382446],[789105.421771440887824,6954972.132875289767981],[789104.916550193796866,6954972.369652434252203],[789027.338077580207027,6955007.5894789788872]]]}},
{"type":"Feature","properties":{"ID_con":1130,"bw_id":"HAS_SON_42310_42540","name":"Laufverlängerung und Auenentwicklung Beelmann","GEW":"HAS","stat_von":42310.0,"stat_bis":42540.0,"gew_seite":"L","gew_versat":-50.0,"bauart":"Projektgebiet","baujahr":null,"upflicht":"NLWKN","KTR":null,"FSK":"033209005001070020__","bemerk":null,"beschreib":"Projektgebiet Beelmann. Laufverlängerung und Auenentwicklung Beelmann","beschreib_":"Projektgebiet Beelmann. Laufverlängerung und Auenentwicklung Beelmann","foto1":"https://nlwkn.hannit-share.de/index.php/core/preview?fileId=11065660&x=1280&y=819&a=true","foto2":"https://nlwkn.hannit-share.de/index.php/core/preview?fileId=11065663&x=1280&y=819&a=true","foto3":"https://nlwkn.hannit-share.de/index.php/core/preview?fileId=11065666&x=1280&y=819&a=true","foto4":"https://nlwkn.hannit-share.de/index.php/core/preview?fileId=11065669&x=1280&y=819&a=true","link1":"https://nlwkn.hannit-share.de/index.php/core/preview?fileId=8189109&x=1280&y=819&a=true","link2":"https://nlwkn.hannit-share.de/index.php/core/preview?fileId=8189149&x=1280&y=819&a=true","denkmal":"Nein","AIS_NR":0},"geometry":{"type":"MultiLineString","coordinates":[[[841269.490821980289184,6924598.703392400406301],[841504.118909386335872,6924588.006472502835095],[841610.616100130602717,6924606.621835145168006],[841684.722180472919717,6924663.099219582043588]]]}},
{"type":"Feature","properties":{"ID_con":1115,"bw_id":"HAS_SON_2580_3510","name":"ausgebauter Radweg (Premiumradweg)","GEW":"HAS","stat_von":2580.0,"stat_bis":3510.0,"gew_seite":"R","gew_versat":35.0,"bauart":"Radweg","baujahr":"2013","upflicht":"Stadt Meppen","KTR":null,"FSK":"033110013000060011__","bemerk":null,"beschreib":"ausgebauter Radweg (Premiumradweg) rechts","beschreib_":"ausgebauter Radweg (Premiumradweg) rechts","foto1":"https://nlwkn.hannit-share.de/index.php/core/preview?fileId=11065330&x=1280&y=819&a=true","foto2":"https://nlwkn.hannit-share.de/index.php/core/preview?fileId=11065333&x=1280&y=819&a=true","foto3":"https://nlwkn.hannit-share.de/index.php/core/preview?fileId=11065336&x=1280&y=819&a=true","foto4":"https://nlwkn.hannit-share.de/index.php/core/preview?fileId=11065339&x=1280&y=819&a=true","link1":null,"link2":null,"denkmal":"Nein","AIS_NR":0},"geometry":{"type":"MultiLineString","coordinates":[[[814101.417474482324906,6926391.680300029926002],[814175.677961717476137,6926472.182405599392951],[814340.108432532288134,6926568.616455968469381],[814421.936700235353783,6926600.969758620485663],[814484.487709413981065,6926608.283890469931066],[814573.600506077404134,6926587.136589118279517],[814618.516694701393135,6926555.817828894592822],[814668.589363184059039,6926485.503632045350969],[814794.494495640508831,6926092.60617420822382],[814844.277129162452184,6925991.495421764440835],[814882.12639772077091,6925965.608392321504653],[814929.055823539849371,6925948.891283282078803],[815208.40647620940581,6925896.264148194342852]]]}},
{"type":"Feature","properties":{"ID_con":1127,"bw_id":"HAS_SON_39015_39970","name":"Projektgebiet Andrup","GEW":"HAS","stat_von":39015.0,"stat_bis":39970.0,"gew_seite":"M","gew_versat":0.0,"bauart":"Projektgebiet","baujahr":"2017/18","upflicht":"NLWKN","KTR":null,"FSK":"033214006000020010__","bemerk":null,"beschreib":"Strukturverbessernde Maßnahmen Andrup","beschreib_":"Strukturverbessernde Maßnahmen Andrup","foto1":null,"foto2":null,"foto3":null,"foto4":null,"link1":null,"link2":null,"denkmal":"Nein","AIS_NR":0},"geometry":{"type":"MultiLineString","coordinates":[[[837718.151671187602915,6922509.357331422157586],[837718.208893140545115,6922511.068823929876089],[837718.502645002445206,6922519.815835800021887],[837715.634390606777743,6922549.881826433353126],[837701.716163211502135,6922606.083167994394898],[837692.441951338085346,6922655.600732953287661],[837690.095039816689678,6922696.974980281665921],[837689.587972362525761,6922721.818686030805111],[837696.467995954095386,6922752.839479905553162],[837711.608530873432755,6922784.029750321991742],[837737.232537390780635,6922816.941549791954458],[837779.2547371230321,6922856.213298157788813],[837836.1765413263347,6922901.817726851440966],[837907.442751908907667,6922943.949032824486494],[838030.776012268848717,6923012.000895517878234],[838117.034327342058532,6923055.945806303992867],[838297.555940470658243,6923156.797675323672593],[838374.927081341855228,6923194.531447198241949],[838420.23566663893871,6923220.31239081081003],[838462.508017349406146,6923247.537694660946727],[838498.023533728439361,6923274.625026326626539],[838548.314340173848905,6923314.065436911769211],[838585.882439800072461,6923350.985558393411338],[838624.095857496839017,6923393.192484083585441],[838655.535662602400407,6923436.013786975294352],[838666.141305682016537,6923451.233962000347674],[838681.089369313209318,6923472.689174134284258],[838702.857979456195608,6923510.793879077769816],[838725.964616426383145,6923548.817750294692814]]]}},
{"type":"Feature","properties":{"ID_con":1302,"bw_id":"VEC_SON_126240_127060","name":"Schilfsaum rechtsseitig","GEW":"VEC","stat_von":126240.0,"stat_bis":127060.0,"gew_seite":"R","gew_versat":5.0,"bauart":"Schilfsaum","baujahr":null,"upflicht":"NLWKN","KTR":null,"FSK":"033153009000480002__","bemerk":null,"beschreib":null,"beschreib_":null,"foto1":"https://nlwkn.hannit-share.de/index.php/core/preview?fileId=11057045&x=1280&y=819&a=true","foto2":null,"foto3":null,"foto4":null,"link1":null,"link2":null,"denkmal":"Nein","AIS_NR":0},"geometry":{"type":"MultiLineString","coordinates":[[[798968.553354656905867,6868996.567497466690838],[799001.967488131020218,6868961.270106335170567],[799037.449747226783074,6868931.98678866494447],[799057.235370208043605,6868918.725565753877163],[799116.079659810173325,6868890.31558277644217],[799143.865110970218666,6868881.638911407440901],[799401.102997485431843,6868816.925259280949831],[799459.121754822903313,6868806.755617753602564],[799536.160174455260858,6868808.61716722138226],[799719.473127386998385,6868837.482966104522347],[799756.834703312721103,6868838.491611173376441],[799807.849072000943124,6868836.966373820789158],[799834.0220827893354,6868830.201453705318272],[799905.961872357060201,6868798.510978443548083],[800053.420306967804208,6868700.184140977449715],[800078.680588525836356,6868687.810156003572047],[800098.577470674994402,6868681.192147131077945],[800120.713712792145088,6868676.733941273763776],[800212.83274744276423,6868672.069738628342748]]]}},
{"type":"Feature","properties":{"ID_con":1231,"bw_id":"SNK_SON_21230_21300","name":"Kanalaufweitung Twist","GEW":"SNK","stat_von":21230.0,"stat_bis":21300.0,"gew_seite":"L","gew_versat":10.0,"bauart":"Kanalaufweitung","baujahr":null,"upflicht":"NLWKN","KTR":null,"FSK":"033118005001010031__","bemerk":null,"beschreib":"Kanalaufweitung Twist","beschreib_":"Kanalaufweitung Twist","foto1":"https://nlwkn.hannit-share.de/index.php/core/preview?fileId=11060081&x=1280&y=819&a=true","foto2":null,"foto3":null,"foto4":null,"link1":null,"link2":null,"denkmal":"Nein","AIS_NR":0},"geometry":{"type":"MultiLineString","coordinates":[[[790124.689401990035549,6913860.705169889144599],[790125.930969970300794,6913976.078405200503767]]]}},
{"type":"Feature","properties":{"ID_con":2166,"bw_id":"VEC_SON_120800_121500","name":"Biotop (GB-NOH 3508/044)","GEW":"VEC","stat_von":120800.0,"stat_bis":121500.0,"gew_seite":"L","gew_versat":-20.0,"bauart":"Biotop","baujahr":null,"upflicht":"Landkreis Grafschaft Bentheim","KTR":null,"FSK":"034201006000370001__","bemerk":null,"beschreib":null,"beschreib_":null,"foto1":null,"foto2":null,"foto3":null,"foto4":null,"link1":null,"link2":null,"denkmal":"Nein","AIS_NR":0},"geometry":{"type":"MultiLineString","coordinates":[[[792150.11452059855219,6873106.193845761008561],[792295.602000659680925,6873105.362114693969488],[792341.671600446221419,6873120.538067895919085],[792397.682192621403374,6873147.456126407720149],[792528.464871054515243,6873234.522111503407359],[792560.480823314748704,6873250.309567676857114],[792581.670523544773459,6873252.993093458004296],[792614.7240082945209,6873247.508562076836824],[792713.964092566166073,6873209.121626713313162],[792760.356391522916965,6873201.251164984889328],[792896.379890438984148,6873202.517250559292734],[792915.674148054909892,6873192.121173511259258],[792918.527587032527663,6873188.061581053771079],[792944.791406550211832,6873116.12271234113723],[793040.423603422939777,6872926.937839852645993]]]}},
{"type":"Feature","properties":{"ID_con":2050,"bw_id":"DIN_SON_1015_1165","name":"Böschungsmauer rechts (BÖK) uh Brücke","GEW":"DIN","stat_von":1015.0,"stat_bis":1165.0,"gew_seite":"R","gew_versat":14.0,"bauart":"Böschungsmauer","baujahr":null,"upflicht":"NLWKN??","KTR":"MBUVE00300","FSK":"033147002000300062__","bemerk":null,"beschreib":"Böschungsmauer rechts uh Brücke","beschreib_":null,"foto1":"https://nlwkn.hannit-share.de/index.php/core/preview?fileId=11067937&x=1280&y=819&a=true","foto2":"https://nlwkn.hannit-share.de/index.php/core/preview?fileId=11067940&x=1280&y=819&a=true","foto3":"https://nlwkn.hannit-share.de/index.php/core/preview?fileId=11067943&x=1280&y=819&a=true","foto4":"https://nlwkn.hannit-share.de/index.php/core/preview?fileId=11067946&x=1280&y=819&a=true","link1":null,"link2":null,"denkmal":"Nein","AIS_NR":0},"geometry":{"type":"MultiLineString","coordinates":[[[774967.54921300325077,6890856.471231868490577],[775000.670737546286546,6890766.763084022328258],[775010.855525048566051,6890699.512788630090654],[775007.914668875746429,6890664.591326646506786],[774990.281866536126472,6890604.714651926420629]]]}}
]
}
