{
"type": "FeatureCollection",
"name": "exp_bw_ein",
"xy_coordinate_resolution": 1e-06,
"features": [
{"type":"Feature","properties":{"ID_con":2044,"bw_id":"DIN_EIN_125","name":"Rohreinlauf (mit Rückstauklappe und Schieber)","GEW":"DIN","stat_von":125.0,"bauart":"Rohreinlauf mit Rückstauklappe und Schieber","baujahr":null,"upflicht":"??Wasser- und Abwasser-ZweckverbandNiedergrafschaft (WAZ)","KTR":null,"FSK":"033147019001110023__","bemerk":"mit Schieber","beschreib":"Rohrdurchlass an unterer Böschung mit Rückstauklappe und Schieber (rechts neben dem Radweg) am Ende des asphaltierten Radwegs","beschreib_lang":null,"foto1":"https://nlwkn.hannit-share.de/index.php/core/preview?fileId=11067580&x=1280&y=819&a=true","foto2":"https://nlwkn.hannit-share.de/index.php/core/preview?fileId=11067583&x=1280&y=819&a=true","foto3":"https://nlwkn.hannit-share.de/index.php/core/preview?fileId=11067586&x=1280&y=819&a=true","foto4":"https://nlwkn.hannit-share.de/index.php/core/preview?fileId=11067589&x=1280&y=819&a=true","link1":null,"link2":null,"denkmal":"Nein","akz":null,"WR":null,"Ein_GWZ":null,"Ein_GKZ":null,"Ein_Name":null,"Ein_ord":"Sonstige","Ein_WKID":null,"Ein_DN":null,"Breite":null,"Hoehe":null,"NN_Sohle":0.0,"WK_NR":null,"URL_WKDB":null,"rwert":361806.0,"hwert":5819323.0},"geometry":{"type":"Point","coordinates":[6.963824,52.506494]}},
{"type":"Feature","properties":{"ID_con":270,"bw_id":"DIN_EIN_170","name":"Rohreinlauf","GEW":"DIN","stat_von":170.0,"bauart":"Rohrdurchlass","baujahr":null,"upflicht":"NLSTBV??","KTR":null,"FSK":"033147001000010048__","bemerk":"Zuständigkeit prüfen","beschreib":"Rohreinlauf unterhalb Brücke Westring (L44)","beschreib_lang":null,"foto1":"https://nlwkn.hannit-share.de/index.php/core/preview?fileId=11067661&x=1280&y=819&a=true","foto2":"https://nlwkn.hannit-share.de/index.php/core/preview?fileId=11067664&x=1280&y=819&a=true","foto3":"https://nlwkn.hannit-share.de/index.php/core/preview?fileId=11067667&x=1280&y=819&a=true","foto4":"https://nlwkn.hannit-share.de/index.php/core/preview?fileId=11067670&x=1280&y=819&a=true","link1":null,"link2":null,"denkmal":"Nein","akz":null,"WR":null,"Ein_GWZ":null,"Ein_GKZ":null,"Ein_Name":null,"Ein_ord":"3. Ordnung??","Ein_WKID":null,"Ein_DN":null,"Breite":null,"Hoehe":null,"NN_Sohle":null,"WK_NR":null,"URL_WKDB":null,"rwert":361777.0,"hwert":5819284.0},"geometry":{"type":"Point","coordinates":[6.963413,52.506136]}},
{"type":"Feature","properties":{"ID_con":273,"bw_id":"DIN_EIN_195","name":"Einmündung Strootgraben","GEW":"DIN","stat_von":195.0,"bauart":"Kastendurchlass mit Überfahrt","baujahr":null,"upflicht":"UHV 114","KTR":null,"FSK":"033147001000010048__","bemerk":"!!Meldung an GB III zur Änderung des Gew-Verlaufes im Mündungsbereich!!","beschreib":"Mündung Strootgraben rechts (Kastendurchlass mit Überfahrt und Geländer)","beschreib_lang":null,"foto1":"https://nlwkn.hannit-share.de/index.php/core/preview?fileId=11067697&x=1280&y=819&a=true","foto2":"https://nlwkn.hannit-share.de/index.php/core/preview?fileId=11067700&x=1280&y=819&a=true","foto3":"https://nlwkn.hannit-share.de/index.php/core/preview?fileId=11067703&x=1280&y=819&a=true","foto4":"https://nlwkn.hannit-share.de/index.php/core/preview?fileId=11067706&x=1280&y=819&a=true","link1":"https://nlwkn.hannit-share.de/index.php/core/preview?fileId=11067709&x=1280&y=819&a=true","link2":"https://nlwkn.hannit-share.de/index.php/core/preview?fileId=11067712&x=1280&y=819&a=true","denkmal":"Nein","akz":null,"WR":null,"Ein_GWZ":92864994,"Ein_GKZ":928649949,"Ein_Name":"Strootgraben","Ein_ord":"2. Ordnung","Ein_WKID":null,"Ein_DN":null,"Breite":null,"Hoehe":null,"NN_Sohle":null,"WK_NR":null,"URL_WKDB":null,"rwert":361786.0,"hwert":5819247.0},"geometry":{"type":"Point","coordinates":[6.963561,52.505806]}},
{"type":"Feature","properties":{"ID_con":276,"bw_id":"DIN_EIN_330","name":"Regenwassereinlauf (mit Rückstauklappe)","GEW":"DIN","stat_von":330.0,"bauart":"Rohrdurchlass mit Rückstauklappe","baujahr":null,"upflicht":"Stadt Neuenhaus","KTR":null,"FSK":"033147001000010048__","bemerk":"Einlauf und Standort prüfen","beschreib":"Rohrdurchlass links (mit Rückstauklappe)","beschreib_lang":null,"foto1":"https://nlwkn.hannit-share.de/index.php/core/preview?fileId=11067733&x=1280&y=819&a=true","foto2":null,"foto3":null,"foto4":null,"link1":null,"link2":null,"denkmal":"Nein","akz":null,"WR":null,"Ein_GWZ":null,"Ein_GKZ":null,"Ein_Name":null,"Ein_ord":"Sonstige","Ein_WKID":null,"Ein_DN":null,"Breite":null,"Hoehe":null,"NN_Sohle":null,"WK_NR":null,"URL_WKDB":null,"rwert":361685.0,"hwert":5819154.0},"geometry":{"type":"Point","coordinates":[6.962113,52.504945]}},
{"type":"Feature","properties":{"ID_con":282,"bw_id":"DIN_EIN_475","name":"Rohrdurchlass mit Rückstauklappe (uh Brücke Hilterner Weg)","GEW":"DIN","stat_von":475.0,"bauart":"Rohrdurchlass mit Rückstauklappe","baujahr":null,"upflicht":"Stadt Neuenhaus","KTR":null,"FSK":"033147001000010048__","bemerk":null,"beschreib":"Rohrdurchlass mit Rückstauklappe (uh Brücke Hilterner Weg)","beschreib_lang":null,"foto1":"https://nlwkn.hannit-share.de/index.php/core/preview?fileId=11067739&x=1280&y=819&a=true","foto2":"https://nlwkn.hannit-share.de/index.php/core/preview?fileId=11067742&x=1280&y=819&a=true","foto3":"https://nlwkn.hannit-share.de/index.php/core/preview?fileId=11067745&x=1280&y=819&a=true","foto4":"https://nlwkn.hannit-share.de/index.php/core/preview?fileId=11067748&x=1280&y=819&a=true","link1":null,"link2":null,"denkmal":"Nein","akz":null,"WR":null,"Ein_GWZ":null,"Ein_GKZ":null,"Ein_Name":null,"Ein_ord":"Sonstige","Ein_WKID":null,"Ein_DN":null,"Breite":null,"Hoehe":null,"NN_Sohle":0.0,"WK_NR":null,"URL_WKDB":null,"rwert":361659.0,"hwert":5819007.0},"geometry":{"type":"Point","coordinates":[6.961791,52.503618]}},
{"type":"Feature","properties":{"ID_con":296,"bw_id":"DIN_EIN_895","name":"Einlauf Regenrückhaltebecken","GEW":"DIN","stat_von":895.0,"bauart":"Rohrdurchlass mit Gitterklappe","baujahr":null,"upflicht":"Stadt Neuenhaus","KTR":null,"FSK":"033147001000370009__","bemerk":null,"beschreib":"Rohrduchlass links (mit Gitterklappe) und weitere zwei Rohrdurchlässe","beschreib_lang":null,"foto1":"https://nlwkn.hannit-share.de/index.php/core/preview?fileId=11067832&x=1280&y=819&a=true","foto2":"https://nlwkn.hannit-share.de/index.php/core/preview?fileId=11067835&x=1280&y=819&a=true","foto3":"https://nlwkn.hannit-share.de/index.php/core/preview?fileId=11067838&x=1280&y=819&a=true","foto4":"https://nlwkn.hannit-share.de/index.php/core/preview?fileId=11067841&x=1280&y=819&a=true","link1":null,"link2":null,"denkmal":"Nein","akz":null,"WR":null,"Ein_GWZ":null,"Ein_GKZ":null,"Ein_Name":null,"Ein_ord":"Sonstige","Ein_WKID":null,"Ein_DN":null,"Breite":null,"Hoehe":null,"NN_Sohle":0.0,"WK_NR":null,"URL_WKDB":null,"rwert":361564.0,"hwert":5818596.0},"geometry":{"type":"Point","coordinates":[6.960563,52.499901]}},
{"type":"Feature","properties":{"ID_con":297,"bw_id":"DIN_EIN_925","name":"Einlauf Hoffbecke","GEW":"DIN","stat_von":925.0,"bauart":"Durchlass mit Rückstauklappe","baujahr":null,"upflicht":"Hoffbecke = Wabo Vechtetal II; Einlauf = Stadt Neuenhaus","KTR":null,"FSK":"033147001000370009__","bemerk":null,"beschreib":"Einmündung Hoffbecke links (mit Rückstauklappe)","beschreib_lang":null,"foto1":"https://nlwkn.hannit-share.de/index.php/core/preview?fileId=11067844&x=1280&y=819&a=true","foto2":"https://nlwkn.hannit-share.de/index.php/core/preview?fileId=11067847&x=1280&y=819&a=true","foto3":"https://nlwkn.hannit-share.de/index.php/core/preview?fileId=11067850&x=1280&y=819&a=true","foto4":"https://nlwkn.hannit-share.de/index.php/core/preview?fileId=11067853&x=1280&y=819&a=true","link1":null,"link2":null,"denkmal":"Nein","akz":null,"WR":null,"Ein_GWZ":null,"Ein_GKZ":null,"Ein_Name":null,"Ein_ord":"3. Ordnung","Ein_WKID":null,"Ein_DN":null,"Breite":null,"Hoehe":null,"NN_Sohle":null,"WK_NR":null,"URL_WKDB":null,"rwert":361573.0,"hwert":5818568.0},"geometry":{"type":"Point","coordinates":[6.960707,52.499652]}},
{"type":"Feature","properties":{"ID_con":298,"bw_id":"DIN_EIN_995","name":"Grabeneinlauf??","GEW":"DIN","stat_von":995.0,"bauart":"Rohrdurchlass??","baujahr":null,"upflicht":"Stadt Neuenhaus ??","KTR":null,"FSK":"033147001000370009__","bemerk":"Einlauf und U_Pflicht prüfen","beschreib":" Rohrdurchlass links (Satingbaane)","beschreib_lang":null,"foto1":"https://nlwkn.hannit-share.de/index.php/core/preview?fileId=11067856&x=1280&y=819&a=true","foto2":"https://nlwkn.hannit-share.de/index.php/core/preview?fileId=11067859&x=1280&y=819&a=true","foto3":"https://nlwkn.hannit-share.de/index.php/core/preview?fileId=11067862&x=1280&y=819&a=true","foto4":null,"link1":null,"link2":null,"denkmal":"Nein","akz":null,"WR":null,"Ein_GWZ":null,"Ein_GKZ":null,"Ein_Name":null,"Ein_ord":"??Sonstige","Ein_WKID":null,"Ein_DN":null,"Breite":null,"Hoehe":null,"NN_Sohle":null,"WK_NR":null,"URL_WKDB":null,"rwert":361604.0,"hwert":5818502.0},"geometry":{"type":"Point","coordinates":[6.961191,52.499066]}},
{"type":"Feature","properties":{"ID_con":265,"bw_id":"DIN_EIN_1310","name":"Einmündung Mossbecke","GEW":"DIN","stat_von":1310.0,"bauart":"Kastendurchlass mit Rückstauklappe","baujahr":null,"upflicht":"114","KTR":null,"FSK":"033147033000060006__","bemerk":"starke Anlandungen uh. , ist hier ein weiterer Rohreinlauf??","beschreib":"Mündung Mossbecke links (Kastendurchlass mit Rückstauklappe in Spundwand)","beschreib_lang":"Aufgrund der beengten Verhältnisse im Einmündungsbereich der Mossbecke sind die Anlandungen ohne Einzelfallentscheidung routinemäßig bei der Beseitigung von Abflusshindernissen in diesem Bereich zu entfernen.","foto1":"https://nlwkn.hannit-share.de/index.php/core/preview?fileId=11067592&x=1280&y=819&a=true","foto2":"https://nlwkn.hannit-share.de/index.php/core/preview?fileId=11067595&x=1280&y=819&a=true","foto3":"https://nlwkn.hannit-share.de/index.php/core/preview?fileId=11067598&x=1280&y=819&a=true","foto4":"https://nlwkn.hannit-share.de/index.php/core/preview?fileId=11067601&x=1280&y=819&a=true","link1":null,"link2":null,"denkmal":"Nein","akz":null,"WR":null,"Ein_GWZ":92864992,"Ein_GKZ":92864992,"Ein_Name":"Mossbecke","Ein_ord":"2. Ordnung","Ein_WKID":null,"Ein_DN":null,"Breite":null,"Hoehe":null,"NN_Sohle":null,"WK_NR":null,"URL_WKDB":null,"rwert":361550.0,"hwert":5818229.0},"geometry":{"type":"Point","coordinates":[6.96051,52.4966]}},
{"type":"Feature","properties":{"ID_con":266,"bw_id":"DIN_EIN_1515","name":"Einmündung Hardinger Becke","GEW":"DIN","stat_von":1515.0,"bauart":"Freie Einmündung","baujahr":null,"upflicht":"114","KTR":null,"FSK":"033147033000080003__","bemerk":null,"beschreib":"freier Zulauf Hardinger Becke links (über vorgeschaltetem Sandfang)","beschreib_lang":null,"foto1":"https://nlwkn.hannit-share.de/index.php/core/preview?fileId=11067604&x=1280&y=819&a=true","foto2":"https://nlwkn.hannit-share.de/index.php/core/preview?fileId=11067607&x=1280&y=819&a=true","foto3":"https://nlwkn.hannit-share.de/index.php/core/preview?fileId=11067610&x=1280&y=819&a=true","foto4":"https://nlwkn.hannit-share.de/index.php/core/preview?fileId=11067613&x=1280&y=819&a=true","link1":"https://nlwkn.hannit-share.de/index.php/core/preview?fileId=11067616&x=1280&y=819&a=true","link2":null,"denkmal":"Nein","akz":null,"WR":null,"Ein_GWZ":9286492,"Ein_GKZ":92864929,"Ein_Name":"Hardinger Becke","Ein_ord":"2. Ordnung","Ein_WKID":32013,"Ein_DN":null,"Breite":null,"Hoehe":null,"NN_Sohle":null,"WK_NR":32013,"URL_WKDB":" ","rwert":361598.0,"hwert":5818021.0},"geometry":{"type":"Point","coordinates":[6.961303,52.494743]}},
{"type":"Feature","properties":{"ID_con":267,"bw_id":"DIN_EIN_1625","name":"Auslauf Umgehungsgerinne","GEW":"DIN","stat_von":1625.0,"bauart":"Freie Einmündung","baujahr":"2009/10","upflicht":"NLWKN","KTR":null,"FSK":"033147008000940060__","bemerk":null,"beschreib":"Umgehungsgerinne Dinkelwehr Neuenhaus, Auslauf","beschreib_lang":null,"foto1":"https://nlwkn.hannit-share.de/index.php/core/preview?fileId=11067619&x=1280&y=819&a=true","foto2":"https://nlwkn.hannit-share.de/index.php/core/preview?fileId=11067622&x=1280&y=819&a=true","foto3":"https://nlwkn.hannit-share.de/index.php/core/preview?fileId=11067625&x=1280&y=819&a=true","foto4":"https://nlwkn.hannit-share.de/index.php/core/preview?fileId=11067628&x=1280&y=819&a=true","link1":"https://nlwkn.hannit-share.de/index.php/core/preview?fileId=11067631&x=1280&y=819&a=true","link2":null,"denkmal":"Nein","akz":"62026-Dinkel Wehr Neuenhaus-579/2023","WR":null,"Ein_GWZ":null,"Ein_GKZ":null,"Ein_Name":null,"Ein_ord":"Sonstige","Ein_WKID":null,"Ein_DN":null,"Breite":null,"Hoehe":null,"NN_Sohle":null,"WK_NR":null,"URL_WKDB":null,"rwert":361708.0,"hwert":5817979.0},"geometry":{"type":"Point","coordinates":[6.962939,52.494394]}},
{"type":"Feature","properties":{"ID_con":2058,"bw_id":"DIN_EIN_1630","name":"Rohreinlauf in Umgehungsgerinne","GEW":"DIN","stat_von":1630.0,"bauart":"Rohreinlauf","baujahr":null,"upflicht":"Stadt Neuenhaus??","KTR":null,"FSK":"033147008001060020__","bemerk":null,"beschreib":"Rohreinlauf im Bereich des  Umgehungsgerinnes","beschreib_lang":null,"foto1":"https://nlwkn.hannit-share.de/index.php/core/preview?fileId=11067634&x=1280&y=819&a=true","foto2":"https://nlwkn.hannit-share.de/index.php/core/preview?fileId=11067637&x=1280&y=819&a=true","foto3":null,"foto4":null,"link1":null,"link2":null,"denkmal":"Nein","akz":null,"WR":null,"Ein_GWZ":null,"Ein_GKZ":null,"Ein_Name":null,"Ein_ord":"Sonstige","Ein_WKID":null,"Ein_DN":null,"Breite":null,"Hoehe":null,"NN_Sohle":0.0,"WK_NR":null,"URL_WKDB":null,"rwert":361705.0,"hwert":5817955.0},"geometry":{"type":"Point","coordinates":[6.962905,52.494178]}},
{"type":"Feature","properties":{"ID_con":268,"bw_id":"DIN_EIN_1675","name":"Einmündung Westl. Stadtgraben","GEW":"DIN","stat_von":1675.0,"bauart":"Kastendurchlass mit Absperrschütz","baujahr":null,"upflicht":"114","KTR":null,"FSK":"033147008000940060__","bemerk":"mit Schieber","beschreib":"Mündung Westl. Stadtgraben rechts (Kastendurchlass mit Rückstauklappe und Überfahrt)","beschreib_lang":null,"foto1":"https://nlwkn.hannit-share.de/index.php/core/preview?fileId=11067640&x=1280&y=819&a=true","foto2":"https://nlwkn.hannit-share.de/index.php/core/preview?fileId=11067643&x=1280&y=819&a=true","foto3":"https://nlwkn.hannit-share.de/index.php/core/preview?fileId=11067646&x=1280&y=819&a=true","foto4":"https://nlwkn.hannit-share.de/index.php/core/preview?fileId=11067649&x=1280&y=819&a=true","link1":null,"link2":null,"denkmal":"Nein","akz":null,"WR":null,"Ein_GWZ":9286499422,"Ein_GKZ":9286499422,"Ein_Name":"Westlicher Stadtgraben","Ein_ord":"2. Ordnung","Ein_WKID":null,"Ein_DN":null,"Breite":null,"Hoehe":null,"NN_Sohle":null,"WK_NR":null,"URL_WKDB":null,"rwert":361761.0,"hwert":5818004.0},"geometry":{"type":"Point","coordinates":[6.963709,52.494632]}},
{"type":"Feature","properties":{"ID_con":269,"bw_id":"DIN_EIN_1695","name":"Einlauf Umgehungsgerinne","GEW":"DIN","stat_von":1695.0,"bauart":"Durchlass mit Schütz","baujahr":"2009/10","upflicht":"NLWKN","KTR":null,"FSK":"033147008000940060__","bemerk":null,"beschreib":"Umgehungsgerinne Dinkelwehr Neuenhaus, Einlauf","beschreib_lang":null,"foto1":"https://nlwkn.hannit-share.de/index.php/core/preview?fileId=11067652&x=1280&y=819&a=true","foto2":"https://nlwkn.hannit-share.de/index.php/core/preview?fileId=11067655&x=1280&y=819&a=true","foto3":"https://nlwkn.hannit-share.de/index.php/core/preview?fileId=11067658&x=1280&y=819&a=true","foto4":null,"link1":null,"link2":null,"denkmal":"Nein","akz":"62026-Dinkel Wehr Neuenhaus-579/2023","WR":null,"Ein_GWZ":null,"Ein_GKZ":null,"Ein_Name":null,"Ein_ord":"Sonstige","Ein_WKID":null,"Ein_DN":null,"Breite":null,"Hoehe":null,"NN_Sohle":null,"WK_NR":null,"URL_WKDB":null,"rwert":361772.0,"hwert":5817959.0},"geometry":{"type":"Point","coordinates":[6.96389,52.49423]}},
{"type":"Feature","properties":{"ID_con":271,"bw_id":"DIN_EIN_1785","name":"Mündung Mühlengraben","GEW":"DIN","stat_von":1785.0,"bauart":"Rohrdurchlass mit Schieber","baujahr":null,"upflicht":"114","KTR":null,"FSK":"033147008000940060__","bemerk":"mit Schieber","beschreib":"Mündung Mühlengraben rechts(Rohrdurchlass mit Rückstauklappe)","beschreib_lang":null,"foto1":"https://nlwkn.hannit-share.de/index.php/core/preview?fileId=11067673&x=1280&y=819&a=true","foto2":"https://nlwkn.hannit-share.de/index.php/core/preview?fileId=11067676&x=1280&y=819&a=true","foto3":"https://nlwkn.hannit-share.de/index.php/core/preview?fileId=11067679&x=1280&y=819&a=true","foto4":"https://nlwkn.hannit-share.de/index.php/core/preview?fileId=11067682&x=1280&y=819&a=true","link1":null,"link2":null,"denkmal":"Nein","akz":null,"WR":null,"Ein_GWZ":928649942,"Ein_GKZ":9286499421,"Ein_Name":"Mühlengraben","Ein_ord":"2. Ordnung","Ein_WKID":null,"Ein_DN":null,"Breite":null,"Hoehe":null,"NN_Sohle":null,"WK_NR":null,"URL_WKDB":null,"rwert":361870.0,"hwert":5817957.0},"geometry":{"type":"Point","coordinates":[6.965333,52.494237]}},
{"type":"Feature","properties":{"ID_con":272,"bw_id":"DIN_EIN_1860","name":"Einmündung Östlicher Stadtgraben","GEW":"DIN","stat_von":1860.0,"bauart":"Kastendurchlass mit Schieber","baujahr":null,"upflicht":"114","KTR":null,"FSK":"033147008000940060__","bemerk":"mit Schieber","beschreib":"Enmündung Östlicher Stadtgraben über Kastendurchlass mit Schieber","beschreib_lang":null,"foto1":"https://nlwkn.hannit-share.de/index.php/core/preview?fileId=11067685&x=1280&y=819&a=true","foto2":"https://nlwkn.hannit-share.de/index.php/core/preview?fileId=11067688&x=1280&y=819&a=true","foto3":"https://nlwkn.hannit-share.de/index.php/core/preview?fileId=11067691&x=1280&y=819&a=true","foto4":"https://nlwkn.hannit-share.de/index.php/core/preview?fileId=11067694&x=1280&y=819&a=true","link1":null,"link2":null,"denkmal":"Nein","akz":null,"WR":null,"Ein_GWZ":9286499426,"Ein_GKZ":9286499426,"Ein_Name":"Östlicher Stadtgraben","Ein_ord":"2. Ordnung","Ein_WKID":null,"Ein_DN":null,"Breite":null,"Hoehe":null,"NN_Sohle":null,"WK_NR":null,"URL_WKDB":null,"rwert":361911.0,"hwert":5817878.0},"geometry":{"type":"Point","coordinates":[6.965969,52.493538]}},
{"type":"Feature","properties":{"ID_con":274,"bw_id":"DIN_EIN_2750","name":"Grabeneinmündung","GEW":"DIN","stat_von":2750.0,"bauart":"Rohrdurchlass","baujahr":null,"upflicht":"NLSTBV","KTR":null,"FSK":"03314704600014______","bemerk":null,"beschreib":"Rohrdurchlass rechts uh. Brücke Südring","beschreib_lang":null,"foto1":"https://nlwkn.hannit-share.de/index.php/core/preview?fileId=11067715&x=1280&y=819&a=true","foto2":"https://nlwkn.hannit-share.de/index.php/core/preview?fileId=11067718&x=1280&y=819&a=true","foto3":null,"foto4":null,"link1":null,"link2":null,"denkmal":"Nein","akz":null,"WR":null,"Ein_GWZ":null,"Ein_GKZ":null,"Ein_Name":null,"Ein_ord":"3. Ordnung","Ein_WKID":null,"Ein_DN":null,"Breite":null,"Hoehe":null,"NN_Sohle":null,"WK_NR":null,"URL_WKDB":null,"rwert":362057.0,"hwert":5817002.0},"geometry":{"type":"Point","coordinates":[6.968481,52.485704]}},
{"type":"Feature","properties":{"ID_con":275,"bw_id":"DIN_EIN_2805","name":"Grabeneinmündung","GEW":"DIN","stat_von":2805.0,"bauart":"Rohrdurchlass","baujahr":null,"upflicht":"Wasser- und Bodenverband Hardinger Beeke","KTR":null,"FSK":"03314704700002______","bemerk":null,"beschreib":"Rohrdurchlass links (oh Brücke Südring)","beschreib_lang":null,"foto1":"https://nlwkn.hannit-share.de/index.php/core/preview?fileId=11067721&x=1280&y=819&a=true","foto2":"https://nlwkn.hannit-share.de/index.php/core/preview?fileId=11067724&x=1280&y=819&a=true","foto3":"https://nlwkn.hannit-share.de/index.php/core/preview?fileId=11067727&x=1280&y=819&a=true","foto4":"https://nlwkn.hannit-share.de/index.php/core/preview?fileId=11067730&x=1280&y=819&a=true","link1":null,"link2":null,"denkmal":"Nein","akz":null,"WR":null,"Ein_GWZ":null,"Ein_GKZ":null,"Ein_Name":null,"Ein_ord":"3. Ordnung","Ein_WKID":null,"Ein_DN":null,"Breite":null,"Hoehe":null,"NN_Sohle":null,"WK_NR":null,"URL_WKDB":null,"rwert":362048.0,"hwert":5816951.0},"geometry":{"type":"Point","coordinates":[6.96837,52.485244]}},
{"type":"Feature","properties":{"ID_con":277,"bw_id":"DIN_EIN_3500","name":"Einmündung Alte Dinkel","GEW":"DIN","stat_von":3500.0,"bauart":"Freie Einmündung","baujahr":null,"upflicht":"114","KTR":null,"FSK":"03314704800069______","bemerk":null,"beschreib":"Mündung Alte Dinkel links (Freie Einmündung)","beschreib_lang":null,"foto1":"https://nlwkn.hannit-share.de/index.php/core/preview?fileId=11067736&x=1280&y=819&a=true","foto2":null,"foto3":null,"foto4":null,"link1":null,"link2":null,"denkmal":"Nein","akz":null,"WR":null,"Ein_GWZ":92864912,"Ein_GKZ":928649129,"Ein_Name":"Alte Dinkel","Ein_ord":"2. Ordnung","Ein_WKID":32004,"Ein_DN":null,"Breite":null,"Hoehe":null,"NN_Sohle":null,"WK_NR":32004,"URL_WKDB":"https://www.umweltkarten-niedersachsen.de/Download_OE/WRRL/WKDB_HE/32004_Dinkel.pdf","rwert":361865.0,"hwert":5816350.0},"geometry":{"type":"Point","coordinates":[6.965926,52.479798]}},
{"type":"Feature","properties":{"ID_con":278,"bw_id":"DIN_EIN_3705","name":"Einmündung Graben","GEW":"DIN","stat_von":3705.0,"bauart":"??Rohrdurchlass","baujahr":null,"upflicht":"??","KTR":null,"FSK":"033143002000160002__","bemerk":"Einlauf und U_Pflicht prüfen","beschreib":"Einmündung Graben","beschreib_lang":null,"foto1":null,"foto2":null,"foto3":null,"foto4":null,"link1":null,"link2":null,"denkmal":"Nein","akz":null,"WR":null,"Ein_GWZ":null,"Ein_GKZ":null,"Ein_Name":null,"Ein_ord":"3. Ordnung","Ein_WKID":null,"Ein_DN":null,"Breite":null,"Hoehe":null,"NN_Sohle":null,"WK_NR":null,"URL_WKDB":null,"rwert":361978.0,"hwert":5816175.0},"geometry":{"type":"Point","coordinates":[6.967661,52.478254]}},
{"type":"Feature","properties":{"ID_con":279,"bw_id":"DIN_EIN_3800","name":"Einmündung Altarm??","GEW":"DIN","stat_von":3800.0,"bauart":"??","baujahr":null,"upflicht":"??","KTR":null,"FSK":"033143002000160002__","bemerk":"Einlauf und U_Pflicht prüfen","beschreib":"Einmündung Altarm??","beschreib_lang":null,"foto1":null,"foto2":null,"foto3":null,"foto4":null,"link1":null,"link2":null,"denkmal":"Nein","akz":null,"WR":null,"Ein_GWZ":null,"Ein_GKZ":null,"Ein_Name":null,"Ein_ord":"3. Ordnung","Ein_WKID":null,"Ein_DN":null,"Breite":null,"Hoehe":null,"NN_Sohle":null,"WK_NR":null,"URL_WKDB":null,"rwert":362049.0,"hwert":5816108.0},"geometry":{"type":"Point","coordinates":[6.968734,52.47767]}},
{"type":"Feature","properties":{"ID_con":280,"bw_id":"DIN_EIN_3900","name":"Grabeneinmündung","GEW":"DIN","stat_von":3900.0,"bauart":"??","baujahr":null,"upflicht":"??","KTR":null,"FSK":"033143002000160002__","bemerk":"!!Die Grabeneinmündung ist zu prüfen!!","beschreib":"Grabeneinmündung rechts","beschreib_lang":null,"foto1":null,"foto2":null,"foto3":null,"foto4":null,"link1":null,"link2":null,"denkmal":"Nein","akz":null,"WR":null,"Ein_GWZ":null,"Ein_GKZ":null,"Ein_Name":null,"Ein_ord":"3. Ordnung","Ein_WKID":null,"Ein_DN":null,"Breite":null,"Hoehe":null,"NN_Sohle":null,"WK_NR":null,"URL_WKDB":null,"rwert":362107.0,"hwert":5816028.0},"geometry":{"type":"Point","coordinates":[6.96962,52.476966]}},
{"type":"Feature","properties":{"ID_con":281,"bw_id":"DIN_EIN_4430","name":"Einmündung Graben","GEW":"DIN","stat_von":4430.0,"bauart":"Rohrdurchlass","baujahr":null,"upflicht":"??","KTR":null,"FSK":"03314300700021______","bemerk":"u-pflicht und Einlauf prüfen","beschreib":"Einmündung Graben","beschreib_lang":null,"foto1":null,"foto2":null,"foto3":null,"foto4":null,"link1":null,"link2":null,"denkmal":"Nein","akz":null,"WR":null,"Ein_GWZ":null,"Ein_GKZ":null,"Ein_Name":null,"Ein_ord":"3. Ordnung","Ein_WKID":null,"Ein_DN":null,"Breite":null,"Hoehe":null,"NN_Sohle":null,"WK_NR":null,"URL_WKDB":null,"rwert":362436.0,"hwert":5815639.0},"geometry":{"type":"Point","coordinates":[6.974622,52.473554]}},
{"type":"Feature","properties":{"ID_con":283,"bw_id":"DIN_EIN_4790","name":"Einmündung Graben","GEW":"DIN","stat_von":4790.0,"bauart":"Freie Einmündung","baujahr":null,"upflicht":"??","KTR":null,"FSK":"033143002000160002__","bemerk":"_Pflicht prüfen","beschreib":"freie Grabeneinmündung links","beschreib_lang":null,"foto1":"https://nlwkn.hannit-share.de/index.php/core/preview?fileId=11067751&x=1280&y=819&a=true","foto2":"https://nlwkn.hannit-share.de/index.php/core/preview?fileId=11067754&x=1280&y=819&a=true","foto3":"https://nlwkn.hannit-share.de/index.php/core/preview?fileId=11067757&x=1280&y=819&a=true","foto4":null,"link1":null,"link2":null,"denkmal":"Nein","akz":null,"WR":null,"Ein_GWZ":null,"Ein_GKZ":null,"Ein_Name":null,"Ein_ord":"3. Ordnung","Ein_WKID":null,"Ein_DN":null,"Breite":null,"Hoehe":null,"NN_Sohle":null,"WK_NR":null,"URL_WKDB":null,"rwert":362504.0,"hwert":5815287.0},"geometry":{"type":"Point","coordinates":[6.975768,52.470409]}},
{"type":"Feature","properties":{"ID_con":284,"bw_id":"DIN_EIN_4795","name":"Einmündung Graben","GEW":"DIN","stat_von":4795.0,"bauart":"Rohrdurchlass mit Überfahrt","baujahr":null,"upflicht":"??","KTR":null,"FSK":"033143002000160002__","bemerk":"u-pflicht","beschreib":"Rohrdurchlass rechts mit Überfahrt","beschreib_lang":null,"foto1":"https://nlwkn.hannit-share.de/index.php/core/preview?fileId=11067760&x=1280&y=819&a=true","foto2":"https://nlwkn.hannit-share.de/index.php/core/preview?fileId=11067763&x=1280&y=819&a=true","foto3":null,"foto4":null,"link1":null,"link2":null,"denkmal":"Nein","akz":null,"WR":null,"Ein_GWZ":null,"Ein_GKZ":null,"Ein_Name":null,"Ein_ord":"3. Ordnung","Ein_WKID":null,"Ein_DN":null,"Breite":null,"Hoehe":null,"NN_Sohle":null,"WK_NR":null,"URL_WKDB":null,"rwert":362532.0,"hwert":5815281.0},"geometry":{"type":"Point","coordinates":[6.976182,52.470362]}},
{"type":"Feature","properties":{"ID_con":285,"bw_id":"DIN_EIN_4845","name":"Einmündung Graben","GEW":"DIN","stat_von":4845.0,"bauart":"freie Einmündung","baujahr":null,"upflicht":"??","KTR":null,"FSK":"033143002000160002__","bemerk":"U_Pflicht prüfen","beschreib":"freie Grabeneinmündung rechts","beschreib_lang":null,"foto1":"https://nlwkn.hannit-share.de/index.php/core/preview?fileId=11067766&x=1280&y=819&a=true","foto2":"https://nlwkn.hannit-share.de/index.php/core/preview?fileId=11067769&x=1280&y=819&a=true","foto3":null,"foto4":null,"link1":null,"link2":null,"denkmal":"Nein","akz":null,"WR":null,"Ein_GWZ":null,"Ein_GKZ":null,"Ein_Name":null,"Ein_ord":"3. Ordnung","Ein_WKID":null,"Ein_DN":null,"Breite":null,"Hoehe":null,"NN_Sohle":null,"WK_NR":null,"URL_WKDB":null,"rwert":362541.0,"hwert":5815236.0},"geometry":{"type":"Point","coordinates":[6.976333,52.46996]}},
{"type":"Feature","properties":{"ID_con":286,"bw_id":"DIN_EIN_5280","name":"Mündung Holländer Graben / Dinkel Kanal","GEW":"DIN","stat_von":5280.0,"bauart":"Freie Einmündung","baujahr":null,"upflicht":"114","KTR":null,"FSK":"033143002000160002__","bemerk":null,"beschreib":"Mündung Hollander Graben / Dinkel Kanal","beschreib_lang":null,"foto1":"https://nlwkn.hannit-share.de/index.php/core/preview?fileId=11067772&x=1280&y=819&a=true","foto2":"https://nlwkn.hannit-share.de/index.php/core/preview?fileId=11067775&x=1280&y=819&a=true","foto3":"https://nlwkn.hannit-share.de/index.php/core/preview?fileId=11067778&x=1280&y=819&a=true","foto4":null,"link1":null,"link2":null,"denkmal":"Nein","akz":null,"WR":null,"Ein_GWZ":928648,"Ein_GKZ":92864899,"Ein_Name":"Holländer Graben","Ein_ord":"2. Ordnung","Ein_WKID":32004,"Ein_DN":null,"Breite":null,"Hoehe":null,"NN_Sohle":null,"WK_NR":32004,"URL_WKDB":"https://www.umweltkarten-niedersachsen.de/Download_OE/WRRL/WKDB_HE/32004_Dinkel.pdf","rwert":362254.0,"hwert":5814928.0},"geometry":{"type":"Point","coordinates":[6.972238,52.46712]}},
{"type":"Feature","properties":{"ID_con":287,"bw_id":"DIN_EIN_5695","name":"Brückenentwässerung rechts (PVC) uh K23","GEW":"DIN","stat_von":5695.0,"bauart":"Rohreinleitung (PVC)","baujahr":null,"upflicht":"Landkreis Grafschaft Bentheim","KTR":null,"FSK":"033143002000160002__","bemerk":"U-Pflicht bei Brückeneigentümer?","beschreib":"Brückenentwässerung rechts (PVC) uh K23","beschreib_lang":null,"foto1":"https://nlwkn.hannit-share.de/index.php/core/preview?fileId=11067781&x=1280&y=819&a=true","foto2":null,"foto3":null,"foto4":null,"link1":null,"link2":null,"denkmal":"Nein","akz":null,"WR":null,"Ein_GWZ":null,"Ein_GKZ":null,"Ein_Name":null,"Ein_ord":"Sonstige","Ein_WKID":null,"Ein_DN":200,"Breite":null,"Hoehe":null,"NN_Sohle":null,"WK_NR":null,"URL_WKDB":null,"rwert":361926.0,"hwert":5814688.0},"geometry":{"type":"Point","coordinates":[6.967512,52.464881]}},
{"type":"Feature","properties":{"ID_con":288,"bw_id":"DIN_EIN_5720","name":"Grabeneinmündung oh Brücke K 23","GEW":"DIN","stat_von":5720.0,"bauart":"Freie Einmündung","baujahr":null,"upflicht":"??","KTR":null,"FSK":"033143003001420005__","bemerk":"U-Pflicht","beschreib":"freie Grabeneinmündung oh Brücke K 23 links","beschreib_lang":null,"foto1":"https://nlwkn.hannit-share.de/index.php/core/preview?fileId=11067784&x=1280&y=819&a=true","foto2":"https://nlwkn.hannit-share.de/index.php/core/preview?fileId=11067787&x=1280&y=819&a=true","foto3":null,"foto4":null,"link1":null,"link2":null,"denkmal":"Nein","akz":null,"WR":null,"Ein_GWZ":null,"Ein_GKZ":null,"Ein_Name":null,"Ein_ord":"3. Ordnung","Ein_WKID":null,"Ein_DN":null,"Breite":null,"Hoehe":null,"NN_Sohle":null,"WK_NR":null,"URL_WKDB":null,"rwert":361900.0,"hwert":5814674.0},"geometry":{"type":"Point","coordinates":[6.967135,52.464749]}},
{"type":"Feature","properties":{"ID_con":289,"bw_id":"DIN_EIN_5965","name":"Mündung Entwässerung Siloplatte??","GEW":"DIN","stat_von":5965.0,"bauart":"??","baujahr":null,"upflicht":"??","KTR":null,"FSK":"033143003001120011__","bemerk":null,"beschreib":"Mündung Entwässerung Siloplatte??","beschreib_lang":null,"foto1":null,"foto2":null,"foto3":null,"foto4":null,"link1":null,"link2":null,"denkmal":"Nein","akz":null,"WR":null,"Ein_GWZ":null,"Ein_GKZ":null,"Ein_Name":null,"Ein_ord":"??Sonstige","Ein_WKID":null,"Ein_DN":null,"Breite":null,"Hoehe":null,"NN_Sohle":null,"WK_NR":null,"URL_WKDB":null,"rwert":361869.0,"hwert":5814425.0},"geometry":{"type":"Point","coordinates":[6.966782,52.462504]}},
{"type":"Feature","properties":{"ID_con":290,"bw_id":"DIN_EIN_6310","name":"Mündung Talgraben","GEW":"DIN","stat_von":6310.0,"bauart":"Freie Einmündung","baujahr":null,"upflicht":"??","KTR":null,"FSK":"033143003001420005__","bemerk":null,"beschreib":"freie Mündung Talgraben rechts","beschreib_lang":null,"foto1":"https://nlwkn.hannit-share.de/index.php/core/preview?fileId=11067790&x=1280&y=819&a=true","foto2":"https://nlwkn.hannit-share.de/index.php/core/preview?fileId=11067793&x=1280&y=819&a=true","foto3":"https://nlwkn.hannit-share.de/index.php/core/preview?fileId=11067796&x=1280&y=819&a=true","foto4":null,"link1":null,"link2":null,"denkmal":"Nein","akz":null,"WR":null,"Ein_GWZ":null,"Ein_GKZ":null,"Ein_Name":"Talgraben","Ein_ord":"3. Ordnung","Ein_WKID":null,"Ein_DN":null,"Breite":null,"Hoehe":null,"NN_Sohle":null,"WK_NR":null,"URL_WKDB":null,"rwert":361781.0,"hwert":5814092.0},"geometry":{"type":"Point","coordinates":[6.965626,52.459489]}},
{"type":"Feature","properties":{"ID_con":291,"bw_id":"DIN_EIN_6550","name":"Grabeneinmündung","GEW":"DIN","stat_von":6550.0,"bauart":"Freie Einmündung","baujahr":null,"upflicht":"??","KTR":null,"FSK":"033143003001420005__","bemerk":null,"beschreib":"freie Grabeneinmündung links","beschreib_lang":null,"foto1":"https://nlwkn.hannit-share.de/index.php/core/preview?fileId=11067799&x=1280&y=819&a=true","foto2":"https://nlwkn.hannit-share.de/index.php/core/preview?fileId=11067802&x=1280&y=819&a=true","foto3":"https://nlwkn.hannit-share.de/index.php/core/preview?fileId=11067805&x=1280&y=819&a=true","foto4":null,"link1":null,"link2":null,"denkmal":"Nein","akz":null,"WR":null,"Ein_GWZ":null,"Ein_GKZ":null,"Ein_Name":null,"Ein_ord":"3. Ordnung??","Ein_WKID":null,"Ein_DN":null,"Breite":null,"Hoehe":null,"NN_Sohle":null,"WK_NR":null,"URL_WKDB":null,"rwert":361651.0,"hwert":5813890.0},"geometry":{"type":"Point","coordinates":[6.963798,52.457642]}},
{"type":"Feature","properties":{"ID_con":292,"bw_id":"DIN_EIN_6715","name":"Rietbecke","GEW":"DIN","stat_von":6715.0,"bauart":"Freie Einmündung (nach Dükerung der Alten Dinkel)","baujahr":"2019/20","upflicht":"114","KTR":null,"FSK":"033143003001420005__","bemerk":"Rietbeeke mündet nach Dükerung der Alten Dinkel über Flutmulde der neuen Sohlgleite Lage (War)","beschreib":"freie Mündung Rietbecke (links) in Sohlgleite War","beschreib_lang":null,"foto1":"https://nlwkn.hannit-share.de/index.php/core/preview?fileId=11067808&x=1280&y=819&a=true","foto2":"https://nlwkn.hannit-share.de/index.php/core/preview?fileId=11067811&x=1280&y=819&a=true","foto3":null,"foto4":null,"link1":null,"link2":null,"denkmal":"Nein","akz":null,"WR":null,"Ein_GWZ":92864798,"Ein_GKZ":928647989,"Ein_Name":"Rietbecke","Ein_ord":"2. Ordnung","Ein_WKID":32011,"Ein_DN":null,"Breite":null,"Hoehe":null,"NN_Sohle":null,"WK_NR":32011,"URL_WKDB":"https://www.umweltkarten-niedersachsen.de/Download_OE/WRRL/WKDB_HE/32011_Rietbecke.pdf","rwert":361574.0,"hwert":5813748.0},"geometry":{"type":"Point","coordinates":[6.962724,52.456346]}},
{"type":"Feature","properties":{"ID_con":293,"bw_id":"DIN_EIN_6850","name":"Abzweig Alte Dinkel","GEW":"DIN","stat_von":6850.0,"bauart":"Freie Einmündung","baujahr":null,"upflicht":"114","KTR":null,"FSK":"033143004001150002__","bemerk":"Vertrag mit LK aufführen","beschreib":"Abzweig Alte Dinkel oberhalb Sohlgleite War","beschreib_lang":null,"foto1":"https://nlwkn.hannit-share.de/index.php/core/preview?fileId=11067814&x=1280&y=819&a=true","foto2":"https://nlwkn.hannit-share.de/index.php/core/preview?fileId=11067817&x=1280&y=819&a=true","foto3":null,"foto4":null,"link1":null,"link2":null,"denkmal":"Nein","akz":null,"WR":null,"Ein_GWZ":92864912,"Ein_GKZ":928649121,"Ein_Name":"Alte Dinkel","Ein_ord":"2. Ordnung","Ein_WKID":32004,"Ein_DN":null,"Breite":null,"Hoehe":null,"NN_Sohle":null,"WK_NR":32004,"URL_WKDB":"https://www.umweltkarten-niedersachsen.de/Download_OE/WRRL/WKDB_HE/32004_Dinkel.pdf","rwert":361472.0,"hwert":5813660.0},"geometry":{"type":"Point","coordinates":[6.96126,52.45553]}},
{"type":"Feature","properties":{"ID_con":294,"bw_id":"DIN_EIN_7675","name":"Mündung Altgewässer","GEW":"DIN","stat_von":7675.0,"bauart":"Freie Einmündung","baujahr":null,"upflicht":"NLWKN","KTR":null,"FSK":"033143006003210179__","bemerk":"Über den Mündungsbereich führt ein Steg.","beschreib":"Mündung Altgewässer rechts, Biotop (GB-NOH 3507/050), Über den Mündungsbereich führt ein Steg!","beschreib_lang":null,"foto1":"https://nlwkn.hannit-share.de/index.php/core/preview?fileId=11067820&x=1280&y=819&a=true","foto2":"https://nlwkn.hannit-share.de/index.php/core/preview?fileId=11067823&x=1280&y=819&a=true","foto3":"https://nlwkn.hannit-share.de/index.php/core/preview?fileId=11067826&x=1280&y=819&a=true","foto4":"https://nlwkn.hannit-share.de/index.php/core/preview?fileId=11067829&x=1280&y=819&a=true","link1":null,"link2":null,"denkmal":"Nein","akz":null,"WR":null,"Ein_GWZ":null,"Ein_GKZ":null,"Ein_Name":"Altgewässer","Ein_ord":"3. Ordnung","Ein_WKID":null,"Ein_DN":null,"Breite":null,"Hoehe":null,"NN_Sohle":null,"WK_NR":null,"URL_WKDB":null,"rwert":361037.0,"hwert":5813004.0},"geometry":{"type":"Point","coordinates":[6.955136,52.449525]}},
{"type":"Feature","properties":{"ID_con":299,"bw_id":"ELK_EIN_20","name":"Einmündung Bermegraben","GEW":"ELK","stat_von":20.0,"bauart":"Rohrdurchlass","baujahr":null,"upflicht":"114","KTR":null,"FSK":"033129007000250014__","bemerk":null,"beschreib":"Einmündung Bermegraben","beschreib_lang":null,"foto1":"https://nlwkn.hannit-share.de/index.php/core/preview?fileId=11067373&x=1280&y=819&a=true","foto2":"https://nlwkn.hannit-share.de/index.php/core/preview?fileId=11067376&x=1280&y=819&a=true","foto3":"https://nlwkn.hannit-share.de/index.php/core/preview?fileId=11067379&x=1280&y=819&a=true","foto4":"https://nlwkn.hannit-share.de/index.php/core/preview?fileId=11067382&x=1280&y=819&a=true","link1":null,"link2":null,"denkmal":"Nein","akz":null,"WR":null,"Ein_GWZ":928674922,"Ein_GKZ":928674922,"Ein_Name":"Bermegraben","Ein_ord":"2. Ordnung","Ein_WKID":null,"Ein_DN":null,"Breite":null,"Hoehe":null,"NN_Sohle":0.0,"WK_NR":null,"URL_WKDB":null,"rwert":357023.0,"hwert":5832089.0},"geometry":{"type":"Point","coordinates":[6.887897,52.619951]}},
{"type":"Feature","properties":{"ID_con":300,"bw_id":"ELK_EIN_280","name":"Einmündung Graben","GEW":"ELK","stat_von":280.0,"bauart":"??Freie Einmündung","baujahr":null,"upflicht":"??","KTR":null,"FSK":"03312900900519______","bemerk":"Einlauf und u Pflicht prüfen","beschreib":"Einmündung Graben","beschreib_lang":null,"foto1":null,"foto2":null,"foto3":null,"foto4":null,"link1":null,"link2":null,"denkmal":"Nein","akz":null,"WR":null,"Ein_GWZ":null,"Ein_GKZ":null,"Ein_Name":null,"Ein_ord":"3. Ordnung","Ein_WKID":null,"Ein_DN":null,"Breite":null,"Hoehe":null,"NN_Sohle":0.0,"WK_NR":null,"URL_WKDB":null,"rwert":357056.0,"hwert":5831823.0},"geometry":{"type":"Point","coordinates":[6.8885,52.617569]}},
{"type":"Feature","properties":{"ID_con":301,"bw_id":"ELK_EIN_285","name":"Einmündung Graben","GEW":"ELK","stat_von":285.0,"bauart":"??Freie Einmündung","baujahr":null,"upflicht":"??","KTR":null,"FSK":"03312900900451______","bemerk":"Einlauf und u Pflicht prüfen","beschreib":"Einmündung Graben","beschreib_lang":null,"foto1":null,"foto2":null,"foto3":null,"foto4":null,"link1":null,"link2":null,"denkmal":"Nein","akz":null,"WR":null,"Ein_GWZ":null,"Ein_GKZ":null,"Ein_Name":null,"Ein_ord":"3. Ordnung","Ein_WKID":null,"Ein_DN":null,"Breite":null,"Hoehe":null,"NN_Sohle":0.0,"WK_NR":null,"URL_WKDB":null,"rwert":357042.0,"hwert":5831820.0},"geometry":{"type":"Point","coordinates":[6.888294,52.617539]}},
{"type":"Feature","properties":{"ID_con":302,"bw_id":"ELK_EIN_640","name":"Grabeneinlauf","GEW":"ELK","stat_von":640.0,"bauart":"??","baujahr":null,"upflicht":"??","KTR":null,"FSK":"03312900900475______","bemerk":"Einlauf und u Pflicht prüfen","beschreib":"Grabeneinlauf","beschreib_lang":null,"foto1":"https://nlwkn.hannit-share.de/index.php/core/preview?fileId=11067385&x=1280&y=819&a=true","foto2":null,"foto3":null,"foto4":null,"link1":null,"link2":null,"denkmal":"Nein","akz":null,"WR":null,"Ein_GWZ":null,"Ein_GKZ":null,"Ein_Name":null,"Ein_ord":"3. Ordnung","Ein_WKID":null,"Ein_DN":null,"Breite":null,"Hoehe":null,"NN_Sohle":0.0,"WK_NR":null,"URL_WKDB":null,"rwert":356821.0,"hwert":5831547.0},"geometry":{"type":"Point","coordinates":[6.88515,52.615028]}},
{"type":"Feature","properties":{"ID_con":303,"bw_id":"ELK_EIN_795","name":"Grabeneinlauf","GEW":"ELK","stat_von":795.0,"bauart":"??","baujahr":null,"upflicht":"??","KTR":null,"FSK":"03312900900476______","bemerk":"Einlauf und u Pflicht prüfen","beschreib":"Grabeneinlauf","beschreib_lang":null,"foto1":null,"foto2":null,"foto3":null,"foto4":null,"link1":null,"link2":null,"denkmal":"Nein","akz":null,"WR":null,"Ein_GWZ":null,"Ein_GKZ":null,"Ein_Name":null,"Ein_ord":"3. Ordnung","Ein_WKID":null,"Ein_DN":null,"Breite":null,"Hoehe":null,"NN_Sohle":0.0,"WK_NR":null,"URL_WKDB":null,"rwert":356712.0,"hwert":5831433.0},"geometry":{"type":"Point","coordinates":[6.883591,52.613975]}},
{"type":"Feature","properties":{"ID_con":304,"bw_id":"ELK_EIN_965","name":"Grabeneinlauf","GEW":"ELK","stat_von":965.0,"bauart":"??","baujahr":null,"upflicht":"??","KTR":null,"FSK":"03312900900469______","bemerk":"Einlauf und u Pflicht prüfen","beschreib":"Grabeneinlauf","beschreib_lang":null,"foto1":null,"foto2":null,"foto3":null,"foto4":null,"link1":null,"link2":null,"denkmal":"Nein","akz":null,"WR":null,"Ein_GWZ":null,"Ein_GKZ":null,"Ein_Name":null,"Ein_ord":"3. Ordnung","Ein_WKID":null,"Ein_DN":null,"Breite":null,"Hoehe":null,"NN_Sohle":0.0,"WK_NR":null,"URL_WKDB":null,"rwert":356576.0,"hwert":5831335.0},"geometry":{"type":"Point","coordinates":[6.881626,52.613059]}},
{"type":"Feature","properties":{"ID_con":317,"bw_id":"EVK_EIN_18","name":"Einlauf Umlauf Schleuse I rechts","GEW":"EVK","stat_von":18.0,"bauart":"Rohreinlauf","baujahr":"1876-1878","upflicht":"NLWKN","KTR":null,"FSK":"033163002000250007__","bemerk":null,"beschreib":"Einlauf Umlauf Schleuse I rechts","beschreib_lang":null,"foto1":"https://nlwkn.hannit-share.de/index.php/core/preview?fileId=11066935&x=1280&y=819&a=true","foto2":null,"foto3":null,"foto4":null,"link1":null,"link2":null,"denkmal":"Nein","akz":"62026-Ems-Vechte-Kanal (EVK) Schleuse Hanekenfähr 0+050 km-3856/2023","WR":null,"Ein_GWZ":null,"Ein_GKZ":null,"Ein_Name":null,"Ein_ord":"Sonstige","Ein_WKID":null,"Ein_DN":null,"Breite":null,"Hoehe":null,"NN_Sohle":null,"WK_NR":0,"URL_WKDB":null,"rwert":385191.0,"hwert":5814476.0},"geometry":{"type":"Point","coordinates":[7.309874,52.468363]}},
{"type":"Feature","properties":{"ID_con":320,"bw_id":"EVK_EIN_25","name":"Einlauf Umlauf Schleuse I links","GEW":"EVK","stat_von":25.0,"bauart":"Rohreinlauf","baujahr":"1876-1878","upflicht":"NLWKN","KTR":null,"FSK":"033163002000240001__","bemerk":null,"beschreib":"Einlauf Umlauf Schleuse I links","beschreib_lang":null,"foto1":"https://nlwkn.hannit-share.de/index.php/core/preview?fileId=11066938&x=1280&y=819&a=true","foto2":null,"foto3":null,"foto4":null,"link1":null,"link2":null,"denkmal":"Nein","akz":"62026-Ems-Vechte-Kanal (EVK) Schleuse Hanekenfähr 0+050 km-3856/2023","WR":null,"Ein_GWZ":null,"Ein_GKZ":null,"Ein_Name":null,"Ein_ord":"Sonstige","Ein_WKID":null,"Ein_DN":null,"Breite":null,"Hoehe":null,"NN_Sohle":null,"WK_NR":null,"URL_WKDB":null,"rwert":385199.0,"hwert":5814463.0},"geometry":{"type":"Point","coordinates":[7.309996,52.468248]}},
{"type":"Feature","properties":{"ID_con":321,"bw_id":"EVK_EIN_3220","name":"Einmündung Graben??","GEW":"EVK","stat_von":3220.0,"bauart":"??Freie Einmündung","baujahr":null,"upflicht":"??","KTR":null,"FSK":"033163015001410014__","bemerk":"Einlauf und U_Pflicht prüfen","beschreib":"Einmündung Graben??","beschreib_lang":null,"foto1":null,"foto2":null,"foto3":null,"foto4":null,"link1":null,"link2":null,"denkmal":"Nein","akz":null,"WR":null,"Ein_GWZ":null,"Ein_GKZ":null,"Ein_Name":null,"Ein_ord":"3. Ordnung","Ein_WKID":null,"Ein_DN":null,"Breite":null,"Hoehe":null,"NN_Sohle":null,"WK_NR":null,"URL_WKDB":null,"rwert":382213.0,"hwert":5814205.0},"geometry":{"type":"Point","coordinates":[7.266152,52.465294]}},
{"type":"Feature","properties":{"ID_con":322,"bw_id":"EVK_EIN_4535","name":"Einmündung Kanalgraben","GEW":"EVK","stat_von":4535.0,"bauart":"??Rohrdurchlass","baujahr":null,"upflicht":"95","KTR":null,"FSK":"033157058000180017__","bemerk":"Prüfen!!","beschreib":"Einmündung Kanalgraben","beschreib_lang":"Einmündung Kanalgraben","foto1":null,"foto2":null,"foto3":null,"foto4":null,"link1":null,"link2":null,"denkmal":"Nein","akz":null,"WR":null,"Ein_GWZ":92867412,"Ein_GKZ":92867412,"Ein_Name":"Kanalgraben","Ein_ord":"2. Ordnung","Ein_WKID":null,"Ein_DN":null,"Breite":null,"Hoehe":null,"NN_Sohle":null,"WK_NR":null,"URL_WKDB":null,"rwert":381002.0,"hwert":5813712.0},"geometry":{"type":"Point","coordinates":[7.24851,52.460601]}},
{"type":"Feature","properties":{"ID_con":305,"bw_id":"EVK_EIN_10765","name":"OW-Einleit.,RAF-Nordhorn-Range,Rohrleitung","GEW":"EVK","stat_von":10765.0,"bauart":"??Rohrdurchlass","baujahr":null,"upflicht":"Staatshochbauamt Lingen","KTR":null,"FSK":"03315200100042______","bemerk":"B-001 (aktiv, real) , OW-Einl.,RAF-Nordhorn-Range,","beschreib":"OW-Einleit.,RAF-Nordhorn-Range,Rohrleitung","beschreib_lang":null,"foto1":null,"foto2":null,"foto3":null,"foto4":null,"link1":null,"link2":null,"denkmal":"Nein","akz":null,"WR":"11/7253 (aktiv)","Ein_GWZ":null,"Ein_GKZ":null,"Ein_Name":null,"Ein_ord":"Einleitung","Ein_WKID":null,"Ein_DN":null,"Breite":null,"Hoehe":null,"NN_Sohle":null,"WK_NR":null,"URL_WKDB":null,"rwert":375125.0,"hwert":5811722.0},"geometry":{"type":"Point","coordinates":[7.1628,52.441408]}},
{"type":"Feature","properties":{"ID_con":306,"bw_id":"EVK_EIN_12795","name":"Einmündung Obere Lee","GEW":"EVK","stat_von":12795.0,"bauart":"Rest Dükereinlaufbauwerk","baujahr":null,"upflicht":"114","KTR":null,"FSK":"033152010000040004__","bemerk":"Das Einlaufbauwerk ist der Rest eines ehemaligen D","beschreib":"Einmündung Obere Lee","beschreib_lang":null,"foto1":"https://nlwkn.hannit-share.de/index.php/core/preview?fileId=11066809&x=1280&y=819&a=true","foto2":"https://nlwkn.hannit-share.de/index.php/core/preview?fileId=11066812&x=1280&y=819&a=true","foto3":"https://nlwkn.hannit-share.de/index.php/core/preview?fileId=11066815&x=1280&y=819&a=true","foto4":"https://nlwkn.hannit-share.de/index.php/core/preview?fileId=11066818&x=1280&y=819&a=true","link1":null,"link2":null,"denkmal":"Nein","akz":null,"WR":null,"Ein_GWZ":9286742,"Ein_GKZ":92867429,"Ein_Name":"Obere Lee","Ein_ord":"2. Ordnung","Ein_WKID":32015,"Ein_DN":null,"Breite":null,"Hoehe":null,"NN_Sohle":null,"WK_NR":32015,"URL_WKDB":" ","rwert":373139.0,"hwert":5811304.0},"geometry":{"type":"Point","coordinates":[7.133757,52.437194]}},
{"type":"Feature","properties":{"ID_con":307,"bw_id":"EVK_EIN_13380","name":"Einlaufbauwerk Mündung Heseper Graben","GEW":"EVK","stat_von":13380.0,"bauart":"Einlaufbauwerk (Rohrdurchlass??)","baujahr":null,"upflicht":"114","KTR":null,"FSK":"033152010000060004__","bemerk":null,"beschreib":"Einlaufbauwerk Mündung Heseper Graben","beschreib_lang":null,"foto1":"https://nlwkn.hannit-share.de/index.php/core/preview?fileId=11066821&x=1280&y=819&a=true","foto2":"https://nlwkn.hannit-share.de/index.php/core/preview?fileId=11066824&x=1280&y=819&a=true","foto3":"https://nlwkn.hannit-share.de/index.php/core/preview?fileId=11066827&x=1280&y=819&a=true","foto4":"https://nlwkn.hannit-share.de/index.php/core/preview?fileId=11066830&x=1280&y=819&a=true","link1":"https://nlwkn.hannit-share.de/index.php/core/preview?fileId=11066833&x=1280&y=819&a=true","link2":"https://nlwkn.hannit-share.de/index.php/core/preview?fileId=11066836&x=1280&y=819&a=true","denkmal":"Nein","akz":null,"WR":null,"Ein_GWZ":92867432,"Ein_GKZ":928674329,"Ein_Name":"Heseper Graben","Ein_ord":"2. Ordnung","Ein_WKID":null,"Ein_DN":null,"Breite":null,"Hoehe":null,"NN_Sohle":null,"WK_NR":null,"URL_WKDB":null,"rwert":372574.0,"hwert":5811147.0},"geometry":{"type":"Point","coordinates":[7.12551,52.435652]}},
{"type":"Feature","properties":{"ID_con":2174,"bw_id":"EVK_EIN_14240","name":"Einlaufbauwerk","GEW":"EVK","stat_von":14240.0,"bauart":"Einlaufbauwerk","baujahr":null,"upflicht":"Stadt Nordhorn?","KTR":null,"FSK":"033152010000060004__","bemerk":null,"beschreib":"Einlaufbauwerk","beschreib_lang":null,"foto1":"https://nlwkn.hannit-share.de/index.php/core/preview?fileId=11066842&x=1280&y=819&a=true","foto2":"https://nlwkn.hannit-share.de/index.php/core/preview?fileId=11066845&x=1280&y=819&a=true","foto3":"https://nlwkn.hannit-share.de/index.php/core/preview?fileId=11066848&x=1280&y=819&a=true","foto4":"https://nlwkn.hannit-share.de/index.php/core/preview?fileId=11066851&x=1280&y=819&a=true","link1":null,"link2":null,"denkmal":"Nein","akz":null,"WR":null,"Ein_GWZ":null,"Ein_GKZ":null,"Ein_Name":null,"Ein_ord":"Sonstige","Ein_WKID":null,"Ein_DN":0,"Breite":0,"Hoehe":0,"NN_Sohle":null,"WK_NR":null,"URL_WKDB":null,"rwert":371735.0,"hwert":5810950.0},"geometry":{"type":"Point","coordinates":[7.113251,52.433686]}},
{"type":"Feature","properties":{"ID_con":308,"bw_id":"EVK_EIN_14870","name":"Einlaubauwerk (Grabeneinmündung)","GEW":"EVK","stat_von":14870.0,"bauart":"??","baujahr":null,"upflicht":"Stadt Nordhorn??","KTR":null,"FSK":"03315107000114______","bemerk":null,"beschreib":"Einlaubauwerk (Grabeneinmündung)","beschreib_lang":null,"foto1":null,"foto2":null,"foto3":null,"foto4":null,"link1":null,"link2":null,"denkmal":"Nein","akz":null,"WR":null,"Ein_GWZ":null,"Ein_GKZ":null,"Ein_Name":null,"Ein_ord":"3. Ordnung","Ein_WKID":null,"Ein_DN":null,"Breite":null,"Hoehe":null,"NN_Sohle":null,"WK_NR":null,"URL_WKDB":null,"rwert":371127.0,"hwert":5810822.0},"geometry":{"type":"Point","coordinates":[7.104362,52.432393]}},
{"type":"Feature","properties":{"ID_con":309,"bw_id":"EVK_EIN_15145","name":"Rohreinlauf mit Rechengitter uh Brücke Evers-Kotting rechts","GEW":"EVK","stat_von":15145.0,"bauart":"Rohreinlauf","baujahr":null,"upflicht":"Stadt Nordhorn??","KTR":null,"FSK":"03315107000114______","bemerk":null,"beschreib":"Rohreinlauf mit Rechengitter uh Brücke Evers-Kotting rechts","beschreib_lang":null,"foto1":"https://nlwkn.hannit-share.de/index.php/core/preview?fileId=11066854&x=1280&y=819&a=true","foto2":"https://nlwkn.hannit-share.de/index.php/core/preview?fileId=11066857&x=1280&y=819&a=true","foto3":null,"foto4":null,"link1":null,"link2":null,"denkmal":"Nein","akz":null,"WR":null,"Ein_GWZ":null,"Ein_GKZ":null,"Ein_Name":null,"Ein_ord":"Sonstige","Ein_WKID":null,"Ein_DN":null,"Breite":null,"Hoehe":null,"NN_Sohle":null,"WK_NR":null,"URL_WKDB":null,"rwert":370947.0,"hwert":5811026.0},"geometry":{"type":"Point","coordinates":[7.101637,52.434183]}},
{"type":"Feature","properties":{"ID_con":310,"bw_id":"EVK_EIN_15390","name":"Einlaufbauwerk (OW-Entwässerung)","GEW":"EVK","stat_von":15390.0,"bauart":"Einlaufbauwerk","baujahr":null,"upflicht":"Stadt Nordhorn ??","KTR":null,"FSK":"03315107000114______","bemerk":null,"beschreib":"Einlaufbauwerk (OW-Entwässerung)","beschreib_lang":null,"foto1":"https://nlwkn.hannit-share.de/index.php/core/preview?fileId=11066860&x=1280&y=819&a=true","foto2":"https://nlwkn.hannit-share.de/index.php/core/preview?fileId=11066863&x=1280&y=819&a=true","foto3":"https://nlwkn.hannit-share.de/index.php/core/preview?fileId=11066866&x=1280&y=819&a=true","foto4":"https://nlwkn.hannit-share.de/index.php/core/preview?fileId=11066869&x=1280&y=819&a=true","link1":null,"link2":null,"denkmal":"Nein","akz":null,"WR":null,"Ein_GWZ":null,"Ein_GKZ":null,"Ein_Name":null,"Ein_ord":"Sonstige","Ein_WKID":null,"Ein_DN":null,"Breite":null,"Hoehe":null,"NN_Sohle":null,"WK_NR":null,"URL_WKDB":null,"rwert":370822.0,"hwert":5811237.0},"geometry":{"type":"Point","coordinates":[7.099718,52.43605]}},
{"type":"Feature","properties":{"ID_con":311,"bw_id":"EVK_EIN_15695","name":"Einlaufbauwerk (OW-Entwässerung?)","GEW":"EVK","stat_von":15695.0,"bauart":"Einlaufbauwerk","baujahr":null,"upflicht":"Stadt Nordhorn??","KTR":null,"FSK":"03315107000118______","bemerk":"Vertrag??","beschreib":"Einlaufbauwerk (OW-Entwässerung?)","beschreib_lang":null,"foto1":"https://nlwkn.hannit-share.de/index.php/core/preview?fileId=11066872&x=1280&y=819&a=true","foto2":"https://nlwkn.hannit-share.de/index.php/core/preview?fileId=11066875&x=1280&y=819&a=true","foto3":"https://nlwkn.hannit-share.de/index.php/core/preview?fileId=11066878&x=1280&y=819&a=true","foto4":"https://nlwkn.hannit-share.de/index.php/core/preview?fileId=11066881&x=1280&y=819&a=true","link1":"https://nlwkn.hannit-share.de/index.php/core/preview?fileId=11066884&x=1280&y=819&a=true","link2":"https://nlwkn.hannit-share.de/index.php/core/preview?fileId=11066887&x=1280&y=819&a=true","denkmal":"Nein","akz":null,"WR":null,"Ein_GWZ":null,"Ein_GKZ":null,"Ein_Name":null,"Ein_ord":"Sonstige","Ein_WKID":null,"Ein_DN":null,"Breite":null,"Hoehe":null,"NN_Sohle":null,"WK_NR":null,"URL_WKDB":null,"rwert":370657.0,"hwert":5811498.0},"geometry":{"type":"Point","coordinates":[7.097191,52.438356]}},
{"type":"Feature","properties":{"ID_con":312,"bw_id":"EVK_EIN_15780","name":"Einmündung Graben","GEW":"EVK","stat_von":15780.0,"bauart":"??Rohrdurchlass","baujahr":null,"upflicht":"??","KTR":null,"FSK":"03315107000118______","bemerk":"Einlauf und U_Pflicht prüfen","beschreib":"Einmündung Graben","beschreib_lang":null,"foto1":"https://nlwkn.hannit-share.de/index.php/core/preview?fileId=11066890&x=1280&y=819&a=true","foto2":"https://nlwkn.hannit-share.de/index.php/core/preview?fileId=11066893&x=1280&y=819&a=true","foto3":"https://nlwkn.hannit-share.de/index.php/core/preview?fileId=11066896&x=1280&y=819&a=true","foto4":"https://nlwkn.hannit-share.de/index.php/core/preview?fileId=11066899&x=1280&y=819&a=true","link1":null,"link2":null,"denkmal":"Nein","akz":null,"WR":null,"Ein_GWZ":null,"Ein_GKZ":null,"Ein_Name":null,"Ein_ord":"3. Ordnung","Ein_WKID":null,"Ein_DN":null,"Breite":null,"Hoehe":null,"NN_Sohle":null,"WK_NR":null,"URL_WKDB":null,"rwert":370576.0,"hwert":5811530.0},"geometry":{"type":"Point","coordinates":[7.095988,52.438624]}},
{"type":"Feature","properties":{"ID_con":313,"bw_id":"EVK_EIN_15895","name":"Einlaufbauwerk (OW-Entwässerung??)","GEW":"EVK","stat_von":15895.0,"bauart":"Einlaufbauwerk","baujahr":null,"upflicht":"??","KTR":null,"FSK":"03315106800092______","bemerk":null,"beschreib":"Einlaufbauwerk (OW-Entwässerung??)","beschreib_lang":null,"foto1":"https://nlwkn.hannit-share.de/index.php/core/preview?fileId=11066902&x=1280&y=819&a=true","foto2":"https://nlwkn.hannit-share.de/index.php/core/preview?fileId=11066905&x=1280&y=819&a=true","foto3":"https://nlwkn.hannit-share.de/index.php/core/preview?fileId=11066908&x=1280&y=819&a=true","foto4":"https://nlwkn.hannit-share.de/index.php/core/preview?fileId=11066911&x=1280&y=819&a=true","link1":null,"link2":null,"denkmal":"Nein","akz":null,"WR":null,"Ein_GWZ":null,"Ein_GKZ":null,"Ein_Name":null,"Ein_ord":"??","Ein_WKID":null,"Ein_DN":null,"Breite":null,"Hoehe":null,"NN_Sohle":null,"WK_NR":null,"URL_WKDB":null,"rwert":370478.0,"hwert":5811587.0},"geometry":{"type":"Point","coordinates":[7.094525,52.439113]}},
{"type":"Feature","properties":{"ID_con":314,"bw_id":"EVK_EIN_16350","name":"Einlaufbauwerk","GEW":"EVK","stat_von":16350.0,"bauart":"Einlaufbauwerk","baujahr":null,"upflicht":"??Stadt Nordhorn","KTR":null,"FSK":"033151068002640002__","bemerk":null,"beschreib":"Einlaufbauwerk","beschreib_lang":null,"foto1":"https://nlwkn.hannit-share.de/index.php/core/preview?fileId=11066914&x=1280&y=819&a=true","foto2":"https://nlwkn.hannit-share.de/index.php/core/preview?fileId=11066917&x=1280&y=819&a=true","foto3":"https://nlwkn.hannit-share.de/index.php/core/preview?fileId=11066920&x=1280&y=819&a=true","foto4":null,"link1":null,"link2":null,"denkmal":"Nein","akz":null,"WR":null,"Ein_GWZ":null,"Ein_GKZ":null,"Ein_Name":null,"Ein_ord":"Sonstige","Ein_WKID":null,"Ein_DN":null,"Breite":null,"Hoehe":null,"NN_Sohle":null,"WK_NR":null,"URL_WKDB":null,"rwert":370040.0,"hwert":5811694.0},"geometry":{"type":"Point","coordinates":[7.088044,52.43997]}},
{"type":"Feature","properties":{"ID_con":315,"bw_id":"EVK_EIN_16435","name":"OW-Einleit.","GEW":"EVK","stat_von":16435.0,"bauart":"Einlaufbauwerk (Rohrdurchlass)","baujahr":null,"upflicht":"??","KTR":null,"FSK":"033151068002430007__","bemerk":"u-Pflicht prüfen","beschreib":"OW-Einleit.","beschreib_lang":null,"foto1":"https://nlwkn.hannit-share.de/index.php/core/preview?fileId=11066923&x=1280&y=819&a=true","foto2":"https://nlwkn.hannit-share.de/index.php/core/preview?fileId=11066926&x=1280&y=819&a=true","foto3":"https://nlwkn.hannit-share.de/index.php/core/preview?fileId=11066929&x=1280&y=819&a=true","foto4":null,"link1":null,"link2":null,"denkmal":"Nein","akz":null,"WR":null,"Ein_GWZ":null,"Ein_GKZ":null,"Ein_Name":null,"Ein_ord":"Einleitung","Ein_WKID":null,"Ein_DN":null,"Breite":null,"Hoehe":null,"NN_Sohle":null,"WK_NR":null,"URL_WKDB":null,"rwert":369952.0,"hwert":5811726.0},"geometry":{"type":"Point","coordinates":[7.086737,52.440237]}},
{"type":"Feature","properties":{"ID_con":316,"bw_id":"EVK_EIN_16865","name":"Einmündung Verbindungskanal","GEW":"EVK","stat_von":16865.0,"bauart":"Freie Einmündung","baujahr":null,"upflicht":"NLWKN","KTR":null,"FSK":"033151067002750007__","bemerk":null,"beschreib":"Einmündung Verbindungskanal links","beschreib_lang":null,"foto1":"https://nlwkn.hannit-share.de/index.php/core/preview?fileId=11066932&x=1280&y=819&a=true","foto2":null,"foto3":null,"foto4":null,"link1":null,"link2":null,"denkmal":"Nein","akz":null,"WR":null,"Ein_GWZ":92867434,"Ein_GKZ":92867434,"Ein_Name":"Verbindungskanal","Ein_ord":"1. Ordnung","Ein_WKID":32042,"Ein_DN":null,"Breite":null,"Hoehe":null,"NN_Sohle":null,"WK_NR":32042,"URL_WKDB":" ","rwert":369526.0,"hwert":5811757.0},"geometry":{"type":"Point","coordinates":[7.080462,52.440414]}},
{"type":"Feature","properties":{"ID_con":318,"bw_id":"EVK_EIN_18090","name":"OW-Einleitung","GEW":"EVK","stat_von":18090.0,"bauart":"Einlaufbauwerk (Rohrdurchlass)","baujahr":null,"upflicht":"Stadt Nordhorn","KTR":null,"FSK":"033151020004510001__","bemerk":null,"beschreib":"OW-Einleitung über Einlaufbauwerk mit gemauertem Rohrdurchlass","beschreib_lang":"OW-Einleitung über Einlaufbauwerk mit gemauertem Rohrdurchlass","foto1":"https://nlwkn.hannit-share.de/index.php/core/preview?fileId=12266242&x=1280&y=819&a=true","foto2":"https://nlwkn.hannit-share.de/index.php/core/preview?fileId=12266243&x=1280&y=819&a=true","foto3":"https://nlwkn.hannit-share.de/index.php/core/preview?fileId=12266241&x=1280&y=819&a=true","foto4":"https://nlwkn.hannit-share.de/index.php/core/preview?fileId=12266239&x=1280&y=819&a=true","link1":null,"link2":null,"denkmal":"Nein","akz":null,"WR":null,"Ein_GWZ":null,"Ein_GKZ":null,"Ein_Name":null,"Ein_ord":"Einleitung","Ein_WKID":null,"Ein_DN":null,"Breite":null,"Hoehe":null,"NN_Sohle":null,"WK_NR":null,"URL_WKDB":null,"rwert":368707.0,"hwert":5812244.0},"geometry":{"type":"Point","coordinates":[7.068228,52.444594]}},
{"type":"Feature","properties":{"ID_con":319,"bw_id":"EVK_EIN_19590","name":"Einmündung Süd-Nord-Kanal","GEW":"EVK","stat_von":19590.0,"bauart":"Freie Einmündung","baujahr":null,"upflicht":"NLWKN","KTR":null,"FSK":"033151021000920002__","bemerk":null,"beschreib":"Einmündung Süd-Nord-Kanal rechts","beschreib_lang":null,"foto1":null,"foto2":null,"foto3":null,"foto4":null,"link1":null,"link2":null,"denkmal":"Nein","akz":null,"WR":null,"Ein_GWZ":928674,"Ein_GKZ":92867437,"Ein_Name":"Süd-Nord-Kanal","Ein_ord":"1. Ordnung","Ein_WKID":32040,"Ein_DN":null,"Breite":null,"Hoehe":null,"NN_Sohle":null,"WK_NR":32040,"URL_WKDB":" ","rwert":368624.0,"hwert":5813734.0},"geometry":{"type":"Point","coordinates":[7.066422,52.457962]}},
{"type":"Feature","properties":{"ID_con":323,"bw_id":"GFD_EIN_1070","name":"Grabeneinmündung (Rohrdurchlass mit Absperrvorrichtung)","GEW":"GFD","stat_von":1070.0,"bauart":"Rohrdurchlass mit Absperrvorrichtung","baujahr":null,"upflicht":"Ent- U. Bewässerungsverband Lehe Neulehe Breewiesen","KTR":null,"FSK":"03184702800002______","bemerk":"Einlauf und U_Pflicht prüfen","beschreib":"Rohrdurchlass (Betonrohr) mit Absperrvorrichtung (DN 300). Gesamtlänge = 8,00 m","beschreib_lang":null,"foto1":"https://nlwkn.hannit-share.de/index.php/core/preview?fileId=11066170&x=1280&y=819&a=true","foto2":"https://nlwkn.hannit-share.de/index.php/core/preview?fileId=11066173&x=1280&y=819&a=true","foto3":"https://nlwkn.hannit-share.de/index.php/core/preview?fileId=11066176&x=1280&y=819&a=true","foto4":"https://nlwkn.hannit-share.de/index.php/core/preview?fileId=11066179&x=1280&y=819&a=true","link1":null,"link2":null,"denkmal":"Nein","akz":null,"WR":null,"Ein_GWZ":null,"Ein_GKZ":null,"Ein_Name":null,"Ein_ord":"3. Ordnung","Ein_WKID":null,"Ein_DN":300,"Breite":null,"Hoehe":null,"NN_Sohle":0.0,"WK_NR":null,"URL_WKDB":null,"rwert":390115.0,"hwert":5872679.0},"geometry":{"type":"Point","coordinates":[7.362849,52.992401]}},
{"type":"Feature","properties":{"ID_con":324,"bw_id":"GFD_EIN_2035","name":"Rohreinlauf (Brückenentwässerung)","GEW":"GFD","stat_von":2035.0,"bauart":"Rohreinlauf","baujahr":null,"upflicht":"??","KTR":null,"FSK":"03184702800006______","bemerk":null,"beschreib":"Rohreinlauf (Brücke Neuleher Straße) rechts","beschreib_lang":null,"foto1":"https://nlwkn.hannit-share.de/index.php/core/preview?fileId=11066182&x=1280&y=819&a=true","foto2":null,"foto3":null,"foto4":null,"link1":null,"link2":null,"denkmal":"Nein","akz":null,"WR":null,"Ein_GWZ":null,"Ein_GKZ":null,"Ein_Name":null,"Ein_ord":"Sonstige","Ein_WKID":null,"Ein_DN":300,"Breite":null,"Hoehe":null,"NN_Sohle":0.0,"WK_NR":null,"URL_WKDB":null,"rwert":389926.0,"hwert":5873624.0},"geometry":{"type":"Point","coordinates":[7.359712,53.000854]}},
{"type":"Feature","properties":{"ID_con":325,"bw_id":"GFD_EIN_2045","name":"Rohreinlauf (Brückenentwässerung)","GEW":"GFD","stat_von":2045.0,"bauart":"Rohreinlauf (Betonrohr)","baujahr":null,"upflicht":null,"KTR":null,"FSK":"03184702800006______","bemerk":null,"beschreib":"Rohreinlauf (Brückenentwässerung) links, DN 400 mit einer Gesamtlänge von 23,00 m (Bauwerk Nr. 11)","beschreib_lang":"Rohreinlauf (Brückenentwässerung) links, DN 400 mit einer Gesamtlänge von 23,00 m","foto1":"https://nlwkn.hannit-share.de/index.php/core/preview?fileId=11066185&x=1280&y=819&a=true","foto2":null,"foto3":null,"foto4":null,"link1":null,"link2":null,"denkmal":"Nein","akz":null,"WR":null,"Ein_GWZ":null,"Ein_GKZ":null,"Ein_Name":null,"Ein_ord":"Sonstige","Ein_WKID":null,"Ein_DN":400,"Breite":null,"Hoehe":null,"NN_Sohle":3.8,"WK_NR":null,"URL_WKDB":null,"rwert":389900.0,"hwert":5873632.0},"geometry":{"type":"Point","coordinates":[7.359322,53.00092]}},
{"type":"Feature","properties":{"ID_con":326,"bw_id":"GFD_EIN_2050","name":"Rohreinlauf (Brückenentwässerung)","GEW":"GFD","stat_von":2050.0,"bauart":"Rohreinlauf","baujahr":null,"upflicht":"??","KTR":null,"FSK":"03184702800006______","bemerk":null,"beschreib":"Rohreinlauf (Brückenentwässerung) rechts","beschreib_lang":null,"foto1":"https://nlwkn.hannit-share.de/index.php/core/preview?fileId=11066188&x=1280&y=819&a=true","foto2":null,"foto3":null,"foto4":null,"link1":null,"link2":null,"denkmal":"Nein","akz":null,"WR":null,"Ein_GWZ":null,"Ein_GKZ":null,"Ein_Name":null,"Ein_ord":"Sonstige","Ein_WKID":null,"Ein_DN":300,"Breite":null,"Hoehe":null,"NN_Sohle":0.0,"WK_NR":null,"URL_WKDB":null,"rwert":389925.0,"hwert":5873640.0},"geometry":{"type":"Point","coordinates":[7.359692,53.000997]}},
{"type":"Feature","properties":{"ID_con":327,"bw_id":"GFD_EIN_2655","name":"Einmündung Vockegraben","GEW":"GFD","stat_von":2655.0,"bauart":"Kastendurchlass mit Absperrvorrichtung grabenseitig und Rückstauklappe","baujahr":null,"upflicht":"NLWKN","KTR":null,"FSK":"03184700400028______","bemerk":null,"beschreib":"Einmündung Vockegraben (Sielverschluß, Bauwerk Nr. 13), Gesamtlänge 5 m, Gesamtbreite 7,65 m, Fahrbahnbreite","beschreib_lang":"Das Bauwerk ist in der Unterhaltungspflicht des Landes gem. dem Planfeststellungsbeschluss des RP Osnabrück vom 10.08.1965:\n\nDie zur Entwässerung größerer Seitenflächen dienenden, rechtsseitigen Vorfluter, der Montaniagraben und der Vockegraben, die in Stat. 2,305 und in Stat. 2,115 in die Dever einmünden, haben an den Einmündungsstellen Einlaßbauwerke mit Rückstauklappen, um das Eindringen von Hochwasser in die Seitenräume zu verhindern. Die Verschlußklappen sind in massiven Einmündungsbauwerken angeordnet, die der Überquerung des nördlichen Gewässerrandstreifens dienen.","foto1":"https://nlwkn.hannit-share.de/index.php/core/preview?fileId=11066191&x=1280&y=819&a=true","foto2":"https://nlwkn.hannit-share.de/index.php/core/preview?fileId=11066194&x=1280&y=819&a=true","foto3":"https://nlwkn.hannit-share.de/index.php/core/preview?fileId=11066197&x=1280&y=819&a=true","foto4":"https://nlwkn.hannit-share.de/index.php/core/preview?fileId=11066200&x=1280&y=819&a=true","link1":"https://nlwkn.hannit-share.de/index.php/core/preview?fileId=11066203&x=1280&y=819&a=true","link2":null,"denkmal":"Nein","akz":null,"WR":null,"Ein_GWZ":37672,"Ein_GKZ":37672,"Ein_Name":"Vockegraben","Ein_ord":"2. Ordnung","Ein_WKID":null,"Ein_DN":null,"Breite":2000,"Hoehe":2000,"NN_Sohle":0.0,"WK_NR":null,"URL_WKDB":null,"rwert":389558.0,"hwert":5874118.0},"geometry":{"type":"Point","coordinates":[7.354062,53.005217]}},
{"type":"Feature","properties":{"ID_con":328,"bw_id":"GFD_EIN_2850","name":"Einmündung Montaniagraben","GEW":"GFD","stat_von":2850.0,"bauart":"Kastendurchlass mit Rückstauklappe","baujahr":null,"upflicht":"NLWKN","KTR":null,"FSK":"031847004000070001__","bemerk":"Einlauf und U_Pflicht prüfen; Abmessungen prüfen","beschreib":"Einmündung Montaniagraben (Kastendurchlass mit Rückstauklappe, Gesamtlänge 5,05, Gesamtbreite 10,20))","beschreib_lang":"Das Bauwerk ist in der Unterhaltungspflicht des Landes gem. dem Planfeststellungsbeschluss des RP Osnabrück vom 10.08.1965:\n\nDie zur Entwässerung größerer Seitenflächen dienenden, rechtsseitigen Vorfluter, der Montaniagraben und der Vockegraben, die in Stat. 2,305 und in Stat. 2,115 in die Dever einmünden, haben an den Einmündungsstellen Einlaßbauwerke mit Rückstauklappen, um das Eindringen von Hochwasser in die Seitenräume zu verhindern. Die Verschlußklappen sind in massiven Einmündungsbauwerken angeordnet, die der Überquerung des nördlichen Gewässerrandstreifens dienen.","foto1":"https://nlwkn.hannit-share.de/index.php/core/preview?fileId=11066206&x=1280&y=819&a=true","foto2":"https://nlwkn.hannit-share.de/index.php/core/preview?fileId=11066209&x=1280&y=819&a=true","foto3":"https://nlwkn.hannit-share.de/index.php/core/preview?fileId=11066212&x=1280&y=819&a=true","foto4":"https://nlwkn.hannit-share.de/index.php/core/preview?fileId=11066215&x=1280&y=819&a=true","link1":"https://nlwkn.hannit-share.de/index.php/core/preview?fileId=11066218&x=1280&y=819&a=true","link2":null,"denkmal":"Nein","akz":null,"WR":null,"Ein_GWZ":3768,"Ein_GKZ":37689,"Ein_Name":"Montaniagraben","Ein_ord":"2. Ordnung","Ein_WKID":3032,"Ein_DN":null,"Breite":2000,"Hoehe":2000,"NN_Sohle":0.0,"WK_NR":3032,"URL_WKDB":" ","rwert":389425.0,"hwert":5874255.0},"geometry":{"type":"Point","coordinates":[7.352034,53.00642]}},
{"type":"Feature","properties":{"ID_con":329,"bw_id":"GFD_EIN_4510","name":"Einlauf Fischtreppe","GEW":"GFD","stat_von":4510.0,"bauart":"Rohrdurchlass mit Schütz","baujahr":null,"upflicht":"NLWKN","KTR":null,"FSK":"03184700100007______","bemerk":null,"beschreib":"Einlauf Fischtreppe (Rohrdurchlass mit Schütz)","beschreib_lang":null,"foto1":"https://nlwkn.hannit-share.de/index.php/core/preview?fileId=11066221&x=1280&y=819&a=true","foto2":null,"foto3":null,"foto4":null,"link1":null,"link2":null,"denkmal":"Nein","akz":null,"WR":null,"Ein_GWZ":null,"Ein_GKZ":null,"Ein_Name":null,"Ein_ord":"Sonstige","Ein_WKID":null,"Ein_DN":null,"Breite":null,"Hoehe":null,"NN_Sohle":null,"WK_NR":null,"URL_WKDB":null,"rwert":388129.0,"hwert":5875182.0},"geometry":{"type":"Point","coordinates":[7.332407,53.014481]}},
{"type":"Feature","properties":{"ID_con":330,"bw_id":"GFD_EIN_4535","name":"Auslauf Fischtreppe","GEW":"GFD","stat_von":4535.0,"bauart":"Freier Auslauf","baujahr":null,"upflicht":"NLWKN","KTR":null,"FSK":"03184700100007______","bemerk":null,"beschreib":"Auslauf Fischtreppe","beschreib_lang":null,"foto1":"https://nlwkn.hannit-share.de/index.php/core/preview?fileId=11066224&x=1280&y=819&a=true","foto2":"https://nlwkn.hannit-share.de/index.php/core/preview?fileId=11066227&x=1280&y=819&a=true","foto3":null,"foto4":null,"link1":null,"link2":null,"denkmal":"Nein","akz":null,"WR":null,"Ein_GWZ":null,"Ein_GKZ":null,"Ein_Name":null,"Ein_ord":"Sonstige","Ein_WKID":null,"Ein_DN":null,"Breite":null,"Hoehe":null,"NN_Sohle":null,"WK_NR":null,"URL_WKDB":null,"rwert":388107.0,"hwert":5875186.0},"geometry":{"type":"Point","coordinates":[7.332078,53.014512]}},
{"type":"Feature","properties":{"ID_con":331,"bw_id":"GFD_EIN_4720","name":"Kastendurchlass mit Schöpfwerk","GEW":"GFD","stat_von":4720.0,"bauart":"Kastendurchlass mit Schöpfwerk","baujahr":null,"upflicht":"Wasser- u. Bodenverband, Sommerdeichverband Lehe","KTR":null,"FSK":"03184700100007______","bemerk":"Einlauf und U_Pflicht prüfen","beschreib":"Kastendurchlass mit Schöpfwerk","beschreib_lang":null,"foto1":"https://nlwkn.hannit-share.de/index.php/core/preview?fileId=11066230&x=1280&y=819&a=true","foto2":"https://nlwkn.hannit-share.de/index.php/core/preview?fileId=11066233&x=1280&y=819&a=true","foto3":"https://nlwkn.hannit-share.de/index.php/core/preview?fileId=11066236&x=1280&y=819&a=true","foto4":"https://nlwkn.hannit-share.de/index.php/core/preview?fileId=11066239&x=1280&y=819&a=true","link1":null,"link2":null,"denkmal":"Nein","akz":null,"WR":null,"Ein_GWZ":null,"Ein_GKZ":null,"Ein_Name":null,"Ein_ord":"3. Ordnung","Ein_WKID":null,"Ein_DN":null,"Breite":null,"Hoehe":null,"NN_Sohle":0.0,"WK_NR":null,"URL_WKDB":null,"rwert":387928.0,"hwert":5875140.0},"geometry":{"type":"Point","coordinates":[7.329427,53.014061]}},
{"type":"Feature","properties":{"ID_con":332,"bw_id":"GFD_EIN_4735","name":"Grabeneinmündung (mit Rückstauklappe)","GEW":"GFD","stat_von":4735.0,"bauart":"Rohrdurchlass mit Rückstauklappe","baujahr":null,"upflicht":"Wasser- u. Bodenverband, Sommerdeichverband Lehe","KTR":null,"FSK":"03184700100007______","bemerk":null,"beschreib":"Grabeneinmündung (mit Rückstauklappe)","beschreib_lang":null,"foto1":"https://nlwkn.hannit-share.de/index.php/core/preview?fileId=11066242&x=1280&y=819&a=true","foto2":"https://nlwkn.hannit-share.de/index.php/core/preview?fileId=11066245&x=1280&y=819&a=true","foto3":"https://nlwkn.hannit-share.de/index.php/core/preview?fileId=11066248&x=1280&y=819&a=true","foto4":"https://nlwkn.hannit-share.de/index.php/core/preview?fileId=11066251&x=1280&y=819&a=true","link1":null,"link2":null,"denkmal":"Nein","akz":null,"WR":null,"Ein_GWZ":null,"Ein_GKZ":null,"Ein_Name":null,"Ein_ord":"3. Ordnung??","Ein_WKID":null,"Ein_DN":1000,"Breite":null,"Hoehe":null,"NN_Sohle":null,"WK_NR":null,"URL_WKDB":null,"rwert":387913.0,"hwert":5875137.0},"geometry":{"type":"Point","coordinates":[7.329204,53.014031]}},
{"type":"Feature","properties":{"ID_con":333,"bw_id":"GFD_EIN_5655","name":"Einmündung Flutmulde","GEW":"GFD","stat_von":5655.0,"bauart":"Freie Einmündung","baujahr":null,"upflicht":"NLWKN","KTR":null,"FSK":"031716113000650020__","bemerk":null,"beschreib":"Einmündung Flutmulde","beschreib_lang":null,"foto1":"https://nlwkn.hannit-share.de/index.php/core/preview?fileId=11066611&x=1280&y=819&a=true","foto2":null,"foto3":null,"foto4":null,"link1":null,"link2":null,"denkmal":"Nein","akz":null,"WR":null,"Ein_GWZ":null,"Ein_GKZ":null,"Ein_Name":null,"Ein_ord":"Sonstige","Ein_WKID":null,"Ein_DN":null,"Breite":null,"Hoehe":null,"NN_Sohle":0.0,"WK_NR":null,"URL_WKDB":null,"rwert":387714.0,"hwert":5875800.0},"geometry":{"type":"Point","coordinates":[7.326009,53.019947]}},
{"type":"Feature","properties":{"ID_con":341,"bw_id":"HAS_EIN_1510","name":"Einmündung Hanekenkanal (Ems-Hase-Kanal)","GEW":"HAS","stat_von":1510.0,"bauart":"Freie Einmündung","baujahr":null,"upflicht":"Wasser- und Schifffahrtsamt Meppen","KTR":null,"FSK":"033110011003920087__","bemerk":null,"beschreib":"Freie Einmündung Einmündung Hanekenkanal (Ems-Hase-Kanal)","beschreib_lang":null,"foto1":"https://nlwkn.hannit-share.de/index.php/core/preview?fileId=11063821&x=1280&y=819&a=true","foto2":null,"foto3":null,"foto4":null,"link1":null,"link2":null,"denkmal":"Nein","akz":null,"WR":null,"Ein_GWZ":null,"Ein_GKZ":null,"Ein_Name":"Ems-Hase-Kanal","Ein_ord":"1. Ordnung","Ein_WKID":null,"Ein_DN":null,"Breite":null,"Hoehe":null,"NN_Sohle":0.0,"WK_NR":null,"URL_WKDB":null,"rwert":385551.0,"hwert":5838901.0},"geometry":{"type":"Point","coordinates":[7.306733,52.687926]}},
{"type":"Feature","properties":{"ID_con":346,"bw_id":"HAS_EIN_1755","name":"Rohreinlauf (Brückenentwässerung)","GEW":"HAS","stat_von":1755.0,"bauart":"Rohreinlauf","baujahr":"2021","upflicht":"Stadt meppen","KTR":null,"FSK":"033110011001240004__","bemerk":null,"beschreib":"Rohreinlauf (Brückenentwässerung)","beschreib_lang":null,"foto1":"https://nlwkn.hannit-share.de/index.php/core/preview?fileId=11063851&x=1280&y=819&a=true","foto2":null,"foto3":null,"foto4":null,"link1":null,"link2":null,"denkmal":"Nein","akz":null,"WR":null,"Ein_GWZ":null,"Ein_GKZ":null,"Ein_Name":null,"Ein_ord":"Sonstige","Ein_WKID":null,"Ein_DN":null,"Breite":null,"Hoehe":null,"NN_Sohle":0.0,"WK_NR":null,"URL_WKDB":null,"rwert":385781.0,"hwert":5838879.0},"geometry":{"type":"Point","coordinates":[7.310142,52.687777]}},
{"type":"Feature","properties":{"ID_con":356,"bw_id":"HAS_EIN_2015","name":"OW-Einleitung","GEW":"HAS","stat_von":2015.0,"bauart":"Rohrdurchlass mit Rückstauklappe","baujahr":null,"upflicht":"Stadt Meppen","KTR":null,"FSK":"033110012000690009__","bemerk":"B65 Wassereinleitung Oberlfächenentwässerung, OW ; OK Deich = 12,84 m NN ( Nr. 1/8)","beschreib":"unbefristetes Wasserrecht (Kennziffer: 11/13480, \nAkz: 681-657-20-101.2004015)  zur Einleitung von Regenwasser in die Hase erteilt am 30.03.2004.","beschreib_lang":"unbefristetes Wasserrecht (Kennziffer: 11/13480, \nAkz: 681-657-20-101.2004015)  zur Einleitung von Regenwasser in die Hase erteilt am 30.03.2004.","foto1":"https://nlwkn.hannit-share.de/index.php/core/preview?fileId=11063896&x=1280&y=819&a=true","foto2":"https://nlwkn.hannit-share.de/index.php/core/preview?fileId=11063899&x=1280&y=819&a=true","foto3":"https://nlwkn.hannit-share.de/index.php/core/preview?fileId=11063902&x=1280&y=819&a=true","foto4":null,"link1":null,"link2":null,"denkmal":"Nein","akz":null,"WR":"11/13480 (aktiv)","Ein_GWZ":null,"Ein_GKZ":null,"Ein_Name":null,"Ein_ord":"Einleitung","Ein_WKID":null,"Ein_DN":null,"Breite":null,"Hoehe":null,"NN_Sohle":10.56,"WK_NR":null,"URL_WKDB":null,"rwert":386041.0,"hwert":5838903.0},"geometry":{"type":"Point","coordinates":[7.313979,52.688047]}},
{"type":"Feature","properties":{"ID_con":376,"bw_id":"HAS_EIN_2710","name":"Grabeneinmündung","GEW":"HAS","stat_von":2710.0,"bauart":"Rohrdurchlass","baujahr":null,"upflicht":"Stadt Meppen","KTR":null,"FSK":"033110013000360009__","bemerk":"Nr. 1/10","beschreib":"Grabeneinmündung","beschreib_lang":null,"foto1":"https://nlwkn.hannit-share.de/index.php/core/preview?fileId=11064022&x=1280&y=819&a=true","foto2":"https://nlwkn.hannit-share.de/index.php/core/preview?fileId=11064025&x=1280&y=819&a=true","foto3":"https://nlwkn.hannit-share.de/index.php/core/preview?fileId=11064028&x=1280&y=819&a=true","foto4":"https://nlwkn.hannit-share.de/index.php/core/preview?fileId=11064031&x=1280&y=819&a=true","link1":null,"link2":null,"denkmal":"Nein","akz":"62026-9/1","WR":null,"Ein_GWZ":null,"Ein_GKZ":null,"Ein_Name":null,"Ein_ord":"3. Ordnung","Ein_WKID":null,"Ein_DN":600,"Breite":null,"Hoehe":null,"NN_Sohle":10.58,"WK_NR":null,"URL_WKDB":null,"rwert":386119.0,"hwert":5839525.0},"geometry":{"type":"Point","coordinates":[7.314917,52.693653]}},
{"type":"Feature","properties":{"ID_con":394,"bw_id":"HAS_EIN_3370","name":"Grabeneinmündung (mit Rückstauklappe)","GEW":"HAS","stat_von":3370.0,"bauart":"Rohrdurchlass mit Rückstauklappe","baujahr":null,"upflicht":"Bundesrepublik Deutschland (ID: 5)","KTR":null,"FSK":"033110012000720006__","bemerk":"Nr. 1/12 ; Länge der Haltung: 16,00 m","beschreib":"Grabeneinmündung (mit Rückstauklappe)","beschreib_lang":null,"foto1":"https://nlwkn.hannit-share.de/index.php/core/preview?fileId=11064196&x=1280&y=819&a=true","foto2":"https://nlwkn.hannit-share.de/index.php/core/preview?fileId=11064199&x=1280&y=819&a=true","foto3":"https://nlwkn.hannit-share.de/index.php/core/preview?fileId=11064202&x=1280&y=819&a=true","foto4":"https://nlwkn.hannit-share.de/index.php/core/preview?fileId=11064205&x=1280&y=819&a=true","link1":null,"link2":null,"denkmal":"Nein","akz":null,"WR":null,"Ein_GWZ":null,"Ein_GKZ":null,"Ein_Name":null,"Ein_ord":"3. Ordnung","Ein_WKID":null,"Ein_DN":600,"Breite":null,"Hoehe":null,"NN_Sohle":10.81,"WK_NR":null,"URL_WKDB":null,"rwert":386521.0,"hwert":5839086.0},"geometry":{"type":"Point","coordinates":[7.321014,52.689792]}},
{"type":"Feature","properties":{"ID_con":399,"bw_id":"HAS_EIN_3525","name":"Rohrdurchlass mit Rückstauklappe  (Zugwehr)","GEW":"HAS","stat_von":3525.0,"bauart":"Rohrdurchlass mit Rückstauklappe  (Zugwehr)","baujahr":null,"upflicht":"WSA Direktion Münster","KTR":null,"FSK":"033110012000720006__","bemerk":"Nr. 1/14 ; Länge der Haltung: 10,00 m","beschreib":"Rohrdurchlass mit Rückstauklappe  (Zugwehr)","beschreib_lang":null,"foto1":"https://nlwkn.hannit-share.de/index.php/core/preview?fileId=11064232&x=1280&y=819&a=true","foto2":"https://nlwkn.hannit-share.de/index.php/core/preview?fileId=11064235&x=1280&y=819&a=true","foto3":"https://nlwkn.hannit-share.de/index.php/core/preview?fileId=11064238&x=1280&y=819&a=true","foto4":"https://nlwkn.hannit-share.de/index.php/core/preview?fileId=11064241&x=1280&y=819&a=true","link1":null,"link2":null,"denkmal":"Nein","akz":null,"WR":null,"Ein_GWZ":null,"Ein_GKZ":null,"Ein_Name":null,"Ein_ord":"3. Ordnung","Ein_WKID":null,"Ein_DN":800,"Breite":null,"Hoehe":null,"NN_Sohle":10.66,"WK_NR":null,"URL_WKDB":null,"rwert":386675.0,"hwert":5839129.0},"geometry":{"type":"Point","coordinates":[7.323277,52.690211]}},
{"type":"Feature","properties":{"ID_con":400,"bw_id":"HAS_EIN_3575","name":"Rohrdurchlass","GEW":"HAS","stat_von":3575.0,"bauart":"Rohrdurchlass","baujahr":null,"upflicht":"Stadt Meppen","KTR":null,"FSK":"033110012000720006__","bemerk":"Nr. 1/15","beschreib":"Rohrdurchlass","beschreib_lang":null,"foto1":"https://nlwkn.hannit-share.de/index.php/core/preview?fileId=11064244&x=1280&y=819&a=true","foto2":"https://nlwkn.hannit-share.de/index.php/core/preview?fileId=11064247&x=1280&y=819&a=true","foto3":"https://nlwkn.hannit-share.de/index.php/core/preview?fileId=11064250&x=1280&y=819&a=true","foto4":"https://nlwkn.hannit-share.de/index.php/core/preview?fileId=11064253&x=1280&y=819&a=true","link1":null,"link2":null,"denkmal":"Nein","akz":null,"WR":null,"Ein_GWZ":null,"Ein_GKZ":null,"Ein_Name":null,"Ein_ord":"3. Ordnung","Ein_WKID":null,"Ein_DN":600,"Breite":null,"Hoehe":null,"NN_Sohle":10.99,"WK_NR":null,"URL_WKDB":null,"rwert":386718.0,"hwert":5839058.0},"geometry":{"type":"Point","coordinates":[7.323937,52.689582]}},
{"type":"Feature","properties":{"ID_con":418,"bw_id":"HAS_EIN_4130","name":"Rohrdurchlass","GEW":"HAS","stat_von":4130.0,"bauart":"Rohrdurchlass","baujahr":null,"upflicht":"Stadt Meppen","KTR":null,"FSK":"033110014000020011__","bemerk":"Nr. 1/16 ; Länge der Haltung: 18,00 m","beschreib":"Rohrdurchlass","beschreib_lang":null,"foto1":"https://nlwkn.hannit-share.de/index.php/core/preview?fileId=11064412&x=1280&y=819&a=true","foto2":"https://nlwkn.hannit-share.de/index.php/core/preview?fileId=11064415&x=1280&y=819&a=true","foto3":"https://nlwkn.hannit-share.de/index.php/core/preview?fileId=11064418&x=1280&y=819&a=true","foto4":"https://nlwkn.hannit-share.de/index.php/core/preview?fileId=11064421&x=1280&y=819&a=true","link1":null,"link2":null,"denkmal":"Nein","akz":null,"WR":null,"Ein_GWZ":null,"Ein_GKZ":null,"Ein_Name":null,"Ein_ord":"3. Ordnung","Ein_WKID":null,"Ein_DN":400,"Breite":null,"Hoehe":null,"NN_Sohle":0.0,"WK_NR":null,"URL_WKDB":null,"rwert":386986.0,"hwert":5838896.0},"geometry":{"type":"Point","coordinates":[7.327956,52.688182]}},
{"type":"Feature","properties":{"ID_con":443,"bw_id":"HAS_EIN_4820","name":"Einmündung Altarm Wekenborg","GEW":"HAS","stat_von":4820.0,"bauart":"Kastendurchlass mit Überfahrt","baujahr":null,"upflicht":"NLWKN","KTR":"MAAHA00100","FSK":"033110014000670002__","bemerk":null,"beschreib":"Kastendurchlass  AA Wekenborg rechts (Nr. 1/17)","beschreib_lang":null,"foto1":"https://nlwkn.hannit-share.de/index.php/core/preview?fileId=11064673&x=1280&y=819&a=true","foto2":"https://nlwkn.hannit-share.de/index.php/core/preview?fileId=11064676&x=1280&y=819&a=true","foto3":"https://nlwkn.hannit-share.de/index.php/core/preview?fileId=11064679&x=1280&y=819&a=true","foto4":"https://nlwkn.hannit-share.de/index.php/core/preview?fileId=11064682&x=1280&y=819&a=true","link1":null,"link2":null,"denkmal":"Nein","akz":"62026-9/1","WR":null,"Ein_GWZ":36932,"Ein_GKZ":36932,"Ein_Name":"Hase-Altarm","Ein_ord":"3. Ordnung","Ein_WKID":null,"Ein_DN":null,"Breite":1500,"Hoehe":1500,"NN_Sohle":10.24,"WK_NR":null,"URL_WKDB":null,"rwert":386746.0,"hwert":5838430.0},"geometry":{"type":"Point","coordinates":[7.324567,52.683945]}},
{"type":"Feature","properties":{"ID_con":451,"bw_id":"HAS_EIN_5100","name":"Einmündung Teglinger Bach","GEW":"HAS","stat_von":5100.0,"bauart":"Freie Einmündung","baujahr":null,"upflicht":"99","KTR":null,"FSK":"03311001400069______","bemerk":"Nr. 1/18, Freie Einmündung mit Sohlgleite zwischen Brücke und Mündung ; Planunterlagen für Sohlgleite??","beschreib":"Freie Einmündung des Teglinger Baches als Gewässer 2. Ordnung","beschreib_lang":null,"foto1":"https://nlwkn.hannit-share.de/index.php/core/preview?fileId=11064748&x=1280&y=819&a=true","foto2":"https://nlwkn.hannit-share.de/index.php/core/preview?fileId=11064751&x=1280&y=819&a=true","foto3":"https://nlwkn.hannit-share.de/index.php/core/preview?fileId=11064754&x=1280&y=819&a=true","foto4":"https://nlwkn.hannit-share.de/index.php/core/preview?fileId=11064757&x=1280&y=819&a=true","link1":null,"link2":null,"denkmal":"Nein","akz":null,"WR":null,"Ein_GWZ":3692,"Ein_GKZ":369299,"Ein_Name":"Teglinger Bach","Ein_ord":"2. Ordnung","Ein_WKID":2044,"Ein_DN":null,"Breite":null,"Hoehe":null,"NN_Sohle":null,"WK_NR":2044,"URL_WKDB":" ","rwert":386929.0,"hwert":5838231.0},"geometry":{"type":"Point","coordinates":[7.327341,52.682195]}},
{"type":"Feature","properties":{"ID_con":461,"bw_id":"HAS_EIN_5960","name":"Einmündung Röckers Graben  (mit Rückstauklappe)","GEW":"HAS","stat_von":5960.0,"bauart":"Rohrdurchlass mit Rückstauklappe","baujahr":null,"upflicht":"99","KTR":null,"FSK":"033219004000010013__","bemerk":"Nr. 1/18 oder 2/19","beschreib":"Einmündung Röckers Graben  (mit Rückstauklappe)","beschreib_lang":null,"foto1":"https://nlwkn.hannit-share.de/index.php/core/preview?fileId=11064838&x=1280&y=819&a=true","foto2":"https://nlwkn.hannit-share.de/index.php/core/preview?fileId=11064841&x=1280&y=819&a=true","foto3":"https://nlwkn.hannit-share.de/index.php/core/preview?fileId=11064844&x=1280&y=819&a=true","foto4":"https://nlwkn.hannit-share.de/index.php/core/preview?fileId=11064847&x=1280&y=819&a=true","link1":null,"link2":null,"denkmal":"Nein","akz":null,"WR":null,"Ein_GWZ":3691992,"Ein_GKZ":3691992,"Ein_Name":"\tRöckers Graben","Ein_ord":"2. Ordnung","Ein_WKID":null,"Ein_DN":1000,"Breite":null,"Hoehe":null,"NN_Sohle":10.8,"WK_NR":null,"URL_WKDB":null,"rwert":387765.0,"hwert":5838238.0},"geometry":{"type":"Point","coordinates":[7.3397,52.682431]}},
{"type":"Feature","properties":{"ID_con":462,"bw_id":"HAS_EIN_6550","name":"Rohrdurchlass (Grabeneinmündung)","GEW":"HAS","stat_von":6550.0,"bauart":"Rohrdurchlass (PVC)","baujahr":null,"upflicht":"Wasser- und Bodenverband Hasetal-Haselünne","KTR":null,"FSK":"033219004000010013__","bemerk":"Nr. 1/19 oder 2/20 ; Länge der Haltung 8 m","beschreib":"Rohrdurchlass (Grabeneinmündung)","beschreib_lang":null,"foto1":"https://nlwkn.hannit-share.de/index.php/core/preview?fileId=11064850&x=1280&y=819&a=true","foto2":"https://nlwkn.hannit-share.de/index.php/core/preview?fileId=11064853&x=1280&y=819&a=true","foto3":"https://nlwkn.hannit-share.de/index.php/core/preview?fileId=11064856&x=1280&y=819&a=true","foto4":null,"link1":null,"link2":null,"denkmal":"Nein","akz":null,"WR":null,"Ein_GWZ":null,"Ein_GKZ":null,"Ein_Name":"Graben Nr. 35","Ein_ord":"3. Ordnung","Ein_WKID":null,"Ein_DN":300,"Breite":null,"Hoehe":null,"NN_Sohle":11.02,"WK_NR":null,"URL_WKDB":null,"rwert":387892.0,"hwert":5838831.0},"geometry":{"type":"Point","coordinates":[7.341376,52.687786]}},
{"type":"Feature","properties":{"ID_con":463,"bw_id":"HAS_EIN_7935","name":"Einleitung Brückenentwässerung","GEW":"HAS","stat_von":7935.0,"bauart":"Rohrdurchlass mit Rechen und Ablaufrinne","baujahr":null,"upflicht":"Landkreis Emsland","KTR":null,"FSK":"033219004000010013__","bemerk":null,"beschreib":"Einleitung Brückenentwässerung","beschreib_lang":null,"foto1":"https://nlwkn.hannit-share.de/index.php/core/preview?fileId=11064859&x=1280&y=819&a=true","foto2":"https://nlwkn.hannit-share.de/index.php/core/preview?fileId=11064862&x=1280&y=819&a=true","foto3":"https://nlwkn.hannit-share.de/index.php/core/preview?fileId=11064865&x=1280&y=819&a=true","foto4":null,"link1":null,"link2":null,"denkmal":"Nein","akz":null,"WR":null,"Ein_GWZ":null,"Ein_GKZ":null,"Ein_Name":null,"Ein_ord":"Sonstige","Ein_WKID":null,"Ein_DN":null,"Breite":null,"Hoehe":null,"NN_Sohle":null,"WK_NR":null,"URL_WKDB":null,"rwert":388301.0,"hwert":5839654.0},"geometry":{"type":"Point","coordinates":[7.347145,52.695266]}},
{"type":"Feature","properties":{"ID_con":464,"bw_id":"HAS_EIN_8090","name":"Grabeneinmündung rechts (mit Rückstauklappe)","GEW":"HAS","stat_von":8090.0,"bauart":"Rohrdurchlass mit Rückstauklappe und Hubschütz","baujahr":null,"upflicht":"Wasser- und Bodenverband Hasetal-Haselünne","KTR":null,"FSK":"033219002000010005__","bemerk":"Nr. 1/25 od. 2/27 ;Länge der Haltung: 12,00 m","beschreib":"Grabeneinmündung rechts (mit Rückstauklappe)","beschreib_lang":null,"foto1":"https://nlwkn.hannit-share.de/index.php/core/preview?fileId=11064868&x=1280&y=819&a=true","foto2":"https://nlwkn.hannit-share.de/index.php/core/preview?fileId=11064871&x=1280&y=819&a=true","foto3":"https://nlwkn.hannit-share.de/index.php/core/preview?fileId=11064874&x=1280&y=819&a=true","foto4":"https://nlwkn.hannit-share.de/index.php/core/preview?fileId=11064877&x=1280&y=819&a=true","link1":null,"link2":null,"denkmal":"Nein","akz":null,"WR":null,"Ein_GWZ":null,"Ein_GKZ":null,"Ein_Name":"Graben Nr. 36","Ein_ord":"3. Ordnung","Ein_WKID":null,"Ein_DN":800,"Breite":null,"Hoehe":null,"NN_Sohle":11.3,"WK_NR":null,"URL_WKDB":null,"rwert":388367.0,"hwert":5839819.0},"geometry":{"type":"Point","coordinates":[7.348066,52.696763]}},
{"type":"Feature","properties":{"ID_con":465,"bw_id":"HAS_EIN_8370","name":"Rohrdurchlass mit Rückstauklappe (im U-Weg)","GEW":"HAS","stat_von":8370.0,"bauart":"Rohrdurchlass mit Rückstauklappe","baujahr":null,"upflicht":"Wasser- und Bodenverband Hasetal - Haselünne","KTR":null,"FSK":"03321900100004______","bemerk":"Nr. 1/26 od Nr. 2/28","beschreib":"Rohrdurchlass mit Rückstauklappe (im U-Weg)","beschreib_lang":null,"foto1":"https://nlwkn.hannit-share.de/index.php/core/preview?fileId=11064880&x=1280&y=819&a=true","foto2":"https://nlwkn.hannit-share.de/index.php/core/preview?fileId=11064883&x=1280&y=819&a=true","foto3":"https://nlwkn.hannit-share.de/index.php/core/preview?fileId=11064886&x=1280&y=819&a=true","foto4":"https://nlwkn.hannit-share.de/index.php/core/preview?fileId=11064889&x=1280&y=819&a=true","link1":null,"link2":null,"denkmal":"Nein","akz":null,"WR":null,"Ein_GWZ":null,"Ein_GKZ":null,"Ein_Name":"Graben Nr. 2","Ein_ord":"3. Ordnung","Ein_WKID":null,"Ein_DN":600,"Breite":null,"Hoehe":null,"NN_Sohle":10.98,"WK_NR":null,"URL_WKDB":null,"rwert":388633.0,"hwert":5839739.0},"geometry":{"type":"Point","coordinates":[7.352027,52.696099]}},
{"type":"Feature","properties":{"ID_con":466,"bw_id":"HAS_EIN_9165","name":"Rohrdurchlass (Altarmanschluss AA Bokeloh-Rien)","GEW":"HAS","stat_von":9165.0,"bauart":"Rohrdurchlass","baujahr":null,"upflicht":"??","KTR":null,"FSK":"033219001000350011__","bemerk":"Nr. 2/1 od. 2/31 Länge der Haltung: 8,00 m","beschreib":"Rohrdurchlass (Altarmanschluss AA Bokeloh-Rien)","beschreib_lang":null,"foto1":"https://nlwkn.hannit-share.de/index.php/core/preview?fileId=11064892&x=1280&y=819&a=true","foto2":"https://nlwkn.hannit-share.de/index.php/core/preview?fileId=11064895&x=1280&y=819&a=true","foto3":"https://nlwkn.hannit-share.de/index.php/core/preview?fileId=11064898&x=1280&y=819&a=true","foto4":"https://nlwkn.hannit-share.de/index.php/core/preview?fileId=11064901&x=1280&y=819&a=true","link1":null,"link2":null,"denkmal":"Nein","akz":null,"WR":null,"Ein_GWZ":null,"Ein_GKZ":null,"Ein_Name":"Altarm Bokeloh-Rien","Ein_ord":"3. Ordnung","Ein_WKID":null,"Ein_DN":600,"Breite":null,"Hoehe":null,"NN_Sohle":12.36,"WK_NR":null,"URL_WKDB":null,"rwert":389373.0,"hwert":5839867.0},"geometry":{"type":"Point","coordinates":[7.362929,52.697401]}},
{"type":"Feature","properties":{"ID_con":467,"bw_id":"HAS_EIN_9330","name":"Einmündung Kamphausgraben","GEW":"HAS","stat_von":9330.0,"bauart":"Freie Einmündung (Schöpfwerk)","baujahr":null,"upflicht":"Wasser- und Bodenverband Hasetal-Haselünne","KTR":null,"FSK":"03321900100011______","bemerk":"Nr. 2/2 od. 1/32","beschreib":"Über den Mündungsbereich führt eine Überfahrt (Einfeldbrücke mit Holzbohlenbelag). Der Kamphausgraben entwässert über ein Schöpfwerk (ca. 100 m oberhalb) in die Hase.","beschreib_lang":"Über den Mündungsbereich führt eine Überfahrt (Einfeldbrücke mit Holzbohlenbelag). Der Kamphausgraben entwässert über ein Schöpfwerk (ca. 100 m oberhalb) in die Hase.","foto1":"https://nlwkn.hannit-share.de/index.php/core/preview?fileId=11064904&x=1280&y=819&a=true","foto2":"https://nlwkn.hannit-share.de/index.php/core/preview?fileId=11064907&x=1280&y=819&a=true","foto3":"https://nlwkn.hannit-share.de/index.php/core/preview?fileId=11064910&x=1280&y=819&a=true","foto4":"https://nlwkn.hannit-share.de/index.php/core/preview?fileId=11064913&x=1280&y=819&a=true","link1":null,"link2":null,"denkmal":"Nein","akz":null,"WR":null,"Ein_GWZ":369196,"Ein_GKZ":3691969,"Ein_Name":"Kamphausgraben","Ein_ord":"2. Ordnung","Ein_WKID":null,"Ein_DN":1400,"Breite":null,"Hoehe":null,"NN_Sohle":11.15,"WK_NR":null,"URL_WKDB":null,"rwert":389513.0,"hwert":5839754.0},"geometry":{"type":"Point","coordinates":[7.365038,52.696414]}},
{"type":"Feature","properties":{"ID_con":2592,"bw_id":"HAS_EIN_10165","name":"Grabeneinmündung links (mit Rückstauklappe)","GEW":"HAS","stat_von":10165.0,"bauart":"Rohrdurchlass mit Rückstauklappe","baujahr":null,"upflicht":"Wasser- und Bodenverband Hasetal-Haselünne","KTR":null,"FSK":"033219001000010023__","bemerk":null,"beschreib":"Grabeneinmündung links (mit Rückstauklappe)","beschreib_lang":"Grabeneinmündung links (mit Rückstauklappe)","foto1":"https://nlwkn.hannit-share.de/index.php/core/preview?fileId=11063758&x=1280&y=819&a=true","foto2":"https://nlwkn.hannit-share.de/index.php/core/preview?fileId=11063761&x=1280&y=819&a=true","foto3":"https://nlwkn.hannit-share.de/index.php/core/preview?fileId=11063764&x=1280&y=819&a=true","foto4":"https://nlwkn.hannit-share.de/index.php/core/preview?fileId=11063767&x=1280&y=819&a=true","link1":null,"link2":null,"denkmal":"Nein","akz":null,"WR":null,"Ein_GWZ":null,"Ein_GKZ":null,"Ein_Name":null,"Ein_ord":"Dritter Ordnung","Ein_WKID":null,"Ein_DN":null,"Breite":null,"Hoehe":null,"NN_Sohle":0.0,"WK_NR":null,"URL_WKDB":null,"rwert":389850.0,"hwert":5840330.0},"geometry":{"type":"Point","coordinates":[7.36983,52.701658]}},
{"type":"Feature","properties":{"ID_con":336,"bw_id":"HAS_EIN_10805","name":"Altarmanschluss AA Groß Dörgen rechts","GEW":"HAS","stat_von":10805.0,"bauart":"Rohrdurchlass","baujahr":null,"upflicht":"??","KTR":null,"FSK":"033219001000010024__","bemerk":"Länge der Haltung: 6,00 m","beschreib":"Altarmanschluss AA Groß Dörgen rechts über Rohrdurchlass","beschreib_lang":null,"foto1":"https://nlwkn.hannit-share.de/index.php/core/preview?fileId=11063770&x=1280&y=819&a=true","foto2":"https://nlwkn.hannit-share.de/index.php/core/preview?fileId=11063773&x=1280&y=819&a=true","foto3":null,"foto4":"https://nlwkn.hannit-share.de/index.php/core/preview?fileId=11063779&x=1280&y=819&a=true","link1":null,"link2":null,"denkmal":"Nein","akz":null,"WR":null,"Ein_GWZ":null,"Ein_GKZ":null,"Ein_Name":"Altarm Groß Dörgen","Ein_ord":"3. Ordnung","Ein_WKID":null,"Ein_DN":1000,"Breite":null,"Hoehe":null,"NN_Sohle":11.49,"WK_NR":null,"URL_WKDB":null,"rwert":390375.0,"hwert":5840168.0},"geometry":{"type":"Point","coordinates":[7.37765,52.700309]}},
{"type":"Feature","properties":{"ID_con":337,"bw_id":"HAS_EIN_11300","name":"Altarmanschluss AA Hofe links","GEW":"HAS","stat_von":11300.0,"bauart":"Rohrdurchlass mit Rückstauklappe","baujahr":null,"upflicht":"Wasser- und Bodenverband Hasetal-Haselünne","KTR":null,"FSK":"033219001000010024__","bemerk":null,"beschreib":"Altarmanschluss AA Hofe links über Rohrdurchlass mit Rückstauklappe","beschreib_lang":null,"foto1":"https://nlwkn.hannit-share.de/index.php/core/preview?fileId=11063782&x=1280&y=819&a=true","foto2":"https://nlwkn.hannit-share.de/index.php/core/preview?fileId=11063785&x=1280&y=819&a=true","foto3":"https://nlwkn.hannit-share.de/index.php/core/preview?fileId=11063788&x=1280&y=819&a=true","foto4":"https://nlwkn.hannit-share.de/index.php/core/preview?fileId=11063791&x=1280&y=819&a=true","link1":null,"link2":null,"denkmal":"Nein","akz":null,"WR":null,"Ein_GWZ":null,"Ein_GKZ":null,"Ein_Name":"Altarm Hofe","Ein_ord":"3. Ordnung","Ein_WKID":null,"Ein_DN":800,"Breite":null,"Hoehe":null,"NN_Sohle":11.8,"WK_NR":null,"URL_WKDB":null,"rwert":390056.0,"hwert":5839787.0},"geometry":{"type":"Point","coordinates":[7.373059,52.696821]}},
{"type":"Feature","properties":{"ID_con":338,"bw_id":"HAS_EIN_12830","name":"Grabeneinmündung links (mit Rückstauklappe)","GEW":"HAS","stat_von":12830.0,"bauart":"Rohrdurchlass mit Rückstauklappe","baujahr":null,"upflicht":"Wasser- und Bodenverband Hasetal-Haselünne","KTR":null,"FSK":"033219003000010009__","bemerk":"Wurde in Zusammenarbeit mit ArL, GBIV OL und LK EL 2022 in eine Furt umgebaut. Die Maßnahme wurde mit FGE-Mitteln gefördert. GB 2 hat die Bauleitung durchgeführt.","beschreib":"Der Rohrdurchlass mit Rückstauklappe wurde in 2022 in eine naturnahe Furt mit Aufwertung des Mündungsbereiches umgebaut. Die Maßnahmen wurde mit FGE gefördert","beschreib_lang":"Der Rohrdurchlass entwässert ausschließlich Flächen, die sich im öffentlichen Eigentum befinden. Der Rohrdurchlass mit Rückstauklappe wurde in 2022 in eine naturnahe Furt mit Aufwertung des Mündungsbereiches umgebaut. Die Maßnahmen wurde mit FGE (ca. 68.000 €) gefördert.","foto1":"https://nlwkn.hannit-share.de/index.php/core/preview?fileId=11063794&x=1280&y=819&a=true","foto2":"https://nlwkn.hannit-share.de/index.php/core/preview?fileId=11063797&x=1280&y=819&a=true","foto3":"https://nlwkn.hannit-share.de/index.php/core/preview?fileId=11063800&x=1280&y=819&a=true","foto4":"https://nlwkn.hannit-share.de/index.php/core/preview?fileId=11063803&x=1280&y=819&a=true","link1":null,"link2":null,"denkmal":"Nein","akz":"62024-02-03-15","WR":null,"Ein_GWZ":null,"Ein_GKZ":null,"Ein_Name":"Graben Nr. 10","Ein_ord":"3. Ordnung","Ein_WKID":null,"Ein_DN":800,"Breite":null,"Hoehe":null,"NN_Sohle":11.77,"WK_NR":null,"URL_WKDB":null,"rwert":389587.0,"hwert":5838545.0},"geometry":{"type":"Point","coordinates":[7.366538,52.685564]}},
{"type":"Feature","properties":{"ID_con":339,"bw_id":"HAS_EIN_13430","name":"Grabeneinmündung rechts","GEW":"HAS","stat_von":13430.0,"bauart":"??Freie Einmündung","baujahr":null,"upflicht":"Eigentümer (Wulf, Klaus)","KTR":null,"FSK":"033221007000060015__","bemerk":"Graben vorhanden???","beschreib":"Grabeneinmündung rechts","beschreib_lang":null,"foto1":null,"foto2":null,"foto3":null,"foto4":null,"link1":null,"link2":null,"denkmal":"Nein","akz":null,"WR":null,"Ein_GWZ":null,"Ein_GKZ":null,"Ein_Name":null,"Ein_ord":"3. Ordnung","Ein_WKID":null,"Ein_DN":null,"Breite":null,"Hoehe":null,"NN_Sohle":null,"WK_NR":null,"URL_WKDB":null,"rwert":390127.0,"hwert":5838465.0},"geometry":{"type":"Point","coordinates":[7.37455,52.684955]}},
{"type":"Feature","properties":{"ID_con":340,"bw_id":"HAS_EIN_14925","name":"Rohreinlauf","GEW":"HAS","stat_von":14925.0,"bauart":"Rohreinlauf (Beton)","baujahr":null,"upflicht":"Wasser- und Bodenverband Hasetal-Haselünne","KTR":null,"FSK":"033223004000010001__","bemerk":"Durchmesser prüfen, U-Pflicht prüfen","beschreib":"Rohreinlauf","beschreib_lang":null,"foto1":"https://nlwkn.hannit-share.de/index.php/core/preview?fileId=11063812&x=1280&y=819&a=true","foto2":"https://nlwkn.hannit-share.de/index.php/core/preview?fileId=11063815&x=1280&y=819&a=true","foto3":"https://nlwkn.hannit-share.de/index.php/core/preview?fileId=11063818&x=1280&y=819&a=true","foto4":null,"link1":null,"link2":null,"denkmal":"Nein","akz":null,"WR":null,"Ein_GWZ":null,"Ein_GKZ":null,"Ein_Name":null,"Ein_ord":"3. Ordnung","Ein_WKID":null,"Ein_DN":600,"Breite":null,"Hoehe":null,"NN_Sohle":13.25,"WK_NR":null,"URL_WKDB":null,"rwert":390588.0,"hwert":5837465.0},"geometry":{"type":"Point","coordinates":[7.3817,52.676062]}},
{"type":"Feature","properties":{"ID_con":344,"bw_id":"HAS_EIN_16065","name":"Grabeneinmündung Kreyenborg  (mit Rückstauklappe )","GEW":"HAS","stat_von":16065.0,"bauart":"Rohrdurchlass mit Rückstauklappe","baujahr":null,"upflicht":"Wasser- und Bodenverband Hasetal-Haselünne","KTR":null,"FSK":"03322300100011______","bemerk":null,"beschreib":"Grabeneinmündung Kreyenborg  (mit Rückstauklappe )","beschreib_lang":null,"foto1":"https://nlwkn.hannit-share.de/index.php/core/preview?fileId=11063839&x=1280&y=819&a=true","foto2":"https://nlwkn.hannit-share.de/index.php/core/preview?fileId=11063842&x=1280&y=819&a=true","foto3":null,"foto4":null,"link1":null,"link2":null,"denkmal":"Nein","akz":null,"WR":null,"Ein_GWZ":null,"Ein_GKZ":null,"Ein_Name":"Graben Nr. 27","Ein_ord":"3. Ordnung","Ein_WKID":null,"Ein_DN":600,"Breite":null,"Hoehe":null,"NN_Sohle":12.45,"WK_NR":null,"URL_WKDB":null,"rwert":390713.0,"hwert":5837897.0},"geometry":{"type":"Point","coordinates":[7.383404,52.67997]}},
{"type":"Feature","properties":{"ID_con":345,"bw_id":"HAS_EIN_17030","name":"Grabeneinmündung Kreyenborg II  (mit Rückstauklappe )","GEW":"HAS","stat_von":17030.0,"bauart":"Rohrdurchlass mit Rückstauklappe","baujahr":null,"upflicht":"Wasser- und Bodenverband Hasetal-Haselünne","KTR":null,"FSK":"03322300100015______","bemerk":"Graben Nr. 29","beschreib":"Grabeneinmündung Kreyenborg II  (mit Rückstauklappe )","beschreib_lang":null,"foto1":"https://nlwkn.hannit-share.de/index.php/core/preview?fileId=11063845&x=1280&y=819&a=true","foto2":"https://nlwkn.hannit-share.de/index.php/core/preview?fileId=11063848&x=1280&y=819&a=true","foto3":null,"foto4":null,"link1":null,"link2":null,"denkmal":"Nein","akz":null,"WR":null,"Ein_GWZ":null,"Ein_GKZ":null,"Ein_Name":"Graben Nr. 29","Ein_ord":"3. Ordnung","Ein_WKID":null,"Ein_DN":600,"Breite":null,"Hoehe":null,"NN_Sohle":12.22,"WK_NR":null,"URL_WKDB":null,"rwert":390911.0,"hwert":5838504.0},"geometry":{"type":"Point","coordinates":[7.386131,52.685464]}},
{"type":"Feature","properties":{"ID_con":347,"bw_id":"HAS_EIN_17870","name":"Alte Einmündung Dörgener Beeke","GEW":"HAS","stat_von":17870.0,"bauart":"Freie Einmündung","baujahr":null,"upflicht":"99","KTR":null,"FSK":"033221005000820005__","bemerk":null,"beschreib":"Alte Einmündung Dörgener Beeke","beschreib_lang":null,"foto1":"https://nlwkn.hannit-share.de/index.php/core/preview?fileId=11063854&x=1280&y=819&a=true","foto2":"https://nlwkn.hannit-share.de/index.php/core/preview?fileId=11063857&x=1280&y=819&a=true","foto3":"https://nlwkn.hannit-share.de/index.php/core/preview?fileId=11063860&x=1280&y=819&a=true","foto4":"https://nlwkn.hannit-share.de/index.php/core/preview?fileId=11063863&x=1280&y=819&a=true","link1":null,"link2":null,"denkmal":"Nein","akz":null,"WR":null,"Ein_GWZ":36912,"Ein_GKZ":36912,"Ein_Name":"Dörgener Beeke","Ein_ord":"2. Ordnung","Ein_WKID":2040,"Ein_DN":null,"Breite":null,"Hoehe":null,"NN_Sohle":13.0,"WK_NR":2040,"URL_WKDB":" ","rwert":391422.0,"hwert":5839064.0},"geometry":{"type":"Point","coordinates":[7.393503,52.690599]}},
{"type":"Feature","properties":{"ID_con":349,"bw_id":"HAS_EIN_18440","name":"Einmündung Bleichholter Graben","GEW":"HAS","stat_von":18440.0,"bauart":"Freie Einmündung über raue Rampe mit Brücke","baujahr":null,"upflicht":"99","KTR":null,"FSK":"033221005000720011__","bemerk":"Neue Einmündung Mittelradde","beschreib":"Einmündung Bleichholter Graben","beschreib_lang":null,"foto1":"https://nlwkn.hannit-share.de/index.php/core/preview?fileId=11063872&x=1280&y=819&a=true","foto2":"https://nlwkn.hannit-share.de/index.php/core/preview?fileId=11063875&x=1280&y=819&a=true","foto3":"https://nlwkn.hannit-share.de/index.php/core/preview?fileId=11063878&x=1280&y=819&a=true","foto4":null,"link1":null,"link2":null,"denkmal":"Nein","akz":null,"WR":null,"Ein_GWZ":367996,"Ein_GKZ":367996,"Ein_Name":"Bleichholter Graben","Ein_ord":"2. Ordnung","Ein_WKID":null,"Ein_DN":null,"Breite":null,"Hoehe":null,"NN_Sohle":12.58,"WK_NR":null,"URL_WKDB":null,"rwert":391821.0,"hwert":5838811.0},"geometry":{"type":"Point","coordinates":[7.399487,52.688406]}},
{"type":"Feature","properties":{"ID_con":350,"bw_id":"HAS_EIN_18460","name":"Grabeneinmündung links (im Pralluferbereich)","GEW":"HAS","stat_von":18460.0,"bauart":"Rohrdurchlass mit Rückstauklappe","baujahr":null,"upflicht":"Wasser- und Bodenverband Hasetal-Haselünne","KTR":null,"FSK":"03322300100049______","bemerk":"Bauwerk prüfen??","beschreib":"Grabeneinmündung links (im Pralluferbereich)","beschreib_lang":null,"foto1":"https://nlwkn.hannit-share.de/index.php/core/preview?fileId=11063881&x=1280&y=819&a=true","foto2":null,"foto3":null,"foto4":null,"link1":null,"link2":null,"denkmal":"Nein","akz":null,"WR":null,"Ein_GWZ":null,"Ein_GKZ":null,"Ein_Name":"Graben Nr. 30","Ein_ord":"3. Ordnung","Ein_WKID":null,"Ein_DN":100,"Breite":null,"Hoehe":null,"NN_Sohle":12.58,"WK_NR":null,"URL_WKDB":null,"rwert":391749.0,"hwert":5838705.0},"geometry":{"type":"Point","coordinates":[7.398457,52.687439]}},
{"type":"Feature","properties":{"ID_con":351,"bw_id":"HAS_EIN_18725","name":"Einmündung neuer Altarm Lahre (abgetrennter Lauf)","GEW":"HAS","stat_von":18725.0,"bauart":"Freie Einmündung","baujahr":null,"upflicht":"NLWKN","KTR":null,"FSK":"03322300100001______","bemerk":null,"beschreib":"Einmündung neuer Altarm Lahre (abgetrennter Lauf)","beschreib_lang":null,"foto1":"https://nlwkn.hannit-share.de/index.php/core/preview?fileId=11063884&x=1280&y=819&a=true","foto2":null,"foto3":null,"foto4":null,"link1":null,"link2":null,"denkmal":"Nein","akz":null,"WR":null,"Ein_GWZ":null,"Ein_GKZ":null,"Ein_Name":null,"Ein_ord":"3. Ordnung","Ein_WKID":null,"Ein_DN":null,"Breite":null,"Hoehe":null,"NN_Sohle":null,"WK_NR":null,"URL_WKDB":null,"rwert":391862.0,"hwert":5838445.0},"geometry":{"type":"Point","coordinates":[7.400213,52.685125]}},
{"type":"Feature","properties":{"ID_con":352,"bw_id":"HAS_EIN_19380","name":"Einmündung neuer Altarm Lehrte (abgetrennter Lauf)","GEW":"HAS","stat_von":19380.0,"bauart":"Freie Einmündung","baujahr":null,"upflicht":"NLWKN","KTR":null,"FSK":"033222006002670008__","bemerk":null,"beschreib":"Einmündung neuer Altarm Lehrte (abgetrennter Lauf)","beschreib_lang":null,"foto1":null,"foto2":null,"foto3":null,"foto4":null,"link1":null,"link2":null,"denkmal":"Nein","akz":null,"WR":null,"Ein_GWZ":null,"Ein_GKZ":null,"Ein_Name":null,"Ein_ord":"3. Ordnung","Ein_WKID":null,"Ein_DN":null,"Breite":null,"Hoehe":null,"NN_Sohle":null,"WK_NR":null,"URL_WKDB":null,"rwert":392015.0,"hwert":5838214.0},"geometry":{"type":"Point","coordinates":[7.402552,52.683079]}},
{"type":"Feature","properties":{"ID_con":353,"bw_id":"HAS_EIN_19381","name":"Einmündung nördl. Sautmannshauser Graben über Altgewässer","GEW":"HAS","stat_von":19381.0,"bauart":"Freie Einmündung","baujahr":null,"upflicht":"99","KTR":null,"FSK":"033222006002670008__","bemerk":"prüfen","beschreib":"Einmündung nördl. Sautmannshauser Graben über Altgewässer","beschreib_lang":null,"foto1":"https://nlwkn.hannit-share.de/index.php/core/preview?fileId=11063887&x=1280&y=819&a=true","foto2":"https://nlwkn.hannit-share.de/index.php/core/preview?fileId=11063890&x=1280&y=819&a=true","foto3":"https://nlwkn.hannit-share.de/index.php/core/preview?fileId=11063893&x=1280&y=819&a=true","foto4":null,"link1":null,"link2":null,"denkmal":"Nein","akz":null,"WR":null,"Ein_GWZ":367994,"Ein_GKZ":367994,"Ein_Name":"Sautmannshauser Graben","Ein_ord":"2. Ordnung","Ein_WKID":null,"Ein_DN":null,"Breite":null,"Hoehe":null,"NN_Sohle":null,"WK_NR":null,"URL_WKDB":null,"rwert":392165.0,"hwert":5838086.0},"geometry":{"type":"Point","coordinates":[7.404812,52.681959]}},
{"type":"Feature","properties":{"ID_con":355,"bw_id":"HAS_EIN_19910","name":"Grabeneinmündung links","GEW":"HAS","stat_von":19910.0,"bauart":"Rohrdurchlass mit Rückstauklappe","baujahr":null,"upflicht":"Wasser- und Bodenverband Hasetal-Haselünne","KTR":null,"FSK":"033223001000740001__","bemerk":null,"beschreib":"Grabeneinmündung links","beschreib_lang":null,"foto1":null,"foto2":null,"foto3":null,"foto4":null,"link1":null,"link2":null,"denkmal":"Nein","akz":null,"WR":null,"Ein_GWZ":null,"Ein_GKZ":null,"Ein_Name":"Graben Nr. 34","Ein_ord":"3. Ordnung","Ein_WKID":null,"Ein_DN":1000,"Breite":null,"Hoehe":null,"NN_Sohle":13.39,"WK_NR":null,"URL_WKDB":null,"rwert":391705.0,"hwert":5838088.0},"geometry":{"type":"Point","coordinates":[7.398009,52.681885]}},
{"type":"Feature","properties":{"ID_con":357,"bw_id":"HAS_EIN_20545","name":"Grabeneinmündung links","GEW":"HAS","stat_von":20545.0,"bauart":"Rohrdurchlass mit Rückstauklappe","baujahr":null,"upflicht":"Wasser- und Bodenverband Hasetal-Haselünne","KTR":null,"FSK":"03322300200021______","bemerk":null,"beschreib":"Grabeneinmündung links","beschreib_lang":null,"foto1":null,"foto2":null,"foto3":null,"foto4":null,"link1":null,"link2":null,"denkmal":"Nein","akz":null,"WR":null,"Ein_GWZ":null,"Ein_GKZ":null,"Ein_Name":"Graben  Nr. 62","Ein_ord":"3. Ordnung","Ein_WKID":null,"Ein_DN":1000,"Breite":null,"Hoehe":null,"NN_Sohle":12.85,"WK_NR":null,"URL_WKDB":null,"rwert":392303.0,"hwert":5837902.0},"geometry":{"type":"Point","coordinates":[7.406912,52.680333]}},
{"type":"Feature","properties":{"ID_con":358,"bw_id":"HAS_EIN_20830","name":"Grabeneinmündung(zum südl. Sautmannshauser Graben)","GEW":"HAS","stat_von":20830.0,"bauart":"Furt","baujahr":null,"upflicht":"NLWKN","KTR":null,"FSK":"033222009000900027__","bemerk":null,"beschreib":"Grabeneinmündung rechts (mit Verbindung zum Sautmannshauser Graben) über Furt mit Rampe","beschreib_lang":null,"foto1":null,"foto2":null,"foto3":null,"foto4":null,"link1":null,"link2":null,"denkmal":"Nein","akz":null,"WR":null,"Ein_GWZ":null,"Ein_GKZ":null,"Ein_Name":"Stadtmarkgraben","Ein_ord":"3. Ordnung","Ein_WKID":null,"Ein_DN":null,"Breite":null,"Hoehe":null,"NN_Sohle":12.54,"WK_NR":null,"URL_WKDB":null,"rwert":392461.0,"hwert":5837677.0},"geometry":{"type":"Point","coordinates":[7.409322,52.678342]}},
{"type":"Feature","properties":{"ID_con":359,"bw_id":"HAS_EIN_21235","name":"Grabeineinmündung links über Furt","GEW":"HAS","stat_von":21235.0,"bauart":"Furt","baujahr":null,"upflicht":"NLWKN","KTR":null,"FSK":"03322300200036______","bemerk":null,"beschreib":"Grabeineinmündung links über Furt","beschreib_lang":null,"foto1":"https://nlwkn.hannit-share.de/index.php/core/preview?fileId=11063905&x=1280&y=819&a=true","foto2":"https://nlwkn.hannit-share.de/index.php/core/preview?fileId=11063908&x=1280&y=819&a=true","foto3":null,"foto4":null,"link1":null,"link2":null,"denkmal":"Nein","akz":null,"WR":null,"Ein_GWZ":null,"Ein_GKZ":null,"Ein_Name":"Graben Nr. 62","Ein_ord":"3. Ordnung","Ein_WKID":null,"Ein_DN":null,"Breite":null,"Hoehe":null,"NN_Sohle":12.85,"WK_NR":null,"URL_WKDB":null,"rwert":392762.0,"hwert":5837443.0},"geometry":{"type":"Point","coordinates":[7.413849,52.676299]}},
{"type":"Feature","properties":{"ID_con":360,"bw_id":"HAS_EIN_21365","name":"Einmündung Stadtmarkgraben rechts über Furt","GEW":"HAS","stat_von":21365.0,"bauart":"Furt","baujahr":null,"upflicht":"NLWKN","KTR":null,"FSK":"033224003001610001__","bemerk":null,"beschreib":"Einmündung Stadtmarkgraben  über Furt. Die Furt ersetzt einen hier ehemals vorh. Rohrdurchlass. Die Furt wurde ???? durch die Mitarbeiter des Betriebshofes Lehrte des NLWKN angelegt.","beschreib_lang":null,"foto1":"https://nlwkn.hannit-share.de/index.php/core/preview?fileId=11063911&x=1280&y=819&a=true","foto2":null,"foto3":null,"foto4":null,"link1":null,"link2":null,"denkmal":"Nein","akz":null,"WR":null,"Ein_GWZ":36796,"Ein_GKZ":36796,"Ein_Name":"Stadtmarkgraben","Ein_ord":"2. Ordnung","Ein_WKID":null,"Ein_DN":null,"Breite":null,"Hoehe":null,"NN_Sohle":12.54,"WK_NR":null,"URL_WKDB":null,"rwert":392883.0,"hwert":5837370.0},"geometry":{"type":"Point","coordinates":[7.415661,52.675667]}},
{"type":"Feature","properties":{"ID_con":361,"bw_id":"HAS_EIN_21555","name":"Einmündung Graben links (mit Rückstauklappe)","GEW":"HAS","stat_von":21555.0,"bauart":"Rohrdurchlass mit Rückstauklappe","baujahr":null,"upflicht":"Wasser- und Bodenverband Hasetal-Haselünne","KTR":null,"FSK":"03322300200041______","bemerk":null,"beschreib":"Einmündung Graben links (mit Rückstauklappe)","beschreib_lang":null,"foto1":"https://nlwkn.hannit-share.de/index.php/core/preview?fileId=11063914&x=1280&y=819&a=true","foto2":"https://nlwkn.hannit-share.de/index.php/core/preview?fileId=11063917&x=1280&y=819&a=true","foto3":"https://nlwkn.hannit-share.de/index.php/core/preview?fileId=11063920&x=1280&y=819&a=true","foto4":"https://nlwkn.hannit-share.de/index.php/core/preview?fileId=11063923&x=1280&y=819&a=true","link1":"https://nlwkn.hannit-share.de/index.php/core/preview?fileId=11063926&x=1280&y=819&a=true","link2":null,"denkmal":"Nein","akz":null,"WR":null,"Ein_GWZ":null,"Ein_GKZ":null,"Ein_Name":"Graben Nr. 63","Ein_ord":"3. Ordnung","Ein_WKID":null,"Ein_DN":800,"Breite":null,"Hoehe":null,"NN_Sohle":13.49,"WK_NR":null,"URL_WKDB":null,"rwert":392938.0,"hwert":5837186.0},"geometry":{"type":"Point","coordinates":[7.416534,52.674024]}},
{"type":"Feature","properties":{"ID_con":362,"bw_id":"HAS_EIN_22120","name":"Einmündung Graben links (mit Rückstauklappe)","GEW":"HAS","stat_von":22120.0,"bauart":"Rohrdurchlass mit Rückstauklappe","baujahr":null,"upflicht":"Wasser- und Bodenverband Hasetal-Haselünne","KTR":null,"FSK":"03322500200021______","bemerk":null,"beschreib":"Einmündung Graben links (mit Rückstauklappe)","beschreib_lang":null,"foto1":"https://nlwkn.hannit-share.de/index.php/core/preview?fileId=11063929&x=1280&y=819&a=true","foto2":"https://nlwkn.hannit-share.de/index.php/core/preview?fileId=11063932&x=1280&y=819&a=true","foto3":null,"foto4":null,"link1":null,"link2":null,"denkmal":"Nein","akz":null,"WR":null,"Ein_GWZ":null,"Ein_GKZ":null,"Ein_Name":"Graben Nr. 65","Ein_ord":"3. Ordnung","Ein_WKID":null,"Ein_DN":1000,"Breite":null,"Hoehe":null,"NN_Sohle":12.76,"WK_NR":null,"URL_WKDB":null,"rwert":393063.0,"hwert":5836672.0},"geometry":{"type":"Point","coordinates":[7.418549,52.66943]}},
{"type":"Feature","properties":{"ID_con":364,"bw_id":"HAS_EIN_22350","name":"Einmündung Graben links (mit Rückstauklappe)","GEW":"HAS","stat_von":22350.0,"bauart":"Rohrdurchlass mit Rückstauklappe","baujahr":null,"upflicht":"Wasser- und Bodenverband Hasetal Haselünne","KTR":null,"FSK":"033225002000310002__","bemerk":null,"beschreib":"Einmündung Graben links (mit Rückstauklappe)","beschreib_lang":null,"foto1":"https://nlwkn.hannit-share.de/index.php/core/preview?fileId=11063935&x=1280&y=819&a=true","foto2":"https://nlwkn.hannit-share.de/index.php/core/preview?fileId=11063938&x=1280&y=819&a=true","foto3":null,"foto4":null,"link1":null,"link2":null,"denkmal":"Nein","akz":null,"WR":null,"Ein_GWZ":null,"Ein_GKZ":null,"Ein_Name":"Graben Nr. 68","Ein_ord":"3. Ordnung","Ein_WKID":null,"Ein_DN":800,"Breite":null,"Hoehe":null,"NN_Sohle":13.23,"WK_NR":null,"URL_WKDB":null,"rwert":393288.0,"hwert":5836578.0},"geometry":{"type":"Point","coordinates":[7.421906,52.66863]}},
{"type":"Feature","properties":{"ID_con":365,"bw_id":"HAS_EIN_22605","name":"Einmündung Altarm Huden und Schullenriedengraben rechts","GEW":"HAS","stat_von":22605.0,"bauart":"Freie Einmündung mit Überfahrt","baujahr":null,"upflicht":"Wasser- und Bodenverband Hasetal-Haselünne","KTR":null,"FSK":"03322400400183______","bemerk":null,"beschreib":"Einmündung Altarm Huden und Schullenriedengraben rechts","beschreib_lang":null,"foto1":"https://nlwkn.hannit-share.de/index.php/core/preview?fileId=11063941&x=1280&y=819&a=true","foto2":"https://nlwkn.hannit-share.de/index.php/core/preview?fileId=11063944&x=1280&y=819&a=true","foto3":null,"foto4":null,"link1":null,"link2":null,"denkmal":"Nein","akz":null,"WR":null,"Ein_GWZ":36794,"Ein_GKZ":36794,"Ein_Name":"Schulenriedengraben","Ein_ord":"2. Ordnung","Ein_WKID":null,"Ein_DN":null,"Breite":null,"Hoehe":null,"NN_Sohle":12.64,"WK_NR":null,"URL_WKDB":null,"rwert":393531.0,"hwert":5836672.0},"geometry":{"type":"Point","coordinates":[7.425467,52.669522]}},
{"type":"Feature","properties":{"ID_con":2069,"bw_id":"HAS_EIN_22750","name":"Grabeneinlauf mit Überfahrt (Hammer Bach??)","GEW":"HAS","stat_von":22750.0,"bauart":"Grabeneinlauf","baujahr":null,"upflicht":"Landkreis Emsland ??","KTR":null,"FSK":"033226001001010006__","bemerk":"prüfen","beschreib":"Grabeneinlauf mit Überfahrt (Hammer Bach??)","beschreib_lang":"Grabeneinlauf mit Überfahrt (Hammer Bach??)","foto1":null,"foto2":null,"foto3":null,"foto4":null,"link1":null,"link2":null,"denkmal":"Nein","akz":null,"WR":null,"Ein_GWZ":null,"Ein_GKZ":null,"Ein_Name":null,"Ein_ord":"3. Ordnung","Ein_WKID":null,"Ein_DN":null,"Breite":null,"Hoehe":null,"NN_Sohle":null,"WK_NR":null,"URL_WKDB":null,"rwert":393597.0,"hwert":5836518.0},"geometry":{"type":"Point","coordinates":[7.426493,52.668151]}},
{"type":"Feature","properties":{"ID_con":366,"bw_id":"HAS_EIN_23130","name":"Rohrdurchlass mit Rückstauklappe (Grabeneinmündung)","GEW":"HAS","stat_von":23130.0,"bauart":"Rohrdurchlass mit Rückstauklappe","baujahr":null,"upflicht":"Wasser- und Bodenverband Hasetal-Haselünne","KTR":null,"FSK":"03322500200041______","bemerk":null,"beschreib":"Rohrdurchlass mit Rückstauklappe (Grabeneinmündung)","beschreib_lang":null,"foto1":"https://nlwkn.hannit-share.de/index.php/core/preview?fileId=11063947&x=1280&y=819&a=true","foto2":"https://nlwkn.hannit-share.de/index.php/core/preview?fileId=11063950&x=1280&y=819&a=true","foto3":"https://nlwkn.hannit-share.de/index.php/core/preview?fileId=11063953&x=1280&y=819&a=true","foto4":null,"link1":null,"link2":null,"denkmal":"Nein","akz":null,"WR":null,"Ein_GWZ":null,"Ein_GKZ":null,"Ein_Name":null,"Ein_ord":"3. Ordnung","Ein_WKID":null,"Ein_DN":600,"Breite":null,"Hoehe":null,"NN_Sohle":12.84,"WK_NR":null,"URL_WKDB":null,"rwert":393732.0,"hwert":5836250.0},"geometry":{"type":"Point","coordinates":[7.428575,52.665769]}},
{"type":"Feature","properties":{"ID_con":363,"bw_id":"HAS_EIN_23340","name":"Einmündung Hammer Graben rechts (mit Rückstauklappe)","GEW":"HAS","stat_von":23340.0,"bauart":"Rohrdurchlass mit Rückstauklappe","baujahr":null,"upflicht":"Wasser- und Bodenverband Hasetal-Haselünne","KTR":null,"FSK":"033226001000310002__","bemerk":null,"beschreib":"Einmündung Hammer Graben rechts (mit Rückstauklappe)","beschreib_lang":null,"foto1":"https://nlwkn.hannit-share.de/index.php/core/preview?fileId=11063956&x=1280&y=819&a=true","foto2":"https://nlwkn.hannit-share.de/index.php/core/preview?fileId=11063959&x=1280&y=819&a=true","foto3":null,"foto4":null,"link1":null,"link2":null,"denkmal":"Nein","akz":null,"WR":null,"Ein_GWZ":36792,"Ein_GKZ":36792,"Ein_Name":"Hammer Graben","Ein_ord":"2. Ordnung","Ein_WKID":null,"Ein_DN":1500,"Breite":null,"Hoehe":null,"NN_Sohle":12.39,"WK_NR":null,"URL_WKDB":null,"rwert":393912.0,"hwert":5836263.0},"geometry":{"type":"Point","coordinates":[7.431231,52.665921]}},
{"type":"Feature","properties":{"ID_con":367,"bw_id":"HAS_EIN_23500","name":"Einmündung neuer Altarm Blanke (abgetrennter Lauf)","GEW":"HAS","stat_von":23500.0,"bauart":"Freie Einmündung","baujahr":null,"upflicht":"NLWKN","KTR":null,"FSK":"033226001001010006__","bemerk":null,"beschreib":"Einmündung neuer Altarm Blanke (abgetrennter Lauf).","beschreib_lang":null,"foto1":null,"foto2":null,"foto3":null,"foto4":null,"link1":null,"link2":null,"denkmal":"Nein","akz":null,"WR":null,"Ein_GWZ":null,"Ein_GKZ":null,"Ein_Name":null,"Ein_ord":"3. Ordnung","Ein_WKID":null,"Ein_DN":null,"Breite":null,"Hoehe":null,"NN_Sohle":null,"WK_NR":null,"URL_WKDB":null,"rwert":394034.0,"hwert":5836078.0},"geometry":{"type":"Point","coordinates":[7.433094,52.664283]}},
{"type":"Feature","properties":{"ID_con":368,"bw_id":"HAS_EIN_24190","name":"Grabeneinmündung links","GEW":"HAS","stat_von":24190.0,"bauart":"Rohrdurchlass ?? Mit Rückstauklappe??","baujahr":null,"upflicht":"??","KTR":null,"FSK":"033225003000190005__","bemerk":null,"beschreib":"Grabeneinmündung links","beschreib_lang":null,"foto1":"https://nlwkn.hannit-share.de/index.php/core/preview?fileId=11063962&x=1280&y=819&a=true","foto2":"https://nlwkn.hannit-share.de/index.php/core/preview?fileId=11063965&x=1280&y=819&a=true","foto3":null,"foto4":null,"link1":null,"link2":null,"denkmal":"Nein","akz":null,"WR":null,"Ein_GWZ":null,"Ein_GKZ":null,"Ein_Name":null,"Ein_ord":"3. Ordnung","Ein_WKID":null,"Ein_DN":null,"Breite":null,"Hoehe":null,"NN_Sohle":0.0,"WK_NR":null,"URL_WKDB":null,"rwert":393642.0,"hwert":5835563.0},"geometry":{"type":"Point","coordinates":[7.427466,52.659578]}},
{"type":"Feature","properties":{"ID_con":369,"bw_id":"HAS_EIN_24220","name":"Einmündung Bawinkler Bach","GEW":"HAS","stat_von":24220.0,"bauart":"Kastendurchlass (mit rauer Rampe)","baujahr":null,"upflicht":"99","KTR":null,"FSK":"033225003000370004__","bemerk":null,"beschreib":"Einmündung Bawinkler Bach","beschreib_lang":"Einmündung Bawinkler Bach","foto1":"https://nlwkn.hannit-share.de/index.php/core/preview?fileId=11550887&x=1280&y=819&a=true","foto2":"https://nlwkn.hannit-share.de/index.php/core/preview?fileId=11550886&x=1280&y=819&a=true","foto3":"https://nlwkn.hannit-share.de/index.php/core/preview?fileId=11550888&x=1280&y=819&a=true","foto4":"https://nlwkn.hannit-share.de/index.php/core/preview?fileId=11550889&x=1280&y=819&a=true","link1":null,"link2":null,"denkmal":"Nein","akz":null,"WR":null,"Ein_GWZ":3678,"Ein_GKZ":367895,"Ein_Name":"Bawinkler Bach","Ein_ord":"2. Ordnung","Ein_WKID":2046,"Ein_DN":null,"Breite":null,"Hoehe":null,"NN_Sohle":0.0,"WK_NR":2046,"URL_WKDB":" ","rwert":393651.0,"hwert":5835522.0},"geometry":{"type":"Point","coordinates":[7.427612,52.659211]}},
{"type":"Feature","properties":{"ID_con":370,"bw_id":"HAS_EIN_25040","name":"Rohrdurchlass mit Rückstauklappe","GEW":"HAS","stat_von":25040.0,"bauart":"Rohrdurchlass mit Rückstauklappe","baujahr":null,"upflicht":"Wasser- und Bodenverband Hasetal-Haselünne","KTR":null,"FSK":"033226001001010001__","bemerk":null,"beschreib":"Rohrdurchlass mit Rückstauklappe","beschreib_lang":null,"foto1":"https://nlwkn.hannit-share.de/index.php/core/preview?fileId=11063968&x=1280&y=819&a=true","foto2":"https://nlwkn.hannit-share.de/index.php/core/preview?fileId=11063971&x=1280&y=819&a=true","foto3":null,"foto4":null,"link1":null,"link2":null,"denkmal":"Nein","akz":null,"WR":null,"Ein_GWZ":null,"Ein_GKZ":null,"Ein_Name":null,"Ein_ord":"3. Ordnung","Ein_WKID":null,"Ein_DN":500,"Breite":null,"Hoehe":null,"NN_Sohle":13.73,"WK_NR":null,"URL_WKDB":null,"rwert":394316.0,"hwert":5835391.0},"geometry":{"type":"Point","coordinates":[7.437482,52.658164]}},
{"type":"Feature","properties":{"ID_con":371,"bw_id":"HAS_EIN_25275","name":"Grabeneinmündung links","GEW":"HAS","stat_von":25275.0,"bauart":"Rohrdurchlass mit Rückstauklappe","baujahr":null,"upflicht":"Wasser- und Bodenverband Hasetal-Haselünne","KTR":null,"FSK":"033225004000380001__","bemerk":null,"beschreib":"Grabeneinmündung links","beschreib_lang":null,"foto1":"https://nlwkn.hannit-share.de/index.php/core/preview?fileId=11063974&x=1280&y=819&a=true","foto2":"https://nlwkn.hannit-share.de/index.php/core/preview?fileId=11063977&x=1280&y=819&a=true","foto3":"https://nlwkn.hannit-share.de/index.php/core/preview?fileId=11063980&x=1280&y=819&a=true","foto4":"https://nlwkn.hannit-share.de/index.php/core/preview?fileId=11063983&x=1280&y=819&a=true","link1":null,"link2":null,"denkmal":"Nein","akz":null,"WR":null,"Ein_GWZ":null,"Ein_GKZ":null,"Ein_Name":"Gewässer Nr. 69","Ein_ord":"3. Ordnung","Ein_WKID":null,"Ein_DN":800,"Breite":null,"Hoehe":null,"NN_Sohle":13.41,"WK_NR":null,"URL_WKDB":null,"rwert":394279.0,"hwert":5835150.0},"geometry":{"type":"Point","coordinates":[7.437013,52.655991]}},
{"type":"Feature","properties":{"ID_con":372,"bw_id":"HAS_EIN_25290","name":"Grabeneinmündung links (mit Rückstauklappe)","GEW":"HAS","stat_von":25290.0,"bauart":"Rohrdurchlass mit Rückstauklappe","baujahr":null,"upflicht":"Wasser- und Bodenverband Hasetal-Haselünne","KTR":null,"FSK":"033225004000380001__","bemerk":"lt. URPL ohne Rückstauklappe","beschreib":"Grabeneinmündung links (mit Rückstauklappe)","beschreib_lang":null,"foto1":"https://nlwkn.hannit-share.de/index.php/core/preview?fileId=11063986&x=1280&y=819&a=true","foto2":"https://nlwkn.hannit-share.de/index.php/core/preview?fileId=11063989&x=1280&y=819&a=true","foto3":"https://nlwkn.hannit-share.de/index.php/core/preview?fileId=11063992&x=1280&y=819&a=true","foto4":"https://nlwkn.hannit-share.de/index.php/core/preview?fileId=11063995&x=1280&y=819&a=true","link1":null,"link2":null,"denkmal":"Nein","akz":null,"WR":null,"Ein_GWZ":null,"Ein_GKZ":null,"Ein_Name":"Gewässer Nr. 69a","Ein_ord":"3. Ordnung","Ein_WKID":null,"Ein_DN":1000,"Breite":null,"Hoehe":null,"NN_Sohle":13.38,"WK_NR":null,"URL_WKDB":null,"rwert":394284.0,"hwert":5835138.0},"geometry":{"type":"Point","coordinates":[7.437091,52.655884]}},
{"type":"Feature","properties":{"ID_con":373,"bw_id":"HAS_EIN_25465","name":"Grabeneinmündung rechts (mit Rückstauklappe)","GEW":"HAS","stat_von":25465.0,"bauart":"Rohrdurchlass mit Rückstauklappe","baujahr":null,"upflicht":"Wasser- und Bodenverband Hasetal-Haselünne","KTR":null,"FSK":"033226004000690013__","bemerk":null,"beschreib":"Grabeneinmündung rechts (mit Rückstauklappe)","beschreib_lang":null,"foto1":"https://nlwkn.hannit-share.de/index.php/core/preview?fileId=11063998&x=1280&y=819&a=true","foto2":"https://nlwkn.hannit-share.de/index.php/core/preview?fileId=11064001&x=1280&y=819&a=true","foto3":"https://nlwkn.hannit-share.de/index.php/core/preview?fileId=11064004&x=1280&y=819&a=true","foto4":"https://nlwkn.hannit-share.de/index.php/core/preview?fileId=11064007&x=1280&y=819&a=true","link1":null,"link2":null,"denkmal":"Nein","akz":null,"WR":null,"Ein_GWZ":null,"Ein_GKZ":null,"Ein_Name":"Graben Nr. 77","Ein_ord":"3. Ordnung","Ein_WKID":null,"Ein_DN":1000,"Breite":null,"Hoehe":null,"NN_Sohle":13.56,"WK_NR":null,"URL_WKDB":null,"rwert":394388.0,"hwert":5834988.0},"geometry":{"type":"Point","coordinates":[7.438676,52.654556]}},
{"type":"Feature","properties":{"ID_con":374,"bw_id":"HAS_EIN_25975","name":"Grabeneinmündung links (mit Rückstauklappe)","GEW":"HAS","stat_von":25975.0,"bauart":"Rohrdurchlass mit Rückstauklappe","baujahr":null,"upflicht":"Wasser- und Bodenverband Hasetal-Haselünne","KTR":null,"FSK":"033226004000690013__","bemerk":"Eindeichung der Flutmulde Hamm I (Auslauf)","beschreib":"Grabeneinmündung links (mit Rückstauklappe)","beschreib_lang":null,"foto1":"https://nlwkn.hannit-share.de/index.php/core/preview?fileId=11064010&x=1280&y=819&a=true","foto2":"https://nlwkn.hannit-share.de/index.php/core/preview?fileId=11064013&x=1280&y=819&a=true","foto3":"https://nlwkn.hannit-share.de/index.php/core/preview?fileId=11064016&x=1280&y=819&a=true","foto4":"https://nlwkn.hannit-share.de/index.php/core/preview?fileId=11064019&x=1280&y=819&a=true","link1":null,"link2":null,"denkmal":"Nein","akz":null,"WR":null,"Ein_GWZ":null,"Ein_GKZ":null,"Ein_Name":"Flutmulde Hamm I","Ein_ord":"3. Ordnung","Ein_WKID":null,"Ein_DN":null,"Breite":null,"Hoehe":null,"NN_Sohle":null,"WK_NR":null,"URL_WKDB":null,"rwert":394422.0,"hwert":5834485.0},"geometry":{"type":"Point","coordinates":[7.439339,52.650043]}},
{"type":"Feature","properties":{"ID_con":375,"bw_id":"HAS_EIN_26230","name":"Einmündung Flutmulde rechts","GEW":"HAS","stat_von":26230.0,"bauart":"Freie Einmündung","baujahr":null,"upflicht":"Wasser- und Bodenverband Hasetal-Haselünne","KTR":null,"FSK":"033226004000010019__","bemerk":null,"beschreib":"Einmündung Flutmulde rechts","beschreib_lang":null,"foto1":null,"foto2":null,"foto3":null,"foto4":null,"link1":null,"link2":null,"denkmal":"Nein","akz":null,"WR":null,"Ein_GWZ":null,"Ein_GKZ":null,"Ein_Name":null,"Ein_ord":"Sonstige","Ein_WKID":null,"Ein_DN":null,"Breite":null,"Hoehe":null,"NN_Sohle":null,"WK_NR":null,"URL_WKDB":null,"rwert":394542.0,"hwert":5834265.0},"geometry":{"type":"Point","coordinates":[7.441182,52.648089]}},
{"type":"Feature","properties":{"ID_con":377,"bw_id":"HAS_EIN_27890","name":"Grabeneinmündung links (mit Rückstauklappe)","GEW":"HAS","stat_von":27890.0,"bauart":"Rohrdurchlass mit Rückstauklappe","baujahr":null,"upflicht":"Wasser- und Bodenverband Hasetal-Haselünne","KTR":null,"FSK":"033213023000960010__","bemerk":null,"beschreib":"Grabeneinmündung links (mit Rückstauklappe)","beschreib_lang":null,"foto1":"https://nlwkn.hannit-share.de/index.php/core/preview?fileId=11064034&x=1280&y=819&a=true","foto2":"https://nlwkn.hannit-share.de/index.php/core/preview?fileId=11064037&x=1280&y=819&a=true","foto3":"https://nlwkn.hannit-share.de/index.php/core/preview?fileId=11064040&x=1280&y=819&a=true","foto4":"https://nlwkn.hannit-share.de/index.php/core/preview?fileId=11064043&x=1280&y=819&a=true","link1":null,"link2":null,"denkmal":"Nein","akz":null,"WR":null,"Ein_GWZ":null,"Ein_GKZ":null,"Ein_Name":"Graben Nr. 71 a","Ein_ord":"3. Ordnung","Ein_WKID":null,"Ein_DN":600,"Breite":null,"Hoehe":null,"NN_Sohle":14.12,"WK_NR":null,"URL_WKDB":null,"rwert":394992.0,"hwert":5834155.0},"geometry":{"type":"Point","coordinates":[7.447866,52.647188]}},
{"type":"Feature","properties":{"ID_con":378,"bw_id":"HAS_EIN_28915","name":"Grabeneinmündung links (mit Rückstauklappe)","GEW":"HAS","stat_von":28915.0,"bauart":"Rohrdurchlass mit Rückstauklappe","baujahr":null,"upflicht":"Wasser- und Bodenverband Hasetal-Haselünne","KTR":null,"FSK":"033213023000960010__","bemerk":null,"beschreib":"Grabeneinmündung links (mit Rückstauklappe)","beschreib_lang":null,"foto1":"https://nlwkn.hannit-share.de/index.php/core/preview?fileId=11064046&x=1280&y=819&a=true","foto2":"https://nlwkn.hannit-share.de/index.php/core/preview?fileId=11064049&x=1280&y=819&a=true","foto3":"https://nlwkn.hannit-share.de/index.php/core/preview?fileId=11064052&x=1280&y=819&a=true","foto4":"https://nlwkn.hannit-share.de/index.php/core/preview?fileId=11064055&x=1280&y=819&a=true","link1":null,"link2":null,"denkmal":"Nein","akz":null,"WR":null,"Ein_GWZ":null,"Ein_GKZ":null,"Ein_Name":"Graben Nr. 79","Ein_ord":"3. Ordnung","Ein_WKID":null,"Ein_DN":600,"Breite":null,"Hoehe":null,"NN_Sohle":14.24,"WK_NR":null,"URL_WKDB":null,"rwert":395252.0,"hwert":5834514.0},"geometry":{"type":"Point","coordinates":[7.451594,52.650464]}},
{"type":"Feature","properties":{"ID_con":379,"bw_id":"HAS_EIN_29300","name":"Einmündung Flutmulde rechts","GEW":"HAS","stat_von":29300.0,"bauart":"Rohrdurchlass mit Rückstauklappe","baujahr":null,"upflicht":"Wasser- und Bodenverband Hasetal-Haselünne","KTR":null,"FSK":"033226003000680013__","bemerk":"prüfen","beschreib":"Einmündung Flutmulde rechts","beschreib_lang":null,"foto1":null,"foto2":null,"foto3":null,"foto4":null,"link1":null,"link2":null,"denkmal":"Nein","akz":null,"WR":null,"Ein_GWZ":null,"Ein_GKZ":null,"Ein_Name":"Flutmulde Hamm II (Auslauf)","Ein_ord":"3. Ordnung","Ein_WKID":null,"Ein_DN":null,"Breite":null,"Hoehe":null,"NN_Sohle":null,"WK_NR":null,"URL_WKDB":null,"rwert":395441.0,"hwert":5834840.0},"geometry":{"type":"Point","coordinates":[7.454283,52.65343]}},
{"type":"Feature","properties":{"ID_con":380,"bw_id":"HAS_EIN_29760","name":"Einmündung Flutmulde rechts","GEW":"HAS","stat_von":29760.0,"bauart":"Freie Einmündung","baujahr":null,"upflicht":"Wasser- und Bodenverband Hasetal-Haselünne","KTR":null,"FSK":"033226003000070032__","bemerk":null,"beschreib":"Einmündung Flutmulde rechts","beschreib_lang":null,"foto1":"https://nlwkn.hannit-share.de/index.php/core/preview?fileId=11064058&x=1280&y=819&a=true","foto2":"https://nlwkn.hannit-share.de/index.php/core/preview?fileId=11064061&x=1280&y=819&a=true","foto3":null,"foto4":null,"link1":null,"link2":null,"denkmal":"Nein","akz":null,"WR":null,"Ein_GWZ":null,"Ein_GKZ":null,"Ein_Name":"Graben Nr. 79 a (Flutmulde Hamm II (Auslauf))","Ein_ord":"Sonstige","Ein_WKID":null,"Ein_DN":null,"Breite":null,"Hoehe":null,"NN_Sohle":null,"WK_NR":null,"URL_WKDB":null,"rwert":395741.0,"hwert":5834489.0},"geometry":{"type":"Point","coordinates":[7.458828,52.650334]}},
{"type":"Feature","properties":{"ID_con":381,"bw_id":"HAS_EIN_30060","name":"Grabeneinmündung links (mit Rückstauklappe)","GEW":"HAS","stat_von":30060.0,"bauart":"Rohrdurchlass mit Rückstauklappe","baujahr":null,"upflicht":"Wasser- und Bodenverband Hasetal-Haselünne","KTR":null,"FSK":"033226003000070032__","bemerk":null,"beschreib":"Grabeneinmündung links (mit Rückstauklappe)","beschreib_lang":null,"foto1":"https://nlwkn.hannit-share.de/index.php/core/preview?fileId=11064064&x=1280&y=819&a=true","foto2":"https://nlwkn.hannit-share.de/index.php/core/preview?fileId=11064067&x=1280&y=819&a=true","foto3":"https://nlwkn.hannit-share.de/index.php/core/preview?fileId=11064070&x=1280&y=819&a=true","foto4":"https://nlwkn.hannit-share.de/index.php/core/preview?fileId=11064073&x=1280&y=819&a=true","link1":null,"link2":null,"denkmal":"Nein","akz":null,"WR":null,"Ein_GWZ":null,"Ein_GKZ":null,"Ein_Name":"Graben Nr. 71 b","Ein_ord":"3. Ordnung","Ein_WKID":null,"Ein_DN":600,"Breite":null,"Hoehe":null,"NN_Sohle":14.09,"WK_NR":null,"URL_WKDB":null,"rwert":395702.0,"hwert":5834142.0},"geometry":{"type":"Point","coordinates":[7.458361,52.647208]}},
{"type":"Feature","properties":{"ID_con":382,"bw_id":"HAS_EIN_30370","name":"Einmündung Lotter Beeke","GEW":"HAS","stat_von":30370.0,"bauart":"Freie Einmündung","baujahr":null,"upflicht":"99","KTR":null,"FSK":"033226003000680014__","bemerk":null,"beschreib":"Einmündung Lotter Beeke","beschreib_lang":null,"foto1":"https://nlwkn.hannit-share.de/index.php/core/preview?fileId=11064076&x=1280&y=819&a=true","foto2":null,"foto3":null,"foto4":null,"link1":null,"link2":null,"denkmal":"Nein","akz":null,"WR":null,"Ein_GWZ":3676,"Ein_GKZ":36769,"Ein_Name":"Lotter Beeke","Ein_ord":"2. Ordnung","Ein_WKID":2047,"Ein_DN":null,"Breite":null,"Hoehe":null,"NN_Sohle":null,"WK_NR":2047,"URL_WKDB":" ","rwert":395953.0,"hwert":5834220.0},"geometry":{"type":"Point","coordinates":[7.462045,52.647957]}},
{"type":"Feature","properties":{"ID_con":383,"bw_id":"HAS_EIN_30890","name":"Grabeneinmündung links (mit Rückstauklappe)","GEW":"HAS","stat_von":30890.0,"bauart":"Rohrdurchlass mit Rückstauklappe","baujahr":null,"upflicht":"Wasser- und Bodenverband Hasetal-Haselünne","KTR":null,"FSK":"033213022000730003__","bemerk":null,"beschreib":"Grabeneinmündung links (mit Rückstauklappe)","beschreib_lang":null,"foto1":"https://nlwkn.hannit-share.de/index.php/core/preview?fileId=11064079&x=1280&y=819&a=true","foto2":"https://nlwkn.hannit-share.de/index.php/core/preview?fileId=11064082&x=1280&y=819&a=true","foto3":"https://nlwkn.hannit-share.de/index.php/core/preview?fileId=11064085&x=1280&y=819&a=true","foto4":"https://nlwkn.hannit-share.de/index.php/core/preview?fileId=11064088&x=1280&y=819&a=true","link1":null,"link2":null,"denkmal":"Nein","akz":null,"WR":null,"Ein_GWZ":null,"Ein_GKZ":null,"Ein_Name":"Graben Nr. 72","Ein_ord":"3. Ordnung","Ein_WKID":null,"Ein_DN":600,"Breite":null,"Hoehe":null,"NN_Sohle":14.65,"WK_NR":null,"URL_WKDB":null,"rwert":396021.0,"hwert":5834711.0},"geometry":{"type":"Point","coordinates":[7.462895,52.652383]}},
{"type":"Feature","properties":{"ID_con":384,"bw_id":"HAS_EIN_31390","name":"Rohrdurchlass mit Rückstauklappe","GEW":"HAS","stat_von":31390.0,"bauart":"Rohrdurchlass mit Rückstauklappe","baujahr":null,"upflicht":"Wasser- und Bodenverband Hasetal-Haselünne","KTR":null,"FSK":"033213022000730003__","bemerk":"Graben Nr. 81","beschreib":"Rohrdurchlass mit Rückstauklappe","beschreib_lang":null,"foto1":"https://nlwkn.hannit-share.de/index.php/core/preview?fileId=11064091&x=1280&y=819&a=true","foto2":"https://nlwkn.hannit-share.de/index.php/core/preview?fileId=11064094&x=1280&y=819&a=true","foto3":"https://nlwkn.hannit-share.de/index.php/core/preview?fileId=11064097&x=1280&y=819&a=true","foto4":"https://nlwkn.hannit-share.de/index.php/core/preview?fileId=11064100&x=1280&y=819&a=true","link1":null,"link2":null,"denkmal":"Nein","akz":null,"WR":null,"Ein_GWZ":null,"Ein_GKZ":null,"Ein_Name":"Graben Nr. 81","Ein_ord":"3. Ordnung","Ein_WKID":null,"Ein_DN":1000,"Breite":null,"Hoehe":null,"NN_Sohle":14.01,"WK_NR":null,"URL_WKDB":null,"rwert":396067.0,"hwert":5835148.0},"geometry":{"type":"Point","coordinates":[7.463437,52.656319]}},
{"type":"Feature","properties":{"ID_con":385,"bw_id":"HAS_EIN_31505","name":"Grabeneinmündung rechts (KA-Ablauf Haselünne), E8","GEW":"HAS","stat_von":31505.0,"bauart":"Rohrdurchlass mit Rückstauklappe","baujahr":null,"upflicht":"Stadt Haselünne","KTR":null,"FSK":"033213022000730003__","bemerk":null,"beschreib":"E8, Kläranlageneinlauf Stadt Haselünne, Rohrdurchlass mit Rückstauklappe (Einleitungsmenge: 376,7 l/s) ; B10 Abwassereinleitung kommunale Kläranlage, Abw. ; DN prüfen??","beschreib_lang":"E8, Kläranlageneinlauf Stadt Haselünne, Rohrdurchlass mit Rückstauklappe (Einleitungsmenge: 376,7 l/s) ; B10 Abwassereinleitung kommunale Kläranlage, Abw. ; DN prüfen??","foto1":"https://nlwkn.hannit-share.de/index.php/core/preview?fileId=11064103&x=1280&y=819&a=true","foto2":"https://nlwkn.hannit-share.de/index.php/core/preview?fileId=11064106&x=1280&y=819&a=true","foto3":null,"foto4":null,"link1":null,"link2":null,"denkmal":"Nein","akz":null,"WR":"11/13517 (aktiv)","Ein_GWZ":null,"Ein_GKZ":null,"Ein_Name":null,"Ein_ord":"Einleitung","Ein_WKID":null,"Ein_DN":1000,"Breite":null,"Hoehe":null,"NN_Sohle":13.36,"WK_NR":null,"URL_WKDB":null,"rwert":396169.0,"hwert":5835210.0},"geometry":{"type":"Point","coordinates":[7.464925,52.656895]}},
{"type":"Feature","properties":{"ID_con":386,"bw_id":"HAS_EIN_32210","name":"Rohrdurchlass mit Rückstauklappe, E7.1","GEW":"HAS","stat_von":32210.0,"bauart":"Rohrdurchlass mit Rückstauklappe","baujahr":null,"upflicht":"Stadt Haselünne","KTR":null,"FSK":"033213021000210017__","bemerk":null,"beschreib":"E7.1 Rohrdurchlass mit Rückstauklappenördl. Hammer Tannen, Stadt Haselünne (Oberflächenentwässerung, Einleitungsmenge: 773,5 l/s)","beschreib_lang":"E7.1 Rohrdurchlass mit Rückstauklappenördl. Hammer Tannen, Stadt Haselünne (Oberflächenentwässerung, Einleitungsmenge: 773,5 l/s)","foto1":"https://nlwkn.hannit-share.de/index.php/core/preview?fileId=11064109&x=1280&y=819&a=true","foto2":"https://nlwkn.hannit-share.de/index.php/core/preview?fileId=11064112&x=1280&y=819&a=true","foto3":"https://nlwkn.hannit-share.de/index.php/core/preview?fileId=11064115&x=1280&y=819&a=true","foto4":"https://nlwkn.hannit-share.de/index.php/core/preview?fileId=11064118&x=1280&y=819&a=true","link1":null,"link2":null,"denkmal":"Nein","akz":null,"WR":null,"Ein_GWZ":null,"Ein_GKZ":null,"Ein_Name":null,"Ein_ord":"Einleitung","Ein_WKID":null,"Ein_DN":null,"Breite":null,"Hoehe":null,"NN_Sohle":0.0,"WK_NR":null,"URL_WKDB":null,"rwert":396669.0,"hwert":5835689.0},"geometry":{"type":"Point","coordinates":[7.472164,52.661296]}},
{"type":"Feature","properties":{"ID_con":387,"bw_id":"HAS_EIN_32305","name":"Grabeneinmündung links","GEW":"HAS","stat_von":32305.0,"bauart":"Rohrdurchlass mit Rückstauklappe","baujahr":null,"upflicht":"??","KTR":null,"FSK":"033213020001560017__","bemerk":null,"beschreib":"Rohrdurchlass mit Rückstauklappe","beschreib_lang":null,"foto1":"https://nlwkn.hannit-share.de/index.php/core/preview?fileId=11064121&x=1280&y=819&a=true","foto2":"https://nlwkn.hannit-share.de/index.php/core/preview?fileId=11064124&x=1280&y=819&a=true","foto3":"https://nlwkn.hannit-share.de/index.php/core/preview?fileId=11064127&x=1280&y=819&a=true","foto4":"https://nlwkn.hannit-share.de/index.php/core/preview?fileId=11064130&x=1280&y=819&a=true","link1":null,"link2":null,"denkmal":"Nein","akz":null,"WR":null,"Ein_GWZ":null,"Ein_GKZ":null,"Ein_Name":null,"Ein_ord":"3. Ordnung","Ein_WKID":null,"Ein_DN":null,"Breite":null,"Hoehe":null,"NN_Sohle":0.0,"WK_NR":null,"URL_WKDB":null,"rwert":396759.0,"hwert":5835744.0},"geometry":{"type":"Point","coordinates":[7.473477,52.661807]}},
{"type":"Feature","properties":{"ID_con":388,"bw_id":"HAS_EIN_32520","name":"Grabeneinmündung rechts, E6","GEW":"HAS","stat_von":32520.0,"bauart":"??Rohrdurchlass","baujahr":null,"upflicht":"Stadt Haselünne","KTR":null,"FSK":"033213021000210011__","bemerk":null,"beschreib":"E6 nördl. Hammer Tannen, Stadt Haselünne (Oberflächenentwässerung, Einleitungsmenge: 80,5 l/s)","beschreib_lang":"E6 nördl. Hammer Tannen, Stadt Haselünne (Oberflächenentwässerung, Einleitungsmenge: 80,5 l/s)","foto1":null,"foto2":null,"foto3":null,"foto4":null,"link1":null,"link2":null,"denkmal":"Nein","akz":null,"WR":null,"Ein_GWZ":null,"Ein_GKZ":null,"Ein_Name":null,"Ein_ord":"3. Ordnung","Ein_WKID":null,"Ein_DN":null,"Breite":null,"Hoehe":null,"NN_Sohle":0.0,"WK_NR":null,"URL_WKDB":null,"rwert":396833.0,"hwert":5835954.0},"geometry":{"type":"Point","coordinates":[7.474505,52.663708]}},
{"type":"Feature","properties":{"ID_con":2408,"bw_id":"HAS_EIN_33020","name":"Rohreinlauf Oberflächenentwässerung (Freibad, Schwimmbad Haselünne), E5","GEW":"HAS","stat_von":33020.0,"bauart":"Rohreinlauf","baujahr":null,"upflicht":"Stadt Haselünne","KTR":null,"FSK":"033213020001560017__","bemerk":null,"beschreib":"E5 Rohreinlauf, Freibad Stadt Haselünne (Einleitungsmenge: 13,8 l/s), Einleitung von Abwasser aus dem Schwimmbad Haselünne. Die Einleitungstelle befindet sich unterhalb des Wasserspiegels??.","beschreib_lang":"Rohreinlauf E5, Freibad Stadt Haselünne (Einleitungsmenge: 13,8 l/s), Einleitung von Abwasser aus dem Schwimmbad Haselünne. Die Einleitungstelle befindet sich unterhalb des Wasserspiegels??. In 2024 wurde eine Änderung der wasserbehördlichen Erlaubnis aufgrund einer Sanierung des Schwimmbads beantragt","foto1":"https://nlwkn.hannit-share.de/index.php/core/preview?fileId=11064133&x=1280&y=819&a=true","foto2":null,"foto3":null,"foto4":null,"link1":null,"link2":null,"denkmal":"Nein","akz":"62018-GLD-Stellungnahme - Einleiten in das Oberflächengewässer-1018/2023","WR":null,"Ein_GWZ":null,"Ein_GKZ":null,"Ein_Name":null,"Ein_ord":"Einleitung","Ein_WKID":null,"Ein_DN":null,"Breite":null,"Hoehe":null,"NN_Sohle":null,"WK_NR":null,"URL_WKDB":null,"rwert":397163.0,"hwert":5836336.0},"geometry":{"type":"Point","coordinates":[7.479264,52.667204]}},
{"type":"Feature","properties":{"ID_con":1885,"bw_id":"HAS_EIN_33130","name":"Rohreinlauf (Regenwasser) mit Überfahrt","GEW":"HAS","stat_von":33130.0,"bauart":"Rohreinlauf (Regenwaser) mit Überfahrt","baujahr":null,"upflicht":"Stadt Haselünne","KTR":null,"FSK":"033213020001560017__","bemerk":null,"beschreib":"Rohreinlauf mit Überfahrt (Einmündung Regenwasserkanalisation); E1","beschreib_lang":"Rohreinlauf mit Überfahrt (Einmündung Regenwasserkanalisation) ; E1, Abfluss gem. hydr. Berechnung = 1498,5 l/s","foto1":"https://nlwkn.hannit-share.de/index.php/core/preview?fileId=11064136&x=1280&y=819&a=true","foto2":"https://nlwkn.hannit-share.de/index.php/core/preview?fileId=11064139&x=1280&y=819&a=true","foto3":"https://nlwkn.hannit-share.de/index.php/core/preview?fileId=11064142&x=1280&y=819&a=true","foto4":"https://nlwkn.hannit-share.de/index.php/core/preview?fileId=11064145&x=1280&y=819&a=true","link1":null,"link2":null,"denkmal":"Nein","akz":null,"WR":null,"Ein_GWZ":null,"Ein_GKZ":null,"Ein_Name":null,"Ein_ord":"3. Ordnung","Ein_WKID":null,"Ein_DN":800,"Breite":null,"Hoehe":null,"NN_Sohle":13.7,"WK_NR":null,"URL_WKDB":null,"rwert":397199.0,"hwert":5836443.0},"geometry":{"type":"Point","coordinates":[7.479762,52.668172]}},
{"type":"Feature","properties":{"ID_con":389,"bw_id":"HAS_EIN_33360","name":"Rohreinlauf mit Rückstauklappe (obere Böschung); E4","GEW":"HAS","stat_von":33360.0,"bauart":"Rohreinlauf mit Rückstauklappe","baujahr":null,"upflicht":"Stadt Haselünne","KTR":null,"FSK":"033213020001560017__","bemerk":"Erlaubnisurkunde des Landkreises Meppen v. 23.12.74 (WWA Nr. 18 II)","beschreib":"E4 Rohreinlauf mit Rückstauklappe nördl. Lingener Straße,  Stadt Haselünne (obere Böschung, Einleitungsmenge: 815,2 l/s) ; Erlaubnisurkunde des Landkreises Meppen v. 23.12.74 (WWA Nr. 18 II)","beschreib_lang":"E4 Rohreinlauf mit Rückstauklappe nördl. Lingener Straße,  Stadt Haselünne (obere Böschung, Einleitungsmenge: 815,2 l/s) ; Erlaubnisurkunde des Landkreises Meppen v. 23.12.74 (WWA Nr. 18 II)","foto1":"https://nlwkn.hannit-share.de/index.php/core/preview?fileId=11064148&x=1280&y=819&a=true","foto2":"https://nlwkn.hannit-share.de/index.php/core/preview?fileId=11064151&x=1280&y=819&a=true","foto3":"https://nlwkn.hannit-share.de/index.php/core/preview?fileId=11064154&x=1280&y=819&a=true","foto4":"https://nlwkn.hannit-share.de/index.php/core/preview?fileId=11064157&x=1280&y=819&a=true","link1":null,"link2":null,"denkmal":"Nein","akz":null,"WR":null,"Ein_GWZ":null,"Ein_GKZ":null,"Ein_Name":null,"Ein_ord":"Einleitung","Ein_WKID":null,"Ein_DN":800,"Breite":null,"Hoehe":null,"NN_Sohle":15.01,"WK_NR":null,"URL_WKDB":null,"rwert":397384.0,"hwert":5836583.0},"geometry":{"type":"Point","coordinates":[7.482454,52.669465]}},
{"type":"Feature","properties":{"ID_con":391,"bw_id":"HAS_EIN_33530","name":"Rohreinlauf, Höhe Krankehaus (Zufahrt), E2","GEW":"HAS","stat_von":33530.0,"bauart":"Rohreinlauf","baujahr":null,"upflicht":"Stadt Haselünne","KTR":null,"FSK":"033213020001560017__","bemerk":null,"beschreib":"Einleitungsstelle E2, südl. Molkereistraße der Stadt Haselünne (Einleitungswassermenge 532,2 l/s) ; B65 Wassereinleitung Oberflächenentwässerung","beschreib_lang":"Einleitungsstelle E2, südl. Molkereistraße der Stadt Haselünne (Einleitungswassermenge 532,2 l/s) ; B65 Wassereinleitung Oberflächenentwässerung","foto1":"https://nlwkn.hannit-share.de/index.php/core/preview?fileId=11064160&x=1280&y=819&a=true","foto2":"https://nlwkn.hannit-share.de/index.php/core/preview?fileId=11064163&x=1280&y=819&a=true","foto3":"https://nlwkn.hannit-share.de/index.php/core/preview?fileId=11064166&x=1280&y=819&a=true","foto4":"https://nlwkn.hannit-share.de/index.php/core/preview?fileId=11064169&x=1280&y=819&a=true","link1":null,"link2":null,"denkmal":"Nein","akz":null,"WR":"11/13229 (aktiv)","Ein_GWZ":null,"Ein_GKZ":null,"Ein_Name":null,"Ein_ord":"Einleitung","Ein_WKID":null,"Ein_DN":600,"Breite":null,"Hoehe":null,"NN_Sohle":14.0,"WK_NR":null,"URL_WKDB":null,"rwert":397498.0,"hwert":5836716.0},"geometry":{"type":"Point","coordinates":[7.484097,52.670682]}},
{"type":"Feature","properties":{"ID_con":393,"bw_id":"HAS_EIN_33660","name":"Rohreinlauf","GEW":"HAS","stat_von":33660.0,"bauart":"Rohreinlauf","baujahr":null,"upflicht":"??","KTR":null,"FSK":"033213020001560017__","bemerk":null,"beschreib":"Rohreinlauf","beschreib_lang":null,"foto1":"https://nlwkn.hannit-share.de/index.php/core/preview?fileId=11064184&x=1280&y=819&a=true","foto2":"https://nlwkn.hannit-share.de/index.php/core/preview?fileId=11064187&x=1280&y=819&a=true","foto3":"https://nlwkn.hannit-share.de/index.php/core/preview?fileId=11064190&x=1280&y=819&a=true","foto4":"https://nlwkn.hannit-share.de/index.php/core/preview?fileId=11064193&x=1280&y=819&a=true","link1":null,"link2":null,"denkmal":"Nein","akz":null,"WR":null,"Ein_GWZ":null,"Ein_GKZ":null,"Ein_Name":null,"Ein_ord":"Sonstige","Ein_WKID":null,"Ein_DN":null,"Breite":null,"Hoehe":null,"NN_Sohle":0.0,"WK_NR":null,"URL_WKDB":null,"rwert":397625.0,"hwert":5836757.0},"geometry":{"type":"Point","coordinates":[7.485962,52.671075]}},
{"type":"Feature","properties":{"ID_con":2407,"bw_id":"HAS_EIN_33690","name":"Rohreinlauf Oberflächenentwässerung","GEW":"HAS","stat_von":33690.0,"bauart":"Rohreinlauf","baujahr":null,"upflicht":"Stadt Haselünne","KTR":null,"FSK":"033213020001560017__","bemerk":null,"beschreib":"E3 Rohreinlauf Stadt Haselünne südl. Hasestraßee  (Oberflächenentwässerung, Einleitungsmenge: 1.826,9 l/s)","beschreib_lang":null,"foto1":null,"foto2":null,"foto3":null,"foto4":null,"link1":null,"link2":null,"denkmal":"Nein","akz":null,"WR":null,"Ein_GWZ":null,"Ein_GKZ":null,"Ein_Name":null,"Ein_ord":"Sonstige","Ein_WKID":null,"Ein_DN":null,"Breite":null,"Hoehe":null,"NN_Sohle":null,"WK_NR":null,"URL_WKDB":null,"rwert":397650.0,"hwert":5836765.0},"geometry":{"type":"Point","coordinates":[7.486329,52.671151]}},
{"type":"Feature","properties":{"ID_con":1882,"bw_id":"HAS_EIN_33755","name":"Rohreinlauf mit Böschungsmauer","GEW":"HAS","stat_von":33755.0,"bauart":"Rohreinlauf mit Böschungsmauer","baujahr":"2019","upflicht":"Stadt Haselünne","KTR":null,"FSK":"033213018000080032__","bemerk":"Graben Nr. 83?? vorher mit Rückstauklappe??","beschreib":"Rohreinlauf mit Böschungsmauer","beschreib_lang":null,"foto1":"https://nlwkn.hannit-share.de/index.php/core/preview?fileId=11064208&x=1280&y=819&a=true","foto2":null,"foto3":null,"foto4":null,"link1":null,"link2":null,"denkmal":"Nein","akz":null,"WR":null,"Ein_GWZ":null,"Ein_GKZ":null,"Ein_Name":null,"Ein_ord":"3. Ordnung","Ein_WKID":null,"Ein_DN":null,"Breite":null,"Hoehe":null,"NN_Sohle":0.0,"WK_NR":null,"URL_WKDB":null,"rwert":397726.0,"hwert":5836750.0},"geometry":{"type":"Point","coordinates":[7.487457,52.671031]}},
{"type":"Feature","properties":{"ID_con":395,"bw_id":"HAS_EIN_33770","name":"Rohreinlauf Brückenentwässerung??","GEW":"HAS","stat_von":33770.0,"bauart":"Rohreinlauf mit Sohlsicherung","baujahr":null,"upflicht":"NLSTBV??","KTR":null,"FSK":"033213018000080028__","bemerk":null,"beschreib":"Rohreinlauf Brückenentwässerung??","beschreib_lang":null,"foto1":"https://nlwkn.hannit-share.de/index.php/core/preview?fileId=11064211&x=1280&y=819&a=true","foto2":"https://nlwkn.hannit-share.de/index.php/core/preview?fileId=11064214&x=1280&y=819&a=true","foto3":null,"foto4":null,"link1":null,"link2":null,"denkmal":"Nein","akz":null,"WR":null,"Ein_GWZ":null,"Ein_GKZ":null,"Ein_Name":null,"Ein_ord":"Einleitung","Ein_WKID":null,"Ein_DN":null,"Breite":null,"Hoehe":null,"NN_Sohle":0.0,"WK_NR":null,"URL_WKDB":null,"rwert":397730.0,"hwert":5836796.0},"geometry":{"type":"Point","coordinates":[7.487502,52.671445]}},
{"type":"Feature","properties":{"ID_con":396,"bw_id":"HAS_EIN_33945","name":"OW-Einleit., B65 Wassereinleitung Oberflächenentwässerung, E10","GEW":"HAS","stat_von":33945.0,"bauart":"Rohrdurchlass","baujahr":null,"upflicht":"Stadt Haselünne","KTR":null,"FSK":"033213018000080028__","bemerk":"??endet 2021, B65 Wassereinleitung Oberflächenentwässerung, Wo ist die Einleitungsstelle, Gilt für Flurstück 100/1 der Flur 16 in der Gemarkung Haselünne","beschreib":"E10 Rohreinleitung, Oberflächenwassereinleitung, Stadt Haselünne (Einleitungsmenge: 54,4 l/s)","beschreib_lang":"E10 Rohreinleitung, Oberflächenwassereinleitung, Stadt Haselünne (Einleitungsmenge: 54,4 l/s)","foto1":"https://nlwkn.hannit-share.de/index.php/core/preview?fileId=11988947&x=1280&y=819&a=true","foto2":null,"foto3":null,"foto4":null,"link1":null,"link2":null,"denkmal":"Nein","akz":null,"WR":"11/4189 (aktiv)","Ein_GWZ":null,"Ein_GKZ":null,"Ein_Name":null,"Ein_ord":"Einleitung","Ein_WKID":null,"Ein_DN":null,"Breite":null,"Hoehe":null,"NN_Sohle":null,"WK_NR":null,"URL_WKDB":null,"rwert":397892.0,"hwert":5836848.0},"geometry":{"type":"Point","coordinates":[7.489881,52.671943]}},
{"type":"Feature","properties":{"ID_con":397,"bw_id":"HAS_EIN_34125","name":"Einmündung Lasterbach","GEW":"HAS","stat_von":34125.0,"bauart":"Rohrdurchlass mit Rückstauklappe","baujahr":null,"upflicht":"99","KTR":null,"FSK":"033213018000010034__","bemerk":null,"beschreib":"Einmündung Lasterbach","beschreib_lang":null,"foto1":"https://nlwkn.hannit-share.de/index.php/core/preview?fileId=11064217&x=1280&y=819&a=true","foto2":"https://nlwkn.hannit-share.de/index.php/core/preview?fileId=11064220&x=1280&y=819&a=true","foto3":"https://nlwkn.hannit-share.de/index.php/core/preview?fileId=11064223&x=1280&y=819&a=true","foto4":"https://nlwkn.hannit-share.de/index.php/core/preview?fileId=11064226&x=1280&y=819&a=true","link1":null,"link2":null,"denkmal":"Nein","akz":null,"WR":null,"Ein_GWZ":367592,"Ein_GKZ":367592,"Ein_Name":"Lasterbach","Ein_ord":"2. Ordnung","Ein_WKID":null,"Ein_DN":1000,"Breite":null,"Hoehe":null,"NN_Sohle":14.78,"WK_NR":null,"URL_WKDB":null,"rwert":398059.0,"hwert":5836858.0},"geometry":{"type":"Point","coordinates":[7.492347,52.672064]}},
{"type":"Feature","properties":{"ID_con":398,"bw_id":"HAS_EIN_34595","name":"Auslass Hochwasserrückhaltebecken","GEW":"HAS","stat_von":34595.0,"bauart":"Auslassbauwerk mit Rechen","baujahr":null,"upflicht":"NLWKN","KTR":"MBBHA00100","FSK":"033213018000080028__","bemerk":null,"beschreib":"Auslass Hochwasserrückhaltebecken.","beschreib_lang":null,"foto1":"https://nlwkn.hannit-share.de/index.php/core/preview?fileId=11064229&x=1280&y=819&a=true","foto2":null,"foto3":null,"foto4":null,"link1":null,"link2":null,"denkmal":"Nein","akz":null,"WR":null,"Ein_GWZ":36758,"Ein_GKZ":36758,"Ein_Name":"Hochwasserrückhaltebecken Haselünne","Ein_ord":"3. Ordnung","Ein_WKID":null,"Ein_DN":null,"Breite":4240,"Hoehe":3500,"NN_Sohle":null,"WK_NR":null,"URL_WKDB":null,"rwert":398270.0,"hwert":5836391.0},"geometry":{"type":"Point","coordinates":[7.495611,52.667907]}},
{"type":"Feature","properties":{"ID_con":402,"bw_id":"HAS_EIN_36285","name":"Grabeneinmündung links","GEW":"HAS","stat_von":36285.0,"bauart":"Rohrdurchlass mit Rückstauklappe und Schütz landseitig","baujahr":null,"upflicht":"Wasser- und Bodenverband Hasetal-Haselünne","KTR":null,"FSK":"033210006001290001__","bemerk":"Graben Nr. 84","beschreib":"Grabeneinmündung links","beschreib_lang":null,"foto1":"https://nlwkn.hannit-share.de/index.php/core/preview?fileId=11064268&x=1280&y=819&a=true","foto2":"https://nlwkn.hannit-share.de/index.php/core/preview?fileId=11064271&x=1280&y=819&a=true","foto3":"https://nlwkn.hannit-share.de/index.php/core/preview?fileId=11064274&x=1280&y=819&a=true","foto4":"https://nlwkn.hannit-share.de/index.php/core/preview?fileId=11064277&x=1280&y=819&a=true","link1":null,"link2":null,"denkmal":"Nein","akz":null,"WR":null,"Ein_GWZ":null,"Ein_GKZ":null,"Ein_Name":"Graben Nr. 84","Ein_ord":"3. Ordnung","Ein_WKID":null,"Ein_DN":1000,"Breite":null,"Hoehe":null,"NN_Sohle":14.55,"WK_NR":null,"URL_WKDB":null,"rwert":398474.0,"hwert":5835019.0},"geometry":{"type":"Point","coordinates":[7.499049,52.655615]}},
{"type":"Feature","properties":{"ID_con":403,"bw_id":"HAS_EIN_37005","name":"Einmündung Graben","GEW":"HAS","stat_von":37005.0,"bauart":"Rohrdurchlass mit Rückstauklappe","baujahr":null,"upflicht":"Wasser- und Bodenverband Hasetal-Haselünne","KTR":null,"FSK":"033210007000980003__","bemerk":null,"beschreib":"Einmündung Graben","beschreib_lang":null,"foto1":"https://nlwkn.hannit-share.de/index.php/core/preview?fileId=11064280&x=1280&y=819&a=true","foto2":"https://nlwkn.hannit-share.de/index.php/core/preview?fileId=11064283&x=1280&y=819&a=true","foto3":"https://nlwkn.hannit-share.de/index.php/core/preview?fileId=11064286&x=1280&y=819&a=true","foto4":"https://nlwkn.hannit-share.de/index.php/core/preview?fileId=11064289&x=1280&y=819&a=true","link1":null,"link2":null,"denkmal":"Nein","akz":null,"WR":null,"Ein_GWZ":null,"Ein_GKZ":null,"Ein_Name":"Graben Nr. 84 a","Ein_ord":"3. Ordnung","Ein_WKID":null,"Ein_DN":600,"Breite":null,"Hoehe":null,"NN_Sohle":15.11,"WK_NR":null,"URL_WKDB":null,"rwert":398953.0,"hwert":5835547.0},"geometry":{"type":"Point","coordinates":[7.505966,52.66045]}},
{"type":"Feature","properties":{"ID_con":404,"bw_id":"HAS_EIN_37225","name":"Einmündung Altarm Eltern Rhin","GEW":"HAS","stat_von":37225.0,"bauart":"Auslaufbauwerk mit Rückstauklappe und Absperrvorrichtung","baujahr":null,"upflicht":"NLWKN","KTR":"MBBHA00100","FSK":"033213018000070003__","bemerk":"?? Prüfung ; Bauwerkbesichtigung","beschreib":"Einmündung Altarm Eltern Rhin rechts über Rohrdurchlass mit Rückstauklappe und Absperrvorrichtung","beschreib_lang":null,"foto1":"https://nlwkn.hannit-share.de/index.php/core/preview?fileId=11064292&x=1280&y=819&a=true","foto2":"https://nlwkn.hannit-share.de/index.php/core/preview?fileId=11064295&x=1280&y=819&a=true","foto3":"https://nlwkn.hannit-share.de/index.php/core/preview?fileId=11064298&x=1280&y=819&a=true","foto4":"https://nlwkn.hannit-share.de/index.php/core/preview?fileId=11064301&x=1280&y=819&a=true","link1":null,"link2":null,"denkmal":"Nein","akz":null,"WR":null,"Ein_GWZ":36758,"Ein_GKZ":36758,"Ein_Name":"Altarm Rhin","Ein_ord":"3. Ordnung","Ein_WKID":null,"Ein_DN":1000,"Breite":null,"Hoehe":null,"NN_Sohle":15.0,"WK_NR":null,"URL_WKDB":null,"rwert":399037.0,"hwert":5835655.0},"geometry":{"type":"Point","coordinates":[7.507174,52.661436]}},
{"type":"Feature","properties":{"ID_con":405,"bw_id":"HAS_EIN_37475","name":"Einmündung Andruper Graben (über Altarm=","GEW":"HAS","stat_von":37475.0,"bauart":"Rohrdurchlass mit Rückstauklappe","baujahr":null,"upflicht":"Wasser- und Bodenverband Hasetal-Haselünne","KTR":null,"FSK":"033210007000980003__","bemerk":null,"beschreib":"Einmündung Andruper Graben (über Altarm=","beschreib_lang":null,"foto1":"https://nlwkn.hannit-share.de/index.php/core/preview?fileId=11064304&x=1280&y=819&a=true","foto2":"https://nlwkn.hannit-share.de/index.php/core/preview?fileId=11064307&x=1280&y=819&a=true","foto3":"https://nlwkn.hannit-share.de/index.php/core/preview?fileId=11064310&x=1280&y=819&a=true","foto4":"https://nlwkn.hannit-share.de/index.php/core/preview?fileId=11064313&x=1280&y=819&a=true","link1":null,"link2":null,"denkmal":"Nein","akz":null,"WR":null,"Ein_GWZ":36754,"Ein_GKZ":36754,"Ein_Name":"Andruper Graben","Ein_ord":"2. Ordnung","Ein_WKID":null,"Ein_DN":1000,"Breite":null,"Hoehe":null,"NN_Sohle":14.63,"WK_NR":null,"URL_WKDB":null,"rwert":399277.0,"hwert":5835737.0},"geometry":{"type":"Point","coordinates":[7.510696,52.662218]}},
{"type":"Feature","properties":{"ID_con":406,"bw_id":"HAS_EIN_37580","name":"Einlauf HWRB-Haselünne ( Franzosengraben)","GEW":"HAS","stat_von":37580.0,"bauart":"Einlassbauwerk mit Schütztafeln","baujahr":null,"upflicht":"NLWKN","KTR":"MBBHA00100","FSK":"033214009000800001__","bemerk":null,"beschreib":"Einlauf HWRB Haselünne (Franzosengraben)","beschreib_lang":null,"foto1":"https://nlwkn.hannit-share.de/index.php/core/preview?fileId=11064316&x=1280&y=819&a=true","foto2":"https://nlwkn.hannit-share.de/index.php/core/preview?fileId=11064319&x=1280&y=819&a=true","foto3":"https://nlwkn.hannit-share.de/index.php/core/preview?fileId=11064322&x=1280&y=819&a=true","foto4":null,"link1":null,"link2":null,"denkmal":"Nein","akz":"62026-9/1","WR":null,"Ein_GWZ":36758,"Ein_GKZ":36758,"Ein_Name":"Hochwasser-Rückhalte-Becken Haselünne (Franzosengraben)","Ein_ord":"2. Ordnung","Ein_WKID":null,"Ein_DN":null,"Breite":null,"Hoehe":null,"NN_Sohle":16.51,"WK_NR":null,"URL_WKDB":null,"rwert":399334.0,"hwert":5835842.0},"geometry":{"type":"Point","coordinates":[7.511507,52.663172]}},
{"type":"Feature","properties":{"ID_con":407,"bw_id":"HAS_EIN_37850","name":"Grabeneinmündung links uh Brücke Andruper Straße","GEW":"HAS","stat_von":37850.0,"bauart":"Rohrdurchlass mit Rückstauklappe","baujahr":null,"upflicht":"??","KTR":null,"FSK":"033210007000980003__","bemerk":"Graben nicht mehr wirklich vorhanden","beschreib":"Grabeneinmündung links uh Brücke Andruper Straße","beschreib_lang":null,"foto1":"https://nlwkn.hannit-share.de/index.php/core/preview?fileId=11064325&x=1280&y=819&a=true","foto2":"https://nlwkn.hannit-share.de/index.php/core/preview?fileId=11064328&x=1280&y=819&a=true","foto3":"https://nlwkn.hannit-share.de/index.php/core/preview?fileId=11064331&x=1280&y=819&a=true","foto4":"https://nlwkn.hannit-share.de/index.php/core/preview?fileId=11064334&x=1280&y=819&a=true","link1":null,"link2":null,"denkmal":"Nein","akz":null,"WR":null,"Ein_GWZ":null,"Ein_GKZ":null,"Ein_Name":null,"Ein_ord":"3. Ordnung","Ein_WKID":null,"Ein_DN":1000,"Breite":null,"Hoehe":null,"NN_Sohle":14.93,"WK_NR":null,"URL_WKDB":null,"rwert":399571.0,"hwert":5835971.0},"geometry":{"type":"Point","coordinates":[7.514971,52.664375]}},
{"type":"Feature","properties":{"ID_con":408,"bw_id":"HAS_EIN_38325","name":"Einmündung Elterner Graben","GEW":"HAS","stat_von":38325.0,"bauart":"Rohrdurchlass mit Rückstauklappe","baujahr":null,"upflicht":"Wasser- und Bodenverband Hasetal-Haselünne","KTR":null,"FSK":"03321400900023______","bemerk":null,"beschreib":"Einmündung Elterner Graben","beschreib_lang":null,"foto1":"https://nlwkn.hannit-share.de/index.php/core/preview?fileId=11064337&x=1280&y=819&a=true","foto2":"https://nlwkn.hannit-share.de/index.php/core/preview?fileId=11064340&x=1280&y=819&a=true","foto3":"https://nlwkn.hannit-share.de/index.php/core/preview?fileId=11064343&x=1280&y=819&a=true","foto4":"https://nlwkn.hannit-share.de/index.php/core/preview?fileId=11064346&x=1280&y=819&a=true","link1":"https://nlwkn.hannit-share.de/index.php/core/preview?fileId=11064349&x=1280&y=819&a=true","link2":"https://nlwkn.hannit-share.de/index.php/core/preview?fileId=11064352&x=1280&y=819&a=true","denkmal":"Nein","akz":null,"WR":null,"Ein_GWZ":36752,"Ein_GKZ":36752,"Ein_Name":"Elterner Graben (Graben Nr. 98)","Ein_ord":"2. Ordnung","Ein_WKID":null,"Ein_DN":1000,"Breite":null,"Hoehe":null,"NN_Sohle":14.58,"WK_NR":null,"URL_WKDB":null,"rwert":399963.0,"hwert":5836227.0},"geometry":{"type":"Point","coordinates":[7.520687,52.666748]}},
{"type":"Feature","properties":{"ID_con":409,"bw_id":"HAS_EIN_38420","name":"Einmündung Altarm Andrup I","GEW":"HAS","stat_von":38420.0,"bauart":"Rohrdurchlass mit Rückstauklappe","baujahr":null,"upflicht":"Wasser- und Bodenverband Hasetal-Haselünne","KTR":null,"FSK":"033210007000980003__","bemerk":null,"beschreib":"Einmündung Altarm Andrup I","beschreib_lang":null,"foto1":"https://nlwkn.hannit-share.de/index.php/core/preview?fileId=11064355&x=1280&y=819&a=true","foto2":"https://nlwkn.hannit-share.de/index.php/core/preview?fileId=11064358&x=1280&y=819&a=true","foto3":"https://nlwkn.hannit-share.de/index.php/core/preview?fileId=11064361&x=1280&y=819&a=true","foto4":"https://nlwkn.hannit-share.de/index.php/core/preview?fileId=11064364&x=1280&y=819&a=true","link1":null,"link2":null,"denkmal":"Nein","akz":null,"WR":null,"Ein_GWZ":null,"Ein_GKZ":null,"Ein_Name":"Altarm Andrup I (Graben Nr. 93)","Ein_ord":"3. Ordnung","Ein_WKID":null,"Ein_DN":1000,"Breite":null,"Hoehe":null,"NN_Sohle":18.0,"WK_NR":null,"URL_WKDB":null,"rwert":400068.0,"hwert":5836236.0},"geometry":{"type":"Point","coordinates":[7.522237,52.666848]}},
{"type":"Feature","properties":{"ID_con":410,"bw_id":"HAS_EIN_38920","name":"Einmündung Graben (über Furt)","GEW":"HAS","stat_von":38920.0,"bauart":"Furt","baujahr":null,"upflicht":"NLWKN","KTR":null,"FSK":"03321400900006______","bemerk":null,"beschreib":"Einmündung Graben rechts (über Furt). Wasserrecht Spülw.-Einl.,Stadt Haselünne-Erlenstraße, Trink- u Abwasserverband","beschreib_lang":null,"foto1":"https://nlwkn.hannit-share.de/index.php/core/preview?fileId=11064367&x=1280&y=819&a=true","foto2":null,"foto3":null,"foto4":null,"link1":null,"link2":null,"denkmal":"Nein","akz":null,"WR":null,"Ein_GWZ":null,"Ein_GKZ":null,"Ein_Name":"Graben Nr. 102","Ein_ord":"3. Ordnung","Ein_WKID":null,"Ein_DN":null,"Breite":null,"Hoehe":null,"NN_Sohle":14.94,"WK_NR":null,"URL_WKDB":null,"rwert":400259.0,"hwert":5836690.0},"geometry":{"type":"Point","coordinates":[7.524923,52.670964]}},
{"type":"Feature","properties":{"ID_con":412,"bw_id":"HAS_EIN_39010","name":"Einmündung Lager Bach","GEW":"HAS","stat_von":39010.0,"bauart":"Freie Einmündung","baujahr":null,"upflicht":"99","KTR":null,"FSK":"033210009001220010__","bemerk":"U-Pflicht für Holzbrücke = NLWKN??","beschreib":"Einmündung Lager Bach","beschreib_lang":null,"foto1":"https://nlwkn.hannit-share.de/index.php/core/preview?fileId=11064370&x=1280&y=819&a=true","foto2":null,"foto3":null,"foto4":null,"link1":null,"link2":null,"denkmal":"Nein","akz":null,"WR":null,"Ein_GWZ":3674,"Ein_GKZ":367499,"Ein_Name":"Lager Bach","Ein_ord":"2. Ordnung","Ein_WKID":2049,"Ein_DN":null,"Breite":null,"Hoehe":null,"NN_Sohle":15.06,"WK_NR":2049,"URL_WKDB":" ","rwert":400308.0,"hwert":5836774.0},"geometry":{"type":"Point","coordinates":[7.525622,52.671728]}},
{"type":"Feature","properties":{"ID_con":413,"bw_id":"HAS_EIN_39490","name":"Auslauf Flutrinne","GEW":"HAS","stat_von":39490.0,"bauart":"Freie Einmündung","baujahr":null,"upflicht":"NLWKN","KTR":null,"FSK":"033214006000020010__","bemerk":null,"beschreib":"Auslauf Flutrinne Andrup","beschreib_lang":null,"foto1":"https://nlwkn.hannit-share.de/index.php/core/preview?fileId=11064373&x=1280&y=819&a=true","foto2":null,"foto3":null,"foto4":null,"link1":null,"link2":null,"denkmal":"Nein","akz":null,"WR":null,"Ein_GWZ":null,"Ein_GKZ":null,"Ein_Name":null,"Ein_ord":"Sonstige","Ein_WKID":null,"Ein_DN":null,"Breite":null,"Hoehe":null,"NN_Sohle":null,"WK_NR":null,"URL_WKDB":null,"rwert":400529.0,"hwert":5837126.0},"geometry":{"type":"Point","coordinates":[7.528783,52.674932]}},
{"type":"Feature","properties":{"ID_con":414,"bw_id":"HAS_EIN_39605","name":"Rohrdurchlass mit Rückstauklappe (Altarm Andrup II)","GEW":"HAS","stat_von":39605.0,"bauart":"Rohrdurchlass mit Rückstauklappe","baujahr":null,"upflicht":"Wasser- und Bodenverband Hasetal-Haselünne","KTR":null,"FSK":"033210009001230018__","bemerk":null,"beschreib":"Rohrdurchlass mit Rückstauklappe (Altarm Andrup II)","beschreib_lang":null,"foto1":"https://nlwkn.hannit-share.de/index.php/core/preview?fileId=11064379&x=1280&y=819&a=true","foto2":"https://nlwkn.hannit-share.de/index.php/core/preview?fileId=11064382&x=1280&y=819&a=true","foto3":"https://nlwkn.hannit-share.de/index.php/core/preview?fileId=11064385&x=1280&y=819&a=true","foto4":null,"link1":null,"link2":null,"denkmal":"Nein","akz":null,"WR":null,"Ein_GWZ":null,"Ein_GKZ":null,"Ein_Name":"Altarm Andrup II","Ein_ord":"3. Ordnung","Ein_WKID":null,"Ein_DN":1000,"Breite":null,"Hoehe":null,"NN_Sohle":14.6,"WK_NR":null,"URL_WKDB":null,"rwert":400652.0,"hwert":5837140.0},"geometry":{"type":"Point","coordinates":[7.530597,52.67508]}},
{"type":"Feature","properties":{"ID_con":415,"bw_id":"HAS_EIN_39790","name":"Einlauf Flutrinne","GEW":"HAS","stat_von":39790.0,"bauart":"Freie Einmündung","baujahr":null,"upflicht":"NLWKN","KTR":null,"FSK":"033214006000020010__","bemerk":null,"beschreib":"Einlauf Flutrinne Andrup","beschreib_lang":null,"foto1":"https://nlwkn.hannit-share.de/index.php/core/preview?fileId=11064388&x=1280&y=819&a=true","foto2":null,"foto3":null,"foto4":null,"link1":null,"link2":null,"denkmal":"Nein","akz":null,"WR":null,"Ein_GWZ":null,"Ein_GKZ":null,"Ein_Name":null,"Ein_ord":"Sonstige","Ein_WKID":null,"Ein_DN":null,"Breite":null,"Hoehe":null,"NN_Sohle":null,"WK_NR":null,"URL_WKDB":null,"rwert":400782.0,"hwert":5837276.0},"geometry":{"type":"Point","coordinates":[7.532478,52.676326]}},
{"type":"Feature","properties":{"ID_con":416,"bw_id":"HAS_EIN_39900","name":"Einlauf Altarm Wehlage","GEW":"HAS","stat_von":39900.0,"bauart":"Rohrdurchlass mit Rückstauklappe (Absturzbauwerk im Altarm)","baujahr":"1958","upflicht":"Wasser- und Bodenverband Hasetal-Haselünne / NLWKN Altarmseite??","KTR":null,"FSK":"033214006000020010__","bemerk":null,"beschreib":"Rohrdurchlass mit Rückstauklappe (Absturzbauwerk im Altarm Wehlage)","beschreib_lang":null,"foto1":"https://nlwkn.hannit-share.de/index.php/core/preview?fileId=11064391&x=1280&y=819&a=true","foto2":"https://nlwkn.hannit-share.de/index.php/core/preview?fileId=11064394&x=1280&y=819&a=true","foto3":"https://nlwkn.hannit-share.de/index.php/core/preview?fileId=11064397&x=1280&y=819&a=true","foto4":"https://nlwkn.hannit-share.de/index.php/core/preview?fileId=11064400&x=1280&y=819&a=true","link1":null,"link2":null,"denkmal":"Nein","akz":"62026-07-03-03","WR":null,"Ein_GWZ":null,"Ein_GKZ":null,"Ein_Name":"Altarm Wehlage","Ein_ord":"3. Ordnung","Ein_WKID":null,"Ein_DN":800,"Breite":null,"Hoehe":null,"NN_Sohle":14.86,"WK_NR":null,"URL_WKDB":null,"rwert":400857.0,"hwert":5837348.0},"geometry":{"type":"Point","coordinates":[7.533565,52.676987]}},
{"type":"Feature","properties":{"ID_con":417,"bw_id":"HAS_EIN_40635","name":"Grabeneinlauf links (Rohrdurchlass)","GEW":"HAS","stat_von":40635.0,"bauart":"Rohrdurchlass (mit Stirnmauerwerk und Balkenführung)","baujahr":null,"upflicht":"Wasser- und Bodenverband Hasetal-Haselünne","KTR":null,"FSK":"033210002000320003__","bemerk":null,"beschreib":"Grabeneinlauf links (Rohrdurchlass)","beschreib_lang":null,"foto1":"https://nlwkn.hannit-share.de/index.php/core/preview?fileId=11064403&x=1280&y=819&a=true","foto2":"https://nlwkn.hannit-share.de/index.php/core/preview?fileId=11064406&x=1280&y=819&a=true","foto3":"https://nlwkn.hannit-share.de/index.php/core/preview?fileId=11064409&x=1280&y=819&a=true","foto4":null,"link1":null,"link2":null,"denkmal":"Nein","akz":null,"WR":null,"Ein_GWZ":null,"Ein_GKZ":null,"Ein_Name":null,"Ein_ord":"Sonstige","Ein_WKID":null,"Ein_DN":500,"Breite":null,"Hoehe":null,"NN_Sohle":15.68,"WK_NR":null,"URL_WKDB":null,"rwert":401288.0,"hwert":5837944.0},"geometry":{"type":"Point","coordinates":[7.53976,52.682422]}},
{"type":"Feature","properties":{"ID_con":420,"bw_id":"HAS_EIN_41610","name":"Einlauf Altgewässer","GEW":"HAS","stat_von":41610.0,"bauart":"Rohrdurchlass mit Rückstauklappe","baujahr":null,"upflicht":"Wasser- und Bodenverband Hasetal-Haselünne","KTR":null,"FSK":"033210002000040003__","bemerk":"Bauwerk abgängig!!","beschreib":"Einlauf Altgewässer","beschreib_lang":null,"foto1":"https://nlwkn.hannit-share.de/index.php/core/preview?fileId=11064427&x=1280&y=819&a=true","foto2":"https://nlwkn.hannit-share.de/index.php/core/preview?fileId=11064430&x=1280&y=819&a=true","foto3":"https://nlwkn.hannit-share.de/index.php/core/preview?fileId=11064433&x=1280&y=819&a=true","foto4":"https://nlwkn.hannit-share.de/index.php/core/preview?fileId=11064436&x=1280&y=819&a=true","link1":null,"link2":null,"denkmal":"Nein","akz":null,"WR":null,"Ein_GWZ":null,"Ein_GKZ":null,"Ein_Name":"Auslauf Altgewässer","Ein_ord":"3. Ordnung","Ein_WKID":null,"Ein_DN":500,"Breite":null,"Hoehe":null,"NN_Sohle":15.68,"WK_NR":null,"URL_WKDB":null,"rwert":401769.0,"hwert":5838110.0},"geometry":{"type":"Point","coordinates":[7.546823,52.684001]}},
{"type":"Feature","properties":{"ID_con":419,"bw_id":"HAS_EIN_41850","name":"Rohrdurchlass mit Rückschlagklappe","GEW":"HAS","stat_von":41850.0,"bauart":"Rohrdurchlass mit Rückstauklappe","baujahr":null,"upflicht":"Wasser- und Bodenverband Hasetal-Haselünne","KTR":null,"FSK":"033209004000630043__","bemerk":null,"beschreib":"Rohrdurchlass mit Rückschlagklappe","beschreib_lang":null,"foto1":"https://nlwkn.hannit-share.de/index.php/core/preview?fileId=11064439&x=1280&y=819&a=true","foto2":"https://nlwkn.hannit-share.de/index.php/core/preview?fileId=11064442&x=1280&y=819&a=true","foto3":"https://nlwkn.hannit-share.de/index.php/core/preview?fileId=11064445&x=1280&y=819&a=true","foto4":null,"link1":null,"link2":null,"denkmal":"Nein","akz":null,"WR":null,"Ein_GWZ":null,"Ein_GKZ":null,"Ein_Name":"Graben Nr. 106","Ein_ord":"3. Ordnung","Ein_WKID":null,"Ein_DN":1000,"Breite":null,"Hoehe":null,"NN_Sohle":16.17,"WK_NR":null,"URL_WKDB":null,"rwert":402018.0,"hwert":5838104.0},"geometry":{"type":"Point","coordinates":[7.550507,52.683992]}},
{"type":"Feature","properties":{"ID_con":421,"bw_id":"HAS_EIN_41920","name":"Einlauf Altgewässer","GEW":"HAS","stat_von":41920.0,"bauart":"Rohrdurchlass","baujahr":null,"upflicht":"Wasser- und Bodenverband Hasetal-Haselünne","KTR":null,"FSK":"033210002000030005__","bemerk":"kommt für Furt in Frage (Wachelau hat abgelehnt)","beschreib":"Einlauf Altgewässer","beschreib_lang":null,"foto1":"https://nlwkn.hannit-share.de/index.php/core/preview?fileId=11064448&x=1280&y=819&a=true","foto2":"https://nlwkn.hannit-share.de/index.php/core/preview?fileId=11064451&x=1280&y=819&a=true","foto3":"https://nlwkn.hannit-share.de/index.php/core/preview?fileId=11064454&x=1280&y=819&a=true","foto4":null,"link1":null,"link2":null,"denkmal":"Nein","akz":null,"WR":null,"Ein_GWZ":null,"Ein_GKZ":null,"Ein_Name":"Auslauf Altgewässer","Ein_ord":"3. Ordnung","Ein_WKID":null,"Ein_DN":300,"Breite":null,"Hoehe":null,"NN_Sohle":16.7,"WK_NR":null,"URL_WKDB":null,"rwert":402084.0,"hwert":5838065.0},"geometry":{"type":"Point","coordinates":[7.551495,52.683654]}},
{"type":"Feature","properties":{"ID_con":422,"bw_id":"HAS_EIN_42110","name":"Einlauf Altarm Cordes","GEW":"HAS","stat_von":42110.0,"bauart":"Rohrdurchlass mit Rückstauklappe","baujahr":null,"upflicht":"Wasser- und Bodenverband Hasetal-Haselünne","KTR":null,"FSK":"033209004000510015__","bemerk":null,"beschreib":"Einlauf Altarm Cordes","beschreib_lang":null,"foto1":"https://nlwkn.hannit-share.de/index.php/core/preview?fileId=11064457&x=1280&y=819&a=true","foto2":"https://nlwkn.hannit-share.de/index.php/core/preview?fileId=11064460&x=1280&y=819&a=true","foto3":"https://nlwkn.hannit-share.de/index.php/core/preview?fileId=11064463&x=1280&y=819&a=true","foto4":"https://nlwkn.hannit-share.de/index.php/core/preview?fileId=11064466&x=1280&y=819&a=true","link1":null,"link2":null,"denkmal":"Nein","akz":null,"WR":null,"Ein_GWZ":null,"Ein_GKZ":null,"Ein_Name":"Altarm Cordes","Ein_ord":"3. Ordnung","Ein_WKID":null,"Ein_DN":1200,"Breite":null,"Hoehe":null,"NN_Sohle":14.93,"WK_NR":null,"URL_WKDB":null,"rwert":402279.0,"hwert":5838089.0},"geometry":{"type":"Point","coordinates":[7.554371,52.683905]}},
{"type":"Feature","properties":{"ID_con":423,"bw_id":"HAS_EIN_42550","name":"Einmündung Großer Kanal","GEW":"HAS","stat_von":42550.0,"bauart":"Furt","baujahr":null,"upflicht":"NLWKN","KTR":null,"FSK":"03323000100020______","bemerk":null,"beschreib":"Einmündung Großer Kanal links (über Furt)","beschreib_lang":null,"foto1":"https://nlwkn.hannit-share.de/index.php/core/preview?fileId=11064469&x=1280&y=819&a=true","foto2":"https://nlwkn.hannit-share.de/index.php/core/preview?fileId=11064472&x=1280&y=819&a=true","foto3":"https://nlwkn.hannit-share.de/index.php/core/preview?fileId=11064475&x=1280&y=819&a=true","foto4":null,"link1":null,"link2":null,"denkmal":"Nein","akz":null,"WR":null,"Ein_GWZ":36732,"Ein_GKZ":367329,"Ein_Name":"Großer Kanal","Ein_ord":"2. Ordnung","Ein_WKID":null,"Ein_DN":null,"Breite":null,"Hoehe":null,"NN_Sohle":15.92,"WK_NR":null,"URL_WKDB":null,"rwert":402728.0,"hwert":5838067.0},"geometry":{"type":"Point","coordinates":[7.561018,52.683788]}},
{"type":"Feature","properties":{"ID_con":424,"bw_id":"HAS_EIN_42635","name":"Einmündung Graben","GEW":"HAS","stat_von":42635.0,"bauart":"Rohrdurchlass mit Rückstauklappe","baujahr":null,"upflicht":"Wasser- und Bodenverband Dohrener Bruch","KTR":null,"FSK":"03323000100023______","bemerk":null,"beschreib":"Einmündung Graben","beschreib_lang":null,"foto1":"https://nlwkn.hannit-share.de/index.php/core/preview?fileId=11064478&x=1280&y=819&a=true","foto2":"https://nlwkn.hannit-share.de/index.php/core/preview?fileId=11064481&x=1280&y=819&a=true","foto3":"https://nlwkn.hannit-share.de/index.php/core/preview?fileId=11064484&x=1280&y=819&a=true","foto4":"https://nlwkn.hannit-share.de/index.php/core/preview?fileId=11064487&x=1280&y=819&a=true","link1":null,"link2":null,"denkmal":"Nein","akz":null,"WR":null,"Ein_GWZ":null,"Ein_GKZ":null,"Ein_Name":null,"Ein_ord":"3. Ordnung","Ein_WKID":null,"Ein_DN":1000,"Breite":null,"Hoehe":null,"NN_Sohle":15.39,"WK_NR":null,"URL_WKDB":null,"rwert":402770.0,"hwert":5838132.0},"geometry":{"type":"Point","coordinates":[7.56162,52.684379]}},
{"type":"Feature","properties":{"ID_con":425,"bw_id":"HAS_EIN_42975","name":"Einmündung Graben","GEW":"HAS","stat_von":42975.0,"bauart":"Rohrdurchlass mit Rückstauklappe","baujahr":null,"upflicht":"Wasser- und Bodenverband Dohrener Bruch","KTR":null,"FSK":"033209005001070020__","bemerk":null,"beschreib":"Einmündung Graben","beschreib_lang":null,"foto1":"https://nlwkn.hannit-share.de/index.php/core/preview?fileId=11064490&x=1280&y=819&a=true","foto2":"https://nlwkn.hannit-share.de/index.php/core/preview?fileId=11064493&x=1280&y=819&a=true","foto3":"https://nlwkn.hannit-share.de/index.php/core/preview?fileId=11064496&x=1280&y=819&a=true","foto4":"https://nlwkn.hannit-share.de/index.php/core/preview?fileId=11064499&x=1280&y=819&a=true","link1":null,"link2":null,"denkmal":"Nein","akz":null,"WR":null,"Ein_GWZ":null,"Ein_GKZ":null,"Ein_Name":"Graben Nr. 108","Ein_ord":"3. Ordnung","Ein_WKID":null,"Ein_DN":1000,"Breite":null,"Hoehe":null,"NN_Sohle":15.24,"WK_NR":null,"URL_WKDB":null,"rwert":402974.0,"hwert":5838408.0},"geometry":{"type":"Point","coordinates":[7.564555,52.686896]}},
{"type":"Feature","properties":{"ID_con":427,"bw_id":"HAS_EIN_43415","name":"Einmündung Südradde","GEW":"HAS","stat_von":43415.0,"bauart":"Freie Einmündung","baujahr":null,"upflicht":"99","KTR":null,"FSK":"03323102100039______","bemerk":"U-Pflicht Holzbrücke = NLWKN","beschreib":"Einmündung Südradde (WK 02041) über Sohlgleite in Riegelbauweise (Siehe HAS_SON_43410).","beschreib_lang":"Einmündung Südradde (WK 02041) über Sohlgleite in Riegelbauweise (Siehe HAS_SON_43410). Der Mündungsbereich wurde mit Gehölzanpflanzungen versehen (Siohe HAS_SON_43375_43460).","foto1":"https://nlwkn.hannit-share.de/index.php/core/preview?fileId=11064514&x=1280&y=819&a=true","foto2":"https://nlwkn.hannit-share.de/index.php/core/preview?fileId=11064517&x=1280&y=819&a=true","foto3":"https://nlwkn.hannit-share.de/index.php/core/preview?fileId=11551216&x=1280&y=819&a=true","foto4":"https://nlwkn.hannit-share.de/index.php/core/preview?fileId=11551215&x=1280&y=819&a=true","link1":null,"link2":null,"denkmal":"Nein","akz":null,"WR":null,"Ein_GWZ":3672,"Ein_GKZ":367299,"Ein_Name":"Südradde","Ein_ord":"2. Ordnung","Ein_WKID":2041,"Ein_DN":null,"Breite":null,"Hoehe":null,"NN_Sohle":null,"WK_NR":2041,"URL_WKDB":"https://www.umweltkarten-niedersachsen.de/Download_OE/WRRL/WKDB_HE/02041_Suedradde.pdf","rwert":403432.0,"hwert":5838466.0},"geometry":{"type":"Point","coordinates":[7.571312,52.687499]}},
{"type":"Feature","properties":{"ID_con":428,"bw_id":"HAS_EIN_44155","name":"Auslaufbauwerk Busemühle","GEW":"HAS","stat_von":44155.0,"bauart":"Rohrdurchlass mit Rückhalteschacht (und Böschungssicherung)","baujahr":null,"upflicht":"Samtgemeinde Herzlake","KTR":null,"FSK":"03323102100220______","bemerk":"Durchmesser prüfen, Sohllage prüfen","beschreib":"Auslaufbauwerk Busemühle","beschreib_lang":null,"foto1":"https://nlwkn.hannit-share.de/index.php/core/preview?fileId=11064520&x=1280&y=819&a=true","foto2":"https://nlwkn.hannit-share.de/index.php/core/preview?fileId=11064523&x=1280&y=819&a=true","foto3":null,"foto4":null,"link1":null,"link2":null,"denkmal":"Nein","akz":null,"WR":null,"Ein_GWZ":null,"Ein_GKZ":null,"Ein_Name":null,"Ein_ord":"Einleitung","Ein_WKID":null,"Ein_DN":500,"Breite":null,"Hoehe":null,"NN_Sohle":16.0,"WK_NR":null,"URL_WKDB":null,"rwert":404154.0,"hwert":5838420.0},"geometry":{"type":"Point","coordinates":[7.582003,52.687214]}},
{"type":"Feature","properties":{"ID_con":429,"bw_id":"HAS_EIN_44690","name":"Mündung Industriegraben (Rohrdurchlass mit Rückstauklappe)","GEW":"HAS","stat_von":44690.0,"bauart":"Rohrdurchlass mit Rückstauklappe","baujahr":null,"upflicht":"99","KTR":null,"FSK":"03323100700004______","bemerk":"Nr. 6/1","beschreib":"Mündung Industriegraben (Rohrdurchlass mit Rückstauklappe)","beschreib_lang":null,"foto1":"https://nlwkn.hannit-share.de/index.php/core/preview?fileId=11064526&x=1280&y=819&a=true","foto2":"https://nlwkn.hannit-share.de/index.php/core/preview?fileId=11064529&x=1280&y=819&a=true","foto3":"https://nlwkn.hannit-share.de/index.php/core/preview?fileId=11064532&x=1280&y=819&a=true","foto4":"https://nlwkn.hannit-share.de/index.php/core/preview?fileId=11064535&x=1280&y=819&a=true","link1":null,"link2":null,"denkmal":"Nein","akz":null,"WR":null,"Ein_GWZ":36718,"Ein_GKZ":36718,"Ein_Name":"Industriegraben","Ein_ord":"2. Ordnung","Ein_WKID":null,"Ein_DN":1000,"Breite":null,"Hoehe":null,"NN_Sohle":15.73,"WK_NR":null,"URL_WKDB":null,"rwert":404688.0,"hwert":5838304.0},"geometry":{"type":"Point","coordinates":[7.589934,52.686266]}},
{"type":"Feature","properties":{"ID_con":null,"bw_id":null,"name":null,"GEW":null,"stat_von":null,"bauart":null,"baujahr":null,"upflicht":null,"KTR":null,"FSK":null,"bemerk":null,"beschreib":null,"beschreib_lang":null,"foto1":null,"foto2":null,"foto3":null,"foto4":null,"link1":null,"link2":null,"denkmal":null,"akz":null,"WR":null,"Ein_GWZ":null,"Ein_GKZ":null,"Ein_Name":null,"Ein_ord":null,"Ein_WKID":null,"Ein_DN":null,"Breite":null,"Hoehe":null,"NN_Sohle":null,"WK_NR":null,"URL_WKDB":null,"rwert":null,"hwert":null},"geometry":null},
{"type":"Feature","properties":{"ID_con":null,"bw_id":null,"name":null,"GEW":null,"stat_von":null,"bauart":null,"baujahr":null,"upflicht":null,"KTR":null,"FSK":null,"bemerk":null,"beschreib":null,"beschreib_lang":null,"foto1":null,"foto2":null,"foto3":null,"foto4":null,"link1":null,"link2":null,"denkmal":null,"akz":null,"WR":null,"Ein_GWZ":null,"Ein_GKZ":null,"Ein_Name":null,"Ein_ord":null,"Ein_WKID":null,"Ein_DN":null,"Breite":null,"Hoehe":null,"NN_Sohle":null,"WK_NR":null,"URL_WKDB":null,"rwert":null,"hwert":null},"geometry":null},
{"type":"Feature","properties":{"ID_con":431,"bw_id":"HAS_EIN_44910","name":"Rohreinlauf an Böschungsoberkante","GEW":"HAS","stat_von":44910.0,"bauart":"Rohreinlauf mit Klinkermauerwerk","baujahr":null,"upflicht":"??","KTR":null,"FSK":"03323102000043______","bemerk":"Sohllage, DN, U-Pflicht prüfen","beschreib":"Rohreinlauf an Böschungsoberkante","beschreib_lang":null,"foto1":"https://nlwkn.hannit-share.de/index.php/core/preview?fileId=11064547&x=1280&y=819&a=true","foto2":"https://nlwkn.hannit-share.de/index.php/core/preview?fileId=11064550&x=1280&y=819&a=true","foto3":"https://nlwkn.hannit-share.de/index.php/core/preview?fileId=11064553&x=1280&y=819&a=true","foto4":null,"link1":null,"link2":null,"denkmal":"Nein","akz":null,"WR":null,"Ein_GWZ":null,"Ein_GKZ":null,"Ein_Name":null,"Ein_ord":"Sonstige","Ein_WKID":null,"Ein_DN":300,"Breite":null,"Hoehe":null,"NN_Sohle":18.4,"WK_NR":null,"URL_WKDB":null,"rwert":404911.0,"hwert":5838309.0},"geometry":{"type":"Point","coordinates":[7.593231,52.68635]}},
{"type":"Feature","properties":{"ID_con":432,"bw_id":"HAS_EIN_45260","name":"Einmündung Regenwasserkanal","GEW":"HAS","stat_von":45260.0,"bauart":"Rohrdurchlass (mit Überfahrt)","baujahr":null,"upflicht":"??","KTR":null,"FSK":"03323102000042______","bemerk":"DN prüfen, Sohllage prüfen, U-Pflicht prüfen","beschreib":"Einmündung Regenwasserkanal","beschreib_lang":null,"foto1":"https://nlwkn.hannit-share.de/index.php/core/preview?fileId=11064556&x=1280&y=819&a=true","foto2":"https://nlwkn.hannit-share.de/index.php/core/preview?fileId=11064559&x=1280&y=819&a=true","foto3":null,"foto4":null,"link1":null,"link2":null,"denkmal":"Nein","akz":null,"WR":null,"Ein_GWZ":null,"Ein_GKZ":null,"Ein_Name":null,"Ein_ord":"Einleitung","Ein_WKID":null,"Ein_DN":500,"Breite":null,"Hoehe":null,"NN_Sohle":18.0,"WK_NR":null,"URL_WKDB":null,"rwert":405252.0,"hwert":5838228.0},"geometry":{"type":"Point","coordinates":[7.598297,52.685682]}},
{"type":"Feature","properties":{"ID_con":433,"bw_id":"HAS_EIN_45385","name":"Einmündung Regenwasserkanal","GEW":"HAS","stat_von":45385.0,"bauart":"Rohrdurchlass mit Rückstauklappe","baujahr":null,"upflicht":"Gemeinde Herzlake","KTR":null,"FSK":"03323102000043______","bemerk":"DN, Sohllage, U-Pflicht prüfen (Vertrag)","beschreib":"Einmündung Regenwasserkanal","beschreib_lang":null,"foto1":"https://nlwkn.hannit-share.de/index.php/core/preview?fileId=11064562&x=1280&y=819&a=true","foto2":"https://nlwkn.hannit-share.de/index.php/core/preview?fileId=11064565&x=1280&y=819&a=true","foto3":"https://nlwkn.hannit-share.de/index.php/core/preview?fileId=11064568&x=1280&y=819&a=true","foto4":"https://nlwkn.hannit-share.de/index.php/core/preview?fileId=11064571&x=1280&y=819&a=true","link1":null,"link2":null,"denkmal":"Nein","akz":null,"WR":null,"Ein_GWZ":null,"Ein_GKZ":null,"Ein_Name":null,"Ein_ord":"Einleitung","Ein_WKID":null,"Ein_DN":800,"Breite":null,"Hoehe":null,"NN_Sohle":16.3,"WK_NR":null,"URL_WKDB":null,"rwert":405340.0,"hwert":5838132.0},"geometry":{"type":"Point","coordinates":[7.599627,52.684835]}},
{"type":"Feature","properties":{"ID_con":434,"bw_id":"HAS_EIN_45400","name":"Einmündung Regenwasserkanal","GEW":"HAS","stat_von":45400.0,"bauart":"Rohrdurchlass mit Rückstauklappe","baujahr":null,"upflicht":"Gemeinde Herzlake","KTR":null,"FSK":"03323102000043______","bemerk":"DN, Sohllage prüfen, U-Pflicht prüfen (Vertrag??)","beschreib":"Einmündung Regenwasserkanal","beschreib_lang":null,"foto1":"https://nlwkn.hannit-share.de/index.php/core/preview?fileId=11064574&x=1280&y=819&a=true","foto2":"https://nlwkn.hannit-share.de/index.php/core/preview?fileId=11064577&x=1280&y=819&a=true","foto3":"https://nlwkn.hannit-share.de/index.php/core/preview?fileId=11064580&x=1280&y=819&a=true","foto4":"https://nlwkn.hannit-share.de/index.php/core/preview?fileId=11064583&x=1280&y=819&a=true","link1":null,"link2":null,"denkmal":"Nein","akz":null,"WR":null,"Ein_GWZ":null,"Ein_GKZ":null,"Ein_Name":null,"Ein_ord":"Einleitung","Ein_WKID":null,"Ein_DN":800,"Breite":null,"Hoehe":null,"NN_Sohle":16.3,"WK_NR":null,"URL_WKDB":null,"rwert":405373.0,"hwert":5838145.0},"geometry":{"type":"Point","coordinates":[7.600111,52.684957]}},
{"type":"Feature","properties":{"ID_con":435,"bw_id":"HAS_EIN_45510","name":"Rohreinlauf (mit Rückschlagklappe und Böschungssicherung)","GEW":"HAS","stat_von":45510.0,"bauart":"Rohreinlauf mit Rückschlagklappe (und Böschungssicherung)","baujahr":null,"upflicht":"??","KTR":null,"FSK":"03323101900171______","bemerk":"DN, Sohllage, U-Pflicht prüfen","beschreib":"Rohreinlauf (mit Rückschlagklappe und Böschungssicherung)","beschreib_lang":null,"foto1":"https://nlwkn.hannit-share.de/index.php/core/preview?fileId=11064586&x=1280&y=819&a=true","foto2":"https://nlwkn.hannit-share.de/index.php/core/preview?fileId=11064589&x=1280&y=819&a=true","foto3":null,"foto4":null,"link1":null,"link2":null,"denkmal":"Nein","akz":null,"WR":null,"Ein_GWZ":null,"Ein_GKZ":null,"Ein_Name":null,"Ein_ord":"Sonstige","Ein_WKID":null,"Ein_DN":300,"Breite":null,"Hoehe":null,"NN_Sohle":18.3,"WK_NR":null,"URL_WKDB":null,"rwert":405448.0,"hwert":5838060.0},"geometry":{"type":"Point","coordinates":[7.601244,52.684206]}},
{"type":"Feature","properties":{"ID_con":436,"bw_id":"HAS_EIN_45575","name":"Rohreinlauf (mit Rückstauklappe,Straßenentwässerung)","GEW":"HAS","stat_von":45575.0,"bauart":"Rohreinlauf mit Rückstauklappe (Straßenentwässerung)","baujahr":null,"upflicht":"Gemeinde Herzlake","KTR":null,"FSK":"03323101900171______","bemerk":"Sohllage, DN, U-Pflicht prüfen","beschreib":"Rohreinlauf (mit Rückstauklappe,Straßenentwässerung)","beschreib_lang":null,"foto1":"https://nlwkn.hannit-share.de/index.php/core/preview?fileId=11064592&x=1280&y=819&a=true","foto2":"https://nlwkn.hannit-share.de/index.php/core/preview?fileId=11064595&x=1280&y=819&a=true","foto3":null,"foto4":null,"link1":null,"link2":null,"denkmal":"Nein","akz":null,"WR":null,"Ein_GWZ":null,"Ein_GKZ":null,"Ein_Name":null,"Ein_ord":"Sonstige","Ein_WKID":null,"Ein_DN":300,"Breite":null,"Hoehe":null,"NN_Sohle":18.0,"WK_NR":null,"URL_WKDB":null,"rwert":405486.0,"hwert":5838003.0},"geometry":{"type":"Point","coordinates":[7.601823,52.683701]}},
{"type":"Feature","properties":{"ID_con":437,"bw_id":"HAS_EIN_45695","name":"Einmündung Regenwasserkanal","GEW":"HAS","stat_von":45695.0,"bauart":"??Rohrdurchlass","baujahr":null,"upflicht":null,"KTR":null,"FSK":"03323101900169______","bemerk":"prüfen??","beschreib":"Einmündung Regenwasserkanal","beschreib_lang":null,"foto1":null,"foto2":null,"foto3":null,"foto4":null,"link1":null,"link2":null,"denkmal":"Nein","akz":null,"WR":null,"Ein_GWZ":null,"Ein_GKZ":null,"Ein_Name":null,"Ein_ord":"Einleitung","Ein_WKID":null,"Ein_DN":null,"Breite":null,"Hoehe":null,"NN_Sohle":0.0,"WK_NR":null,"URL_WKDB":null,"rwert":405544.0,"hwert":5837899.0},"geometry":{"type":"Point","coordinates":[7.60271,52.682776]}},
{"type":"Feature","properties":{"ID_con":1886,"bw_id":"HAS_EIN_45740","name":"Rohreinlauf mit Rückstauklappe uh Brücke L55","GEW":"HAS","stat_von":45740.0,"bauart":"Rohreinlauf mit Rückstauklappe","baujahr":null,"upflicht":"??","KTR":null,"FSK":"03323101900169______","bemerk":null,"beschreib":"Rohreinlauf mit Rückstauklappe uh Brücke L55","beschreib_lang":null,"foto1":"https://nlwkn.hannit-share.de/index.php/core/preview?fileId=11064598&x=1280&y=819&a=true","foto2":"https://nlwkn.hannit-share.de/index.php/core/preview?fileId=11064601&x=1280&y=819&a=true","foto3":null,"foto4":null,"link1":null,"link2":null,"denkmal":"Nein","akz":null,"WR":null,"Ein_GWZ":null,"Ein_GKZ":null,"Ein_Name":null,"Ein_ord":"Sonstige","Ein_WKID":null,"Ein_DN":null,"Breite":null,"Hoehe":null,"NN_Sohle":0.0,"WK_NR":null,"URL_WKDB":null,"rwert":405566.0,"hwert":5837861.0},"geometry":{"type":"Point","coordinates":[7.603047,52.682438]}},
{"type":"Feature","properties":{"ID_con":1887,"bw_id":"HAS_EIN_45750","name":"Rohreinlauf mit Rückstauklappe (BÖK) uh Brücke L55","GEW":"HAS","stat_von":45750.0,"bauart":"Rohreinlauf mit Rückstauklappe","baujahr":null,"upflicht":"??","KTR":null,"FSK":"03323101900169______","bemerk":null,"beschreib":"Rohreinlauf mit Rückstauklappe (BÖK) uh Brücke L55","beschreib_lang":null,"foto1":"https://nlwkn.hannit-share.de/index.php/core/preview?fileId=11064604&x=1280&y=819&a=true","foto2":"https://nlwkn.hannit-share.de/index.php/core/preview?fileId=11064607&x=1280&y=819&a=true","foto3":"https://nlwkn.hannit-share.de/index.php/core/preview?fileId=11064610&x=1280&y=819&a=true","foto4":null,"link1":null,"link2":null,"denkmal":"Nein","akz":null,"WR":null,"Ein_GWZ":null,"Ein_GKZ":null,"Ein_Name":null,"Ein_ord":"Sonstige","Ein_WKID":null,"Ein_DN":null,"Breite":null,"Hoehe":null,"NN_Sohle":0.0,"WK_NR":null,"URL_WKDB":null,"rwert":405545.0,"hwert":5837836.0},"geometry":{"type":"Point","coordinates":[7.602743,52.68221]}},
{"type":"Feature","properties":{"ID_con":1891,"bw_id":"HAS_EIN_45805","name":"Rohreinlauf","GEW":"HAS","stat_von":45805.0,"bauart":"Rohreinlauf (Quaderstirnstück mit Gitter)","baujahr":"2022","upflicht":"Schröder & Winkeler GmbH & Co. KG (Nr 310)","KTR":null,"FSK":"03323101800001______","bemerk":null,"beschreib":"Rohreinlauf","beschreib_lang":null,"foto1":"https://nlwkn.hannit-share.de/index.php/core/preview?fileId=11064613&x=1280&y=819&a=true","foto2":null,"foto3":null,"foto4":null,"link1":null,"link2":null,"denkmal":"Nein","akz":null,"WR":null,"Ein_GWZ":null,"Ein_GKZ":null,"Ein_Name":null,"Ein_ord":"Sonstige","Ein_WKID":null,"Ein_DN":400,"Breite":null,"Hoehe":null,"NN_Sohle":16.0,"WK_NR":null,"URL_WKDB":null,"rwert":405602.0,"hwert":5837807.0},"geometry":{"type":"Point","coordinates":[7.603594,52.681959]}},
{"type":"Feature","properties":{"ID_con":1888,"bw_id":"HAS_EIN_45850","name":"Rohreinlauf mit Rückstauklappe (DRK-Haus)","GEW":"HAS","stat_von":45850.0,"bauart":"Rohreinlauf mit Rückstauklappe","baujahr":null,"upflicht":"??","KTR":null,"FSK":"03323101800001______","bemerk":null,"beschreib":"Rohreinlauf mit Rückstauklappe (DRK-Haus)","beschreib_lang":null,"foto1":"https://nlwkn.hannit-share.de/index.php/core/preview?fileId=11064616&x=1280&y=819&a=true","foto2":"https://nlwkn.hannit-share.de/index.php/core/preview?fileId=11064619&x=1280&y=819&a=true","foto3":null,"foto4":null,"link1":null,"link2":null,"denkmal":"Nein","akz":null,"WR":null,"Ein_GWZ":null,"Ein_GKZ":null,"Ein_Name":null,"Ein_ord":"Sonstige","Ein_WKID":null,"Ein_DN":null,"Breite":null,"Hoehe":null,"NN_Sohle":0.0,"WK_NR":null,"URL_WKDB":null,"rwert":405592.0,"hwert":5837750.0},"geometry":{"type":"Point","coordinates":[7.603463,52.681445]}},
{"type":"Feature","properties":{"ID_con":438,"bw_id":"HAS_EIN_45925","name":"Einmündung Graben","GEW":"HAS","stat_von":45925.0,"bauart":"Rohrdurchlass","baujahr":"2001??","upflicht":"Gemeinde Herzlake","KTR":null,"FSK":"03323101800001______","bemerk":"OW-Einl. über RRB, Gemeinde Herzlake , 681/657-20-","beschreib":"Einmündung Graben","beschreib_lang":null,"foto1":"https://nlwkn.hannit-share.de/index.php/core/preview?fileId=11064622&x=1280&y=819&a=true","foto2":null,"foto3":null,"foto4":null,"link1":null,"link2":null,"denkmal":"Nein","akz":null,"WR":"11/12943 (aktiv)","Ein_GWZ":null,"Ein_GKZ":null,"Ein_Name":null,"Ein_ord":"3. Ordnung","Ein_WKID":null,"Ein_DN":null,"Breite":null,"Hoehe":null,"NN_Sohle":0.0,"WK_NR":null,"URL_WKDB":null,"rwert":405656.0,"hwert":5837702.0},"geometry":{"type":"Point","coordinates":[7.604423,52.681025]}},
{"type":"Feature","properties":{"ID_con":1889,"bw_id":"HAS_EIN_45950","name":"Rohreinlauf (PVC)","GEW":"HAS","stat_von":45950.0,"bauart":"Rohreinlauf","baujahr":null,"upflicht":"??","KTR":null,"FSK":"03323101800001______","bemerk":null,"beschreib":"Rohreinlauf (PVC)","beschreib_lang":null,"foto1":"https://nlwkn.hannit-share.de/index.php/core/preview?fileId=11064625&x=1280&y=819&a=true","foto2":null,"foto3":null,"foto4":null,"link1":null,"link2":null,"denkmal":"Nein","akz":null,"WR":null,"Ein_GWZ":null,"Ein_GKZ":null,"Ein_Name":null,"Ein_ord":"Sonstige","Ein_WKID":null,"Ein_DN":200,"Breite":null,"Hoehe":null,"NN_Sohle":0.0,"WK_NR":null,"URL_WKDB":null,"rwert":405636.0,"hwert":5837658.0},"geometry":{"type":"Point","coordinates":[7.60414,52.680626]}},
{"type":"Feature","properties":{"ID_con":1890,"bw_id":"HAS_EIN_46100","name":"Rohreinlauf mit Rückstauklappe (bei OW-Entnahmestele)","GEW":"HAS","stat_von":46100.0,"bauart":"Rohreinlauf mit Rückstauklappe","baujahr":null,"upflicht":"??","KTR":null,"FSK":"03323101800001______","bemerk":null,"beschreib":"Rohreinlauf mit Rückstauklappe (bei OW-Entnahmestele)","beschreib_lang":null,"foto1":"https://nlwkn.hannit-share.de/index.php/core/preview?fileId=11064628&x=1280&y=819&a=true","foto2":null,"foto3":null,"foto4":null,"link1":null,"link2":null,"denkmal":"Nein","akz":null,"WR":null,"Ein_GWZ":null,"Ein_GKZ":null,"Ein_Name":null,"Ein_ord":"Sonstige","Ein_WKID":null,"Ein_DN":null,"Breite":null,"Hoehe":null,"NN_Sohle":0.0,"WK_NR":null,"URL_WKDB":null,"rwert":405743.0,"hwert":5837548.0},"geometry":{"type":"Point","coordinates":[7.605754,52.679656]}},
{"type":"Feature","properties":{"ID_con":445,"bw_id":"HAS_EIN_48650","name":"Einmündung Graben","GEW":"HAS","stat_von":48650.0,"bauart":"Rohreinlauf","baujahr":null,"upflicht":"??","KTR":null,"FSK":"033232005000840011__","bemerk":null,"beschreib":"Einmündung Graben","beschreib_lang":null,"foto1":"https://nlwkn.hannit-share.de/index.php/core/preview?fileId=11064694&x=1280&y=819&a=true","foto2":"https://nlwkn.hannit-share.de/index.php/core/preview?fileId=11064697&x=1280&y=819&a=true","foto3":"https://nlwkn.hannit-share.de/index.php/core/preview?fileId=11064700&x=1280&y=819&a=true","foto4":"https://nlwkn.hannit-share.de/index.php/core/preview?fileId=11064703&x=1280&y=819&a=true","link1":null,"link2":null,"denkmal":"Nein","akz":null,"WR":null,"Ein_GWZ":null,"Ein_GKZ":null,"Ein_Name":null,"Ein_ord":"3. Ordnung","Ein_WKID":null,"Ein_DN":null,"Breite":null,"Hoehe":null,"NN_Sohle":0.0,"WK_NR":null,"URL_WKDB":null,"rwert":408069.0,"hwert":5837805.0},"geometry":{"type":"Point","coordinates":[7.640077,52.682366]}},
{"type":"Feature","properties":{"ID_con":446,"bw_id":"HAS_EIN_49135","name":"Einmündung Graben","GEW":"HAS","stat_von":49135.0,"bauart":"??Rohrdurchlass","baujahr":null,"upflicht":"Wasser- und Bodenverband Dohrener Bruch??","KTR":null,"FSK":"033232005000840011__","bemerk":null,"beschreib":"Einmündung Graben","beschreib_lang":null,"foto1":null,"foto2":null,"foto3":null,"foto4":null,"link1":null,"link2":null,"denkmal":"Nein","akz":null,"WR":null,"Ein_GWZ":null,"Ein_GKZ":null,"Ein_Name":null,"Ein_ord":"3. Ordnung","Ein_WKID":null,"Ein_DN":null,"Breite":null,"Hoehe":null,"NN_Sohle":0.0,"WK_NR":null,"URL_WKDB":null,"rwert":408444.0,"hwert":5838021.0},"geometry":{"type":"Point","coordinates":[7.645563,52.68437]}},
{"type":"Feature","properties":{"ID_con":447,"bw_id":"HAS_EIN_49165","name":"Einmündung Schöpfwerksgraben\nEinhaus","GEW":"HAS","stat_von":49165.0,"bauart":"Rohrdurchlass mit Rückstauklappe","baujahr":null,"upflicht":"99","KTR":null,"FSK":"033232005000840011__","bemerk":null,"beschreib":"Einmündung Schöpfwerksgraben\nEinhaus","beschreib_lang":null,"foto1":"https://nlwkn.hannit-share.de/index.php/core/preview?fileId=11064706&x=1280&y=819&a=true","foto2":"https://nlwkn.hannit-share.de/index.php/core/preview?fileId=11064709&x=1280&y=819&a=true","foto3":"https://nlwkn.hannit-share.de/index.php/core/preview?fileId=11064712&x=1280&y=819&a=true","foto4":"https://nlwkn.hannit-share.de/index.php/core/preview?fileId=11064715&x=1280&y=819&a=true","link1":null,"link2":null,"denkmal":"Nein","akz":null,"WR":null,"Ein_GWZ":36712,"Ein_GKZ":367129,"Ein_Name":"Schöpfwerksgraben Einhaus I","Ein_ord":"2. Ordnung","Ein_WKID":null,"Ein_DN":null,"Breite":null,"Hoehe":null,"NN_Sohle":0.0,"WK_NR":null,"URL_WKDB":null,"rwert":408500.0,"hwert":5838007.0},"geometry":{"type":"Point","coordinates":[7.646395,52.684254]}},
{"type":"Feature","properties":{"ID_con":448,"bw_id":"HAS_EIN_49300","name":"Einmündung Hahnenmoorkanal","GEW":"HAS","stat_von":49300.0,"bauart":"Freie Einmündung","baujahr":null,"upflicht":"UHV 97","KTR":null,"FSK":"033232005000840008__","bemerk":null,"beschreib":"Einmündung Hahnenmoorkanal","beschreib_lang":null,"foto1":"https://nlwkn.hannit-share.de/index.php/core/preview?fileId=11064718&x=1280&y=819&a=true","foto2":"https://nlwkn.hannit-share.de/index.php/core/preview?fileId=11064721&x=1280&y=819&a=true","foto3":"https://nlwkn.hannit-share.de/index.php/core/preview?fileId=11064724&x=1280&y=819&a=true","foto4":"https://nlwkn.hannit-share.de/index.php/core/preview?fileId=11064727&x=1280&y=819&a=true","link1":null,"link2":null,"denkmal":"Nein","akz":null,"WR":null,"Ein_GWZ":366,"Ein_GKZ":36699,"Ein_Name":"Hahnenmoorkanal","Ein_ord":"2. Ordnung","Ein_WKID":2064,"Ein_DN":null,"Breite":null,"Hoehe":null,"NN_Sohle":null,"WK_NR":2064,"URL_WKDB":"https://www.umweltkarten-niedersachsen.de/Download_OE/WRRL/WKDB_HE/02064_Hanermoorkanal.pdf","rwert":408608.0,"hwert":5838101.0},"geometry":{"type":"Point","coordinates":[7.647966,52.685117]}},
{"type":"Feature","properties":{"ID_con":449,"bw_id":"HAS_EIN_49500","name":"Einmündung Graben","GEW":"HAS","stat_von":49500.0,"bauart":"Rohrdurchlass mit Rückstauklappe","baujahr":null,"upflicht":"??","KTR":null,"FSK":"033232005000840011__","bemerk":null,"beschreib":"Einmündung Graben","beschreib_lang":null,"foto1":"https://nlwkn.hannit-share.de/index.php/core/preview?fileId=11064730&x=1280&y=819&a=true","foto2":"https://nlwkn.hannit-share.de/index.php/core/preview?fileId=11064733&x=1280&y=819&a=true","foto3":"https://nlwkn.hannit-share.de/index.php/core/preview?fileId=11064736&x=1280&y=819&a=true","foto4":"https://nlwkn.hannit-share.de/index.php/core/preview?fileId=11064739&x=1280&y=819&a=true","link1":null,"link2":null,"denkmal":"Nein","akz":null,"WR":null,"Ein_GWZ":null,"Ein_GKZ":null,"Ein_Name":null,"Ein_ord":"3. Ordnung","Ein_WKID":null,"Ein_DN":null,"Breite":null,"Hoehe":null,"NN_Sohle":0.0,"WK_NR":null,"URL_WKDB":null,"rwert":408701.0,"hwert":5838277.0},"geometry":{"type":"Point","coordinates":[7.649293,52.686715]}},
{"type":"Feature","properties":{"ID_con":450,"bw_id":"HAS_EIN_50035","name":"Rohreinlauf","GEW":"HAS","stat_von":50035.0,"bauart":"Rohreinlauf","baujahr":null,"upflicht":"NLSTBV","KTR":null,"FSK":"033232004002750006__","bemerk":null,"beschreib":"Rohreinlauf","beschreib_lang":null,"foto1":"https://nlwkn.hannit-share.de/index.php/core/preview?fileId=11064742&x=1280&y=819&a=true","foto2":"https://nlwkn.hannit-share.de/index.php/core/preview?fileId=11064745&x=1280&y=819&a=true","foto3":null,"foto4":null,"link1":null,"link2":null,"denkmal":"Nein","akz":null,"WR":null,"Ein_GWZ":null,"Ein_GKZ":null,"Ein_Name":null,"Ein_ord":"Sonstige","Ein_WKID":null,"Ein_DN":null,"Breite":null,"Hoehe":null,"NN_Sohle":0.0,"WK_NR":null,"URL_WKDB":null,"rwert":408513.0,"hwert":5838789.0},"geometry":{"type":"Point","coordinates":[7.64637,52.691284]}},
{"type":"Feature","properties":{"ID_con":452,"bw_id":"HAS_EIN_51025","name":"Einmündung Graben","GEW":"HAS","stat_von":51025.0,"bauart":"Rohrdurchlass mit Rückstauklappe und Überfahrt","baujahr":null,"upflicht":"??","KTR":null,"FSK":"033232004002870025__","bemerk":"U-Pflicht, DN, Sohllage prüfen","beschreib":"Einmündung Graben","beschreib_lang":null,"foto1":"https://nlwkn.hannit-share.de/index.php/core/preview?fileId=11064760&x=1280&y=819&a=true","foto2":"https://nlwkn.hannit-share.de/index.php/core/preview?fileId=11064763&x=1280&y=819&a=true","foto3":"https://nlwkn.hannit-share.de/index.php/core/preview?fileId=11064766&x=1280&y=819&a=true","foto4":"https://nlwkn.hannit-share.de/index.php/core/preview?fileId=11064769&x=1280&y=819&a=true","link1":null,"link2":null,"denkmal":"Nein","akz":null,"WR":null,"Ein_GWZ":null,"Ein_GKZ":null,"Ein_Name":null,"Ein_ord":"3. Ordnung","Ein_WKID":null,"Ein_DN":600,"Breite":null,"Hoehe":null,"NN_Sohle":0.0,"WK_NR":null,"URL_WKDB":null,"rwert":408958.0,"hwert":5839638.0},"geometry":{"type":"Point","coordinates":[7.652717,52.69899]}},
{"type":"Feature","properties":{"ID_con":453,"bw_id":"HAS_EIN_51185","name":"Einmündung Graben","GEW":"HAS","stat_von":51185.0,"bauart":"Rohrdurchlass","baujahr":null,"upflicht":"Wasser- und Bodenverband „Deichverband Westrum“ (ID: 303)","KTR":null,"FSK":"033232004002870025__","bemerk":"U-Pflicht prüfen","beschreib":"Einmündung Graben","beschreib_lang":null,"foto1":"https://nlwkn.hannit-share.de/index.php/core/preview?fileId=11064772&x=1280&y=819&a=true","foto2":"https://nlwkn.hannit-share.de/index.php/core/preview?fileId=11064775&x=1280&y=819&a=true","foto3":"https://nlwkn.hannit-share.de/index.php/core/preview?fileId=11064778&x=1280&y=819&a=true","foto4":null,"link1":null,"link2":null,"denkmal":"Nein","akz":null,"WR":null,"Ein_GWZ":null,"Ein_GKZ":null,"Ein_Name":null,"Ein_ord":"3. Ordnung","Ein_WKID":null,"Ein_DN":null,"Breite":null,"Hoehe":null,"NN_Sohle":0.0,"WK_NR":null,"URL_WKDB":null,"rwert":409123.0,"hwert":5839597.0},"geometry":{"type":"Point","coordinates":[7.655169,52.698649]}},
{"type":"Feature","properties":{"ID_con":2149,"bw_id":"HAS_EIN_51345","name":"Rohreinlauf mit Rückstauklappe","GEW":"HAS","stat_von":51345.0,"bauart":"Rohreinlauf mit Rückstauklappe","baujahr":null,"upflicht":"??","KTR":null,"FSK":"033232003000450004__","bemerk":null,"beschreib":"Rohreinlauf mit Rückstauklappe","beschreib_lang":null,"foto1":"https://nlwkn.hannit-share.de/index.php/core/preview?fileId=11064781&x=1280&y=819&a=true","foto2":"https://nlwkn.hannit-share.de/index.php/core/preview?fileId=11064784&x=1280&y=819&a=true","foto3":null,"foto4":null,"link1":null,"link2":null,"denkmal":"Nein","akz":null,"WR":null,"Ein_GWZ":null,"Ein_GKZ":null,"Ein_Name":null,"Ein_ord":"Sonstige??","Ein_WKID":null,"Ein_DN":null,"Breite":null,"Hoehe":null,"NN_Sohle":null,"WK_NR":null,"URL_WKDB":null,"rwert":409255.0,"hwert":5839705.0},"geometry":{"type":"Point","coordinates":[7.657092,52.699642]}},
{"type":"Feature","properties":{"ID_con":454,"bw_id":"HAS_EIN_51350","name":"Einmündung Westrumer Poldergraben","GEW":"HAS","stat_von":51350.0,"bauart":"Rohrdurchlass mit Rückstauklappe und Kastendurchlass","baujahr":null,"upflicht":"Hase Wasseracht, UHV 98 (ID: 87)","KTR":null,"FSK":"033232003000450004__","bemerk":null,"beschreib":"Einmündung Westrumer Poldergraben","beschreib_lang":null,"foto1":"https://nlwkn.hannit-share.de/index.php/core/preview?fileId=11064787&x=1280&y=819&a=true","foto2":"https://nlwkn.hannit-share.de/index.php/core/preview?fileId=11064790&x=1280&y=819&a=true","foto3":"https://nlwkn.hannit-share.de/index.php/core/preview?fileId=11064793&x=1280&y=819&a=true","foto4":"https://nlwkn.hannit-share.de/index.php/core/preview?fileId=11064796&x=1280&y=819&a=true","link1":null,"link2":null,"denkmal":"Nein","akz":null,"WR":null,"Ein_GWZ":365998,"Ein_GKZ":365998,"Ein_Name":"Westrumer Poldergraben","Ein_ord":"2. Ordnung","Ein_WKID":null,"Ein_DN":null,"Breite":null,"Hoehe":null,"NN_Sohle":0.0,"WK_NR":null,"URL_WKDB":null,"rwert":409260.0,"hwert":5839707.0},"geometry":{"type":"Point","coordinates":[7.657166,52.699661]}},
{"type":"Feature","properties":{"ID_con":455,"bw_id":"HAS_EIN_51535","name":"Regenwassereinlauf","GEW":"HAS","stat_von":51535.0,"bauart":"Rohreinlauf","baujahr":null,"upflicht":"Gemeinde Herzlake??","KTR":null,"FSK":"033232002003130007__","bemerk":null,"beschreib":"Regenwassereinlauf","beschreib_lang":null,"foto1":"https://nlwkn.hannit-share.de/index.php/core/preview?fileId=11064799&x=1280&y=819&a=true","foto2":"https://nlwkn.hannit-share.de/index.php/core/preview?fileId=11064802&x=1280&y=819&a=true","foto3":null,"foto4":null,"link1":null,"link2":null,"denkmal":"Nein","akz":null,"WR":null,"Ein_GWZ":null,"Ein_GKZ":null,"Ein_Name":null,"Ein_ord":"Einleitung","Ein_WKID":null,"Ein_DN":null,"Breite":null,"Hoehe":null,"NN_Sohle":0.0,"WK_NR":null,"URL_WKDB":null,"rwert":409337.0,"hwert":5839878.0},"geometry":{"type":"Point","coordinates":[7.658258,52.70121]}},
{"type":"Feature","properties":{"ID_con":456,"bw_id":"HAS_EIN_51765","name":"Rohreinlauf","GEW":"HAS","stat_von":51765.0,"bauart":"Rohreinlauf","baujahr":null,"upflicht":"??","KTR":null,"FSK":"033232002003130007__","bemerk":"verstecktes Rohr???","beschreib":"Rohreinlauf","beschreib_lang":null,"foto1":"https://nlwkn.hannit-share.de/index.php/core/preview?fileId=11064805&x=1280&y=819&a=true","foto2":null,"foto3":null,"foto4":null,"link1":null,"link2":null,"denkmal":"Nein","akz":null,"WR":null,"Ein_GWZ":null,"Ein_GKZ":null,"Ein_Name":null,"Ein_ord":"Sonstige","Ein_WKID":null,"Ein_DN":null,"Breite":null,"Hoehe":null,"NN_Sohle":0.0,"WK_NR":null,"URL_WKDB":null,"rwert":409488.0,"hwert":5840056.0},"geometry":{"type":"Point","coordinates":[7.660443,52.702835]}},
{"type":"Feature","properties":{"ID_con":457,"bw_id":"HAS_EIN_51915","name":"Rohreinlauf","GEW":"HAS","stat_von":51915.0,"bauart":"Rohreinlauf","baujahr":null,"upflicht":"??","KTR":null,"FSK":"033232003000020001__","bemerk":"verstecktes Rohr??? Oder Entwässerung Gemeinde Herzlake","beschreib":"Rohreinlauf","beschreib_lang":null,"foto1":"https://nlwkn.hannit-share.de/index.php/core/preview?fileId=11064808&x=1280&y=819&a=true","foto2":"https://nlwkn.hannit-share.de/index.php/core/preview?fileId=11064811&x=1280&y=819&a=true","foto3":null,"foto4":null,"link1":null,"link2":null,"denkmal":"Nein","akz":null,"WR":null,"Ein_GWZ":null,"Ein_GKZ":null,"Ein_Name":null,"Ein_ord":"Sonstige","Ein_WKID":null,"Ein_DN":null,"Breite":null,"Hoehe":null,"NN_Sohle":0.0,"WK_NR":null,"URL_WKDB":null,"rwert":409635.0,"hwert":5840098.0},"geometry":{"type":"Point","coordinates":[7.662606,52.703237]}},
{"type":"Feature","properties":{"ID_con":458,"bw_id":"HAS_EIN_52005","name":"Einmündung Graben","GEW":"HAS","stat_von":52005.0,"bauart":"Rohrdurchlass","baujahr":null,"upflicht":"??","KTR":null,"FSK":"033232003000010001__","bemerk":"Einlauf fast nicht zu erkennen","beschreib":"Einmündung Graben","beschreib_lang":null,"foto1":"https://nlwkn.hannit-share.de/index.php/core/preview?fileId=11064814&x=1280&y=819&a=true","foto2":"https://nlwkn.hannit-share.de/index.php/core/preview?fileId=11064817&x=1280&y=819&a=true","foto3":null,"foto4":null,"link1":null,"link2":null,"denkmal":"Nein","akz":null,"WR":null,"Ein_GWZ":null,"Ein_GKZ":null,"Ein_Name":null,"Ein_ord":"3. Ordnung","Ein_WKID":null,"Ein_DN":null,"Breite":null,"Hoehe":null,"NN_Sohle":0.0,"WK_NR":null,"URL_WKDB":null,"rwert":409731.0,"hwert":5840087.0},"geometry":{"type":"Point","coordinates":[7.66403,52.703154]}},
{"type":"Feature","properties":{"ID_con":459,"bw_id":"HAS_EIN_52305","name":"Einmündung Graben (bzw. ehemaliger Altarm)","GEW":"HAS","stat_von":52305.0,"bauart":"Rohrdurchlass mit Rückstauklappe","baujahr":null,"upflicht":"??","KTR":null,"FSK":"033234057001640013__","bemerk":null,"beschreib":"Auf Höhe Stat. 52+300 befindet sich linksseitig ein alter Flussmäander, der über eine Verrohrung (mit Rückstauklappe) nur eingeschränkt mit der Hase in Verbindung steht","beschreib_lang":"Auf Höhe Stat. 52+300 befindet sich linksseitig ein alter Flussmäander, der über eine Verrohrung (mit Rückstauklappe) nur eingeschränkt mit der Hase in Verbindung steht. Davon sind Teilbereiche als gesetzlich geschützte Biotope gemäß § 30 BNatSchG registriert. Wegen der Grenzlage zwischen den Landkreisen Cloppenburg und Emsland sind mehrere GB-Nummern vergeben worden: - \tLandkreis Cloppenburg:\tGB-CLP 3212/112 und 3212/113 (naturnahe Stillgewässer im Nordosten u Süden des Altmäanders), -\tLandkreis Emsland:\tGB 24.24/01 (naturnahes Stillgewässer im Süden)","foto1":"https://nlwkn.hannit-share.de/index.php/core/preview?fileId=11064820&x=1280&y=819&a=true","foto2":"https://nlwkn.hannit-share.de/index.php/core/preview?fileId=11064823&x=1280&y=819&a=true","foto3":"https://nlwkn.hannit-share.de/index.php/core/preview?fileId=11064826&x=1280&y=819&a=true","foto4":null,"link1":null,"link2":null,"denkmal":"Nein","akz":null,"WR":null,"Ein_GWZ":null,"Ein_GKZ":null,"Ein_Name":null,"Ein_ord":"3. Ordnung","Ein_WKID":null,"Ein_DN":null,"Breite":null,"Hoehe":null,"NN_Sohle":0.0,"WK_NR":null,"URL_WKDB":null,"rwert":410008.0,"hwert":5839966.0},"geometry":{"type":"Point","coordinates":[7.668161,52.702113]}},
{"type":"Feature","properties":{"ID_con":460,"bw_id":"HAS_EIN_52370","name":"Einmündung Graben","GEW":"HAS","stat_von":52370.0,"bauart":"Rohrdurchlass","baujahr":null,"upflicht":"??","KTR":null,"FSK":"033234057001640013__","bemerk":"Einlauf fast nicht zu erkennen","beschreib":"Einmündung Graben","beschreib_lang":null,"foto1":"https://nlwkn.hannit-share.de/index.php/core/preview?fileId=11064829&x=1280&y=819&a=true","foto2":"https://nlwkn.hannit-share.de/index.php/core/preview?fileId=11064832&x=1280&y=819&a=true","foto3":"https://nlwkn.hannit-share.de/index.php/core/preview?fileId=11064835&x=1280&y=819&a=true","foto4":null,"link1":null,"link2":null,"denkmal":"Nein","akz":null,"WR":null,"Ein_GWZ":null,"Ein_GKZ":null,"Ein_Name":null,"Ein_ord":"3. Ordnung","Ein_WKID":null,"Ein_DN":null,"Breite":null,"Hoehe":null,"NN_Sohle":0.0,"WK_NR":null,"URL_WKDB":null,"rwert":410065.0,"hwert":5840015.0},"geometry":{"type":"Point","coordinates":[7.668991,52.702563]}},
{"type":"Feature","properties":{"ID_con":475,"bw_id":"HRK_EIN_30","name":"Auslauf Umlauf Schleuse I","GEW":"HRK","stat_von":30.0,"bauart":"Auslaufbauwerk","baujahr":null,"upflicht":"NLWKN","KTR":null,"FSK":"033103003002650002__","bemerk":null,"beschreib":"Auslauf Umlauf Schleuse I","beschreib_lang":null,"foto1":"https://nlwkn.hannit-share.de/index.php/core/preview?fileId=11062471&x=1280&y=819&a=true","foto2":"https://nlwkn.hannit-share.de/index.php/core/preview?fileId=11062474&x=1280&y=819&a=true","foto3":"https://nlwkn.hannit-share.de/index.php/core/preview?fileId=11062477&x=1280&y=819&a=true","foto4":"https://nlwkn.hannit-share.de/index.php/core/preview?fileId=11062480&x=1280&y=819&a=true","link1":null,"link2":null,"denkmal":"Nein","akz":null,"WR":null,"Ein_GWZ":null,"Ein_GKZ":null,"Ein_Name":null,"Ein_ord":"Sonstige","Ein_WKID":null,"Ein_DN":null,"Breite":null,"Hoehe":null,"NN_Sohle":0.0,"WK_NR":null,"URL_WKDB":null,"rwert":381816.0,"hwert":5850145.0},"geometry":{"type":"Point","coordinates":[7.247453,52.788158]}},
{"type":"Feature","properties":{"ID_con":482,"bw_id":"HRK_EIN_90","name":"Umlauf Schleuse I Einlauf","GEW":"HRK","stat_von":90.0,"bauart":"Rohrdurchlass mit Absperrvorrichtung","baujahr":null,"upflicht":"NLWKN","KTR":"MBLEN20300","FSK":"033103003002690002__","bemerk":null,"beschreib":"Umlauf Schleuse I Einlauf","beschreib_lang":null,"foto1":"https://nlwkn.hannit-share.de/index.php/core/preview?fileId=11062522&x=1280&y=819&a=true","foto2":"https://nlwkn.hannit-share.de/index.php/core/preview?fileId=11062525&x=1280&y=819&a=true","foto3":"https://nlwkn.hannit-share.de/index.php/core/preview?fileId=11062528&x=1280&y=819&a=true","foto4":"https://nlwkn.hannit-share.de/index.php/core/preview?fileId=11062531&x=1280&y=819&a=true","link1":null,"link2":null,"denkmal":"Nein","akz":null,"WR":null,"Ein_GWZ":null,"Ein_GKZ":null,"Ein_Name":null,"Ein_ord":"Sonstige","Ein_WKID":null,"Ein_DN":null,"Breite":null,"Hoehe":null,"NN_Sohle":0.0,"WK_NR":null,"URL_WKDB":null,"rwert":381753.0,"hwert":5850149.0},"geometry":{"type":"Point","coordinates":[7.246518,52.78818]}},
{"type":"Feature","properties":{"ID_con":477,"bw_id":"HRK_EIN_460","name":"Einlauf","GEW":"HRK","stat_von":460.0,"bauart":"Einlaufschacht mit Verschlussvorrichtung","baujahr":null,"upflicht":"??","KTR":null,"FSK":"033103003002700004__","bemerk":"Einlauf und U-Pflicht prüfen","beschreib":"Einlauf","beschreib_lang":null,"foto1":"https://nlwkn.hannit-share.de/index.php/core/preview?fileId=11062483&x=1280&y=819&a=true","foto2":"https://nlwkn.hannit-share.de/index.php/core/preview?fileId=11062486&x=1280&y=819&a=true","foto3":"https://nlwkn.hannit-share.de/index.php/core/preview?fileId=11062489&x=1280&y=819&a=true","foto4":"https://nlwkn.hannit-share.de/index.php/core/preview?fileId=11062492&x=1280&y=819&a=true","link1":null,"link2":null,"denkmal":"Nein","akz":null,"WR":null,"Ein_GWZ":null,"Ein_GKZ":null,"Ein_Name":null,"Ein_ord":"??Sonstige","Ein_WKID":null,"Ein_DN":null,"Breite":null,"Hoehe":null,"NN_Sohle":0.0,"WK_NR":null,"URL_WKDB":null,"rwert":381383.0,"hwert":5850134.0},"geometry":{"type":"Point","coordinates":[7.241039,52.787965]}},
{"type":"Feature","properties":{"ID_con":1808,"bw_id":"SNK_EIN_23485","name":"Rohrdurchlass?? zum See","GEW":"SNK","stat_von":23485.0,"bauart":"Rohrdurchlass??","baujahr":null,"upflicht":"??","KTR":null,"FSK":"033118011000120004__","bemerk":null,"beschreib":"Rohrdurchlass?? zum See","beschreib_lang":null,"foto1":"https://nlwkn.hannit-share.de/index.php/core/preview?fileId=11059184&x=1280&y=819&a=true","foto2":"https://nlwkn.hannit-share.de/index.php/core/preview?fileId=11059187&x=1280&y=819&a=true","foto3":"https://nlwkn.hannit-share.de/index.php/core/preview?fileId=11059190&x=1280&y=819&a=true","foto4":null,"link1":null,"link2":null,"denkmal":"Nein","akz":null,"WR":null,"Ein_GWZ":null,"Ein_GKZ":null,"Ein_Name":null,"Ein_ord":"Sonstige??","Ein_WKID":null,"Ein_DN":null,"Breite":null,"Hoehe":null,"NN_Sohle":0.0,"WK_NR":null,"URL_WKDB":null,"rwert":371301.0,"hwert":5834462.0},"geometry":{"type":"Point","coordinates":[7.097758,52.644844]}},
{"type":"Feature","properties":{"ID_con":544,"bw_id":"SNK_EIN_23615","name":"Einmündung Graben??","GEW":"SNK","stat_von":23615.0,"bauart":"??Rohrdurchlass","baujahr":null,"upflicht":"??","KTR":null,"FSK":"033118023001010019__","bemerk":"Einlauf und U_Pflicht prüfen","beschreib":"Einmündung Graben??","beschreib_lang":null,"foto1":null,"foto2":null,"foto3":null,"foto4":null,"link1":null,"link2":null,"denkmal":"Nein","akz":null,"WR":null,"Ein_GWZ":null,"Ein_GKZ":null,"Ein_Name":null,"Ein_ord":"3. Ordnung","Ein_WKID":null,"Ein_DN":null,"Breite":null,"Hoehe":null,"NN_Sohle":0.0,"WK_NR":null,"URL_WKDB":null,"rwert":371330.0,"hwert":5834596.0},"geometry":{"type":"Point","coordinates":[7.098135,52.646055]}},
{"type":"Feature","properties":{"ID_con":2220,"bw_id":"SNK_EIN_23890","name":"Rohreinlauf (PVC)","GEW":"SNK","stat_von":23890.0,"bauart":"Rohreinlauf (PVC)","baujahr":null,"upflicht":null,"KTR":null,"FSK":"033118023001010019__","bemerk":null,"beschreib":"Rohreinlauf (PVC)","beschreib_lang":null,"foto1":"https://nlwkn.hannit-share.de/index.php/core/preview?fileId=11059193&x=1280&y=819&a=true","foto2":null,"foto3":null,"foto4":null,"link1":null,"link2":null,"denkmal":"Nein","akz":null,"WR":null,"Ein_GWZ":null,"Ein_GKZ":null,"Ein_Name":null,"Ein_ord":"Sonstige","Ein_WKID":null,"Ein_DN":200,"Breite":null,"Hoehe":null,"NN_Sohle":null,"WK_NR":null,"URL_WKDB":null,"rwert":371304.0,"hwert":5834865.0},"geometry":{"type":"Point","coordinates":[7.097646,52.648465]}},
{"type":"Feature","properties":{"ID_con":545,"bw_id":"SNK_EIN_24375","name":"Einmündung Hauptvorfluter Nord","GEW":"SNK","stat_von":24375.0,"bauart":"Kastendurchlass?? mit Brücke","baujahr":null,"upflicht":"101","KTR":null,"FSK":"033118023001010024__","bemerk":"Einlauf prüfen","beschreib":"Einmündung Hauptvorfluter Nord","beschreib_lang":null,"foto1":null,"foto2":null,"foto3":null,"foto4":null,"link1":null,"link2":null,"denkmal":"Nein","akz":null,"WR":null,"Ein_GWZ":3734216,"Ein_GKZ":3734216,"Ein_Name":"Hauptvorfluter Nord","Ein_ord":"2. Ordnung","Ein_WKID":null,"Ein_DN":null,"Breite":null,"Hoehe":null,"NN_Sohle":0.0,"WK_NR":null,"URL_WKDB":null,"rwert":371229.0,"hwert":5835341.0},"geometry":{"type":"Point","coordinates":[7.096352,52.652724]}},
{"type":"Feature","properties":{"ID_con":546,"bw_id":"SNK_EIN_26075","name":"Einmündung Graben??","GEW":"SNK","stat_von":26075.0,"bauart":"??Rohrdurchlass","baujahr":null,"upflicht":"??","KTR":null,"FSK":"033118032000100039__","bemerk":"Einlauf und U-Pflicht prüfen","beschreib":"Einmündung Graben??","beschreib_lang":null,"foto1":null,"foto2":null,"foto3":null,"foto4":null,"link1":null,"link2":null,"denkmal":"Nein","akz":null,"WR":null,"Ein_GWZ":null,"Ein_GKZ":null,"Ein_Name":null,"Ein_ord":"3. Ordnung","Ein_WKID":null,"Ein_DN":null,"Breite":null,"Hoehe":null,"NN_Sohle":0.0,"WK_NR":null,"URL_WKDB":null,"rwert":371168.0,"hwert":5837031.0},"geometry":{"type":"Point","coordinates":[7.09479,52.667895]}},
{"type":"Feature","properties":{"ID_con":547,"bw_id":"SNK_EIN_26655","name":"Grabeneinmündung","GEW":"SNK","stat_von":26655.0,"bauart":"Rohrdurchlass","baujahr":null,"upflicht":"??","KTR":null,"FSK":"033118036000010371__","bemerk":"Einlauf und U-Pflicht prüfen","beschreib":"Grabeneinmündung","beschreib_lang":null,"foto1":"https://nlwkn.hannit-share.de/index.php/core/preview?fileId=11059196&x=1280&y=819&a=true","foto2":null,"foto3":null,"foto4":null,"link1":null,"link2":null,"denkmal":"Nein","akz":null,"WR":null,"Ein_GWZ":null,"Ein_GKZ":null,"Ein_Name":null,"Ein_ord":"3. Ordnung","Ein_WKID":null,"Ein_DN":null,"Breite":null,"Hoehe":null,"NN_Sohle":0.0,"WK_NR":null,"URL_WKDB":null,"rwert":371224.0,"hwert":5837608.0},"geometry":{"type":"Point","coordinates":[7.095392,52.673092]}},
{"type":"Feature","properties":{"ID_con":548,"bw_id":"SNK_EIN_26900","name":"Einmündung Graben??","GEW":"SNK","stat_von":26900.0,"bauart":"??Rohrdurchlass","baujahr":null,"upflicht":"??","KTR":null,"FSK":"033118036000010371__","bemerk":"Einlauf und U-Pflicht prüfen","beschreib":"Einmündung Graben??","beschreib_lang":null,"foto1":null,"foto2":null,"foto3":null,"foto4":null,"link1":null,"link2":null,"denkmal":"Nein","akz":null,"WR":null,"Ein_GWZ":null,"Ein_GKZ":null,"Ein_Name":null,"Ein_ord":"3. Ordnung","Ein_WKID":null,"Ein_DN":null,"Breite":null,"Hoehe":null,"NN_Sohle":0.0,"WK_NR":null,"URL_WKDB":null,"rwert":371248.0,"hwert":5837851.0},"geometry":{"type":"Point","coordinates":[7.095652,52.675281]}},
{"type":"Feature","properties":{"ID_con":549,"bw_id":"SNK_EIN_27225","name":"Einmündung Graben??","GEW":"SNK","stat_von":27225.0,"bauart":"??Rohrdurchlass","baujahr":null,"upflicht":"??","KTR":null,"FSK":"033118036000010371__","bemerk":"Einlauf und U-Pflicht prüfen","beschreib":"Einmündung Graben??","beschreib_lang":null,"foto1":null,"foto2":null,"foto3":null,"foto4":null,"link1":null,"link2":null,"denkmal":"Nein","akz":null,"WR":null,"Ein_GWZ":null,"Ein_GKZ":null,"Ein_Name":null,"Ein_ord":"3. Ordnung","Ein_WKID":null,"Ein_DN":null,"Breite":null,"Hoehe":null,"NN_Sohle":0.0,"WK_NR":null,"URL_WKDB":null,"rwert":371276.0,"hwert":5838175.0},"geometry":{"type":"Point","coordinates":[7.095939,52.678199]}},
{"type":"Feature","properties":{"ID_con":550,"bw_id":"SNK_EIN_27250","name":"Einmündung Graben??","GEW":"SNK","stat_von":27250.0,"bauart":"??Rohrdurchlass","baujahr":null,"upflicht":"??","KTR":null,"FSK":"033118036000010371__","bemerk":"Einlauf und U-Pflicht prüfen","beschreib":"Einmündung Graben??","beschreib_lang":null,"foto1":null,"foto2":null,"foto3":null,"foto4":null,"link1":null,"link2":null,"denkmal":"Nein","akz":null,"WR":null,"Ein_GWZ":null,"Ein_GKZ":null,"Ein_Name":null,"Ein_ord":"3. Ordnung","Ein_WKID":null,"Ein_DN":null,"Breite":null,"Hoehe":null,"NN_Sohle":0.0,"WK_NR":null,"URL_WKDB":null,"rwert":371261.0,"hwert":5838206.0},"geometry":{"type":"Point","coordinates":[7.095706,52.678474]}},
{"type":"Feature","properties":{"ID_con":551,"bw_id":"SNK_EIN_27425","name":"Einmündung Südlicher Annaveenschloot","GEW":"SNK","stat_von":27425.0,"bauart":"Kastendurchlass?? mit Brücke","baujahr":null,"upflicht":"101","KTR":null,"FSK":"033118036000010371__","bemerk":"Einlauf prüfen","beschreib":"Da für eine freie Vorflut der Wasserspiegel des Süd-Nord-Kanals zu hoch liegt, wurde an der Mündung des Gewässers ein Schöpfwerk  erforderlich, das zunächst als vorübergehende Anlage konzipiert wurde mittlerweile aber zur Dauerlösung geworden ist.","beschreib_lang":"Nördlich von Twist durchschneidet der Süd-Nord-Kanal weite Hochmoorflächen, die z. T. abgetorft und als Sandmischkultur in landwirtschaftliche Nutzung genommen wurden. Für diese Flächen wurden größtenteils Gewässerentwürfe aufgestellt und ausgeführt, um eine landwirtschaftliche Nutzung zu ermöglichen. So wurde im Gebiet Annaveen-West der südliche Annaveenschloot mit seinen Nebengewässern ausgebaut. Da für eine freie Vorflut der Wasserspiegel des Süd-Nord-Kanals zu hoch liegt, wurde an der Mündung des Gewässers ein Schöpfwerk  erforderlich, das zunächst als vorübergehende Anlage konzipiert wurde und für die betroffenen Landwirte inzwischen eine unbefriedigende Dauerlösung darstellt. Daher wird von der Landwirtschaft in diesem Bereich auf eine Absenkung der Kanalwasserstände gedrängt.","foto1":"https://nlwkn.hannit-share.de/index.php/core/preview?fileId=11563370&x=1280&y=819&a=true","foto2":"https://nlwkn.hannit-share.de/index.php/core/preview?fileId=11563374&x=1280&y=819&a=true","foto3":"https://nlwkn.hannit-share.de/index.php/core/preview?fileId=11563375&x=1280&y=819&a=true","foto4":"https://nlwkn.hannit-share.de/index.php/core/preview?fileId=11563373&x=1280&y=819&a=true","link1":null,"link2":null,"denkmal":"Nein","akz":null,"WR":null,"Ein_GWZ":3734218,"Ein_GKZ":3734218,"Ein_Name":"Südlicher Annaveenschloot","Ein_ord":"2. Ordnung","Ein_WKID":null,"Ein_DN":null,"Breite":null,"Hoehe":null,"NN_Sohle":0.0,"WK_NR":null,"URL_WKDB":null,"rwert":371264.0,"hwert":5838378.0},"geometry":{"type":"Point","coordinates":[7.095683,52.68002]}},
{"type":"Feature","properties":{"ID_con":616,"bw_id":"VEC_EIN_110915","name":"Rohreinlauf Brückenentwässerung","GEW":"VEC","stat_von":110915.0,"bauart":"Brückenentwässerung","baujahr":"2018","upflicht":"NLSTBV","KTR":null,"FSK":"033151029001220031__","bemerk":"Flurstücke ergänzen","beschreib":"Rohreinlauf Brückenentwässerung","beschreib_lang":null,"foto1":"https://nlwkn.hannit-share.de/index.php/core/preview?fileId=11054747&x=1280&y=819&a=true","foto2":null,"foto3":null,"foto4":null,"link1":null,"link2":null,"denkmal":"Nein","akz":null,"WR":null,"Ein_GWZ":null,"Ein_GKZ":null,"Ein_Name":null,"Ein_ord":"Einleitung","Ein_WKID":null,"Ein_DN":200,"Breite":null,"Hoehe":null,"NN_Sohle":0.0,"WK_NR":null,"URL_WKDB":null,"rwert":366944.0,"hwert":5814084.0},"geometry":{"type":"Point","coordinates":[7.041571,52.4607]}},
{"type":"Feature","properties":{"ID_con":617,"bw_id":"VEC_EIN_111085","name":"Altarmanbindung (Nr. 35)","GEW":"VEC","stat_von":111085.0,"bauart":"Kastendurchlass mit Überfahrt","baujahr":"1967","upflicht":"NLWKN","KTR":"MABVE00100","FSK":"033151029001220075__","bemerk":null,"beschreib":"Kastendurchlass Altarmanbindung Nr. 35 (Nr. 193 (Holzmann) ; Länge der Haltung : 7,30 m) mit Wasserrecht für Überleitung von Wasser aus dem Ems-Vechte-Kanal in die Vechte)","beschreib_lang":null,"foto1":"https://nlwkn.hannit-share.de/index.php/core/preview?fileId=11054750&x=1280&y=819&a=true","foto2":"https://nlwkn.hannit-share.de/index.php/core/preview?fileId=11054753&x=1280&y=819&a=true","foto3":"https://nlwkn.hannit-share.de/index.php/core/preview?fileId=11054756&x=1280&y=819&a=true","foto4":"https://nlwkn.hannit-share.de/index.php/core/preview?fileId=11054759&x=1280&y=819&a=true","link1":null,"link2":null,"denkmal":"Nein","akz":null,"WR":"11/13284 (aktiv)","Ein_GWZ":92863796,"Ein_GKZ":92863796,"Ein_Name":"Altarm","Ein_ord":"1. Ordnung","Ein_WKID":32002,"Ein_DN":null,"Breite":3000,"Hoehe":3000,"NN_Sohle":16.1,"WK_NR":32002,"URL_WKDB":"https://www.umweltkarten-niedersachsen.de/Download_OE/WRRL/WKDB_HE/32002_Vechte_Nordhorn_Neuenhaus.pdf","rwert":367124.0,"hwert":5813995.0},"geometry":{"type":"Point","coordinates":[7.044255,52.459944]}},
{"type":"Feature","properties":{"ID_con":2183,"bw_id":"VEC_EIN_111470","name":"Grabeneinlauf??","GEW":"VEC","stat_von":111470.0,"bauart":"Grabeneinlauf??","baujahr":null,"upflicht":null,"KTR":null,"FSK":"033151028000720020__","bemerk":"Einlauf U-Pflicht prüfen","beschreib":"Grabeneinlauf??","beschreib_lang":null,"foto1":null,"foto2":null,"foto3":null,"foto4":null,"link1":null,"link2":null,"denkmal":"Nein","akz":null,"WR":null,"Ein_GWZ":null,"Ein_GKZ":null,"Ein_Name":null,"Ein_ord":"Sonstige","Ein_WKID":null,"Ein_DN":null,"Breite":null,"Hoehe":null,"NN_Sohle":null,"WK_NR":null,"URL_WKDB":null,"rwert":367005.0,"hwert":5813418.0},"geometry":{"type":"Point","coordinates":[7.042734,52.454731]}},
{"type":"Feature","properties":{"ID_con":618,"bw_id":"VEC_EIN_112670","name":"??Einlaufbauwerk??","GEW":"VEC","stat_von":112670.0,"bauart":"??","baujahr":null,"upflicht":"??","KTR":null,"FSK":"033151023000610009__","bemerk":"Einlauf u Pflicht prüfen","beschreib":"??Einlaufbauwerk??","beschreib_lang":null,"foto1":null,"foto2":null,"foto3":null,"foto4":null,"link1":null,"link2":null,"denkmal":"Nein","akz":null,"WR":null,"Ein_GWZ":null,"Ein_GKZ":null,"Ein_Name":null,"Ein_ord":"??Sonstige","Ein_WKID":null,"Ein_DN":null,"Breite":null,"Hoehe":null,"NN_Sohle":0.0,"WK_NR":null,"URL_WKDB":null,"rwert":367131.0,"hwert":5812507.0},"geometry":{"type":"Point","coordinates":[7.04495,52.446576]}},
{"type":"Feature","properties":{"ID_con":619,"bw_id":"VEC_EIN_112795","name":"Einleitung  KA Nordhorn","GEW":"VEC","stat_von":112795.0,"bauart":"??Rohrdurchlass mit Rückstauklappe (Wasserrecht)","baujahr":null,"upflicht":"Kommunale Betriebe Nordhorn","KTR":null,"FSK":"033151023000640033__","bemerk":"Einlauf prüfen, B-001 (aktiv, real) , Einleitung i","beschreib":"Einleitungsstelle der Kläranlage Nordhorn","beschreib_lang":"Einleitungsstelle der Kläranlage Nordhorn\nDen Kommunalen Betrieben Nordhorn AöR wurde die Erlaubnis zur Einleitung des in der Kläranlage Nordhorn gereinigten Abwassers in die Vechte (Gewässer II. Ordnung) nach Maßgabe der nachfolgenden Inhalts- und Nebenbestimmungenmit Wirkung zum 01.01.2025 erteilt (Akz.: 66/657-20-3/85 )","foto1":"https://nlwkn.hannit-share.de/index.php/core/preview?fileId=11054762&x=1280&y=819&a=true","foto2":null,"foto3":null,"foto4":null,"link1":null,"link2":null,"denkmal":"Nein","akz":null,"WR":"11/7273 (aktiv)","Ein_GWZ":null,"Ein_GKZ":null,"Ein_Name":null,"Ein_ord":"Einleitung","Ein_WKID":null,"Ein_DN":null,"Breite":null,"Hoehe":null,"NN_Sohle":0.0,"WK_NR":null,"URL_WKDB":null,"rwert":367158.0,"hwert":5812382.0},"geometry":{"type":"Point","coordinates":[7.045397,52.445459]}},
{"type":"Feature","properties":{"ID_con":620,"bw_id":"VEC_EIN_113435","name":"Rohrauslass??","GEW":"VEC","stat_von":113435.0,"bauart":"??","baujahr":null,"upflicht":"??","KTR":null,"FSK":"033151005000680007__","bemerk":"Einlauf u Pflicht prüfen","beschreib":"Rohrauslass??","beschreib_lang":null,"foto1":null,"foto2":null,"foto3":null,"foto4":null,"link1":null,"link2":null,"denkmal":"Nein","akz":null,"WR":null,"Ein_GWZ":null,"Ein_GKZ":null,"Ein_Name":null,"Ein_ord":"??Sonstige","Ein_WKID":null,"Ein_DN":null,"Breite":null,"Hoehe":null,"NN_Sohle":0.0,"WK_NR":null,"URL_WKDB":null,"rwert":367651.0,"hwert":5812098.0},"geometry":{"type":"Point","coordinates":[7.052759,52.443027]}},
{"type":"Feature","properties":{"ID_con":621,"bw_id":"VEC_EIN_113735","name":"Rohrauslass??","GEW":"VEC","stat_von":113735.0,"bauart":"??","baujahr":null,"upflicht":"??","KTR":null,"FSK":"033151005000710015__","bemerk":"Einlauf u Pflicht prüfen","beschreib":"Rohrauslass??","beschreib_lang":null,"foto1":null,"foto2":null,"foto3":null,"foto4":null,"link1":null,"link2":null,"denkmal":"Nein","akz":null,"WR":null,"Ein_GWZ":null,"Ein_GKZ":null,"Ein_Name":null,"Ein_ord":"??Sonstige","Ein_WKID":null,"Ein_DN":null,"Breite":null,"Hoehe":null,"NN_Sohle":0.0,"WK_NR":null,"URL_WKDB":null,"rwert":367755.0,"hwert":5811827.0},"geometry":{"type":"Point","coordinates":[7.054395,52.440617]}},
{"type":"Feature","properties":{"ID_con":622,"bw_id":"VEC_EIN_113750","name":"Einleitung Regenüberlaufbecken (Mischwasserkanalisation)","GEW":"VEC","stat_von":113750.0,"bauart":"Rohrdurchlass (mit Rechen)","baujahr":"2000?","upflicht":"Stadt Nordhorn","KTR":null,"FSK":"033151005000760025__","bemerk":null,"beschreib":"Einleitung Regenüberlaufbecken (Mischwasserkanalisation)","beschreib_lang":"Bei anhaltendem Regen leitet die Stadt Nordhorn regelmäßig ungeklärtes Abwasser aus sogenannten Mischwasserkanälen direkt in die Vechte.","foto1":"https://nlwkn.hannit-share.de/index.php/core/preview?fileId=11054765&x=1280&y=819&a=true","foto2":"https://nlwkn.hannit-share.de/index.php/core/preview?fileId=11054768&x=1280&y=819&a=true","foto3":"https://nlwkn.hannit-share.de/index.php/core/preview?fileId=12283155&x=1280&y=819&a=true","foto4":"https://nlwkn.hannit-share.de/index.php/core/preview?fileId=12283156&x=1280&y=819&a=true","link1":null,"link2":null,"denkmal":"Nein","akz":null,"WR":"P:\\GB1\\DB\\VEC\\Data\\VEC_EIN_113750_Erlaubnis.pdf","Ein_GWZ":null,"Ein_GKZ":null,"Ein_Name":null,"Ein_ord":"Sonstige","Ein_WKID":null,"Ein_DN":null,"Breite":null,"Hoehe":null,"NN_Sohle":0.0,"WK_NR":null,"URL_WKDB":null,"rwert":367744.0,"hwert":5811803.0},"geometry":{"type":"Point","coordinates":[7.054243,52.440399]}},
{"type":"Feature","properties":{"ID_con":623,"bw_id":"VEC_EIN_114015","name":"Einmündung Kornmühlenarm","GEW":"VEC","stat_von":114015.0,"bauart":"Freie Einmündung","baujahr":null,"upflicht":"NLWKN","KTR":null,"FSK":"033151006000010091__","bemerk":null,"beschreib":"Einmündung Kornmühlenarm","beschreib_lang":null,"foto1":"https://nlwkn.hannit-share.de/index.php/core/preview?fileId=11054771&x=1280&y=819&a=true","foto2":null,"foto3":null,"foto4":null,"link1":null,"link2":null,"denkmal":"Nein","akz":null,"WR":null,"Ein_GWZ":92863794,"Ein_GKZ":92863794,"Ein_Name":"Kornmühlenarm","Ein_ord":"2. Ordnung","Ein_WKID":32002,"Ein_DN":null,"Breite":null,"Hoehe":null,"NN_Sohle":0.0,"WK_NR":32002,"URL_WKDB":"https://www.umweltkarten-niedersachsen.de/Download_OE/WRRL/WKDB_HE/32002_Vechte_Nordhorn_Neuenhaus.pdf","rwert":367975.0,"hwert":5811666.0},"geometry":{"type":"Point","coordinates":[7.057693,52.439224]}},
{"type":"Feature","properties":{"ID_con":624,"bw_id":"VEC_EIN_114070","name":"Einleitung, C1, Rawe GmbH, Nordhorn","GEW":"VEC","stat_von":114070.0,"bauart":"??Rohrdurchlass","baujahr":null,"upflicht":"Rawe GmbH u. Co.","KTR":null,"FSK":"033151006000010091__","bemerk":"abgelaufen??, B-001 (aktiv, real), OW-Einl. C1, Ra","beschreib":"Einleitung, C1, Rawe GmbH, Nordhorn","beschreib_lang":null,"foto1":null,"foto2":null,"foto3":null,"foto4":null,"link1":null,"link2":null,"denkmal":"Nein","akz":null,"WR":"11/7239 (aktiv)","Ein_GWZ":null,"Ein_GKZ":null,"Ein_Name":null,"Ein_ord":"Einleitung","Ein_WKID":null,"Ein_DN":null,"Breite":null,"Hoehe":null,"NN_Sohle":0.0,"WK_NR":null,"URL_WKDB":null,"rwert":368028.0,"hwert":5811646.0},"geometry":{"type":"Point","coordinates":[7.05848,52.439057]}},
{"type":"Feature","properties":{"ID_con":625,"bw_id":"VEC_EIN_114205","name":"Einleitung, C2, Rawe GmbH, Nordhorn","GEW":"VEC","stat_von":114205.0,"bauart":"??Rohrdurchlass","baujahr":null,"upflicht":"Rawe GmbH u. Co.","KTR":null,"FSK":"033151006000010103__","bemerk":"abgelaufen??, B-002 (aktiv, real), OW-Einl. C2, Ra","beschreib":"Einleitung, C2, Rawe GmbH, Nordhorn","beschreib_lang":null,"foto1":null,"foto2":null,"foto3":null,"foto4":null,"link1":null,"link2":null,"denkmal":"Nein","akz":null,"WR":"11/7239 (aktiv)","Ein_GWZ":null,"Ein_GKZ":null,"Ein_Name":null,"Ein_ord":"Einleitung","Ein_WKID":null,"Ein_DN":null,"Breite":null,"Hoehe":null,"NN_Sohle":0.0,"WK_NR":null,"URL_WKDB":null,"rwert":368157.0,"hwert":5811611.0},"geometry":{"type":"Point","coordinates":[7.060391,52.438774]}},
{"type":"Feature","properties":{"ID_con":2561,"bw_id":"VEC_EIN_114220","name":"Einleitung Stadt Nordhorn","GEW":"VEC","stat_von":114220.0,"bauart":"Regenwassereinleitung","baujahr":null,"upflicht":"Stadt Nordhorn","KTR":null,"FSK":"033151006000010103__","bemerk":null,"beschreib":"Regenwassereinleitung Stadt Nordhorn","beschreib_lang":null,"foto1":"https://nlwkn.hannit-share.de/index.php/core/preview?fileId=11054774&x=1280&y=819&a=true","foto2":"https://nlwkn.hannit-share.de/index.php/core/preview?fileId=11054777&x=1280&y=819&a=true","foto3":null,"foto4":null,"link1":null,"link2":null,"denkmal":"Nein","akz":null,"WR":null,"Ein_GWZ":null,"Ein_GKZ":null,"Ein_Name":null,"Ein_ord":"Sonstige","Ein_WKID":null,"Ein_DN":300,"Breite":null,"Hoehe":null,"NN_Sohle":16.38,"WK_NR":null,"URL_WKDB":null,"rwert":368170.0,"hwert":5811610.0},"geometry":{"type":"Point","coordinates":[7.060582,52.438768]}},
{"type":"Feature","properties":{"ID_con":2261,"bw_id":"VEC_EIN_114300","name":"Regenwassereinleitung","GEW":"VEC","stat_von":114300.0,"bauart":"Rohrdurchlass mit Rückstauklappe (und Übergabeschacht)","baujahr":"2017","upflicht":"Stadt Nordhorn","KTR":null,"FSK":"033151006000010103__","bemerk":"Regenwassereinleitung gem. Bebauungsplan Nr. 261, 1. Änderung (Schachtdeckel auf 19,23 NN)","beschreib":"Regenwassereinleitung gem. Bebauungsplan Nr. 261, 1. Änderung (Schachtdeckel auf 19,23 NN, interne Nummer: 25112010)","beschreib_lang":null,"foto1":"https://nlwkn.hannit-share.de/index.php/core/preview?fileId=11054780&x=1280&y=819&a=true","foto2":"https://nlwkn.hannit-share.de/index.php/core/preview?fileId=11054783&x=1280&y=819&a=true","foto3":"https://nlwkn.hannit-share.de/index.php/core/preview?fileId=11054786&x=1280&y=819&a=true","foto4":"https://nlwkn.hannit-share.de/index.php/core/preview?fileId=11054789&x=1280&y=819&a=true","link1":null,"link2":null,"denkmal":"Nein","akz":null,"WR":null,"Ein_GWZ":null,"Ein_GKZ":null,"Ein_Name":null,"Ein_ord":"Sonstige","Ein_WKID":null,"Ein_DN":300,"Breite":null,"Hoehe":null,"NN_Sohle":17.47,"WK_NR":null,"URL_WKDB":null,"rwert":368251.0,"hwert":5811621.0},"geometry":{"type":"Point","coordinates":[7.061769,52.438886]}},
{"type":"Feature","properties":{"ID_con":626,"bw_id":"VEC_EIN_114340","name":"Rohreinlauf (WWZ)","GEW":"VEC","stat_von":114340.0,"bauart":"Rohreinlauf","baujahr":null,"upflicht":"Stadt Nordhorn??","KTR":null,"FSK":"033151006000010103__","bemerk":null,"beschreib":"Rohreinlauf (WWZ)","beschreib_lang":null,"foto1":"https://nlwkn.hannit-share.de/index.php/core/preview?fileId=11054792&x=1280&y=819&a=true","foto2":"https://nlwkn.hannit-share.de/index.php/core/preview?fileId=11054795&x=1280&y=819&a=true","foto3":null,"foto4":null,"link1":null,"link2":null,"denkmal":"Nein","akz":null,"WR":null,"Ein_GWZ":null,"Ein_GKZ":null,"Ein_Name":null,"Ein_ord":"Sonstige","Ein_WKID":null,"Ein_DN":null,"Breite":null,"Hoehe":null,"NN_Sohle":0.0,"WK_NR":null,"URL_WKDB":null,"rwert":368290.0,"hwert":5811613.0},"geometry":{"type":"Point","coordinates":[7.062346,52.438824]}},
{"type":"Feature","properties":{"ID_con":627,"bw_id":"VEC_EIN_114385","name":"Einleitung, C3, Rawe GmbH, Nordhorn","GEW":"VEC","stat_von":114385.0,"bauart":"??Rohrdurchlass","baujahr":null,"upflicht":"Rawe GmbH u. Co.","KTR":null,"FSK":"033151006000010103__","bemerk":"abgelaufen??, B-003 (aktiv, real), OW-Einl. C3, Ra","beschreib":"Einleitung, C3, Rawe GmbH, Nordhorn","beschreib_lang":null,"foto1":null,"foto2":null,"foto3":null,"foto4":null,"link1":null,"link2":null,"denkmal":"Nein","akz":null,"WR":"11/7239 (aktiv)","Ein_GWZ":null,"Ein_GKZ":null,"Ein_Name":null,"Ein_ord":"Einleitung","Ein_WKID":null,"Ein_DN":null,"Breite":null,"Hoehe":null,"NN_Sohle":0.0,"WK_NR":null,"URL_WKDB":null,"rwert":368326.0,"hwert":5811584.0},"geometry":{"type":"Point","coordinates":[7.062886,52.438572]}},
{"type":"Feature","properties":{"ID_con":628,"bw_id":"VEC_EIN_114420","name":"Einleitung, C4, Rawe GmbH, Nordhorn","GEW":"VEC","stat_von":114420.0,"bauart":"??Rohrdurchlass","baujahr":null,"upflicht":"Rawe GmbH u. Co.","KTR":null,"FSK":"033151006000010103__","bemerk":"abgelaufen??, B-004 (aktiv, real), OW-Einl. C4, Ra","beschreib":"Einleitung, C4, Rawe GmbH, Nordhorn","beschreib_lang":null,"foto1":null,"foto2":null,"foto3":null,"foto4":null,"link1":null,"link2":null,"denkmal":"Nein","akz":null,"WR":"11/7239 (aktiv)","Ein_GWZ":null,"Ein_GKZ":null,"Ein_Name":null,"Ein_ord":"Einleitung","Ein_WKID":null,"Ein_DN":null,"Breite":null,"Hoehe":null,"NN_Sohle":0.0,"WK_NR":null,"URL_WKDB":null,"rwert":368355.0,"hwert":5811562.0},"geometry":{"type":"Point","coordinates":[7.063321,52.438381]}},
{"type":"Feature","properties":{"ID_con":2656,"bw_id":"HRK_EIN_800","name":"Rohreinlauf (Regenwasser?)","GEW":"HRK","stat_von":800.0,"bauart":"Rohreinlauf mit Auslaufmauerwerk","baujahr":"2026","upflicht":"Stadt Haren","KTR":null,"FSK":"03310301600136______","bemerk":"Der Rohreinlauf wurde im Zuge der Errichtung der neuen Drehbrücke erstellt. Liegt Genehmigung vor ??, Vertrag ??","beschreib":"Rohreinlauf mit Auslaufmauerwerk","beschreib_lang":"Rohreinlauf mit Auslaufmauerwerk","foto1":"https://nlwkn.hannit-share.de/index.php/core/preview?fileId=12517509&x=1280&y=819&a=true","foto2":"https://nlwkn.hannit-share.de/index.php/core/preview?fileId=12517509&x=1280&y=819&a=true","foto3":"https://nlwkn.hannit-share.de/index.php/core/preview?fileId=12517510&x=1280&y=819&a=true","foto4":"https://nlwkn.hannit-share.de/index.php/core/preview?fileId=12517511&x=1280&y=819&a=true","link1":null,"link2":null,"denkmal":"Nein","akz":null,"WR":null,"Ein_GWZ":null,"Ein_GKZ":null,"Ein_Name":null,"Ein_ord":"keine","Ein_WKID":null,"Ein_DN":200,"Breite":null,"Hoehe":null,"NN_Sohle":null,"WK_NR":null,"URL_WKDB":null,"rwert":381095.0,"hwert":5850266.0},"geometry":{"type":"Point","coordinates":[7.236723,52.789087]}},
{"type":"Feature","properties":{"ID_con":476,"bw_id":"HRK_EIN_3450","name":"Einlauf??","GEW":"HRK","stat_von":3450.0,"bauart":"??Rohrdurchlass","baujahr":null,"upflicht":"??","KTR":null,"FSK":"03310302200027______","bemerk":"Einlauf und U-Pflicht prüfen","beschreib":"Einlauf??","beschreib_lang":null,"foto1":null,"foto2":null,"foto3":null,"foto4":null,"link1":null,"link2":null,"denkmal":"Nein","akz":null,"WR":null,"Ein_GWZ":null,"Ein_GKZ":null,"Ein_Name":null,"Ein_ord":"??Sonstige","Ein_WKID":null,"Ein_DN":null,"Breite":null,"Hoehe":null,"NN_Sohle":0.0,"WK_NR":null,"URL_WKDB":null,"rwert":379088.0,"hwert":5851900.0},"geometry":{"type":"Point","coordinates":[7.206372,52.803323]}},
{"type":"Feature","properties":{"ID_con":478,"bw_id":"HRK_EIN_6715","name":"Einmündung Steinberggraben","GEW":"HRK","stat_von":6715.0,"bauart":"Kastendurchlass mit Überfahrt","baujahr":null,"upflicht":"101","KTR":null,"FSK":"03310302800025______","bemerk":"Einlauf prüfen","beschreib":"Einmündung Steinberggraben","beschreib_lang":null,"foto1":"https://nlwkn.hannit-share.de/index.php/core/preview?fileId=11062495&x=1280&y=819&a=true","foto2":null,"foto3":null,"foto4":null,"link1":null,"link2":null,"denkmal":"Nein","akz":null,"WR":null,"Ein_GWZ":373494,"Ein_GKZ":373494,"Ein_Name":"Steinberggraben","Ein_ord":"2. Ordnung","Ein_WKID":null,"Ein_DN":null,"Breite":null,"Hoehe":null,"NN_Sohle":0.0,"WK_NR":null,"URL_WKDB":null,"rwert":377511.0,"hwert":5854657.0},"geometry":{"type":"Point","coordinates":[7.181958,52.82774]}},
{"type":"Feature","properties":{"ID_con":479,"bw_id":"HRK_EIN_6760","name":"Einmündung Meesenmeerschloot","GEW":"HRK","stat_von":6760.0,"bauart":"Kastendurchlass","baujahr":null,"upflicht":"101","KTR":null,"FSK":"03310302800025______","bemerk":"Einlauf prüfen","beschreib":"Einmündung Meesenmeerschloot","beschreib_lang":null,"foto1":"https://nlwkn.hannit-share.de/index.php/core/preview?fileId=11062498&x=1280&y=819&a=true","foto2":"https://nlwkn.hannit-share.de/index.php/core/preview?fileId=11062501&x=1280&y=819&a=true","foto3":null,"foto4":null,"link1":null,"link2":null,"denkmal":"Nein","akz":null,"WR":null,"Ein_GWZ":373492,"Ein_GKZ":3734929,"Ein_Name":"Meesenmeerschloot","Ein_ord":"2. Ordnung","Ein_WKID":null,"Ein_DN":null,"Breite":null,"Hoehe":null,"NN_Sohle":0.0,"WK_NR":null,"URL_WKDB":null,"rwert":377475.0,"hwert":5854695.0},"geometry":{"type":"Point","coordinates":[7.18141,52.828073]}},
{"type":"Feature","properties":{"ID_con":480,"bw_id":"HRK_EIN_6765","name":"Umlauf Schleuse II (Auslauf)","GEW":"HRK","stat_von":6765.0,"bauart":"Rohrdurchlass","baujahr":"1878/79","upflicht":"NLWKN","KTR":null,"FSK":"03310302800021______","bemerk":null,"beschreib":"Auslauf Umlauf Schleuse II","beschreib_lang":null,"foto1":"https://nlwkn.hannit-share.de/index.php/core/preview?fileId=11062504&x=1280&y=819&a=true","foto2":"https://nlwkn.hannit-share.de/index.php/core/preview?fileId=11062507&x=1280&y=819&a=true","foto3":null,"foto4":null,"link1":null,"link2":null,"denkmal":"Nein","akz":null,"WR":null,"Ein_GWZ":null,"Ein_GKZ":null,"Ein_Name":null,"Ein_ord":"Sonstige","Ein_WKID":null,"Ein_DN":1000,"Breite":null,"Hoehe":null,"NN_Sohle":0.0,"WK_NR":null,"URL_WKDB":null,"rwert":377467.0,"hwert":5854697.0},"geometry":{"type":"Point","coordinates":[7.18129,52.828089]}},
{"type":"Feature","properties":{"ID_con":481,"bw_id":"HRK_EIN_6825","name":"Umlauf Schleuse II (Einlauf)","GEW":"HRK","stat_von":6825.0,"bauart":"Rohrdurchlass mit Schütz","baujahr":null,"upflicht":"NLWKN","KTR":null,"FSK":"03173600300002______","bemerk":null,"beschreib":"Einlaufbauwerk zum Umlauf Schleuse II (Schleuse 68)","beschreib_lang":null,"foto1":"https://nlwkn.hannit-share.de/index.php/core/preview?fileId=11062510&x=1280&y=819&a=true","foto2":"https://nlwkn.hannit-share.de/index.php/core/preview?fileId=11062513&x=1280&y=819&a=true","foto3":null,"foto4":null,"link1":null,"link2":null,"denkmal":"Nein","akz":null,"WR":null,"Ein_GWZ":null,"Ein_GKZ":null,"Ein_Name":null,"Ein_ord":"Sonstige","Ein_WKID":null,"Ein_DN":1000,"Breite":null,"Hoehe":null,"NN_Sohle":0.0,"WK_NR":null,"URL_WKDB":null,"rwert":377417.0,"hwert":5854714.0},"geometry":{"type":"Point","coordinates":[7.180542,52.828231]}},
{"type":"Feature","properties":{"ID_con":2181,"bw_id":"HRK_EIN_8705","name":"Rohreinlauf mit Rückstauklappe (Entwässerung Baugebiet Sanddornweg)","GEW":"HRK","stat_von":8705.0,"bauart":"Rohreinlauf mit Rückstauklappe","baujahr":"2021","upflicht":"Stadt Haren","KTR":null,"FSK":"031736002000020001__","bemerk":null,"beschreib":"Rohreinlauf mit Rückstauklappe (Entwässerung Baugebiet Sanddornweg)","beschreib_lang":"Rohreinlauf mit Rückstauklappe (Entwässerung Baugebiet Sanddornweg)","foto1":"https://nlwkn.hannit-share.de/index.php/core/preview?fileId=11062516&x=1280&y=819&a=true","foto2":"https://nlwkn.hannit-share.de/index.php/core/preview?fileId=11062519&x=1280&y=819&a=true","foto3":null,"foto4":null,"link1":null,"link2":null,"denkmal":"Nein","akz":"27014-Stadt Haren-475/2022","WR":null,"Ein_GWZ":null,"Ein_GKZ":null,"Ein_Name":null,"Ein_ord":"Sonstige","Ein_WKID":null,"Ein_DN":300,"Breite":null,"Hoehe":null,"NN_Sohle":10.6,"WK_NR":null,"URL_WKDB":null,"rwert":375613.0,"hwert":5855257.0},"geometry":{"type":"Point","coordinates":[7.153574,52.832696]}},
{"type":"Feature","properties":{"ID_con":2579,"bw_id":"HRK_EIN_10165","name":"Rohreinlauf mit Stirnwand in Klinkermauerwerk","GEW":"HRK","stat_von":10165.0,"bauart":"Rohreinlauf","baujahr":null,"upflicht":"??","KTR":null,"FSK":"031736002004060001__","bemerk":"Daten prüfen; Zuständigkeit, Vertrag??","beschreib":"Rohreinlauf mit Stirnwand in Klinkermauerwerk","beschreib_lang":"Rohreinlauf mit Stirnwand in Klinkermauerwerk","foto1":"https://nlwkn.hannit-share.de/index.php/core/preview?fileId=11062417&x=1280&y=819&a=true","foto2":"https://nlwkn.hannit-share.de/index.php/core/preview?fileId=11062420&x=1280&y=819&a=true","foto3":null,"foto4":null,"link1":null,"link2":null,"denkmal":"Nein","akz":null,"WR":null,"Ein_GWZ":null,"Ein_GKZ":null,"Ein_Name":null,"Ein_ord":"Sonstige","Ein_WKID":null,"Ein_DN":200,"Breite":null,"Hoehe":null,"NN_Sohle":0.0,"WK_NR":null,"URL_WKDB":null,"rwert":374225.0,"hwert":5855700.0},"geometry":{"type":"Point","coordinates":[7.132811,52.836354]}},
{"type":"Feature","properties":{"ID_con":468,"bw_id":"HRK_EIN_10240","name":"Einleitung (Notüberlauf von Versickerungsbecken)","GEW":"HRK","stat_von":10240.0,"bauart":"??Rohrdurchlass","baujahr":null,"upflicht":"Röchling Haren KG","KTR":null,"FSK":"031736002004060001__","bemerk":"F-001 (aktiv, real) ,  OW-Einl.,Betr.-GelÃ¤nde an ","beschreib":"Einleitung (Notüberlauf von Versickerungsbecken)","beschreib_lang":null,"foto1":null,"foto2":null,"foto3":null,"foto4":null,"link1":null,"link2":null,"denkmal":"Nein","akz":null,"WR":"11/13096 (aktiv)","Ein_GWZ":null,"Ein_GKZ":null,"Ein_Name":null,"Ein_ord":"Einleitung","Ein_WKID":null,"Ein_DN":null,"Breite":null,"Hoehe":null,"NN_Sohle":0.0,"WK_NR":null,"URL_WKDB":null,"rwert":374134.0,"hwert":5855678.0},"geometry":{"type":"Point","coordinates":[7.13147,52.836135]}},
{"type":"Feature","properties":{"ID_con":2578,"bw_id":"HRK_EIN_10245","name":"Rohreinlauf mit Stirnwand aus Klinkermauerwerk","GEW":"HRK","stat_von":10245.0,"bauart":"Rohreinlauf mit Stirnwand aus Klinkermauerwerk","baujahr":null,"upflicht":"Fa. Röchling??","KTR":null,"FSK":"031736002004060001__","bemerk":"Durchmesser prüfen, Zuständigkeit prüfen, Vertrag ??","beschreib":"Rohreinlauf mit Stirnwand aus Klinkermauerwerk, siehe auch Einleitung (HRK_EIN_10240, Notüberlauf von Versickerungsbecken)","beschreib_lang":null,"foto1":"https://nlwkn.hannit-share.de/index.php/core/preview?fileId=11062423&x=1280&y=819&a=true","foto2":null,"foto3":null,"foto4":null,"link1":null,"link2":null,"denkmal":"Nein","akz":null,"WR":null,"Ein_GWZ":null,"Ein_GKZ":null,"Ein_Name":null,"Ein_ord":"Sonstige","Ein_WKID":null,"Ein_DN":200,"Breite":null,"Hoehe":null,"NN_Sohle":0.0,"WK_NR":null,"URL_WKDB":null,"rwert":374147.0,"hwert":5855725.0},"geometry":{"type":"Point","coordinates":[7.131644,52.836561]}},
{"type":"Feature","properties":{"ID_con":2577,"bw_id":"HRK_EIN_10320","name":"Rohreinlauf (Betonrohr mit Betonstirnwand)","GEW":"HRK","stat_von":10320.0,"bauart":"Rohreinlauf (Beton)","baujahr":null,"upflicht":"Fa. Röchling??, Stadt Haren??","KTR":null,"FSK":"031736002004060001__","bemerk":"Durchmesser prüfen, Zuständigkeit prüfen, Vertrag prüfen","beschreib":"Rohreinlauf (Betonrohr mit Betonstirnwand)","beschreib_lang":null,"foto1":"https://nlwkn.hannit-share.de/index.php/core/preview?fileId=11062426&x=1280&y=819&a=true","foto2":"https://nlwkn.hannit-share.de/index.php/core/preview?fileId=11062429&x=1280&y=819&a=true","foto3":null,"foto4":null,"link1":null,"link2":null,"denkmal":"Nein","akz":null,"WR":null,"Ein_GWZ":null,"Ein_GKZ":null,"Ein_Name":null,"Ein_ord":"Sonstige","Ein_WKID":null,"Ein_DN":300,"Breite":null,"Hoehe":null,"NN_Sohle":0.0,"WK_NR":null,"URL_WKDB":null,"rwert":374074.0,"hwert":5855744.0},"geometry":{"type":"Point","coordinates":[7.130554,52.836714]}},
{"type":"Feature","properties":{"ID_con":2576,"bw_id":"HRK_EIN_10415","name":"Einlauf- (oder Entnahmebauwerk)","GEW":"HRK","stat_von":10415.0,"bauart":"Betonbauwerk als Einlauf- oder Entnahmebauwerk","baujahr":null,"upflicht":"Fa. Röchling??","KTR":null,"FSK":"031726021001430002__","bemerk":"Zuständigkeit prüfen, Vertrag vorhanden??","beschreib":"Betonbauwerk als Einlauf- oder Entnahmebauwerk ggü. Fa. Röchling","beschreib_lang":"Betonbauwerk als Einlauf- oder Entnahmebauwerk ggü. Fa. Röchling","foto1":"https://nlwkn.hannit-share.de/index.php/core/preview?fileId=11062432&x=1280&y=819&a=true","foto2":null,"foto3":null,"foto4":null,"link1":null,"link2":null,"denkmal":"Nein","akz":null,"WR":null,"Ein_GWZ":null,"Ein_GKZ":null,"Ein_Name":null,"Ein_ord":"Sonstige","Ein_WKID":null,"Ein_DN":null,"Breite":null,"Hoehe":null,"NN_Sohle":0.0,"WK_NR":null,"URL_WKDB":null,"rwert":373985.0,"hwert":5855771.0},"geometry":{"type":"Point","coordinates":[7.129223,52.836936]}},
{"type":"Feature","properties":{"ID_con":2575,"bw_id":"HRK_EIN_10530","name":"Rohreinlauf mit Stirnwand aus Klinkermauerwerk","GEW":"HRK","stat_von":10530.0,"bauart":"Rohreinlauf","baujahr":null,"upflicht":"Fa. Röchling??","KTR":null,"FSK":"031726021001430002__","bemerk":"Durchmesser prüfen","beschreib":"Rohreinlauf mit Stirnwand aus Klinkermauerwerk gegenüber von Fa. Röchling","beschreib_lang":"Rohreinlauf mit Stirnwand aus Klinkermauerwerk gegenüber von Fa. Röchling","foto1":"https://nlwkn.hannit-share.de/index.php/core/preview?fileId=11062435&x=1280&y=819&a=true","foto2":null,"foto3":null,"foto4":null,"link1":null,"link2":null,"denkmal":"Nein","akz":null,"WR":null,"Ein_GWZ":null,"Ein_GKZ":null,"Ein_Name":null,"Ein_ord":"Sonstige","Ein_WKID":null,"Ein_DN":200,"Breite":null,"Hoehe":null,"NN_Sohle":0.0,"WK_NR":null,"URL_WKDB":null,"rwert":373881.0,"hwert":5855805.0},"geometry":{"type":"Point","coordinates":[7.127667,52.837217]}},
{"type":"Feature","properties":{"ID_con":469,"bw_id":"HRK_EIN_10740","name":"Einmündung Alter Schloot","GEW":"HRK","stat_von":10740.0,"bauart":"Kastendurchlass","baujahr":null,"upflicht":"101","KTR":null,"FSK":"031726021001430002__","bemerk":"Einlauf und U_Pflicht prüfen","beschreib":"Einmündung Alter Schloot","beschreib_lang":null,"foto1":"https://nlwkn.hannit-share.de/index.php/core/preview?fileId=11062438&x=1280&y=819&a=true","foto2":"https://nlwkn.hannit-share.de/index.php/core/preview?fileId=11062441&x=1280&y=819&a=true","foto3":"https://nlwkn.hannit-share.de/index.php/core/preview?fileId=11062444&x=1280&y=819&a=true","foto4":"https://nlwkn.hannit-share.de/index.php/core/preview?fileId=11062447&x=1280&y=819&a=true","link1":null,"link2":null,"denkmal":"Nein","akz":null,"WR":null,"Ein_GWZ":37344,"Ein_GKZ":373449,"Ein_Name":"Alter Schloot","Ein_ord":"2. Ordnung","Ein_WKID":3041,"Ein_DN":null,"Breite":null,"Hoehe":null,"NN_Sohle":null,"WK_NR":3041,"URL_WKDB":" ","rwert":373674.0,"hwert":5855871.0},"geometry":{"type":"Point","coordinates":[7.12457,52.837762]}},
{"type":"Feature","properties":{"ID_con":470,"bw_id":"HRK_EIN_10860","name":"Umlauf Schleuse III (Auslauf)","GEW":"HRK","stat_von":10860.0,"bauart":"Rohrdurchlass","baujahr":null,"upflicht":"NLWKN","KTR":null,"FSK":"031726021001430001__","bemerk":null,"beschreib":"Auslauf Umlauf Schleuse III","beschreib_lang":null,"foto1":"https://nlwkn.hannit-share.de/index.php/core/preview?fileId=11062450&x=1280&y=819&a=true","foto2":"https://nlwkn.hannit-share.de/index.php/core/preview?fileId=11062453&x=1280&y=819&a=true","foto3":"https://nlwkn.hannit-share.de/index.php/core/preview?fileId=11062456&x=1280&y=819&a=true","foto4":null,"link1":null,"link2":null,"denkmal":"Nein","akz":null,"WR":null,"Ein_GWZ":null,"Ein_GKZ":null,"Ein_Name":null,"Ein_ord":"Sonstige","Ein_WKID":null,"Ein_DN":1000,"Breite":null,"Hoehe":null,"NN_Sohle":0.0,"WK_NR":null,"URL_WKDB":null,"rwert":373571.0,"hwert":5855937.0},"geometry":{"type":"Point","coordinates":[7.123016,52.838331]}},
{"type":"Feature","properties":{"ID_con":471,"bw_id":"HRK_EIN_10915","name":"Umlauf Schleuse III (Einlauf)","GEW":"HRK","stat_von":10915.0,"bauart":"Rohrdurchlass mit Schütz","baujahr":null,"upflicht":"NLWKN","KTR":null,"FSK":"031726021001430001__","bemerk":null,"beschreib":"Einlauf Umlauf Schleuse III","beschreib_lang":null,"foto1":"https://nlwkn.hannit-share.de/index.php/core/preview?fileId=11062459&x=1280&y=819&a=true","foto2":"https://nlwkn.hannit-share.de/index.php/core/preview?fileId=11062462&x=1280&y=819&a=true","foto3":null,"foto4":null,"link1":null,"link2":null,"denkmal":"Nein","akz":null,"WR":null,"Ein_GWZ":null,"Ein_GKZ":null,"Ein_Name":null,"Ein_ord":"Sonstige","Ein_WKID":null,"Ein_DN":1000,"Breite":null,"Hoehe":null,"NN_Sohle":null,"WK_NR":null,"URL_WKDB":null,"rwert":373525.0,"hwert":5855960.0},"geometry":{"type":"Point","coordinates":[7.122325,52.838526]}},
{"type":"Feature","properties":{"ID_con":472,"bw_id":"HRK_EIN_11025","name":"Einmündung Süd-Nord-Kanal","GEW":"HRK","stat_von":11025.0,"bauart":"Freie Einmündung","baujahr":null,"upflicht":"NLWKN","KTR":null,"FSK":"03172602100156______","bemerk":null,"beschreib":"Einmündung Süd-Nord-Kanal rechts","beschreib_lang":null,"foto1":"https://nlwkn.hannit-share.de/index.php/core/preview?fileId=11062465&x=1280&y=819&a=true","foto2":"https://nlwkn.hannit-share.de/index.php/core/preview?fileId=11062468&x=1280&y=819&a=true","foto3":null,"foto4":null,"link1":null,"link2":null,"denkmal":"Nein","akz":null,"WR":null,"Ein_GWZ":37342,"Ein_GKZ":3734299,"Ein_Name":"Süd-Nord-Kanal","Ein_ord":"1. Ordnung","Ein_WKID":3043,"Ein_DN":null,"Breite":null,"Hoehe":null,"NN_Sohle":0.0,"WK_NR":3043,"URL_WKDB":" ","rwert":373413.0,"hwert":5855989.0},"geometry":{"type":"Point","coordinates":[7.120652,52.838761]}},
{"type":"Feature","properties":{"ID_con":473,"bw_id":"HRK_EIN_11700","name":"Einleitung KA Albe Fischfarm","GEW":"HRK","stat_von":11700.0,"bauart":"Rohrdruchlass??","baujahr":null,"upflicht":"ALBE-Fischfarm GmbH & Co. KG","KTR":null,"FSK":"031726022001980001__","bemerk":"Direkteinleitung ind. Abwasserbehandlungsanlage: E","beschreib":"Einleitung KA Albe Fischfarm","beschreib_lang":null,"foto1":null,"foto2":null,"foto3":null,"foto4":null,"link1":null,"link2":null,"denkmal":"Nein","akz":null,"WR":"NLOEBET001","Ein_GWZ":null,"Ein_GKZ":null,"Ein_Name":null,"Ein_ord":"Einleitung","Ein_WKID":null,"Ein_DN":null,"Breite":null,"Hoehe":null,"NN_Sohle":0.0,"WK_NR":null,"URL_WKDB":null,"rwert":372777.0,"hwert":5856300.0},"geometry":{"type":"Point","coordinates":[7.111094,52.841405]}},
{"type":"Feature","properties":{"ID_con":2589,"bw_id":"HRK_EIN_13380","name":"Einlaufbauwerk am Unterhaupt rechts i.F.","GEW":"HRK","stat_von":13380.0,"bauart":"Rohreinlauf mit Klinkerstirnwand","baujahr":"??","upflicht":"??","KTR":null,"FSK":"031726023000470001__","bemerk":"Fotos??, Zuständigkeit??, Einleitungsart??","beschreib":"Rohreinlauf mit Klinkerstirnwand am Unterhaupt rechts in Fließrichtung oben an der Böschung","beschreib_lang":"Rohreinlauf mit Klinkerstirnwand am Unterhaupt rechts in Fließrichtung oben an der Böschung","foto1":null,"foto2":null,"foto3":null,"foto4":null,"link1":null,"link2":null,"denkmal":"Nein","akz":null,"WR":null,"Ein_GWZ":null,"Ein_GKZ":null,"Ein_Name":null,"Ein_ord":"Regenwassereinlauf??","Ein_WKID":null,"Ein_DN":200,"Breite":null,"Hoehe":null,"NN_Sohle":0.0,"WK_NR":null,"URL_WKDB":null,"rwert":371321.0,"hwert":5857073.0},"geometry":{"type":"Point","coordinates":[7.089184,52.848005]}},
{"type":"Feature","properties":{"ID_con":2137,"bw_id":"KOR_EIN_470","name":"Rohreinlauf (Oberflächenentwässerung) mit Gitter","GEW":"KOR","stat_von":470.0,"bauart":"Rohreinlauf","baujahr":null,"upflicht":null,"KTR":null,"FSK":"033151006000010096__","bemerk":null,"beschreib":"Rohreinlauf (Oberflächenentwässerung) mit Gitter","beschreib_lang":null,"foto1":"https://nlwkn.hannit-share.de/index.php/core/preview?fileId=11062184&x=1280&y=819&a=true","foto2":null,"foto3":null,"foto4":null,"link1":null,"link2":null,"denkmal":"Nein","akz":null,"WR":null,"Ein_GWZ":null,"Ein_GKZ":null,"Ein_Name":null,"Ein_ord":"Sonstige","Ein_WKID":null,"Ein_DN":0,"Breite":null,"Hoehe":null,"NN_Sohle":null,"WK_NR":null,"URL_WKDB":null,"rwert":368209.0,"hwert":5811261.0},"geometry":{"type":"Point","coordinates":[7.061294,52.435641]}},
{"type":"Feature","properties":{"ID_con":2634,"bw_id":"KOR_EIN_1040","name":"Einlaufbauwerk mit Schütz","GEW":"KOR","stat_von":1040.0,"bauart":"Betonrohreinlauf mit Schütz (Glockenprofil)","baujahr":"??","upflicht":"Stadt Nordhorn","KTR":null,"FSK":"033151016001530010__","bemerk":"Vertrag?? / Steuerung?? / NN-Sohle?? / Baujahr ??","beschreib":"Einlaufbauwer mit Schütz unterhalb Kornmühlenwehr","beschreib_lang":"Einlaufbauwer mit Schütz unterhalb Kornmühlenwehr","foto1":"https://nlwkn.hannit-share.de/index.php/core/preview?fileId=12044100&x=1280&y=819&a=true","foto2":"https://nlwkn.hannit-share.de/index.php/core/preview?fileId=12044099&x=1280&y=819&a=true","foto3":"https://nlwkn.hannit-share.de/index.php/core/preview?fileId=12044107&x=1280&y=819&a=true","foto4":"https://nlwkn.hannit-share.de/index.php/core/preview?fileId=12044098&x=1280&y=819&a=true","link1":null,"link2":null,"denkmal":"Nein","akz":null,"WR":null,"Ein_GWZ":null,"Ein_GKZ":null,"Ein_Name":null,"Ein_ord":"Sonstige","Ein_WKID":null,"Ein_DN":800,"Breite":null,"Hoehe":null,"NN_Sohle":null,"WK_NR":null,"URL_WKDB":null,"rwert":368703.0,"hwert":5811062.0},"geometry":{"type":"Point","coordinates":[7.068634,52.433972]}},
{"type":"Feature","properties":{"ID_con":483,"bw_id":"KOR_EIN_1100","name":"Einmündung Verbindungsarm","GEW":"KOR","stat_von":1100.0,"bauart":"Freie Einmündung","baujahr":null,"upflicht":"NLWKN","KTR":null,"FSK":"033151016001520018__","bemerk":null,"beschreib":"Einmündung Verbindungsarm","beschreib_lang":null,"foto1":null,"foto2":null,"foto3":null,"foto4":null,"link1":null,"link2":null,"denkmal":"Nein","akz":null,"WR":null,"Ein_GWZ":928637932,"Ein_GKZ":928637932,"Ein_Name":"Verbindungsarm","Ein_ord":"2. Ordnung","Ein_WKID":32002,"Ein_DN":null,"Breite":null,"Hoehe":null,"NN_Sohle":0.0,"WK_NR":32002,"URL_WKDB":"https://www.umweltkarten-niedersachsen.de/Download_OE/WRRL/WKDB_HE/32002_Vechte_Nordhorn_Neuenhaus.pdf","rwert":368758.0,"hwert":5811090.0},"geometry":{"type":"Point","coordinates":[7.069432,52.434237]}},
{"type":"Feature","properties":{"ID_con":2598,"bw_id":"KOR_EIN_1115","name":"Einlaufbauwerk","GEW":"KOR","stat_von":1115.0,"bauart":"Einlaufbauwerk mit Schieber?","baujahr":null,"upflicht":"Stadt Nordhorn?","KTR":null,"FSK":"033151016001520018__","bemerk":"Informationen einholen. Gibt es einen Vertrag?","beschreib":"Einlaufbauwerk mit Schieber?","beschreib_lang":"Einlaufbauwerk mit Schieber?","foto1":"https://nlwkn.hannit-share.de/index.php/core/preview?fileId=11462630&x=1280&y=819&a=true","foto2":null,"foto3":null,"foto4":null,"link1":null,"link2":null,"denkmal":"Nein","akz":null,"WR":null,"Ein_GWZ":null,"Ein_GKZ":null,"Ein_Name":null,"Ein_ord":"sonstige","Ein_WKID":null,"Ein_DN":null,"Breite":null,"Hoehe":null,"NN_Sohle":0.0,"WK_NR":null,"URL_WKDB":null,"rwert":368775.0,"hwert":5811086.0},"geometry":{"type":"Point","coordinates":[7.069683,52.434205]}},
{"type":"Feature","properties":{"ID_con":495,"bw_id":"NAK_EIN_430","name":"OW-Einl. Nr. 3, Bau-km 11+065","GEW":"NAK","stat_von":430.0,"bauart":"??Rohrdurchlass","baujahr":"1991","upflicht":"Straßenbauamt Lingen","KTR":null,"FSK":"033151010000710105__","bemerk":"B-001 (aktiv, real) , OW-Einl. Nr. 3, Bau-km 11+06","beschreib":"Oberflächenwassereinleitung (Einleitungsmenge: 391,17 l/s, Kennziffer: 7245, Nutzungsort Nr. 02)","beschreib_lang":"Oberflächenwassereinleitung (Einleitungsmenge: 391,17 l/s, Kennziffer: 7245, Nutzungsort Nr. 02)","foto1":null,"foto2":null,"foto3":null,"foto4":null,"link1":null,"link2":null,"denkmal":"Nein","akz":null,"WR":"11/7245 (aktiv)","Ein_GWZ":null,"Ein_GKZ":null,"Ein_Name":null,"Ein_ord":"Einleitung","Ein_WKID":null,"Ein_DN":null,"Breite":null,"Hoehe":null,"NN_Sohle":0.0,"WK_NR":null,"URL_WKDB":null,"rwert":367721.0,"hwert":5807636.0},"geometry":{"type":"Point","coordinates":[7.055553,52.402952]}},
{"type":"Feature","properties":{"ID_con":496,"bw_id":"NAK_EIN_470","name":"OW-Einl., Nr. 2, Bau-km 11+040","GEW":"NAK","stat_von":470.0,"bauart":"??Rohrdurchlass","baujahr":null,"upflicht":"Straßenbauamt Lingen","KTR":null,"FSK":"033151010000710105__","bemerk":"B-001 (aktiv, real) , \tOW-Einl:,Nr.2, Bau-Km 11+040","beschreib":"Oberflächenwassereinleitung (Einleitungsmenge: 45,24 l/s, Kennziffer: 7245, Nutzungsort Nr. 01)","beschreib_lang":"Oberflächenwassereinleitung (Einleitungsmenge: 45,24 l/s, Kennziffer: 7245, Nutzungsort Nr. 01)","foto1":null,"foto2":null,"foto3":null,"foto4":null,"link1":null,"link2":null,"denkmal":"Nein","akz":null,"WR":"11/7243 (aktiv)","Ein_GWZ":null,"Ein_GKZ":null,"Ein_Name":null,"Ein_ord":"Einleitung","Ein_WKID":null,"Ein_DN":null,"Breite":null,"Hoehe":null,"NN_Sohle":0.0,"WK_NR":null,"URL_WKDB":null,"rwert":367713.0,"hwert":5807686.0},"geometry":{"type":"Point","coordinates":[7.055416,52.4034]}},
{"type":"Feature","properties":{"ID_con":497,"bw_id":"NAK_EIN_705","name":"Einleitung","GEW":"NAK","stat_von":705.0,"bauart":"Absturzschacht??","baujahr":null,"upflicht":"Stadt Nordhorn","KTR":null,"FSK":"033151010000710105__","bemerk":"Die Einleitung ist zu prüfen??","beschreib":"Oberflächenwassereinleitung (Einleitungsmenge: 45,24 l/s, Kennziffer: 13309, Akz.: \t660/657-20-3/22)","beschreib_lang":"Oberflächenwassereinleitung (Einleitungsmenge: 45,24 l/s, Kennziffer: 13309, Akz.: \t660/657-20-3/22)","foto1":null,"foto2":null,"foto3":null,"foto4":null,"link1":null,"link2":null,"denkmal":"Nein","akz":null,"WR":null,"Ein_GWZ":null,"Ein_GKZ":null,"Ein_Name":null,"Ein_ord":"Sonstige","Ein_WKID":null,"Ein_DN":null,"Breite":null,"Hoehe":null,"NN_Sohle":0.0,"WK_NR":null,"URL_WKDB":null,"rwert":367831.0,"hwert":5807885.0},"geometry":{"type":"Point","coordinates":[7.057071,52.405216]}},
{"type":"Feature","properties":{"ID_con":2207,"bw_id":"NAK_EIN_1045","name":"Einlaufbauwerk","GEW":"NAK","stat_von":1045.0,"bauart":"Einlaufbauwerk","baujahr":null,"upflicht":"Stadt Nordhorn","KTR":null,"FSK":"033151010000710105__","bemerk":null,"beschreib":"Einlaufbauwerk","beschreib_lang":null,"foto1":null,"foto2":null,"foto3":null,"foto4":null,"link1":null,"link2":null,"denkmal":"Nein","akz":null,"WR":null,"Ein_GWZ":null,"Ein_GKZ":null,"Ein_Name":null,"Ein_ord":"Sonstige","Ein_WKID":null,"Ein_DN":null,"Breite":null,"Hoehe":null,"NN_Sohle":null,"WK_NR":null,"URL_WKDB":null,"rwert":367981.0,"hwert":5808192.0},"geometry":{"type":"Point","coordinates":[7.059153,52.408011]}},
{"type":"Feature","properties":{"ID_con":484,"bw_id":"NAK_EIN_1565","name":"Einleitung??","GEW":"NAK","stat_von":1565.0,"bauart":"Absturzschacht??","baujahr":null,"upflicht":"??","KTR":null,"FSK":"033151010000710105__","bemerk":"Die Einleitung ist zu prüfen??","beschreib":"Einleitung??","beschreib_lang":null,"foto1":null,"foto2":null,"foto3":null,"foto4":null,"link1":null,"link2":null,"denkmal":"Nein","akz":null,"WR":null,"Ein_GWZ":null,"Ein_GKZ":null,"Ein_Name":null,"Ein_ord":"Sonstige","Ein_WKID":null,"Ein_DN":null,"Breite":null,"Hoehe":null,"NN_Sohle":0.0,"WK_NR":null,"URL_WKDB":null,"rwert":368209.0,"hwert":5808659.0},"geometry":{"type":"Point","coordinates":[7.062319,52.412262]}},
{"type":"Feature","properties":{"ID_con":2245,"bw_id":"NAK_EIN_1780","name":"Rohreinlauf","GEW":"NAK","stat_von":1780.0,"bauart":"Rohreinlauf (mit Gitter)","baujahr":null,"upflicht":"Stadt Nordhorn","KTR":null,"FSK":"03315105100002______","bemerk":null,"beschreib":"Rohreinlauf","beschreib_lang":null,"foto1":"https://nlwkn.hannit-share.de/index.php/core/preview?fileId=11061842&x=1280&y=819&a=true","foto2":"https://nlwkn.hannit-share.de/index.php/core/preview?fileId=11061845&x=1280&y=819&a=true","foto3":"https://nlwkn.hannit-share.de/index.php/core/preview?fileId=11061848&x=1280&y=819&a=true","foto4":null,"link1":null,"link2":null,"denkmal":"Nein","akz":null,"WR":null,"Ein_GWZ":null,"Ein_GKZ":null,"Ein_Name":null,"Ein_ord":"Sonstige","Ein_WKID":null,"Ein_DN":null,"Breite":null,"Hoehe":null,"NN_Sohle":null,"WK_NR":null,"URL_WKDB":null,"rwert":368299.0,"hwert":5808855.3},"geometry":{"type":"Point","coordinates":[7.063564,52.414048]}},
{"type":"Feature","properties":{"ID_con":2243,"bw_id":"NAK_EIN_1865","name":"Einlaufbauwerk","GEW":"NAK","stat_von":1865.0,"bauart":"Rohreinlauf (mit Einlaufbauwerk)","baujahr":null,"upflicht":"Stacdt Nordhorn","KTR":null,"FSK":"03315105100002______","bemerk":"Vertrag nachtragen","beschreib":"Einlaufbauwerk","beschreib_lang":null,"foto1":"https://nlwkn.hannit-share.de/index.php/core/preview?fileId=11061851&x=1280&y=819&a=true","foto2":"https://nlwkn.hannit-share.de/index.php/core/preview?fileId=11061854&x=1280&y=819&a=true","foto3":"https://nlwkn.hannit-share.de/index.php/core/preview?fileId=11061857&x=1280&y=819&a=true","foto4":"https://nlwkn.hannit-share.de/index.php/core/preview?fileId=11061860&x=1280&y=819&a=true","link1":null,"link2":null,"denkmal":"Nein","akz":null,"WR":null,"Ein_GWZ":null,"Ein_GKZ":null,"Ein_Name":null,"Ein_ord":"Sonstige","Ein_WKID":null,"Ein_DN":null,"Breite":null,"Hoehe":null,"NN_Sohle":null,"WK_NR":null,"URL_WKDB":null,"rwert":368313.0,"hwert":5808942.0},"geometry":{"type":"Point","coordinates":[7.063736,52.41483]}},
{"type":"Feature","properties":{"ID_con":2246,"bw_id":"NAK_EIN_1930","name":"Rohreinlauf (mit Gitter)","GEW":"NAK","stat_von":1930.0,"bauart":"Rohreinlauf (mit Gitter)","baujahr":null,"upflicht":"Stadt Nordhorn","KTR":null,"FSK":"03315105100002______","bemerk":"Vertrag suchen??","beschreib":"Rohreinlauf (mit Gitter)","beschreib_lang":null,"foto1":"https://nlwkn.hannit-share.de/index.php/core/preview?fileId=11061863&x=1280&y=819&a=true","foto2":"https://nlwkn.hannit-share.de/index.php/core/preview?fileId=11061866&x=1280&y=819&a=true","foto3":null,"foto4":null,"link1":null,"link2":null,"denkmal":"Nein","akz":null,"WR":null,"Ein_GWZ":null,"Ein_GKZ":null,"Ein_Name":null,"Ein_ord":"Sonstige","Ein_WKID":null,"Ein_DN":null,"Breite":null,"Hoehe":null,"NN_Sohle":null,"WK_NR":null,"URL_WKDB":null,"rwert":368356.0,"hwert":5808994.0},"geometry":{"type":"Point","coordinates":[7.064347,52.415308]}},
{"type":"Feature","properties":{"ID_con":2206,"bw_id":"NAK_EIN_2230","name":"Einlaufbauwerk","GEW":"NAK","stat_von":2230.0,"bauart":"Einlaufbauwerk","baujahr":null,"upflicht":"Stadt Nordhorn","KTR":null,"FSK":"03315105100002______","bemerk":null,"beschreib":"Einlaufbauwerk","beschreib_lang":null,"foto1":"https://nlwkn.hannit-share.de/index.php/core/preview?fileId=11061869&x=1280&y=819&a=true","foto2":"https://nlwkn.hannit-share.de/index.php/core/preview?fileId=11061872&x=1280&y=819&a=true","foto3":"https://nlwkn.hannit-share.de/index.php/core/preview?fileId=11061875&x=1280&y=819&a=true","foto4":"https://nlwkn.hannit-share.de/index.php/core/preview?fileId=11061878&x=1280&y=819&a=true","link1":null,"link2":null,"denkmal":"Nein","akz":null,"WR":null,"Ein_GWZ":null,"Ein_GKZ":null,"Ein_Name":null,"Ein_ord":"Sonstige","Ein_WKID":null,"Ein_DN":null,"Breite":null,"Hoehe":null,"NN_Sohle":null,"WK_NR":null,"URL_WKDB":null,"rwert":368464.0,"hwert":5809275.0},"geometry":{"type":"Point","coordinates":[7.065824,52.417858]}},
{"type":"Feature","properties":{"ID_con":2205,"bw_id":"NAK_EIN_2470","name":"Einlaufbauwerk","GEW":"NAK","stat_von":2470.0,"bauart":"Einlaufbauwerk","baujahr":null,"upflicht":"Stadt Nordhorn","KTR":null,"FSK":"033151052000680001__","bemerk":null,"beschreib":"Einlaufbauwerk","beschreib_lang":null,"foto1":null,"foto2":null,"foto3":null,"foto4":null,"link1":null,"link2":null,"denkmal":"Nein","akz":null,"WR":null,"Ein_GWZ":null,"Ein_GKZ":null,"Ein_Name":null,"Ein_ord":"Sonstige","Ein_WKID":null,"Ein_DN":null,"Breite":null,"Hoehe":null,"NN_Sohle":null,"WK_NR":null,"URL_WKDB":null,"rwert":368622.0,"hwert":5809453.0},"geometry":{"type":"Point","coordinates":[7.068076,52.419496]}},
{"type":"Feature","properties":{"ID_con":485,"bw_id":"NAK_EIN_2750","name":"Einlaufbauwerk","GEW":"NAK","stat_von":2750.0,"bauart":"Rohrdurchlass mit Einlaufbauwerk","baujahr":null,"upflicht":"Stadt Nordhorn","KTR":null,"FSK":"033151057001940007__","bemerk":null,"beschreib":"Einlaufbauwerk","beschreib_lang":null,"foto1":"https://nlwkn.hannit-share.de/index.php/core/preview?fileId=11061881&x=1280&y=819&a=true","foto2":"https://nlwkn.hannit-share.de/index.php/core/preview?fileId=11061884&x=1280&y=819&a=true","foto3":"https://nlwkn.hannit-share.de/index.php/core/preview?fileId=11061887&x=1280&y=819&a=true","foto4":null,"link1":null,"link2":null,"denkmal":"Nein","akz":null,"WR":null,"Ein_GWZ":null,"Ein_GKZ":null,"Ein_Name":null,"Ein_ord":"Sonstige","Ein_WKID":null,"Ein_DN":null,"Breite":null,"Hoehe":null,"NN_Sohle":null,"WK_NR":null,"URL_WKDB":null,"rwert":368823.0,"hwert":5809651.0},"geometry":{"type":"Point","coordinates":[7.070952,52.421323]}},
{"type":"Feature","properties":{"ID_con":486,"bw_id":"NAK_EIN_2800","name":"OW-Einleit., Nordhorn-Almelo-Kanal,Nordhorn (B-003)","GEW":"NAK","stat_von":2800.0,"bauart":"??Rohrdurchlass","baujahr":null,"upflicht":"NINO AG - Konkursverwaltung","KTR":null,"FSK":"033151057001940007__","bemerk":"B-003 (aktiv, real) , OW-Einl., Nordhorn-Almelo-Ka","beschreib":"OW-Einleit., Nordhorn-Almelo-Kanal,Nordhorn (B-003)","beschreib_lang":null,"foto1":"https://nlwkn.hannit-share.de/index.php/core/preview?fileId=11061890&x=1280&y=819&a=true","foto2":null,"foto3":null,"foto4":null,"link1":null,"link2":null,"denkmal":"Nein","akz":null,"WR":"11/13682 (aktiv)","Ein_GWZ":null,"Ein_GKZ":null,"Ein_Name":null,"Ein_ord":"Einleitung","Ein_WKID":null,"Ein_DN":null,"Breite":null,"Hoehe":null,"NN_Sohle":0.0,"WK_NR":null,"URL_WKDB":null,"rwert":368857.0,"hwert":5809690.0},"geometry":{"type":"Point","coordinates":[7.071436,52.421682]}},
{"type":"Feature","properties":{"ID_con":487,"bw_id":"NAK_EIN_2810","name":"Klukkerthafen","GEW":"NAK","stat_von":2810.0,"bauart":"Freie Einmündung","baujahr":null,"upflicht":"Stadt Nordhorn","KTR":null,"FSK":"033151055001530001__","bemerk":"Der Hafen wurde am 30. Juni 1904 – einige Jahre nach dem Bau des Kanals – eröffnet. Das Hafenbecken ist rund 100 Meter lang und 25 Meter breit. Der Nino-Klukkert-Hafen wurde am 6. Mai 2006 zum 2.ten mal durch Christian Wulf eröffnet","beschreib":"Klukkerthafen","beschreib_lang":null,"foto1":"https://nlwkn.hannit-share.de/index.php/core/preview?fileId=11061893&x=1280&y=819&a=true","foto2":"https://nlwkn.hannit-share.de/index.php/core/preview?fileId=11061896&x=1280&y=819&a=true","foto3":null,"foto4":null,"link1":null,"link2":null,"denkmal":"Nein","akz":null,"WR":null,"Ein_GWZ":null,"Ein_GKZ":null,"Ein_Name":null,"Ein_ord":"Sonstige","Ein_WKID":null,"Ein_DN":null,"Breite":null,"Hoehe":null,"NN_Sohle":0.0,"WK_NR":null,"URL_WKDB":null,"rwert":368836.0,"hwert":5809721.0},"geometry":{"type":"Point","coordinates":[7.071116,52.421955]}},
{"type":"Feature","properties":{"ID_con":489,"bw_id":"NAK_EIN_3075","name":"OW-Einleit., Nordhorn-Almelo-Kanal,Nordhorn (B-004)","GEW":"NAK","stat_von":3075.0,"bauart":"??Rohrdurchlass","baujahr":null,"upflicht":"NINO AG - Konkursverwaltung","KTR":null,"FSK":"033151057001940005__","bemerk":"B-004 (aktiv, real) , OW-Einl., Nordhorn-Almelo-Ka","beschreib":"OW-Einleit., Nordhorn-Almelo-Kanal,Nordhorn (B-004)","beschreib_lang":null,"foto1":"https://nlwkn.hannit-share.de/index.php/core/preview?fileId=11061899&x=1280&y=819&a=true","foto2":"https://nlwkn.hannit-share.de/index.php/core/preview?fileId=11061902&x=1280&y=819&a=true","foto3":"https://nlwkn.hannit-share.de/index.php/core/preview?fileId=11061905&x=1280&y=819&a=true","foto4":null,"link1":null,"link2":null,"denkmal":"Nein","akz":null,"WR":"11/13682 (aktiv)","Ein_GWZ":null,"Ein_GKZ":null,"Ein_Name":null,"Ein_ord":"Einleitung","Ein_WKID":null,"Ein_DN":null,"Breite":null,"Hoehe":null,"NN_Sohle":0.0,"WK_NR":null,"URL_WKDB":null,"rwert":369029.0,"hwert":5809906.0},"geometry":{"type":"Point","coordinates":[7.07388,52.423664]}},
{"type":"Feature","properties":{"ID_con":490,"bw_id":"NAK_EIN_3076","name":"OW-Einleit., Nordhorn-Almelo-Kanal,Nordhorn (B-006)","GEW":"NAK","stat_von":3076.0,"bauart":"??Rohrdurchlass","baujahr":null,"upflicht":"NINO AG - Konkursverwaltung","KTR":null,"FSK":"033151057001940005__","bemerk":"B-006 (aktiv, real) , OW-Einl., Nordhorn-Almelo-Ka","beschreib":"OW-Einleit., Nordhorn-Almelo-Kanal,Nordhorn (B-006)","beschreib_lang":null,"foto1":null,"foto2":null,"foto3":null,"foto4":null,"link1":null,"link2":null,"denkmal":"Nein","akz":null,"WR":"11/13682 (aktiv)","Ein_GWZ":null,"Ein_GKZ":null,"Ein_Name":null,"Ein_ord":"Einleitung","Ein_WKID":null,"Ein_DN":null,"Breite":null,"Hoehe":null,"NN_Sohle":0.0,"WK_NR":null,"URL_WKDB":null,"rwert":369028.0,"hwert":5809932.0},"geometry":{"type":"Point","coordinates":[7.073855,52.423897]}},
{"type":"Feature","properties":{"ID_con":491,"bw_id":"NAK_EIN_3150","name":"OW-Einleit., Nordhorn-Almelo-Kanal,Nordhorn (B-005)","GEW":"NAK","stat_von":3150.0,"bauart":"??Rohrdurchlass","baujahr":null,"upflicht":"NINO AG - Konkursverwaltung","KTR":null,"FSK":"033151057001940005__","bemerk":"B-005 (aktiv, real) , OW-Einl., Nordhorn-Almelo-Ka","beschreib":"OW-Einleit., Nordhorn-Almelo-Kanal,Nordhorn (B-005)","beschreib_lang":null,"foto1":"https://nlwkn.hannit-share.de/index.php/core/preview?fileId=11061908&x=1280&y=819&a=true","foto2":"https://nlwkn.hannit-share.de/index.php/core/preview?fileId=11061911&x=1280&y=819&a=true","foto3":"https://nlwkn.hannit-share.de/index.php/core/preview?fileId=11061914&x=1280&y=819&a=true","foto4":null,"link1":null,"link2":null,"denkmal":"Nein","akz":null,"WR":"11/13682 (aktiv)","Ein_GWZ":null,"Ein_GKZ":null,"Ein_Name":null,"Ein_ord":"Einleitung","Ein_WKID":null,"Ein_DN":null,"Breite":null,"Hoehe":null,"NN_Sohle":0.0,"WK_NR":null,"URL_WKDB":null,"rwert":369074.0,"hwert":5809965.0},"geometry":{"type":"Point","coordinates":[7.074518,52.424204]}},
{"type":"Feature","properties":{"ID_con":492,"bw_id":"NAK_EIN_4040","name":"Seitenkanal (Alte Weberei)","GEW":"NAK","stat_von":4040.0,"bauart":"Freie Einmündung","baujahr":null,"upflicht":"Stadt Nordhorn","KTR":null,"FSK":"033151013000380011__","bemerk":null,"beschreib":"Der Stichkanal führt zum Wohngebiet Südgracht.","beschreib_lang":null,"foto1":null,"foto2":null,"foto3":null,"foto4":null,"link1":null,"link2":null,"denkmal":"Nein","akz":null,"WR":null,"Ein_GWZ":null,"Ein_GKZ":null,"Ein_Name":null,"Ein_ord":"Sonstige","Ein_WKID":null,"Ein_DN":null,"Breite":null,"Hoehe":null,"NN_Sohle":0.0,"WK_NR":null,"URL_WKDB":null,"rwert":369280.0,"hwert":5810792.0},"geometry":{"type":"Point","coordinates":[7.077222,52.431685]}},
{"type":"Feature","properties":{"ID_con":493,"bw_id":"NAK_EIN_4115","name":"Seitenkanal (links)","GEW":"NAK","stat_von":4115.0,"bauart":"Freie Einmündung","baujahr":null,"upflicht":"Stadt Nordhorn","KTR":null,"FSK":"033151013000380011__","bemerk":null,"beschreib":"Seitenkanal (links)","beschreib_lang":null,"foto1":"https://nlwkn.hannit-share.de/index.php/core/preview?fileId=11061917&x=1280&y=819&a=true","foto2":null,"foto3":null,"foto4":null,"link1":null,"link2":null,"denkmal":"Nein","akz":null,"WR":null,"Ein_GWZ":null,"Ein_GKZ":null,"Ein_Name":null,"Ein_ord":"Sonstige","Ein_WKID":null,"Ein_DN":null,"Breite":null,"Hoehe":null,"NN_Sohle":0.0,"WK_NR":null,"URL_WKDB":null,"rwert":369273.0,"hwert":5810865.0},"geometry":{"type":"Point","coordinates":[7.077091,52.432339]}},
{"type":"Feature","properties":{"ID_con":494,"bw_id":"NAK_EIN_4260","name":"Einmündung  Seitenkanal (Alte Weberei)","GEW":"NAK","stat_von":4260.0,"bauart":"Freie Einmündung","baujahr":null,"upflicht":"Stadt Nordhorn","KTR":null,"FSK":"033151013000380011__","bemerk":null,"beschreib":"Einmündung  Seitenkanal (Alte Weberei). Diese Gracht führt zum Wohngebiet Vechteaue","beschreib_lang":null,"foto1":"https://nlwkn.hannit-share.de/index.php/core/preview?fileId=11061920&x=1280&y=819&a=true","foto2":null,"foto3":null,"foto4":null,"link1":null,"link2":null,"denkmal":"Nein","akz":null,"WR":null,"Ein_GWZ":null,"Ein_GKZ":null,"Ein_Name":null,"Ein_ord":"Sonstige","Ein_WKID":null,"Ein_DN":null,"Breite":null,"Hoehe":null,"NN_Sohle":0.0,"WK_NR":null,"URL_WKDB":null,"rwert":369222.0,"hwert":5810995.0},"geometry":{"type":"Point","coordinates":[7.07629,52.433495]}},
{"type":"Feature","properties":{"ID_con":504,"bw_id":"PCK_EIN_7965","name":"Einmündung R-Graben","GEW":"PCK","stat_von":7965.0,"bauart":"Kastendurchlass mit Brücke","baujahr":null,"upflicht":"114","KTR":null,"FSK":"033127004000790009__","bemerk":null,"beschreib":"Einmündung R-Graben","beschreib_lang":null,"foto1":"https://nlwkn.hannit-share.de/index.php/core/preview?fileId=11061242&x=1280&y=819&a=true","foto2":"https://nlwkn.hannit-share.de/index.php/core/preview?fileId=11061245&x=1280&y=819&a=true","foto3":null,"foto4":null,"link1":null,"link2":null,"denkmal":"Nein","akz":null,"WR":null,"Ein_GWZ":9286748,"Ein_GKZ":92867489,"Ein_Name":"R-Graben","Ein_ord":"2. Ordnung","Ein_WKID":null,"Ein_DN":null,"Breite":null,"Hoehe":null,"NN_Sohle":0.0,"WK_NR":null,"URL_WKDB":null,"rwert":362972.0,"hwert":5829851.0},"geometry":{"type":"Point","coordinates":[6.976644,52.601377]}},
{"type":"Feature","properties":{"ID_con":505,"bw_id":"PCK_EIN_7985","name":"Aulauf Umlaufgraben Schleuse I","GEW":"PCK","stat_von":7985.0,"bauart":"Freier Einlauf","baujahr":null,"upflicht":"NLWKN","KTR":null,"FSK":"033127004000790009__","bemerk":null,"beschreib":"Aulauf Umlaufgraben","beschreib_lang":null,"foto1":"https://nlwkn.hannit-share.de/index.php/core/preview?fileId=11061248&x=1280&y=819&a=true","foto2":null,"foto3":null,"foto4":null,"link1":null,"link2":null,"denkmal":"Nein","akz":null,"WR":null,"Ein_GWZ":null,"Ein_GKZ":null,"Ein_Name":null,"Ein_ord":"Sonstige","Ein_WKID":null,"Ein_DN":null,"Breite":null,"Hoehe":null,"NN_Sohle":0.0,"WK_NR":null,"URL_WKDB":null,"rwert":362942.0,"hwert":5829844.0},"geometry":{"type":"Point","coordinates":[6.976205,52.601307]}},
{"type":"Feature","properties":{"ID_con":499,"bw_id":"PCK_EIN_13750","name":"Auslauf Umlaufgraben","GEW":"PCK","stat_von":13750.0,"bauart":"Freier Einlauf","baujahr":null,"upflicht":"NLWKN","KTR":null,"FSK":"033128009000420021__","bemerk":null,"beschreib":"Auslauf Umlaufgraben","beschreib_lang":null,"foto1":null,"foto2":null,"foto3":null,"foto4":null,"link1":null,"link2":null,"denkmal":"Nein","akz":null,"WR":null,"Ein_GWZ":null,"Ein_GKZ":null,"Ein_Name":null,"Ein_ord":"Sonstige","Ein_WKID":null,"Ein_DN":null,"Breite":null,"Hoehe":null,"NN_Sohle":0.0,"WK_NR":null,"URL_WKDB":null,"rwert":357719.0,"hwert":5831925.0},"geometry":{"type":"Point","coordinates":[6.898242,52.61866]}},
{"type":"Feature","properties":{"ID_con":500,"bw_id":"PCK_EIN_22185","name":"Einmündung Emlichheimer Graben","GEW":"PCK","stat_von":22185.0,"bauart":"Rohrdurchlass","baujahr":null,"upflicht":"114","KTR":null,"FSK":"033131106000410001__","bemerk":null,"beschreib":"Unterhalb der Schleuse PCK IV leitet der Emlichheimer Graben in den Kanal ein. Er  entwässert einen westlich von Emlichheim gelegenen Bereich und verläuft dann auf rund 1,5 km Länge als Transportgewässer neben dem Kanal","beschreib_lang":"Unterhalb der Schleuse PCK IV leitet der Emlichheimer Graben in den Kanal ein. Er  entwässert einen westlich von Emlichheim gelegenen Bereich und verläuft dann auf rund 1,5 km Länge als Transportgewässer neben dem Kanal, um unterhalb der Schleuse PCK IV eine ausreichende Vorflut zu finden. Die Vorflut ist aus landwirtschaftlicher Sicht nicht optimal.","foto1":"https://nlwkn.hannit-share.de/index.php/core/preview?fileId=11061227&x=1280&y=819&a=true","foto2":"https://nlwkn.hannit-share.de/index.php/core/preview?fileId=12140211&x=1280&y=819&a=true","foto3":"https://nlwkn.hannit-share.de/index.php/core/preview?fileId=12140212&x=1280&y=819&a=true","foto4":"https://nlwkn.hannit-share.de/index.php/core/preview?fileId=12140213&x=1280&y=819&a=true","link1":null,"link2":null,"denkmal":"Nein","akz":null,"WR":null,"Ein_GWZ":928681942,"Ein_GKZ":928681942,"Ein_Name":"Emlichheimer Graben","Ein_ord":"2. Ordnung","Ein_WKID":32036,"Ein_DN":null,"Breite":null,"Hoehe":null,"NN_Sohle":0.0,"WK_NR":32036,"URL_WKDB":" ","rwert":350188.0,"hwert":5834731.0},"geometry":{"type":"Point","coordinates":[6.78581,52.641842]}},
{"type":"Feature","properties":{"ID_con":501,"bw_id":"PCK_EIN_23475","name":"Einmündung Grenzaa","GEW":"PCK","stat_von":23475.0,"bauart":"Freie Einmündung","baujahr":null,"upflicht":"114","KTR":null,"FSK":"033131104000290004__","bemerk":null,"beschreib":"Einmündung Grenzaa","beschreib_lang":null,"foto1":"https://nlwkn.hannit-share.de/index.php/core/preview?fileId=11061230&x=1280&y=819&a=true","foto2":null,"foto3":null,"foto4":null,"link1":null,"link2":null,"denkmal":"Nein","akz":null,"WR":null,"Ein_GWZ":92868,"Ein_GKZ":92868193,"Ein_Name":"Grenzaa","Ein_ord":"2. Ordnung","Ein_WKID":32034,"Ein_DN":null,"Breite":null,"Hoehe":null,"NN_Sohle":0.0,"WK_NR":32034,"URL_WKDB":" ","rwert":349308.0,"hwert":5835676.0},"geometry":{"type":"Point","coordinates":[6.772383,52.650087]}},
{"type":"Feature","properties":{"ID_con":502,"bw_id":"PCK_EIN_23480","name":"Einmündung Wettringe","GEW":"PCK","stat_von":23480.0,"bauart":"??","baujahr":null,"upflicht":"??","KTR":null,"FSK":"033131104000290004__","bemerk":"Einlauf und U-Pflicht prüfen ; !!Der Verlauf der Wettringe ist im Grenzbereich nicht richtig dargestellt!!","beschreib":"Einmündung Wettringe","beschreib_lang":null,"foto1":null,"foto2":null,"foto3":null,"foto4":null,"link1":null,"link2":null,"denkmal":"Nein","akz":null,"WR":null,"Ein_GWZ":92868,"Ein_GKZ":92868911,"Ein_Name":"Wettringe","Ein_ord":"2. Ordnung","Ein_WKID":32035,"Ein_DN":null,"Breite":null,"Hoehe":null,"NN_Sohle":0.0,"WK_NR":32035,"URL_WKDB":" ","rwert":349271.0,"hwert":5835682.0},"geometry":{"type":"Point","coordinates":[6.771834,52.650131]}},
{"type":"Feature","properties":{"ID_con":508,"bw_id":"SHK_EIN_375","name":"Rohreinlauf oh Brücke Schöninghsdorf","GEW":"SHK","stat_von":375.0,"bauart":"Rohreinlauf (Beton)","baujahr":null,"upflicht":"??","KTR":null,"FSK":"033118041000010636__","bemerk":"U-Pflicht und Einlauf prüfen","beschreib":"Rohreinlauf oh Brücke Schöninghsdorf","beschreib_lang":null,"foto1":"https://nlwkn.hannit-share.de/index.php/core/preview?fileId=11060711&x=1280&y=819&a=true","foto2":"https://nlwkn.hannit-share.de/index.php/core/preview?fileId=11060714&x=1280&y=819&a=true","foto3":null,"foto4":null,"link1":null,"link2":null,"denkmal":"Nein","akz":null,"WR":null,"Ein_GWZ":null,"Ein_GKZ":null,"Ein_Name":null,"Ein_ord":"Sonstige??","Ein_WKID":null,"Ein_DN":null,"Breite":null,"Hoehe":null,"NN_Sohle":0.0,"WK_NR":null,"URL_WKDB":null,"rwert":371291.0,"hwert":5842461.0},"geometry":{"type":"Point","coordinates":[7.094484,52.716712]}},
{"type":"Feature","properties":{"ID_con":509,"bw_id":"SHK_EIN_500","name":"Rohreinlauf","GEW":"SHK","stat_von":500.0,"bauart":"Rohreinlauf","baujahr":null,"upflicht":"??","KTR":null,"FSK":"033118041000010636__","bemerk":null,"beschreib":"Rohreinlauf","beschreib_lang":null,"foto1":"https://nlwkn.hannit-share.de/index.php/core/preview?fileId=11060717&x=1280&y=819&a=true","foto2":"https://nlwkn.hannit-share.de/index.php/core/preview?fileId=11060720&x=1280&y=819&a=true","foto3":"https://nlwkn.hannit-share.de/index.php/core/preview?fileId=11060723&x=1280&y=819&a=true","foto4":"https://nlwkn.hannit-share.de/index.php/core/preview?fileId=11060726&x=1280&y=819&a=true","link1":null,"link2":null,"denkmal":"Nein","akz":null,"WR":null,"Ein_GWZ":null,"Ein_GKZ":null,"Ein_Name":null,"Ein_ord":"Sonstige","Ein_WKID":null,"Ein_DN":null,"Breite":null,"Hoehe":null,"NN_Sohle":0.0,"WK_NR":null,"URL_WKDB":null,"rwert":371170.0,"hwert":5842466.0},"geometry":{"type":"Point","coordinates":[7.092692,52.716728]}},
{"type":"Feature","properties":{"ID_con":506,"bw_id":"SHK_EIN_1095","name":"Rohreinlauf??","GEW":"SHK","stat_von":1095.0,"bauart":"Rohreinlauf??","baujahr":null,"upflicht":"??","KTR":null,"FSK":"033118041000010636__","bemerk":null,"beschreib":"Rohreinlauf??","beschreib_lang":null,"foto1":"https://nlwkn.hannit-share.de/index.php/core/preview?fileId=11060708&x=1280&y=819&a=true","foto2":null,"foto3":null,"foto4":null,"link1":null,"link2":null,"denkmal":"Nein","akz":null,"WR":null,"Ein_GWZ":null,"Ein_GKZ":null,"Ein_Name":null,"Ein_ord":"3. Ordnung ??","Ein_WKID":null,"Ein_DN":null,"Breite":null,"Hoehe":null,"NN_Sohle":0.0,"WK_NR":null,"URL_WKDB":null,"rwert":370576.0,"hwert":5842504.0},"geometry":{"type":"Point","coordinates":[7.083888,52.716928]}},
{"type":"Feature","properties":{"ID_con":507,"bw_id":"SHK_EIN_1105","name":"Einmündung Graben","GEW":"SHK","stat_von":1105.0,"bauart":"Freie Einmündung","baujahr":null,"upflicht":"??","KTR":null,"FSK":"033118041000010636__","bemerk":null,"beschreib":"Einmündung Graben","beschreib_lang":null,"foto1":null,"foto2":null,"foto3":null,"foto4":null,"link1":null,"link2":null,"denkmal":"Nein","akz":null,"WR":null,"Ein_GWZ":null,"Ein_GKZ":null,"Ein_Name":null,"Ein_ord":"3. Ordnung","Ein_WKID":null,"Ein_DN":null,"Breite":null,"Hoehe":null,"NN_Sohle":0.0,"WK_NR":null,"URL_WKDB":null,"rwert":370567.0,"hwert":5842525.0},"geometry":{"type":"Point","coordinates":[7.083747,52.717114]}},
{"type":"Feature","properties":{"ID_con":2537,"bw_id":"SHK_EIN_2300","name":"Freie Einmündung?? Graben","GEW":"SHK","stat_von":2300.0,"bauart":"freie Grabeneinmündung","baujahr":null,"upflicht":"Gemeinde Twist??","KTR":null,"FSK":"03311805000029______","bemerk":null,"beschreib":"freie Grabeneinmündung","beschreib_lang":null,"foto1":null,"foto2":null,"foto3":null,"foto4":null,"link1":null,"link2":null,"denkmal":"Nein","akz":null,"WR":null,"Ein_GWZ":null,"Ein_GKZ":null,"Ein_Name":null,"Ein_ord":"Dritter Ordnung","Ein_WKID":null,"Ein_DN":null,"Breite":null,"Hoehe":null,"NN_Sohle":0.0,"WK_NR":null,"URL_WKDB":null,"rwert":369579.0,"hwert":5842995.0},"geometry":{"type":"Point","coordinates":[7.068942,52.7211]}},
{"type":"Feature","properties":{"ID_con":510,"bw_id":"SNK_EIN_1140","name":"Einmündung Deegfeldgraben","GEW":"SNK","stat_von":1140.0,"bauart":"Einlaufbauwerk als Absturzbauwerk","baujahr":"1871-1904","upflicht":"114","KTR":null,"FSK":"033151032001640080__","bemerk":"??Wer kümmert sich um den Denkmalschutz; ist hier NLWKN u-Pflichtig??","beschreib":"Düker an Schleuse I des 1871-1904 erbauten Süd-Nord-Kanals. Einige Meter nördlich der Schleuse den östlichen Damm unterquerend, zur Kanalseite heute rechteckige Betoneinfassung, zur Grabenseite kleiner Einlass.","beschreib_lang":"Düker an Schleuse I des 1871-1904 erbauten Süd-Nord-Kanals. Einige Meter nördlich der Schleuse den östlichen Damm unterquerend, zur Kanalseite heute rechteckige Betoneinfassung, zur Grabenseite kleiner Einlass.\n\nAn der Erhaltung des Dükers besteht aufgrund seiner geschichtlichen Bedeutung ein öffentliches Interesse.","foto1":"https://nlwkn.hannit-share.de/index.php/core/preview?fileId=11059016&x=1280&y=819&a=true","foto2":"https://nlwkn.hannit-share.de/index.php/core/preview?fileId=11059019&x=1280&y=819&a=true","foto3":"https://nlwkn.hannit-share.de/index.php/core/preview?fileId=11059022&x=1280&y=819&a=true","foto4":"https://nlwkn.hannit-share.de/index.php/core/preview?fileId=11059025&x=1280&y=819&a=true","link1":null,"link2":null,"denkmal":"Ja","akz":null,"WR":null,"Ein_GWZ":92867438,"Ein_GKZ":928674389,"Ein_Name":"Deegfeldgraben","Ein_ord":"2. Ordnung","Ein_WKID":null,"Ein_DN":null,"Breite":null,"Hoehe":null,"NN_Sohle":null,"WK_NR":null,"URL_WKDB":null,"rwert":369568.0,"hwert":5814383.0},"geometry":{"type":"Point","coordinates":[7.080053,52.464019]}},
{"type":"Feature","properties":{"ID_con":577,"bw_id":"SNK_EIN_4115","name":"Einmündung Kleine Lee","GEW":"SNK","stat_von":4115.0,"bauart":"??Rohrdurchlass","baujahr":null,"upflicht":"114","KTR":null,"FSK":"033151030004200031__","bemerk":"Einlauf prüfen","beschreib":"Einmündung Kleine Lee","beschreib_lang":null,"foto1":null,"foto2":null,"foto3":null,"foto4":null,"link1":null,"link2":null,"denkmal":"Nein","akz":null,"WR":null,"Ein_GWZ":928674392,"Ein_GKZ":928674392,"Ein_Name":"Kleine Lee","Ein_ord":"2. Ordnung","Ein_WKID":null,"Ein_DN":null,"Breite":null,"Hoehe":null,"NN_Sohle":0.0,"WK_NR":null,"URL_WKDB":null,"rwert":370991.0,"hwert":5816980.0},"geometry":{"type":"Point","coordinates":[7.099982,52.487692]}},
{"type":"Feature","properties":{"ID_con":581,"bw_id":"SNK_EIN_5065","name":"Rohreinlauf rechts (Hochwasserüberlauf)","GEW":"SNK","stat_von":5065.0,"bauart":"Rohreinlauf","baujahr":"2005","upflicht":"UHV 114","KTR":null,"FSK":"033148016002740110__","bemerk":null,"beschreib":"Hochwasserüberlauf Klausheider Graben über Rohreinlauf rechts (oh altem Fundament). Der Durchlass hat im Einlaufbereich (vor dem Kanaldamm) eine Stirnwand mit Schützvorrichtung","beschreib_lang":"Hochwasserüberlauf Klausheider Graben über Rohreinlauf rechts (oh altem Fundament). Der Durchlass hat im Einlaufbereich (vor dem Kanaldamm) eine Stirnwand mit Schützvorrichtung. Auf die ursprünglich geforderte Rückstauklappe wurde aus Kostengründen und Zweifel an einer dauerhaften Funktion verzichtet. Eine alternative Absperrvorrichtung wurde konstuktiv gemeinsam entwickkelt und ist bei entsprechenden Hochwasserlagen im SNK und gezielten Einstaumaßnahmen durch den NLWKN vom Betreiber bzw. in dessen Auftrag vom Wasser- und Bodenverband zu bedienen.  Der gezielte Einstau des SNK in diesem Bereich durch den NLWKN (z.B. Sohlenmahd) oder Bau- und Wartungsarbeiten wird dem Antragsteller rechtzeitig fmdl. mitgeteilt. Für den Einbau von Absperrtafeln wurde eine Böschungstreppe angelegt (Siehe SNK_SON_5060)","foto1":"https://nlwkn.hannit-share.de/index.php/core/preview?fileId=11059331&x=1280&y=819&a=true","foto2":"https://nlwkn.hannit-share.de/index.php/core/preview?fileId=11059334&x=1280&y=819&a=true","foto3":"https://nlwkn.hannit-share.de/index.php/core/preview?fileId=11059337&x=1280&y=819&a=true","foto4":null,"link1":null,"link2":null,"denkmal":"Nein","akz":null,"WR":null,"Ein_GWZ":null,"Ein_GKZ":null,"Ein_Name":null,"Ein_ord":"Sonstige??","Ein_WKID":null,"Ein_DN":600,"Breite":null,"Hoehe":null,"NN_Sohle":17.3,"WK_NR":null,"URL_WKDB":null,"rwert":370963.0,"hwert":5817901.0},"geometry":{"type":"Point","coordinates":[7.099213,52.495961]}},
{"type":"Feature","properties":{"ID_con":582,"bw_id":"SNK_EIN_7380","name":"Einmündung Kleine Gräfte","GEW":"SNK","stat_von":7380.0,"bauart":"Kastendurchlass in Spundwand","baujahr":null,"upflicht":"114","KTR":null,"FSK":"033154012000040005__","bemerk":"Einlauf prüfen","beschreib":"Einmündung Kleine Gräfte (Gewässer 2. Ordnung)","beschreib_lang":null,"foto1":"https://nlwkn.hannit-share.de/index.php/core/preview?fileId=11059340&x=1280&y=819&a=true","foto2":"https://nlwkn.hannit-share.de/index.php/core/preview?fileId=11059343&x=1280&y=819&a=true","foto3":"https://nlwkn.hannit-share.de/index.php/core/preview?fileId=11059346&x=1280&y=819&a=true","foto4":"https://nlwkn.hannit-share.de/index.php/core/preview?fileId=11059349&x=1280&y=819&a=true","link1":null,"link2":null,"denkmal":"Nein","akz":null,"WR":null,"Ein_GWZ":9286744,"Ein_GKZ":9286744,"Ein_Name":"Kleine Gräfte","Ein_ord":"2. Ordnung","Ein_WKID":null,"Ein_DN":null,"Breite":null,"Hoehe":null,"NN_Sohle":0.0,"WK_NR":null,"URL_WKDB":null,"rwert":370663.0,"hwert":5820141.0},"geometry":{"type":"Point","coordinates":[7.093925,52.516017]}},
{"type":"Feature","properties":{"ID_con":583,"bw_id":"SNK_EIN_7665","name":"Rohreinlauf","GEW":"SNK","stat_von":7665.0,"bauart":"Rohreinlauf mit Steuereinrichtung landseitig","baujahr":null,"upflicht":"??","KTR":null,"FSK":"033154013000010016__","bemerk":null,"beschreib":"Rohreinlauf mit Steuereinrichtung landseitig","beschreib_lang":null,"foto1":"https://nlwkn.hannit-share.de/index.php/core/preview?fileId=11059352&x=1280&y=819&a=true","foto2":"https://nlwkn.hannit-share.de/index.php/core/preview?fileId=11059355&x=1280&y=819&a=true","foto3":"https://nlwkn.hannit-share.de/index.php/core/preview?fileId=11059358&x=1280&y=819&a=true","foto4":null,"link1":null,"link2":null,"denkmal":"Nein","akz":null,"WR":null,"Ein_GWZ":null,"Ein_GKZ":null,"Ein_Name":"Stiftsbach ??","Ein_ord":"??","Ein_WKID":null,"Ein_DN":null,"Breite":null,"Hoehe":null,"NN_Sohle":0.0,"WK_NR":null,"URL_WKDB":null,"rwert":370529.0,"hwert":5820379.0},"geometry":{"type":"Point","coordinates":[7.091859,52.518123]}},
{"type":"Feature","properties":{"ID_con":584,"bw_id":"SNK_EIN_8450","name":"Einmündung Graben","GEW":"SNK","stat_von":8450.0,"bauart":"??Rohrdurchlass","baujahr":null,"upflicht":"??","KTR":null,"FSK":"033154013000010015__","bemerk":"Einlauf und U_Pflicht prüfen","beschreib":"Einmündung Graben","beschreib_lang":null,"foto1":null,"foto2":null,"foto3":null,"foto4":null,"link1":null,"link2":null,"denkmal":"Nein","akz":null,"WR":null,"Ein_GWZ":null,"Ein_GKZ":null,"Ein_Name":null,"Ein_ord":"3. Ordnung","Ein_WKID":null,"Ein_DN":null,"Breite":null,"Hoehe":null,"NN_Sohle":0.0,"WK_NR":null,"URL_WKDB":null,"rwert":370357.0,"hwert":5821139.0},"geometry":{"type":"Point","coordinates":[7.089029,52.524911]}},
{"type":"Feature","properties":{"ID_con":585,"bw_id":"SNK_EIN_8505","name":"Einmündung Graben","GEW":"SNK","stat_von":8505.0,"bauart":"??Rohrdurchlass","baujahr":null,"upflicht":"??","KTR":null,"FSK":"033154013000010015__","bemerk":"Einlauf und U_Pflicht prüfen","beschreib":"Einmündung Graben","beschreib_lang":null,"foto1":null,"foto2":null,"foto3":null,"foto4":null,"link1":null,"link2":null,"denkmal":"Nein","akz":null,"WR":null,"Ein_GWZ":null,"Ein_GKZ":null,"Ein_Name":null,"Ein_ord":"3. Ordnung","Ein_WKID":null,"Ein_DN":null,"Breite":null,"Hoehe":null,"NN_Sohle":0.0,"WK_NR":null,"URL_WKDB":null,"rwert":370378.0,"hwert":5821197.0},"geometry":{"type":"Point","coordinates":[7.089316,52.525437]}},
{"type":"Feature","properties":{"ID_con":511,"bw_id":"SNK_EIN_11425","name":"Einmündung Georgsdorfer Graben","GEW":"SNK","stat_von":11425.0,"bauart":"Dükerbauwerk (Rest, Rohreinlauf)","baujahr":null,"upflicht":"NLWKN","KTR":"MAAVE10100","FSK":"033121015000010032__","bemerk":"Unterhaltungspflicht weiterhin beim NLWKN??","beschreib":"Einmündung Georgsdorfer Graben über ehem. Dükerbauwerk","beschreib_lang":null,"foto1":"https://nlwkn.hannit-share.de/index.php/core/preview?fileId=11059028&x=1280&y=819&a=true","foto2":"https://nlwkn.hannit-share.de/index.php/core/preview?fileId=11059031&x=1280&y=819&a=true","foto3":"https://nlwkn.hannit-share.de/index.php/core/preview?fileId=11059034&x=1280&y=819&a=true","foto4":"https://nlwkn.hannit-share.de/index.php/core/preview?fileId=11059037&x=1280&y=819&a=true","link1":null,"link2":null,"denkmal":"Nein","akz":"62026-Süd-Nord-Kanal (SNK) Düker Georgsdorfer Graben 11+430 km-3902/2023","WR":null,"Ein_GWZ":null,"Ein_GKZ":null,"Ein_Name":"Georgsdorfer Graben","Ein_ord":"3. Ordnung","Ein_WKID":null,"Ein_DN":null,"Breite":null,"Hoehe":null,"NN_Sohle":0.0,"WK_NR":null,"URL_WKDB":null,"rwert":369984.0,"hwert":5824071.0},"geometry":{"type":"Point","coordinates":[7.082387,52.551167]}},
{"type":"Feature","properties":{"ID_con":512,"bw_id":"SNK_EIN_12115","name":"Grabeneinmündung","GEW":"SNK","stat_von":12115.0,"bauart":"Rohrdurchlass","baujahr":null,"upflicht":"??","KTR":null,"FSK":"033121014001040102__","bemerk":"U-Pflicht prüfen","beschreib":"Grabeneinmündung","beschreib_lang":null,"foto1":"https://nlwkn.hannit-share.de/index.php/core/preview?fileId=11059040&x=1280&y=819&a=true","foto2":"https://nlwkn.hannit-share.de/index.php/core/preview?fileId=11059043&x=1280&y=819&a=true","foto3":null,"foto4":null,"link1":null,"link2":null,"denkmal":"Nein","akz":null,"WR":null,"Ein_GWZ":null,"Ein_GKZ":null,"Ein_Name":null,"Ein_ord":"3. Ordnung","Ein_WKID":null,"Ein_DN":null,"Breite":null,"Hoehe":null,"NN_Sohle":0.0,"WK_NR":null,"URL_WKDB":null,"rwert":370031.0,"hwert":5824760.0},"geometry":{"type":"Point","coordinates":[7.08281,52.557369]}},
{"type":"Feature","properties":{"ID_con":513,"bw_id":"SNK_EIN_12870","name":"OW-Einleit., Gebiet Graßfenne, SG Neuenhaus","GEW":"SNK","stat_von":12870.0,"bauart":"Rohrdurchlass","baujahr":null,"upflicht":"Samtgemeinde Neuenhaus","KTR":null,"FSK":"033121014001000006__","bemerk":"B-001 (aktiv, real) , OW-Einl., Gebiet Graßfenne,","beschreib":"OW-Einleit., Gebiet Graßfenne, SG Neuenhaus","beschreib_lang":null,"foto1":"https://nlwkn.hannit-share.de/index.php/core/preview?fileId=11059046&x=1280&y=819&a=true","foto2":"https://nlwkn.hannit-share.de/index.php/core/preview?fileId=11059049&x=1280&y=819&a=true","foto3":null,"foto4":null,"link1":null,"link2":null,"denkmal":"Nein","akz":null,"WR":"11/13353 (aktiv)","Ein_GWZ":null,"Ein_GKZ":null,"Ein_Name":null,"Ein_ord":"Einleitung","Ein_WKID":null,"Ein_DN":null,"Breite":null,"Hoehe":null,"NN_Sohle":0.0,"WK_NR":null,"URL_WKDB":null,"rwert":370005.0,"hwert":5825512.0},"geometry":{"type":"Point","coordinates":[7.082131,52.564119]}},
{"type":"Feature","properties":{"ID_con":514,"bw_id":"SNK_EIN_12965","name":"Einmündung Georgsdorfer Graben A","GEW":"SNK","stat_von":12965.0,"bauart":"Rohrdurchlass (Hamco)","baujahr":null,"upflicht":"114","KTR":null,"FSK":"033121014000430036__","bemerk":null,"beschreib":"Einmündung Georgsdorfer Graben A","beschreib_lang":"Einmündung Georgsdorfer Graben A als Gewässer II. Ordnung in der Unterhaltungpflicht des Vechtverbandes (ULV 114)","foto1":"https://nlwkn.hannit-share.de/index.php/core/preview?fileId=11059052&x=1280&y=819&a=true","foto2":"https://nlwkn.hannit-share.de/index.php/core/preview?fileId=11059055&x=1280&y=819&a=true","foto3":"https://nlwkn.hannit-share.de/index.php/core/preview?fileId=11059058&x=1280&y=819&a=true","foto4":"https://nlwkn.hannit-share.de/index.php/core/preview?fileId=11059061&x=1280&y=819&a=true","link1":null,"link2":null,"denkmal":"Nein","akz":null,"WR":null,"Ein_GWZ":9286746,"Ein_GKZ":92867469,"Ein_Name":"Georgsdorfer Graben A","Ein_ord":"2. Ordnung","Ein_WKID":32038,"Ein_DN":null,"Breite":null,"Hoehe":null,"NN_Sohle":0.0,"WK_NR":32038,"URL_WKDB":" ","rwert":370040.0,"hwert":5825608.0},"geometry":{"type":"Point","coordinates":[7.08261,52.56499]}},
{"type":"Feature","properties":{"ID_con":2644,"bw_id":"SNK_EIN_13270","name":"Entnahme Löschwasser Gem. Georgsdorf","GEW":"SNK","stat_von":13270.0,"bauart":"Löschwasserentnahmestelle","baujahr":"2026","upflicht":"Samtgemeinde Neuenhaus","KTR":null,"FSK":"033121014001150100__","bemerk":"???Bisher nur Antrag eingegangen (03.02.2026), Fotos, AKZ, … nacharbeiten","beschreib":"Löschwasserentnahmestelle Gem. Georgsdorf (Samtgemeinde Neuenhaus)","beschreib_lang":"Die hier beantragte Löschwasserentnahmestelle wird ausschließlich zur Entnahme von Wasser mit dem Zweck der Bereitstellung von Löschwasser im Falle eines Brandes im Bereich des Gewerbegebietes Neues Land in Georgsdorf verwendet. Eine zusätzliche Wasserentnahme kann ggf. im Rahmen von Wartungen oder Übungen erfolgen. Eine\ndarüberhinausgehende Wasserentnahme erfolgt nicht. Ausführung eines frostfreien Sauganschlusses nach DIN 14244 als unterirdische Saugleitung bis in das Gewässer, mit Saugkorb und Kennzeichnung mit Hinweisschild nach DIN 4066-B3","foto1":"https://nlwkn.hannit-share.de/index.php/core/preview?fileId=12262436&x=1280&y=819&a=true","foto2":"https://nlwkn.hannit-share.de/index.php/core/preview?fileId=12262438&x=1280&y=819&a=true","foto3":"https://nlwkn.hannit-share.de/index.php/core/preview?fileId=12262437&x=1280&y=819&a=true","foto4":"https://nlwkn.hannit-share.de/index.php/core/preview?fileId=12262439&x=1280&y=819&a=true","link1":null,"link2":null,"denkmal":"Nein","akz":null,"WR":null,"Ein_GWZ":null,"Ein_GKZ":null,"Ein_Name":null,"Ein_ord":null,"Ein_WKID":null,"Ein_DN":null,"Breite":null,"Hoehe":null,"NN_Sohle":13.7,"WK_NR":null,"URL_WKDB":null,"rwert":370035.0,"hwert":5825921.0},"geometry":{"type":"Point","coordinates":[7.082414,52.567801]}},
{"type":"Feature","properties":{"ID_con":515,"bw_id":"SNK_EIN_14365","name":"Abzweig Piccardie-Coevorden-Kanal","GEW":"SNK","stat_von":14365.0,"bauart":"Freie Einmündung","baujahr":null,"upflicht":"NLWKN","KTR":null,"FSK":"033121010000520023__","bemerk":null,"beschreib":"Abzweig Piccardie-Coevorden-Kanal","beschreib_lang":null,"foto1":null,"foto2":null,"foto3":null,"foto4":null,"link1":null,"link2":null,"denkmal":"Nein","akz":null,"WR":null,"Ein_GWZ":928674,"Ein_GKZ":92867479,"Ein_Name":"Piccardie-Coevorden-Kanal","Ein_ord":"1. Ordnung","Ein_WKID":32039,"Ein_DN":null,"Breite":null,"Hoehe":null,"NN_Sohle":0.0,"WK_NR":32039,"URL_WKDB":" ","rwert":369185.0,"hwert":5826153.0},"geometry":{"type":"Point","coordinates":[7.069788,52.569682]}},
{"type":"Feature","properties":{"ID_con":516,"bw_id":"SNK_EIN_14720","name":"Einmündung Graben??","GEW":"SNK","stat_von":14720.0,"bauart":"??","baujahr":null,"upflicht":"??","KTR":null,"FSK":"033121010000670007__","bemerk":"Einlauf und U-Pflicht prüfen","beschreib":"Einmündung Graben??","beschreib_lang":null,"foto1":null,"foto2":null,"foto3":null,"foto4":null,"link1":null,"link2":null,"denkmal":"Nein","akz":null,"WR":null,"Ein_GWZ":null,"Ein_GKZ":null,"Ein_Name":null,"Ein_ord":"3. Ordnung","Ein_WKID":null,"Ein_DN":null,"Breite":null,"Hoehe":null,"NN_Sohle":0.0,"WK_NR":null,"URL_WKDB":null,"rwert":369229.0,"hwert":5826494.0},"geometry":{"type":"Point","coordinates":[7.070303,52.572756]}},
{"type":"Feature","properties":{"ID_con":517,"bw_id":"SNK_EIN_16250","name":"Einmündung Moorgraben","GEW":"SNK","stat_von":16250.0,"bauart":"Kastendurchlass?? mit Brücke","baujahr":null,"upflicht":"??","KTR":null,"FSK":"033121004000150022__","bemerk":"Einlauf prüfen","beschreib":"Einmündung Moorgraben","beschreib_lang":null,"foto1":null,"foto2":null,"foto3":null,"foto4":null,"link1":null,"link2":null,"denkmal":"Nein","akz":null,"WR":null,"Ein_GWZ":928674722,"Ein_GKZ":928674722,"Ein_Name":"Einmündung Moorgraben rechts","Ein_ord":"2. Ordnung","Ein_WKID":null,"Ein_DN":null,"Breite":null,"Hoehe":null,"NN_Sohle":0.0,"WK_NR":null,"URL_WKDB":null,"rwert":369243.0,"hwert":5828023.0},"geometry":{"type":"Point","coordinates":[7.069905,52.586498]}},
{"type":"Feature","properties":{"ID_con":2072,"bw_id":"SNK_EIN_16460","name":"Einleitung KKA Schnieders (H.Nr. 9)=","GEW":"SNK","stat_von":16460.0,"bauart":"??","baujahr":"2006","upflicht":null,"KTR":null,"FSK":"033121004000150022__","bemerk":null,"beschreib":"Einleitung KKA Schnieders (H.Nr. 9)=","beschreib_lang":null,"foto1":null,"foto2":null,"foto3":null,"foto4":null,"link1":null,"link2":null,"denkmal":"Nein","akz":"62011-02-08","WR":null,"Ein_GWZ":null,"Ein_GKZ":null,"Ein_Name":null,"Ein_ord":"Sonstige","Ein_WKID":null,"Ein_DN":null,"Breite":null,"Hoehe":null,"NN_Sohle":0.0,"WK_NR":null,"URL_WKDB":null,"rwert":369223.0,"hwert":5828233.0},"geometry":{"type":"Point","coordinates":[7.069528,52.58838]}},
{"type":"Feature","properties":{"ID_con":2070,"bw_id":"SNK_EIN_16620","name":"Einleitung KKA Fa. Brill (Haus Nr.11)","GEW":"SNK","stat_von":16620.0,"bauart":"Rohreinlauf (P'VC DN150)","baujahr":"2006","upflicht":null,"KTR":null,"FSK":"033121004000150022__","bemerk":null,"beschreib":"Einleitung KKA Fa. Brill (Haus Nr.11)","beschreib_lang":null,"foto1":"https://nlwkn.hannit-share.de/index.php/core/preview?fileId=11059064&x=1280&y=819&a=true","foto2":null,"foto3":null,"foto4":null,"link1":null,"link2":null,"denkmal":"Nein","akz":"62011-02-08","WR":null,"Ein_GWZ":null,"Ein_GKZ":null,"Ein_Name":null,"Ein_ord":"Sonstige","Ein_WKID":null,"Ein_DN":150,"Breite":null,"Hoehe":null,"NN_Sohle":0.0,"WK_NR":null,"URL_WKDB":null,"rwert":369225.0,"hwert":5828392.0},"geometry":{"type":"Point","coordinates":[7.069494,52.589809]}},
{"type":"Feature","properties":{"ID_con":2071,"bw_id":"SNK_EIN_16750","name":"Einleitung KKA Fa. Brill (Haus Nr.13)","GEW":"SNK","stat_von":16750.0,"bauart":"Rohreinlauf (PVC)","baujahr":"2006","upflicht":null,"KTR":null,"FSK":"033121004000150022__","bemerk":null,"beschreib":"Einleitung KKA Fa. Brill (Haus Nr.13)","beschreib_lang":null,"foto1":"https://nlwkn.hannit-share.de/index.php/core/preview?fileId=11059067&x=1280&y=819&a=true","foto2":null,"foto3":null,"foto4":null,"link1":null,"link2":null,"denkmal":"Nein","akz":null,"WR":null,"Ein_GWZ":null,"Ein_GKZ":null,"Ein_Name":null,"Ein_ord":"Sonstige","Ein_WKID":null,"Ein_DN":150,"Breite":null,"Hoehe":null,"NN_Sohle":null,"WK_NR":null,"URL_WKDB":null,"rwert":369229.0,"hwert":5828523.0},"geometry":{"type":"Point","coordinates":[7.069501,52.590987]}},
{"type":"Feature","properties":{"ID_con":518,"bw_id":"SNK_EIN_17145","name":"Einmündung Graben (Wasserrecht)","GEW":"SNK","stat_von":17145.0,"bauart":"??Rohrdurchlass","baujahr":null,"upflicht":"??","KTR":null,"FSK":"033121003000010062__","bemerk":"Einlauf nicht zu finden??","beschreib":"Einmündung Graben (Wasserrecht)","beschreib_lang":"Einmündung Graben (Wasserrecht)","foto1":null,"foto2":null,"foto3":null,"foto4":null,"link1":null,"link2":null,"denkmal":"Nein","akz":null,"WR":null,"Ein_GWZ":null,"Ein_GKZ":null,"Ein_Name":null,"Ein_ord":"3. Ordnung","Ein_WKID":null,"Ein_DN":null,"Breite":null,"Hoehe":null,"NN_Sohle":0.0,"WK_NR":null,"URL_WKDB":null,"rwert":369228.0,"hwert":5828918.0},"geometry":{"type":"Point","coordinates":[7.069331,52.594536]}},
{"type":"Feature","properties":{"ID_con":519,"bw_id":"SNK_EIN_17165","name":"Einleit. Abwl., Gebr. Brill, Schwarzer Weg 5","GEW":"SNK","stat_von":17165.0,"bauart":"??Rohrdurchlass","baujahr":null,"upflicht":"Gebr. Brill Substrate GmbH & Co KG","KTR":null,"FSK":"033121003000010062__","bemerk":"B-001 (aktiv, real) , Abw.-Einl., Gebr. Brill, Sch","beschreib":"Einleit. Abwl., Gebr. Brill, Schwarzer Weg 5","beschreib_lang":"Einleit. Abwl., Gebr. Brill, Schwarzer Weg 5","foto1":null,"foto2":null,"foto3":null,"foto4":null,"link1":null,"link2":null,"denkmal":"Nein","akz":null,"WR":"11/13463 (aktiv)","Ein_GWZ":null,"Ein_GKZ":null,"Ein_Name":null,"Ein_ord":"Einleitung","Ein_WKID":null,"Ein_DN":null,"Breite":null,"Hoehe":null,"NN_Sohle":0.0,"WK_NR":null,"URL_WKDB":null,"rwert":369217.0,"hwert":5828937.0},"geometry":{"type":"Point","coordinates":[7.069161,52.594704]}},
{"type":"Feature","properties":{"ID_con":520,"bw_id":"SNK_EIN_17830","name":"Einmündung Graben","GEW":"SNK","stat_von":17830.0,"bauart":"Rohrdurchlass mit Rückschlagklappe","baujahr":null,"upflicht":"??","KTR":null,"FSK":"033121003000010062__","bemerk":"Ist die Rückstauklappe im Zeitraum 2016-21 nachträglich eingebaut worden?","beschreib":"Einmündung Graben","beschreib_lang":null,"foto1":"https://nlwkn.hannit-share.de/index.php/core/preview?fileId=11059070&x=1280&y=819&a=true","foto2":"https://nlwkn.hannit-share.de/index.php/core/preview?fileId=11059073&x=1280&y=819&a=true","foto3":"https://nlwkn.hannit-share.de/index.php/core/preview?fileId=11059076&x=1280&y=819&a=true","foto4":"https://nlwkn.hannit-share.de/index.php/core/preview?fileId=11059079&x=1280&y=819&a=true","link1":null,"link2":null,"denkmal":"Nein","akz":null,"WR":null,"Ein_GWZ":null,"Ein_GKZ":null,"Ein_Name":null,"Ein_ord":"Sonstige","Ein_WKID":null,"Ein_DN":null,"Breite":null,"Hoehe":null,"NN_Sohle":0.0,"WK_NR":null,"URL_WKDB":null,"rwert":369450.0,"hwert":5829520.0},"geometry":{"type":"Point","coordinates":[7.072369,52.599998]}},
{"type":"Feature","properties":{"ID_con":521,"bw_id":"SNK_EIN_18160","name":"Einmündung Graben (Rohrdurchlass)","GEW":"SNK","stat_von":18160.0,"bauart":"Rohreinlauf","baujahr":null,"upflicht":"??","KTR":null,"FSK":"033121003000010062__","bemerk":"Gewässer ist nicht in Karten oder geodaten dargestellt","beschreib":"Einmündung Graben (Rohrdurchlass)","beschreib_lang":null,"foto1":"https://nlwkn.hannit-share.de/index.php/core/preview?fileId=11059082&x=1280&y=819&a=true","foto2":"https://nlwkn.hannit-share.de/index.php/core/preview?fileId=11059085&x=1280&y=819&a=true","foto3":"https://nlwkn.hannit-share.de/index.php/core/preview?fileId=11059088&x=1280&y=819&a=true","foto4":"https://nlwkn.hannit-share.de/index.php/core/preview?fileId=11059091&x=1280&y=819&a=true","link1":null,"link2":null,"denkmal":"Nein","akz":null,"WR":null,"Ein_GWZ":null,"Ein_GKZ":null,"Ein_Name":null,"Ein_ord":"??Sonstige","Ein_WKID":null,"Ein_DN":null,"Breite":null,"Hoehe":null,"NN_Sohle":0.0,"WK_NR":null,"URL_WKDB":null,"rwert":369681.0,"hwert":5829749.0},"geometry":{"type":"Point","coordinates":[7.075687,52.602111]}},
{"type":"Feature","properties":{"ID_con":2572,"bw_id":"SNK_EIN_18375","name":"Rohreinlauf (Graben)","GEW":"SNK","stat_von":18375.0,"bauart":"Betonrohr, Einlaufbauwerk","baujahr":null,"upflicht":"??","KTR":null,"FSK":"033120007000010035__","bemerk":"Zuständigkeit Wabo??","beschreib":"Einlauf Graben über abgeschrägtes Betronrohr","beschreib_lang":"Einlauf Graben über abgeschrägtes Betronrohr","foto1":"https://nlwkn.hannit-share.de/index.php/core/preview?fileId=11059094&x=1280&y=819&a=true","foto2":"https://nlwkn.hannit-share.de/index.php/core/preview?fileId=11059097&x=1280&y=819&a=true","foto3":null,"foto4":null,"link1":null,"link2":null,"denkmal":"Nein","akz":null,"WR":null,"Ein_GWZ":null,"Ein_GKZ":null,"Ein_Name":"Graben","Ein_ord":"3. Ordnung","Ein_WKID":null,"Ein_DN":null,"Breite":null,"Hoehe":null,"NN_Sohle":0.0,"WK_NR":null,"URL_WKDB":null,"rwert":369833.0,"hwert":5829885.0},"geometry":{"type":"Point","coordinates":[7.077877,52.603369]}},
{"type":"Feature","properties":{"ID_con":522,"bw_id":"SNK_EIN_18800","name":"OW-Einleit., Baugebiet westl.d. Brückenstr.,Twist","GEW":"SNK","stat_von":18800.0,"bauart":"Rohrdurchlass","baujahr":null,"upflicht":"Gemeinde Twist","KTR":null,"FSK":"033120003000610062__","bemerk":"B-001 (aktiv, real) , OW-Einl., BG. westl.d. Brückenstr.,Twist (32370159, 5830168)","beschreib":"OW-Einleit., Baugebiet westl.d. Brückenstr.,Twist","beschreib_lang":null,"foto1":"https://nlwkn.hannit-share.de/index.php/core/preview?fileId=11059100&x=1280&y=819&a=true","foto2":"https://nlwkn.hannit-share.de/index.php/core/preview?fileId=11059103&x=1280&y=819&a=true","foto3":null,"foto4":null,"link1":null,"link2":null,"denkmal":"Nein","akz":null,"WR":"11/9909 (aktiv)","Ein_GWZ":null,"Ein_GKZ":null,"Ein_Name":null,"Ein_ord":"Einleitung","Ein_WKID":null,"Ein_DN":null,"Breite":null,"Hoehe":null,"NN_Sohle":0.0,"WK_NR":null,"URL_WKDB":null,"rwert":370158.0,"hwert":5830174.0},"geometry":{"type":"Point","coordinates":[7.08256,52.606044]}},
{"type":"Feature","properties":{"ID_con":523,"bw_id":"SNK_EIN_19120","name":"Rohreinlauf","GEW":"SNK","stat_von":19120.0,"bauart":"Rohreinlauf","baujahr":null,"upflicht":"??","KTR":null,"FSK":"033120003000610062__","bemerk":"??prüfen ob Einlauf vorhanden??","beschreib":"Rohreinlauf","beschreib_lang":null,"foto1":null,"foto2":null,"foto3":null,"foto4":null,"link1":null,"link2":null,"denkmal":"Nein","akz":null,"WR":null,"Ein_GWZ":null,"Ein_GKZ":null,"Ein_Name":null,"Ein_ord":"Sonstige","Ein_WKID":null,"Ein_DN":null,"Breite":null,"Hoehe":null,"NN_Sohle":0.0,"WK_NR":null,"URL_WKDB":null,"rwert":370397.0,"hwert":5830385.0},"geometry":{"type":"Point","coordinates":[7.086004,52.607997]}},
{"type":"Feature","properties":{"ID_con":524,"bw_id":"SNK_EIN_20460","name":"Grabeneinlauf","GEW":"SNK","stat_von":20460.0,"bauart":"Rohrdurchlass??","baujahr":null,"upflicht":"??","KTR":null,"FSK":"033118005001010031__","bemerk":"Einlauf prüfen","beschreib":"Grabeneinlauf","beschreib_lang":null,"foto1":null,"foto2":null,"foto3":null,"foto4":null,"link1":null,"link2":null,"denkmal":"Nein","akz":null,"WR":null,"Ein_GWZ":null,"Ein_GKZ":null,"Ein_Name":null,"Ein_ord":"3. Ordnung ??","Ein_WKID":null,"Ein_DN":null,"Breite":null,"Hoehe":null,"NN_Sohle":0.0,"WK_NR":null,"URL_WKDB":null,"rwert":371220.0,"hwert":5831439.0},"geometry":{"type":"Point","coordinates":[7.097741,52.617663]}},
{"type":"Feature","properties":{"ID_con":525,"bw_id":"SNK_EIN_20575","name":"Einmündung Graben??","GEW":"SNK","stat_von":20575.0,"bauart":"??","baujahr":null,"upflicht":"??","KTR":null,"FSK":"033118005001010031__","bemerk":"Einlauf und U-Pflicht prüfen","beschreib":"Einmündung Graben??","beschreib_lang":null,"foto1":null,"foto2":null,"foto3":null,"foto4":null,"link1":null,"link2":null,"denkmal":"Nein","akz":null,"WR":null,"Ein_GWZ":null,"Ein_GKZ":null,"Ein_Name":null,"Ein_ord":"3. Ordnung","Ein_WKID":null,"Ein_DN":null,"Breite":null,"Hoehe":null,"NN_Sohle":0.0,"WK_NR":null,"URL_WKDB":null,"rwert":371241.0,"hwert":5831556.0},"geometry":{"type":"Point","coordinates":[7.098005,52.618719]}},
{"type":"Feature","properties":{"ID_con":526,"bw_id":"SNK_EIN_20785","name":"Einmündung Graben??","GEW":"SNK","stat_von":20785.0,"bauart":"??","baujahr":null,"upflicht":"??","KTR":null,"FSK":"033118005001010031__","bemerk":"Einlauf und U-Pflicht prüfen","beschreib":"Einmündung Graben??","beschreib_lang":null,"foto1":null,"foto2":null,"foto3":null,"foto4":null,"link1":null,"link2":null,"denkmal":"Nein","akz":null,"WR":null,"Ein_GWZ":null,"Ein_GKZ":null,"Ein_Name":null,"Ein_ord":"3. Ordnung","Ein_WKID":null,"Ein_DN":null,"Breite":null,"Hoehe":null,"NN_Sohle":0.0,"WK_NR":null,"URL_WKDB":null,"rwert":371248.0,"hwert":5831768.0},"geometry":{"type":"Point","coordinates":[7.098026,52.620625]}},
{"type":"Feature","properties":{"ID_con":527,"bw_id":"SNK_EIN_21150","name":"Einmündung Graben??","GEW":"SNK","stat_von":21150.0,"bauart":"??Rohrdurchlass","baujahr":null,"upflicht":"??","KTR":null,"FSK":"033118005001010031__","bemerk":"Einlauf und U_Pflicht prüfen","beschreib":"Einmündung Graben??","beschreib_lang":null,"foto1":"https://nlwkn.hannit-share.de/index.php/core/preview?fileId=11059106&x=1280&y=819&a=true","foto2":null,"foto3":null,"foto4":null,"link1":null,"link2":null,"denkmal":"Nein","akz":null,"WR":null,"Ein_GWZ":null,"Ein_GKZ":null,"Ein_Name":null,"Ein_ord":"3. Ordnung","Ein_WKID":null,"Ein_DN":null,"Breite":null,"Hoehe":null,"NN_Sohle":0.0,"WK_NR":null,"URL_WKDB":null,"rwert":371259.0,"hwert":5832132.0},"geometry":{"type":"Point","coordinates":[7.098046,52.623899]}},
{"type":"Feature","properties":{"ID_con":528,"bw_id":"SNK_EIN_21530","name":"Einmündung Graben??","GEW":"SNK","stat_von":21530.0,"bauart":"??Rohrdurchlass","baujahr":null,"upflicht":"??","KTR":null,"FSK":"033118005001010031__","bemerk":"Einlauf und U_Pflicht prüfen","beschreib":"Einmündung Graben??","beschreib_lang":null,"foto1":null,"foto2":null,"foto3":null,"foto4":null,"link1":null,"link2":null,"denkmal":"Nein","akz":null,"WR":null,"Ein_GWZ":null,"Ein_GKZ":null,"Ein_Name":null,"Ein_ord":"3. Ordnung","Ein_WKID":null,"Ein_DN":null,"Breite":null,"Hoehe":null,"NN_Sohle":0.0,"WK_NR":null,"URL_WKDB":null,"rwert":371275.0,"hwert":5832511.0},"geometry":{"type":"Point","coordinates":[7.098135,52.627308]}},
{"type":"Feature","properties":{"ID_con":529,"bw_id":"SNK_EIN_21770","name":"Einleitung (KKA - Vahrenhorst)","GEW":"SNK","stat_von":21770.0,"bauart":"Rohreinleitung","baujahr":"2021","upflicht":"Vahrenhorst","KTR":null,"FSK":"033118013000090018__","bemerk":"Vertrag und Wasserrecht nachtragen","beschreib":"Einleitung (KKA - Vahrenhorst)","beschreib_lang":null,"foto1":null,"foto2":null,"foto3":null,"foto4":null,"link1":null,"link2":null,"denkmal":"Nein","akz":"27014-93-01","WR":null,"Ein_GWZ":null,"Ein_GKZ":null,"Ein_Name":null,"Ein_ord":"Sonstige","Ein_WKID":null,"Ein_DN":null,"Breite":null,"Hoehe":null,"NN_Sohle":0.0,"WK_NR":null,"URL_WKDB":null,"rwert":371262.0,"hwert":5832752.0},"geometry":{"type":"Point","coordinates":[7.097849,52.62947]}},
{"type":"Feature","properties":{"ID_con":530,"bw_id":"SNK_EIN_22115","name":"Grabeneinlauf","GEW":"SNK","stat_von":22115.0,"bauart":"Rohreinlauf","baujahr":null,"upflicht":"??","KTR":null,"FSK":"033118013000090018__","bemerk":null,"beschreib":"Grabeneinlauf","beschreib_lang":null,"foto1":"https://nlwkn.hannit-share.de/index.php/core/preview?fileId=11059109&x=1280&y=819&a=true","foto2":"https://nlwkn.hannit-share.de/index.php/core/preview?fileId=11059112&x=1280&y=819&a=true","foto3":"https://nlwkn.hannit-share.de/index.php/core/preview?fileId=11059115&x=1280&y=819&a=true","foto4":"https://nlwkn.hannit-share.de/index.php/core/preview?fileId=11059118&x=1280&y=819&a=true","link1":null,"link2":null,"denkmal":"Nein","akz":null,"WR":null,"Ein_GWZ":null,"Ein_GKZ":null,"Ein_Name":null,"Ein_ord":"3. Ordnung??","Ein_WKID":null,"Ein_DN":null,"Breite":null,"Hoehe":null,"NN_Sohle":0.0,"WK_NR":null,"URL_WKDB":null,"rwert":371273.0,"hwert":5833094.0},"geometry":{"type":"Point","coordinates":[7.097878,52.632546]}},
{"type":"Feature","properties":{"ID_con":531,"bw_id":"SNK_EIN_22140","name":"Grabeneinlauf","GEW":"SNK","stat_von":22140.0,"bauart":"Rohrdurchlass","baujahr":null,"upflicht":"??","KTR":null,"FSK":"033118013000090018__","bemerk":null,"beschreib":"Grabeneinlauf","beschreib_lang":null,"foto1":"https://nlwkn.hannit-share.de/index.php/core/preview?fileId=11059121&x=1280&y=819&a=true","foto2":null,"foto3":null,"foto4":null,"link1":null,"link2":null,"denkmal":"Nein","akz":null,"WR":null,"Ein_GWZ":null,"Ein_GKZ":null,"Ein_Name":null,"Ein_ord":"3. Ordnung??","Ein_WKID":null,"Ein_DN":null,"Breite":null,"Hoehe":null,"NN_Sohle":0.0,"WK_NR":null,"URL_WKDB":null,"rwert":371299.0,"hwert":5833117.0},"geometry":{"type":"Point","coordinates":[7.098253,52.632758]}},
{"type":"Feature","properties":{"ID_con":532,"bw_id":"SNK_EIN_22155","name":"Rohreinlauf","GEW":"SNK","stat_von":22155.0,"bauart":"Rohreinlauf","baujahr":null,"upflicht":null,"KTR":null,"FSK":"033118013000090018__","bemerk":null,"beschreib":"Rohreinlauf","beschreib_lang":null,"foto1":"https://nlwkn.hannit-share.de/index.php/core/preview?fileId=11059124&x=1280&y=819&a=true","foto2":"https://nlwkn.hannit-share.de/index.php/core/preview?fileId=11059127&x=1280&y=819&a=true","foto3":null,"foto4":null,"link1":null,"link2":null,"denkmal":"Nein","akz":null,"WR":null,"Ein_GWZ":null,"Ein_GKZ":null,"Ein_Name":null,"Ein_ord":"Sonstige","Ein_WKID":null,"Ein_DN":null,"Breite":null,"Hoehe":null,"NN_Sohle":0.0,"WK_NR":null,"URL_WKDB":null,"rwert":371299.0,"hwert":5833172.0},"geometry":{"type":"Point","coordinates":[7.098232,52.633253]}},
{"type":"Feature","properties":{"ID_con":533,"bw_id":"SNK_EIN_22260","name":"Rohrdurchlass??","GEW":"SNK","stat_von":22260.0,"bauart":"Rohrdurchlass","baujahr":null,"upflicht":"??","KTR":null,"FSK":"033118010000040019__","bemerk":"Einmündung unter WSP, Prüfen ob vorhanden","beschreib":"Rohrdurchlass??","beschreib_lang":null,"foto1":"https://nlwkn.hannit-share.de/index.php/core/preview?fileId=11059130&x=1280&y=819&a=true","foto2":null,"foto3":null,"foto4":null,"link1":null,"link2":null,"denkmal":"Nein","akz":null,"WR":null,"Ein_GWZ":null,"Ein_GKZ":null,"Ein_Name":null,"Ein_ord":"3. Ordnung ??","Ein_WKID":null,"Ein_DN":null,"Breite":null,"Hoehe":null,"NN_Sohle":0.0,"WK_NR":null,"URL_WKDB":null,"rwert":371301.0,"hwert":5833241.0},"geometry":{"type":"Point","coordinates":[7.098234,52.633873]}},
{"type":"Feature","properties":{"ID_con":534,"bw_id":"SNK_EIN_22350","name":"Rohrdurchlass?","GEW":"SNK","stat_von":22350.0,"bauart":"Rohrdurchlass","baujahr":null,"upflicht":"??","KTR":null,"FSK":"033118010000040019__","bemerk":"Einlauf unter WSP, prüfen??","beschreib":"Rohrdurchlass?","beschreib_lang":null,"foto1":"https://nlwkn.hannit-share.de/index.php/core/preview?fileId=11059133&x=1280&y=819&a=true","foto2":"https://nlwkn.hannit-share.de/index.php/core/preview?fileId=11059136&x=1280&y=819&a=true","foto3":null,"foto4":null,"link1":null,"link2":null,"denkmal":"Nein","akz":null,"WR":null,"Ein_GWZ":null,"Ein_GKZ":null,"Ein_Name":null,"Ein_ord":"3. Ordnung ??","Ein_WKID":null,"Ein_DN":null,"Breite":null,"Hoehe":null,"NN_Sohle":0.0,"WK_NR":null,"URL_WKDB":null,"rwert":371307.0,"hwert":5833328.0},"geometry":{"type":"Point","coordinates":[7.098289,52.634656]}},
{"type":"Feature","properties":{"ID_con":535,"bw_id":"SNK_EIN_22510","name":"Rohreinmündung (OW-Entwässerung Baugebiet BPlan Nr. 59)","GEW":"SNK","stat_von":22510.0,"bauart":"??Rohrdurchlass","baujahr":null,"upflicht":"Gemeinde Twist??","KTR":null,"FSK":"033118010000040019__","bemerk":null,"beschreib":"Rohreinmündung (OW-Entwässerung Baugebiet BPlan Nr. 59)","beschreib_lang":null,"foto1":null,"foto2":null,"foto3":null,"foto4":null,"link1":null,"link2":null,"denkmal":"Nein","akz":null,"WR":null,"Ein_GWZ":null,"Ein_GKZ":null,"Ein_Name":null,"Ein_ord":"Einleitung","Ein_WKID":null,"Ein_DN":null,"Breite":null,"Hoehe":null,"NN_Sohle":0.0,"WK_NR":null,"URL_WKDB":null,"rwert":371292.0,"hwert":5833492.0},"geometry":{"type":"Point","coordinates":[7.098004,52.636126]}},
{"type":"Feature","properties":{"ID_con":536,"bw_id":"SNK_EIN_22730","name":"Rohreinmündung (OW-Entwässerung Baugebiet BPlan Nr. 59)","GEW":"SNK","stat_von":22730.0,"bauart":"??Rohrdurchlass","baujahr":null,"upflicht":"Gemeinde Twist??","KTR":null,"FSK":"033118010000040019__","bemerk":null,"beschreib":"Rohreinmündung (OW-Entwässerung Baugebiet BPlan Nr. 59)","beschreib_lang":null,"foto1":null,"foto2":null,"foto3":null,"foto4":null,"link1":null,"link2":null,"denkmal":"Nein","akz":null,"WR":null,"Ein_GWZ":null,"Ein_GKZ":null,"Ein_Name":null,"Ein_ord":"Einleitung","Ein_WKID":null,"Ein_DN":null,"Breite":null,"Hoehe":null,"NN_Sohle":0.0,"WK_NR":null,"URL_WKDB":null,"rwert":371298.0,"hwert":5833709.0},"geometry":{"type":"Point","coordinates":[7.098008,52.638077]}},
{"type":"Feature","properties":{"ID_con":537,"bw_id":"SNK_EIN_22820","name":"OW-Einleit., Gemeinde Twist, Rühlerfeld","GEW":"SNK","stat_von":22820.0,"bauart":"??Rohrdurchlass","baujahr":null,"upflicht":"Gemeinde Twist","KTR":null,"FSK":"033118010000040019__","bemerk":"B-001 (aktiv, real) , OW-Einl., Gemeinde Twist, RÃ","beschreib":"OW-Einleit., Gemeinde Twist, Rühlerfeld","beschreib_lang":null,"foto1":null,"foto2":null,"foto3":null,"foto4":null,"link1":null,"link2":null,"denkmal":"Nein","akz":null,"WR":"11/13435 (aktiv)","Ein_GWZ":null,"Ein_GKZ":null,"Ein_Name":null,"Ein_ord":"Einleitung","Ein_WKID":null,"Ein_DN":null,"Breite":null,"Hoehe":null,"NN_Sohle":0.0,"WK_NR":null,"URL_WKDB":null,"rwert":371270.0,"hwert":5833805.0},"geometry":{"type":"Point","coordinates":[7.097557,52.638933]}},
{"type":"Feature","properties":{"ID_con":538,"bw_id":"SNK_EIN_22845","name":"Rohreinlauf","GEW":"SNK","stat_von":22845.0,"bauart":"Rohreinlauf","baujahr":null,"upflicht":null,"KTR":null,"FSK":"033118010000040019__","bemerk":null,"beschreib":"Rohreinlauf","beschreib_lang":null,"foto1":"https://nlwkn.hannit-share.de/index.php/core/preview?fileId=11059139&x=1280&y=819&a=true","foto2":"https://nlwkn.hannit-share.de/index.php/core/preview?fileId=11059142&x=1280&y=819&a=true","foto3":null,"foto4":null,"link1":null,"link2":null,"denkmal":"Nein","akz":null,"WR":null,"Ein_GWZ":null,"Ein_GKZ":null,"Ein_Name":null,"Ein_ord":"Sonstige","Ein_WKID":null,"Ein_DN":null,"Breite":null,"Hoehe":null,"NN_Sohle":0.0,"WK_NR":null,"URL_WKDB":null,"rwert":371322.0,"hwert":5833825.0},"geometry":{"type":"Point","coordinates":[7.098317,52.639125]}},
{"type":"Feature","properties":{"ID_con":539,"bw_id":"SNK_EIN_22915","name":"Rohreinmündung (OW-Entwässerung Baugebiet BPlan Nr. 59)","GEW":"SNK","stat_von":22915.0,"bauart":"??Rohrdurchlass","baujahr":null,"upflicht":"Gemeinde Twist??","KTR":null,"FSK":"033118010000040019__","bemerk":null,"beschreib":"Rohreinmündung (OW-Entwässerung Baugebiet BPlan Nr. 59)","beschreib_lang":null,"foto1":"https://nlwkn.hannit-share.de/index.php/core/preview?fileId=11059145&x=1280&y=819&a=true","foto2":"https://nlwkn.hannit-share.de/index.php/core/preview?fileId=11059148&x=1280&y=819&a=true","foto3":"https://nlwkn.hannit-share.de/index.php/core/preview?fileId=11059151&x=1280&y=819&a=true","foto4":null,"link1":null,"link2":null,"denkmal":"Nein","akz":null,"WR":null,"Ein_GWZ":null,"Ein_GKZ":null,"Ein_Name":null,"Ein_ord":"Einleitung","Ein_WKID":null,"Ein_DN":null,"Breite":null,"Hoehe":null,"NN_Sohle":0.0,"WK_NR":null,"URL_WKDB":null,"rwert":371305.0,"hwert":5833898.0},"geometry":{"type":"Point","coordinates":[7.098037,52.639777]}},
{"type":"Feature","properties":{"ID_con":540,"bw_id":"SNK_EIN_22940","name":"Einmündung Rühlermoorschloot","GEW":"SNK","stat_von":22940.0,"bauart":"Kastendurchlass?? mit Brücke","baujahr":null,"upflicht":"101","KTR":null,"FSK":"033118010000040019__","bemerk":"Einlauf prüfen","beschreib":"Einmündung Rühlermoorschloot","beschreib_lang":null,"foto1":"https://nlwkn.hannit-share.de/index.php/core/preview?fileId=11059154&x=1280&y=819&a=true","foto2":null,"foto3":null,"foto4":null,"link1":null,"link2":null,"denkmal":"Nein","akz":null,"WR":null,"Ein_GWZ":3734212,"Ein_GKZ":37342129,"Ein_Name":"Rühlermoorschloot","Ein_ord":"2. Ordnung","Ein_WKID":null,"Ein_DN":null,"Breite":null,"Hoehe":null,"NN_Sohle":0.0,"WK_NR":null,"URL_WKDB":null,"rwert":371331.0,"hwert":5833918.0},"geometry":{"type":"Point","coordinates":[7.098414,52.639963]}},
{"type":"Feature","properties":{"ID_con":541,"bw_id":"SNK_EIN_23105","name":"Rohreinlauf","GEW":"SNK","stat_von":23105.0,"bauart":"Rohreinlauf (Betonrohr)","baujahr":null,"upflicht":"??","KTR":null,"FSK":"033118010000040019__","bemerk":null,"beschreib":"Rohreinlauf","beschreib_lang":null,"foto1":"https://nlwkn.hannit-share.de/index.php/core/preview?fileId=11059157&x=1280&y=819&a=true","foto2":"https://nlwkn.hannit-share.de/index.php/core/preview?fileId=11059160&x=1280&y=819&a=true","foto3":null,"foto4":null,"link1":null,"link2":null,"denkmal":"Nein","akz":null,"WR":null,"Ein_GWZ":null,"Ein_GKZ":null,"Ein_Name":null,"Ein_ord":"Sonstige","Ein_WKID":null,"Ein_DN":null,"Breite":null,"Hoehe":null,"NN_Sohle":0.0,"WK_NR":null,"URL_WKDB":null,"rwert":371314.0,"hwert":5834090.0},"geometry":{"type":"Point","coordinates":[7.098095,52.641504]}},
{"type":"Feature","properties":{"ID_con":542,"bw_id":"SNK_EIN_23120","name":"Rohreinlauf (PVC-Rohr)","GEW":"SNK","stat_von":23120.0,"bauart":"Rohreinlauf (PVC-Rohr)","baujahr":null,"upflicht":"??","KTR":null,"FSK":"033118010000040019__","bemerk":"widerrechtliche Entnahmestelle??","beschreib":"Rohreinlauf (PVC-Rohr)","beschreib_lang":null,"foto1":"https://nlwkn.hannit-share.de/index.php/core/preview?fileId=11059163&x=1280&y=819&a=true","foto2":"https://nlwkn.hannit-share.de/index.php/core/preview?fileId=11059166&x=1280&y=819&a=true","foto3":null,"foto4":null,"link1":null,"link2":null,"denkmal":"Nein","akz":null,"WR":null,"Ein_GWZ":null,"Ein_GKZ":null,"Ein_Name":null,"Ein_ord":"Sonstige","Ein_WKID":null,"Ein_DN":null,"Breite":null,"Hoehe":null,"NN_Sohle":0.0,"WK_NR":null,"URL_WKDB":null,"rwert":371333.0,"hwert":5834101.0},"geometry":{"type":"Point","coordinates":[7.098372,52.641608]}},
{"type":"Feature","properties":{"ID_con":543,"bw_id":"SNK_EIN_23205","name":"Einmündung Hauptvorfluter Süd","GEW":"SNK","stat_von":23205.0,"bauart":"Rohrdurchlass mit Brücke","baujahr":null,"upflicht":"101","KTR":null,"FSK":"033118010000040019__","bemerk":null,"beschreib":"Einmündung Hauptvorfluter Süd","beschreib_lang":null,"foto1":"https://nlwkn.hannit-share.de/index.php/core/preview?fileId=11059169&x=1280&y=819&a=true","foto2":"https://nlwkn.hannit-share.de/index.php/core/preview?fileId=11059172&x=1280&y=819&a=true","foto3":"https://nlwkn.hannit-share.de/index.php/core/preview?fileId=11059175&x=1280&y=819&a=true","foto4":null,"link1":null,"link2":null,"denkmal":"Nein","akz":null,"WR":null,"Ein_GWZ":3734214,"Ein_GKZ":3734214,"Ein_Name":"Hauptvorfluter Süd","Ein_ord":"2. Ordnung","Ein_WKID":null,"Ein_DN":null,"Breite":null,"Hoehe":null,"NN_Sohle":0.0,"WK_NR":null,"URL_WKDB":null,"rwert":371300.0,"hwert":5834184.0},"geometry":{"type":"Point","coordinates":[7.097852,52.642346]}},
{"type":"Feature","properties":{"ID_con":1807,"bw_id":"SNK_EIN_23480","name":"Rohreinleitung","GEW":"SNK","stat_von":23480.0,"bauart":"Rohreinleitung (PVC-Rohr)","baujahr":null,"upflicht":"??","KTR":null,"FSK":"033118011000120004__","bemerk":null,"beschreib":"Rohreinleitung","beschreib_lang":null,"foto1":"https://nlwkn.hannit-share.de/index.php/core/preview?fileId=11059178&x=1280&y=819&a=true","foto2":"https://nlwkn.hannit-share.de/index.php/core/preview?fileId=11059181&x=1280&y=819&a=true","foto3":null,"foto4":null,"link1":null,"link2":null,"denkmal":"Nein","akz":null,"WR":null,"Ein_GWZ":null,"Ein_GKZ":null,"Ein_Name":null,"Ein_ord":"Sonstige","Ein_WKID":null,"Ein_DN":null,"Breite":null,"Hoehe":null,"NN_Sohle":0.0,"WK_NR":null,"URL_WKDB":null,"rwert":371343.0,"hwert":5834461.0},"geometry":{"type":"Point","coordinates":[7.098379,52.644845]}},
{"type":"Feature","properties":{"ID_con":552,"bw_id":"SNK_EIN_27545","name":"Einmündung Graben??","GEW":"SNK","stat_von":27545.0,"bauart":"??Rohrdurchlass","baujahr":null,"upflicht":"??","KTR":null,"FSK":"033118036000010371__","bemerk":"Einlauf und U_Pflicht prüfen","beschreib":"Einmündung Graben??","beschreib_lang":null,"foto1":null,"foto2":null,"foto3":null,"foto4":null,"link1":null,"link2":null,"denkmal":"Nein","akz":null,"WR":null,"Ein_GWZ":null,"Ein_GKZ":null,"Ein_Name":null,"Ein_ord":"3. Ordnung","Ein_WKID":null,"Ein_DN":null,"Breite":null,"Hoehe":null,"NN_Sohle":0.0,"WK_NR":null,"URL_WKDB":null,"rwert":371309.0,"hwert":5838495.0},"geometry":{"type":"Point","coordinates":[7.096302,52.681082]}},
{"type":"Feature","properties":{"ID_con":553,"bw_id":"SNK_EIN_28140","name":"Einmündung Graben","GEW":"SNK","stat_von":28140.0,"bauart":"??Freie Einmündung","baujahr":null,"upflicht":"NLWKN??","KTR":null,"FSK":"033118036000010371__","bemerk":"Einlauf und U_Pflicht prüfen","beschreib":"Einmündung Graben","beschreib_lang":null,"foto1":null,"foto2":null,"foto3":null,"foto4":null,"link1":null,"link2":null,"denkmal":"Nein","akz":null,"WR":null,"Ein_GWZ":null,"Ein_GKZ":null,"Ein_Name":null,"Ein_ord":"3. Ordnung","Ein_WKID":null,"Ein_DN":null,"Breite":null,"Hoehe":null,"NN_Sohle":0.0,"WK_NR":null,"URL_WKDB":null,"rwert":371360.0,"hwert":5839087.0},"geometry":{"type":"Point","coordinates":[7.096825,52.686413]}},
{"type":"Feature","properties":{"ID_con":554,"bw_id":"SNK_EIN_28870","name":"Einündung Westlicher Provinzialmoorschloot","GEW":"SNK","stat_von":28870.0,"bauart":"Freie Einmündung","baujahr":"1972","upflicht":"101","KTR":null,"FSK":"033118038000010121__","bemerk":null,"beschreib":"Etwa 1,5 km nördlich des Schöpfwerks Annaveenmoorschloot leitet von der Ostseite in freier Vorflut der Westliche Provinzialmoorschloot in den Süd-Nord-Kanal ein.","beschreib_lang":"Etwa 1,5 km nördlich des Schöpfwerks leitet von der Ostseite der Westliche Provinzialmoorschloot in den Süd-Nord-Kanal ein. Das nach einem Entwurf aus dem Jahre 1972 ausgebaute Gewässer mündet in freier Vorflut in den Süd-Nord-Kanal, weist jedoch durch den Rückstau aus dem Kanal hohe Mittelwasserstände auf.","foto1":null,"foto2":null,"foto3":null,"foto4":null,"link1":null,"link2":null,"denkmal":"Nein","akz":null,"WR":null,"Ein_GWZ":373422,"Ein_GKZ":373422,"Ein_Name":"Westlicher Provinzialmoorschloot","Ein_ord":"2. Ordnung","Ein_WKID":null,"Ein_DN":null,"Breite":null,"Hoehe":null,"NN_Sohle":0.0,"WK_NR":null,"URL_WKDB":null,"rwert":371427.0,"hwert":5839814.0},"geometry":{"type":"Point","coordinates":[7.097532,52.692961]}},
{"type":"Feature","properties":{"ID_con":555,"bw_id":"SNK_EIN_28875","name":"Einmündung Schloot??","GEW":"SNK","stat_von":28875.0,"bauart":"Kastendurchlass?? mit Brücke","baujahr":null,"upflicht":"??","KTR":null,"FSK":"033118038000010121__","bemerk":"Einlauf und U-Pflicht prüfen","beschreib":"Einmündung Schloot??","beschreib_lang":null,"foto1":null,"foto2":null,"foto3":null,"foto4":null,"link1":null,"link2":null,"denkmal":"Nein","akz":null,"WR":null,"Ein_GWZ":null,"Ein_GKZ":null,"Ein_Name":null,"Ein_ord":"??Sonstige","Ein_WKID":null,"Ein_DN":null,"Breite":null,"Hoehe":null,"NN_Sohle":0.0,"WK_NR":null,"URL_WKDB":null,"rwert":371403.0,"hwert":5839826.0},"geometry":{"type":"Point","coordinates":[7.097172,52.693063]}},
{"type":"Feature","properties":{"ID_con":2471,"bw_id":"SNK_EIN_30125","name":"Rohreinlauf Entwässerungsgraben Torfabbau Grindtsveen","GEW":"SNK","stat_von":30125.0,"bauart":"Rohreinlauf","baujahr":"2007","upflicht":"??","KTR":null,"FSK":"033118041000010832__","bemerk":"Daten aus der Nachgenehmigung nachladen","beschreib":"Rohrdurchlass im Zuge des Ausbaus von Entwässerungsgräben im Zuge des Torfabbaus in Twist- Schöninghsdorf. Plangenehmigung - Griendtsveen-Erica BV, Twist, LK Emsland","beschreib_lang":"Rohrdurchlass im Zuge des Ausbaus von Entwässerungsgräben im Zuge des Torfabbaus in Twist- Schöninghsdorf. Plangenehmigung - Griendtsveen-Erica BV, Twist, LK Emsland.","foto1":"https://nlwkn.hannit-share.de/index.php/core/preview?fileId=11059199&x=1280&y=819&a=true","foto2":"https://nlwkn.hannit-share.de/index.php/core/preview?fileId=11059202&x=1280&y=819&a=true","foto3":"https://nlwkn.hannit-share.de/index.php/core/preview?fileId=11059205&x=1280&y=819&a=true","foto4":"https://nlwkn.hannit-share.de/index.php/core/preview?fileId=11059208&x=1280&y=819&a=true","link1":"https://nlwkn.hannit-share.de/index.php/core/preview?fileId=11059211&x=1280&y=819&a=true","link2":"https://nlwkn.hannit-share.de/index.php/core/preview?fileId=11059214&x=1280&y=819&a=true","denkmal":"Nein","akz":null,"WR":null,"Ein_GWZ":null,"Ein_GKZ":null,"Ein_Name":null,"Ein_ord":"Dritter Ordnung","Ein_WKID":null,"Ein_DN":null,"Breite":null,"Hoehe":null,"NN_Sohle":null,"WK_NR":null,"URL_WKDB":null,"rwert":371536.0,"hwert":5841066.5},"geometry":{"type":"Point","coordinates":[7.098654,52.704241]}},
{"type":"Feature","properties":{"ID_con":556,"bw_id":"SNK_EIN_30525","name":"Einmündung Wieke","GEW":"SNK","stat_von":30525.0,"bauart":"Kastendurchlass?? mit Brücke","baujahr":null,"upflicht":"??","KTR":null,"FSK":"033118041000010832__","bemerk":"Einlauf und U-Pflicht prüfen","beschreib":"Einmündung Wieke","beschreib_lang":null,"foto1":null,"foto2":null,"foto3":null,"foto4":null,"link1":null,"link2":null,"denkmal":"Nein","akz":null,"WR":null,"Ein_GWZ":3734232,"Ein_GKZ":3734232,"Ein_Name":"Wieke","Ein_ord":"??Sonstige","Ein_WKID":null,"Ein_DN":null,"Breite":null,"Hoehe":null,"NN_Sohle":0.0,"WK_NR":null,"URL_WKDB":null,"rwert":371560.0,"hwert":5841462.0},"geometry":{"type":"Point","coordinates":[7.098855,52.7078]}},
{"type":"Feature","properties":{"ID_con":2495,"bw_id":"SNK_EIN_30730","name":"Rohreinlauf","GEW":"SNK","stat_von":30730.0,"bauart":"Rohrdurchlass","baujahr":null,"upflicht":"Gemeinde Twist??","KTR":null,"FSK":"033118041000010583__","bemerk":"Könnte auch mit ID1: 557, ID2: SNK_EIN_30770 zusammenhängen","beschreib":"Rohreinlauf uh. Kirchbrücke","beschreib_lang":null,"foto1":"https://nlwkn.hannit-share.de/index.php/core/preview?fileId=11059217&x=1280&y=819&a=true","foto2":null,"foto3":null,"foto4":null,"link1":null,"link2":null,"denkmal":"Nein","akz":null,"WR":null,"Ein_GWZ":null,"Ein_GKZ":null,"Ein_Name":null,"Ein_ord":"Sonstige","Ein_WKID":null,"Ein_DN":null,"Breite":null,"Hoehe":null,"NN_Sohle":0.0,"WK_NR":null,"URL_WKDB":null,"rwert":371594.0,"hwert":5841669.0},"geometry":{"type":"Point","coordinates":[7.099277,52.709668]}},
{"type":"Feature","properties":{"ID_con":557,"bw_id":"SNK_EIN_30770","name":"OW-Einleit.,Gem.Twist, Kastanienallee (B-001)","GEW":"SNK","stat_von":30770.0,"bauart":"??Rohrdurchlass","baujahr":null,"upflicht":"Gemeinde Twist","KTR":null,"FSK":"033118041000010583__","bemerk":"B-001 (aktiv, real) , OW-Einl.,Gem.Twist, Kastanie","beschreib":"OW-Einleit.,Gem.Twist, Kastanienallee (B-001)","beschreib_lang":null,"foto1":null,"foto2":null,"foto3":null,"foto4":null,"link1":null,"link2":null,"denkmal":"Nein","akz":null,"WR":"11/13464 (aktiv)","Ein_GWZ":null,"Ein_GKZ":null,"Ein_Name":null,"Ein_ord":"Einleitung","Ein_WKID":null,"Ein_DN":null,"Breite":null,"Hoehe":null,"NN_Sohle":0.0,"WK_NR":null,"URL_WKDB":null,"rwert":371610.0,"hwert":5841705.0},"geometry":{"type":"Point","coordinates":[7.0995,52.709995]}},
{"type":"Feature","properties":{"ID_con":558,"bw_id":"SNK_EIN_30810","name":"OW-Einleit.,Gem.Twist, Kastanienallee (B-002)","GEW":"SNK","stat_von":30810.0,"bauart":"??Rohrdurchlass","baujahr":null,"upflicht":"Gemeinde Twist","KTR":null,"FSK":"033118041000010583__","bemerk":"B-002 (aktiv, real) , OW-Einl.,Gem.Twist, Kastanie","beschreib":"OW-Einleit.,Gem.Twist, Kastanienallee (B-002)","beschreib_lang":null,"foto1":null,"foto2":null,"foto3":null,"foto4":null,"link1":null,"link2":null,"denkmal":"Nein","akz":null,"WR":"11/13464 (aktiv)","Ein_GWZ":null,"Ein_GKZ":null,"Ein_Name":null,"Ein_ord":"Einleitung","Ein_WKID":null,"Ein_DN":null,"Breite":null,"Hoehe":null,"NN_Sohle":0.0,"WK_NR":null,"URL_WKDB":null,"rwert":371611.0,"hwert":5841745.0},"geometry":{"type":"Point","coordinates":[7.099499,52.710355]}},
{"type":"Feature","properties":{"ID_con":559,"bw_id":"SNK_EIN_31485","name":"Abzweig Schöninghsdorf-Hoogeveen-Kanal","GEW":"SNK","stat_von":31485.0,"bauart":"Durchlass","baujahr":null,"upflicht":"NLWKN","KTR":null,"FSK":"033118041000010583__","bemerk":null,"beschreib":"Abzweig Schöninghsdorf-Hoogeveen-Kanal","beschreib_lang":null,"foto1":"https://nlwkn.hannit-share.de/index.php/core/preview?fileId=11349870&x=1280&y=819&a=true","foto2":"https://nlwkn.hannit-share.de/index.php/core/preview?fileId=11349868&x=1280&y=819&a=true","foto3":"https://nlwkn.hannit-share.de/index.php/core/preview?fileId=11349867&x=1280&y=819&a=true","foto4":"https://nlwkn.hannit-share.de/index.php/core/preview?fileId=11349869&x=1280&y=819&a=true","link1":null,"link2":null,"denkmal":"Nein","akz":null,"WR":null,"Ein_GWZ":3734234,"Ein_GKZ":3734234,"Ein_Name":"Schöninghsdorf-Hoogeveen-Kanal","Ein_ord":"1. Ordnung","Ein_WKID":null,"Ein_DN":null,"Breite":null,"Hoehe":null,"NN_Sohle":0.0,"WK_NR":null,"URL_WKDB":null,"rwert":371654.0,"hwert":5842418.0},"geometry":{"type":"Point","coordinates":[7.099872,52.716412]}},
{"type":"Feature","properties":{"ID_con":560,"bw_id":"SNK_EIN_31560","name":"Einmündung Graben??","GEW":"SNK","stat_von":31560.0,"bauart":"Rohrdurchlass mit Einlaufbauwerk","baujahr":null,"upflicht":"??","KTR":null,"FSK":"033118041000010583__","bemerk":null,"beschreib":"Rohrdurchlass mit Einlaufbauwerk","beschreib_lang":null,"foto1":"https://nlwkn.hannit-share.de/index.php/core/preview?fileId=11059220&x=1280&y=819&a=true","foto2":"https://nlwkn.hannit-share.de/index.php/core/preview?fileId=11059223&x=1280&y=819&a=true","foto3":"https://nlwkn.hannit-share.de/index.php/core/preview?fileId=11059226&x=1280&y=819&a=true","foto4":null,"link1":null,"link2":null,"denkmal":"Nein","akz":null,"WR":null,"Ein_GWZ":null,"Ein_GKZ":null,"Ein_Name":null,"Ein_ord":"3. Ordnung","Ein_WKID":null,"Ein_DN":null,"Breite":null,"Hoehe":null,"NN_Sohle":0.0,"WK_NR":null,"URL_WKDB":null,"rwert":371670.0,"hwert":5842491.0},"geometry":{"type":"Point","coordinates":[7.10008,52.717071]}},
{"type":"Feature","properties":{"ID_con":2476,"bw_id":"SNK_EIN_32185","name":"Einlaufbauwerk Moorentwässerungsgraben","GEW":"SNK","stat_von":32185.0,"bauart":"Rohrdurchlass","baujahr":"2001","upflicht":"Gemeinde Twist / Fa. Düsovit (Johannes Dues GmbH)","KTR":null,"FSK":"033118045000010030__","bemerk":null,"beschreib":"Einlaufbauwerk Moorentwässerungsgraben lt. Genehmigung vom 18.10.2001","beschreib_lang":null,"foto1":"https://nlwkn.hannit-share.de/index.php/core/preview?fileId=11059232&x=1280&y=819&a=true","foto2":"https://nlwkn.hannit-share.de/index.php/core/preview?fileId=11059235&x=1280&y=819&a=true","foto3":"https://nlwkn.hannit-share.de/index.php/core/preview?fileId=11059238&x=1280&y=819&a=true","foto4":"https://nlwkn.hannit-share.de/index.php/core/preview?fileId=11059241&x=1280&y=819&a=true","link1":"https://nlwkn.hannit-share.de/index.php/core/preview?fileId=11059244&x=1280&y=819&a=true","link2":"https://nlwkn.hannit-share.de/index.php/core/preview?fileId=11059247&x=1280&y=819&a=true","denkmal":"Nein","akz":null,"WR":null,"Ein_GWZ":null,"Ein_GKZ":null,"Ein_Name":null,"Ein_ord":"Dritter Ordnung","Ein_WKID":null,"Ein_DN":1000,"Breite":null,"Hoehe":null,"NN_Sohle":15.2,"WK_NR":null,"URL_WKDB":null,"rwert":371726.0,"hwert":5843116.0},"geometry":{"type":"Point","coordinates":[7.100665,52.7227]}},
{"type":"Feature","properties":{"ID_con":563,"bw_id":"SNK_EIN_32380","name":"Einmündung Graben/Teich","GEW":"SNK","stat_von":32380.0,"bauart":"Kastendurchlass??(Brücke)","baujahr":null,"upflicht":"??","KTR":null,"FSK":"033118045000010030__","bemerk":null,"beschreib":"Einmündung Graben/Teich","beschreib_lang":null,"foto1":"https://nlwkn.hannit-share.de/index.php/core/preview?fileId=11059250&x=1280&y=819&a=true","foto2":null,"foto3":null,"foto4":null,"link1":null,"link2":null,"denkmal":"Nein","akz":null,"WR":null,"Ein_GWZ":null,"Ein_GKZ":null,"Ein_Name":null,"Ein_ord":"3. Ordnung","Ein_WKID":null,"Ein_DN":null,"Breite":null,"Hoehe":null,"NN_Sohle":0.0,"WK_NR":null,"URL_WKDB":null,"rwert":371707.0,"hwert":5843311.0},"geometry":{"type":"Point","coordinates":[7.100308,52.724448]}},
{"type":"Feature","properties":{"ID_con":564,"bw_id":"SNK_EIN_32595","name":"Einleitung Graben??","GEW":"SNK","stat_von":32595.0,"bauart":"Rohrdurchlass","baujahr":null,"upflicht":"??","KTR":null,"FSK":"033118045000010030__","bemerk":null,"beschreib":"Einleitung Graben??","beschreib_lang":null,"foto1":"https://nlwkn.hannit-share.de/index.php/core/preview?fileId=11059253&x=1280&y=819&a=true","foto2":"https://nlwkn.hannit-share.de/index.php/core/preview?fileId=11059256&x=1280&y=819&a=true","foto3":null,"foto4":null,"link1":null,"link2":null,"denkmal":"Nein","akz":null,"WR":null,"Ein_GWZ":null,"Ein_GKZ":null,"Ein_Name":null,"Ein_ord":"??Sonstige","Ein_WKID":null,"Ein_DN":null,"Breite":null,"Hoehe":null,"NN_Sohle":0.0,"WK_NR":null,"URL_WKDB":null,"rwert":371743.0,"hwert":5843524.0},"geometry":{"type":"Point","coordinates":[7.100757,52.72637]}},
{"type":"Feature","properties":{"ID_con":565,"bw_id":"SNK_EIN_33315","name":"Einmündung Graben","GEW":"SNK","stat_von":33315.0,"bauart":"Freie Einmündung","baujahr":null,"upflicht":"??","KTR":null,"FSK":"033102028000280009__","bemerk":null,"beschreib":"Einmündung Graben","beschreib_lang":null,"foto1":"https://nlwkn.hannit-share.de/index.php/core/preview?fileId=11059259&x=1280&y=819&a=true","foto2":null,"foto3":null,"foto4":null,"link1":null,"link2":null,"denkmal":"Nein","akz":null,"WR":null,"Ein_GWZ":3734236,"Ein_GKZ":3734236,"Ein_Name":null,"Ein_ord":"3. Ordnung","Ein_WKID":null,"Ein_DN":null,"Breite":null,"Hoehe":null,"NN_Sohle":0.0,"WK_NR":null,"URL_WKDB":null,"rwert":371809.0,"hwert":5844242.0},"geometry":{"type":"Point","coordinates":[7.101454,52.732837]}},
{"type":"Feature","properties":{"ID_con":566,"bw_id":"SNK_EIN_35005","name":"Einmündung Thesinggraben","GEW":"SNK","stat_von":35005.0,"bauart":"Freie Einmündung unter Brücke","baujahr":null,"upflicht":"101","KTR":null,"FSK":"033102030000140143__","bemerk":null,"beschreib":"Einmündung Thesinggraben","beschreib_lang":null,"foto1":"https://nlwkn.hannit-share.de/index.php/core/preview?fileId=11059262&x=1280&y=819&a=true","foto2":"https://nlwkn.hannit-share.de/index.php/core/preview?fileId=11059265&x=1280&y=819&a=true","foto3":null,"foto4":null,"link1":null,"link2":null,"denkmal":"Nein","akz":null,"WR":null,"Ein_GWZ":373424,"Ein_GKZ":3734249,"Ein_Name":"Thesinggraben","Ein_ord":"2. Ordnung","Ein_WKID":null,"Ein_DN":null,"Breite":null,"Hoehe":null,"NN_Sohle":0.0,"WK_NR":null,"URL_WKDB":null,"rwert":371963.0,"hwert":5845925.0},"geometry":{"type":"Point","coordinates":[7.103076,52.747995]}},
{"type":"Feature","properties":{"ID_con":567,"bw_id":"SNK_EIN_35015","name":"??Einmündung Graben","GEW":"SNK","stat_von":35015.0,"bauart":"Rohrdurchlass","baujahr":null,"upflicht":"??","KTR":null,"FSK":"033102030000140143__","bemerk":"kein Gewässer zugeordnet??","beschreib":"??Einmündung Graben","beschreib_lang":null,"foto1":"https://nlwkn.hannit-share.de/index.php/core/preview?fileId=11059268&x=1280&y=819&a=true","foto2":"https://nlwkn.hannit-share.de/index.php/core/preview?fileId=11059271&x=1280&y=819&a=true","foto3":null,"foto4":null,"link1":null,"link2":null,"denkmal":"Nein","akz":null,"WR":null,"Ein_GWZ":null,"Ein_GKZ":null,"Ein_Name":null,"Ein_ord":"3. Ordnung","Ein_WKID":null,"Ein_DN":null,"Breite":null,"Hoehe":null,"NN_Sohle":0.0,"WK_NR":null,"URL_WKDB":null,"rwert":371996.0,"hwert":5845927.0},"geometry":{"type":"Point","coordinates":[7.103564,52.748021]}},
{"type":"Feature","properties":{"ID_con":568,"bw_id":"SNK_EIN_35065","name":"Einmündung Graben","GEW":"SNK","stat_von":35065.0,"bauart":"Rohrdurchlass","baujahr":null,"upflicht":"??","KTR":null,"FSK":"033102030000140046__","bemerk":"Rohrdurchlass mit vorgeschaltetem Absturzbauwerk??","beschreib":"Einmündung Graben","beschreib_lang":null,"foto1":"https://nlwkn.hannit-share.de/index.php/core/preview?fileId=11059274&x=1280&y=819&a=true","foto2":null,"foto3":null,"foto4":null,"link1":null,"link2":null,"denkmal":"Nein","akz":null,"WR":null,"Ein_GWZ":null,"Ein_GKZ":null,"Ein_Name":null,"Ein_ord":"3. Ordnung","Ein_WKID":null,"Ein_DN":null,"Breite":null,"Hoehe":null,"NN_Sohle":0.0,"WK_NR":null,"URL_WKDB":null,"rwert":371998.0,"hwert":5845975.0},"geometry":{"type":"Point","coordinates":[7.103575,52.748453]}},
{"type":"Feature","properties":{"ID_con":569,"bw_id":"SNK_EIN_35875","name":"Einmündung Graben (Teich)","GEW":"SNK","stat_von":35875.0,"bauart":"Kastendurchlass??","baujahr":null,"upflicht":"??","KTR":null,"FSK":"033102032000040078__","bemerk":null,"beschreib":"Einmündung Graben (Teich)","beschreib_lang":null,"foto1":"https://nlwkn.hannit-share.de/index.php/core/preview?fileId=11059277&x=1280&y=819&a=true","foto2":null,"foto3":null,"foto4":null,"link1":null,"link2":null,"denkmal":"Nein","akz":null,"WR":null,"Ein_GWZ":null,"Ein_GKZ":null,"Ein_Name":null,"Ein_ord":"3. Ordnung","Ein_WKID":null,"Ein_DN":null,"Breite":null,"Hoehe":null,"NN_Sohle":0.0,"WK_NR":null,"URL_WKDB":null,"rwert":372101.0,"hwert":5846784.0},"geometry":{"type":"Point","coordinates":[7.104785,52.755746]}},
{"type":"Feature","properties":{"ID_con":2095,"bw_id":"SNK_EIN_38395","name":"Grabeneinmündung??","GEW":"SNK","stat_von":38395.0,"bauart":"??","baujahr":null,"upflicht":null,"KTR":null,"FSK":"031737038000490097__","bemerk":null,"beschreib":"Grabeneinmündung??","beschreib_lang":null,"foto1":null,"foto2":null,"foto3":null,"foto4":null,"link1":null,"link2":null,"denkmal":"Nein","akz":null,"WR":null,"Ein_GWZ":null,"Ein_GKZ":null,"Ein_Name":null,"Ein_ord":"??","Ein_WKID":null,"Ein_DN":null,"Breite":null,"Hoehe":null,"NN_Sohle":null,"WK_NR":null,"URL_WKDB":null,"rwert":372362.0,"hwert":5849290.0},"geometry":{"type":"Point","coordinates":[7.107674,52.778324]}},
{"type":"Feature","properties":{"ID_con":570,"bw_id":"SNK_EIN_39235","name":"Einmündung Graben","GEW":"SNK","stat_von":39235.0,"bauart":"Kastendurchlass??","baujahr":null,"upflicht":null,"KTR":null,"FSK":"031737037001040083__","bemerk":null,"beschreib":"Einmündung Graben","beschreib_lang":null,"foto1":"https://nlwkn.hannit-share.de/index.php/core/preview?fileId=11059280&x=1280&y=819&a=true","foto2":"https://nlwkn.hannit-share.de/index.php/core/preview?fileId=11059283&x=1280&y=819&a=true","foto3":null,"foto4":null,"link1":null,"link2":null,"denkmal":"Nein","akz":null,"WR":null,"Ein_GWZ":null,"Ein_GKZ":null,"Ein_Name":null,"Ein_ord":"3. Ordnung","Ein_WKID":null,"Ein_DN":null,"Breite":null,"Hoehe":null,"NN_Sohle":0.0,"WK_NR":null,"URL_WKDB":null,"rwert":372441.0,"hwert":5850125.0},"geometry":{"type":"Point","coordinates":[7.108519,52.785845]}},
{"type":"Feature","properties":{"ID_con":571,"bw_id":"SNK_EIN_39460","name":"Einlauf Umgehungsgerinne Wehr Fehndorf","GEW":"SNK","stat_von":39460.0,"bauart":"Schütz","baujahr":null,"upflicht":"NLWKN","KTR":null,"FSK":"031737037001040083__","bemerk":null,"beschreib":"Einlauf Umgehungsgerinne Wehr Fehndorf","beschreib_lang":null,"foto1":"https://nlwkn.hannit-share.de/index.php/core/preview?fileId=11059286&x=1280&y=819&a=true","foto2":"https://nlwkn.hannit-share.de/index.php/core/preview?fileId=11059289&x=1280&y=819&a=true","foto3":"https://nlwkn.hannit-share.de/index.php/core/preview?fileId=11059292&x=1280&y=819&a=true","foto4":"https://nlwkn.hannit-share.de/index.php/core/preview?fileId=11059295&x=1280&y=819&a=true","link1":"https://nlwkn.hannit-share.de/index.php/core/preview?fileId=11059298&x=1280&y=819&a=true","link2":null,"denkmal":"Nein","akz":null,"WR":null,"Ein_GWZ":null,"Ein_GKZ":null,"Ein_Name":null,"Ein_ord":"Sonstige","Ein_WKID":null,"Ein_DN":null,"Breite":null,"Hoehe":null,"NN_Sohle":0.0,"WK_NR":null,"URL_WKDB":null,"rwert":372460.0,"hwert":5850349.0},"geometry":{"type":"Point","coordinates":[7.108713,52.787862]}},
{"type":"Feature","properties":{"ID_con":572,"bw_id":"SNK_EIN_39540","name":"Auslauf Umgehungsgerinne Wehr Fehndorf","GEW":"SNK","stat_von":39540.0,"bauart":"Freier Einlauf","baujahr":null,"upflicht":"NLWKN","KTR":null,"FSK":"031737003000540002__","bemerk":null,"beschreib":"Auslauf Umgehungsgerinne Wehr Fehndorf","beschreib_lang":null,"foto1":"https://nlwkn.hannit-share.de/index.php/core/preview?fileId=11059301&x=1280&y=819&a=true","foto2":null,"foto3":null,"foto4":null,"link1":null,"link2":null,"denkmal":"Nein","akz":null,"WR":null,"Ein_GWZ":null,"Ein_GKZ":null,"Ein_Name":null,"Ein_ord":"Sonstige","Ein_WKID":null,"Ein_DN":null,"Breite":null,"Hoehe":null,"NN_Sohle":0.0,"WK_NR":null,"URL_WKDB":null,"rwert":372465.0,"hwert":5850426.0},"geometry":{"type":"Point","coordinates":[7.108757,52.788555]}},
{"type":"Feature","properties":{"ID_con":573,"bw_id":"SNK_EIN_39610","name":"Einmündung Burenwieke","GEW":"SNK","stat_von":39610.0,"bauart":"Kastendurchlass","baujahr":null,"upflicht":"101","KTR":null,"FSK":"031737003000520003__","bemerk":"Einlaufverlauf Burenwiek korrigieren: GB3!!!","beschreib":"Aufgrund der nördlich des Wehres Fehndorfs durchgeführten Ausbaumaßnahmen des Süd-Nord-Kanals existieren an der im Unterwasser einmündenden Burenwieke keine Vorflutprobleme.","beschreib_lang":"Aufgrund der nördlich des Wehres Fehndorfs durchgeführten Ausbaumaßnahmen des Süd-Nord-Kanals existieren an der im Unterwasser einmündenden Burenwieke keine Vorflutprobleme. Stattdessen wird vereinzelt von den Landwirten sogar eine Anhebung der Wasserstände angeregt.\nDies gilt auch für die Gewässer beidseitig des Kanals, die im Rahmen der Flurbereinigung Rütenbrock für die Belange der Landwirtschaft ausgebaut wurden.","foto1":"https://nlwkn.hannit-share.de/index.php/core/preview?fileId=11059304&x=1280&y=819&a=true","foto2":"https://nlwkn.hannit-share.de/index.php/core/preview?fileId=11059307&x=1280&y=819&a=true","foto3":"https://nlwkn.hannit-share.de/index.php/core/preview?fileId=11059310&x=1280&y=819&a=true","foto4":null,"link1":null,"link2":null,"denkmal":"Nein","akz":null,"WR":null,"Ein_GWZ":3734292,"Ein_GKZ":3734292,"Ein_Name":"Burenwieke","Ein_ord":"2. Ordnung","Ein_WKID":null,"Ein_DN":null,"Breite":null,"Hoehe":null,"NN_Sohle":0.0,"WK_NR":null,"URL_WKDB":null,"rwert":372455.0,"hwert":5850502.0},"geometry":{"type":"Point","coordinates":[7.108579,52.789235]}},
{"type":"Feature","properties":{"ID_con":575,"bw_id":"SNK_EIN_40880","name":"Einmündung Graben","GEW":"SNK","stat_von":40880.0,"bauart":"??Rohrdurchlass","baujahr":null,"upflicht":null,"KTR":null,"FSK":"031737002000770004__","bemerk":"Ist der Rohrdurchlass wirklich vorhanden? Fehler im Gewässernetz. Meldung an GBIII","beschreib":"Einmündung Graben","beschreib_lang":null,"foto1":"https://nlwkn.hannit-share.de/index.php/core/preview?fileId=11059325&x=1280&y=819&a=true","foto2":null,"foto3":null,"foto4":null,"link1":null,"link2":null,"denkmal":"Nein","akz":null,"WR":null,"Ein_GWZ":null,"Ein_GKZ":null,"Ein_Name":null,"Ein_ord":"3. Ordnung","Ein_WKID":null,"Ein_DN":null,"Breite":null,"Hoehe":null,"NN_Sohle":0.0,"WK_NR":null,"URL_WKDB":null,"rwert":372578.0,"hwert":5851757.0},"geometry":{"type":"Point","coordinates":[7.109913,52.80054]}},
{"type":"Feature","properties":{"ID_con":576,"bw_id":"SNK_EIN_41100","name":"Einmündung Fehndorfer Moorgraben","GEW":"SNK","stat_von":41100.0,"bauart":"??Rohrdurchlass","baujahr":null,"upflicht":"101","KTR":null,"FSK":"031737002000770004__","bemerk":null,"beschreib":"Einmündung Fehndorfer Moorgraben","beschreib_lang":null,"foto1":null,"foto2":null,"foto3":null,"foto4":null,"link1":null,"link2":null,"denkmal":"Nein","akz":null,"WR":null,"Ein_GWZ":3734294,"Ein_GKZ":3734294,"Ein_Name":"Fehndorfer Moorgraben","Ein_ord":"2. Ordnung","Ein_WKID":null,"Ein_DN":null,"Breite":null,"Hoehe":null,"NN_Sohle":0.0,"WK_NR":null,"URL_WKDB":null,"rwert":372430.0,"hwert":5851935.0},"geometry":{"type":"Point","coordinates":[7.10765,52.802105]}},
{"type":"Feature","properties":{"ID_con":579,"bw_id":"SNK_EIN_42800","name":"Einmündung Altenberger Schloot","GEW":"SNK","stat_von":42800.0,"bauart":"freie Einmündung","baujahr":null,"upflicht":"101","KTR":null,"FSK":"03172901000006______","bemerk":null,"beschreib":"Einmündung Altenberger Schloot","beschreib_lang":null,"foto1":null,"foto2":null,"foto3":null,"foto4":null,"link1":null,"link2":null,"denkmal":"Nein","akz":null,"WR":null,"Ein_GWZ":3734296,"Ein_GKZ":3734296,"Ein_Name":"Altenberger Schloot","Ein_ord":"2. Ordnung","Ein_WKID":null,"Ein_DN":null,"Breite":null,"Hoehe":null,"NN_Sohle":0.0,"WK_NR":null,"URL_WKDB":null,"rwert":373132.0,"hwert":5853399.0},"geometry":{"type":"Point","coordinates":[7.117489,52.815424]}},
{"type":"Feature","properties":{"ID_con":580,"bw_id":"SNK_EIN_44790","name":"OW-Einleit., Abwasser, KA Altenberge Haren","GEW":"SNK","stat_von":44790.0,"bauart":"??Rohrdurchlass","baujahr":null,"upflicht":"Stadt Haren","KTR":null,"FSK":"03172602100173______","bemerk":"Abwassereinleitung kommunale Kläranlage, Altenberg","beschreib":"OW-Einleit., Abwasser, KA Altenberge Haren","beschreib_lang":null,"foto1":null,"foto2":null,"foto3":null,"foto4":null,"link1":null,"link2":null,"denkmal":"Nein","akz":null,"WR":"11/13082 (aktiv)","Ein_GWZ":null,"Ein_GKZ":null,"Ein_Name":null,"Ein_ord":"Einleitung","Ein_WKID":null,"Ein_DN":null,"Breite":null,"Hoehe":null,"NN_Sohle":0.0,"WK_NR":null,"URL_WKDB":null,"rwert":373515.0,"hwert":5855234.0},"geometry":{"type":"Point","coordinates":[7.122458,52.832001]}},
{"type":"Feature","properties":{"ID_con":586,"bw_id":"VBA_EIN_60","name":"Rohreinlauf","GEW":"VBA","stat_von":60.0,"bauart":"Rohreinlauf","baujahr":null,"upflicht":"??","KTR":null,"FSK":"03315101700570______","bemerk":null,"beschreib":"Rohreinlauf","beschreib_lang":null,"foto1":"https://nlwkn.hannit-share.de/index.php/core/preview?fileId=11058077&x=1280&y=819&a=true","foto2":null,"foto3":null,"foto4":null,"link1":null,"link2":null,"denkmal":"Nein","akz":null,"WR":null,"Ein_GWZ":null,"Ein_GKZ":null,"Ein_Name":null,"Ein_ord":"Sonstige","Ein_WKID":null,"Ein_DN":null,"Breite":null,"Hoehe":null,"NN_Sohle":0.0,"WK_NR":null,"URL_WKDB":null,"rwert":368725.0,"hwert":5811325.0},"geometry":{"type":"Point","coordinates":[7.068854,52.436341]}},
{"type":"Feature","properties":{"ID_con":2214,"bw_id":"VBA_EIN_225","name":"Rohreinlauf (OW-Entwässerung)","GEW":"VBA","stat_von":225.0,"bauart":"Rohreinlauf (PVC)","baujahr":null,"upflicht":"Eigentümer","KTR":null,"FSK":"033151016001520018__","bemerk":null,"beschreib":"Rohreinlauf (OW-Entwässerung)","beschreib_lang":null,"foto1":"https://nlwkn.hannit-share.de/index.php/core/preview?fileId=11058074&x=1280&y=819&a=true","foto2":null,"foto3":null,"foto4":null,"link1":null,"link2":null,"denkmal":"Nein","akz":null,"WR":null,"Ein_GWZ":null,"Ein_GKZ":null,"Ein_Name":null,"Ein_ord":"Sonstige","Ein_WKID":null,"Ein_DN":200,"Breite":null,"Hoehe":null,"NN_Sohle":22.15,"WK_NR":null,"URL_WKDB":null,"rwert":368737.0,"hwert":5811161.0},"geometry":{"type":"Point","coordinates":[7.069095,52.43487]}},
{"type":"Feature","properties":{"ID_con":714,"bw_id":"VEC_EIN_74260","name":"Zulauf Altarm (Seitenarm) Laar","GEW":"VEC","stat_von":74260.0,"bauart":"Freie Einmündung","baujahr":null,"upflicht":"??","KTR":null,"FSK":"03313112900036______","bemerk":"Einlauf und U_Pflicht prüfen","beschreib":"Zulauf Altarm (Seitenarm) Laar","beschreib_lang":null,"foto1":null,"foto2":null,"foto3":null,"foto4":null,"link1":null,"link2":null,"denkmal":"Nein","akz":null,"WR":null,"Ein_GWZ":null,"Ein_GKZ":null,"Ein_Name":"Altarm rechts an der Grenze zu NL","Ein_ord":"3. Ordnung","Ein_WKID":null,"Ein_DN":null,"Breite":null,"Hoehe":null,"NN_Sohle":null,"WK_NR":null,"URL_WKDB":null,"rwert":346052.0,"hwert":5831381.0},"geometry":{"type":"Point","coordinates":[6.726294,52.610592]}},
{"type":"Feature","properties":{"ID_con":715,"bw_id":"VEC_EIN_74470","name":"Flutmulde Auslauf","GEW":"VEC","stat_von":74470.0,"bauart":"Freie Einmündung","baujahr":null,"upflicht":"NLWKN","KTR":null,"FSK":"033131125000010001__","bemerk":"Nr 2","beschreib":"Einmündung Flutmulde","beschreib_lang":null,"foto1":null,"foto2":null,"foto3":null,"foto4":null,"link1":null,"link2":null,"denkmal":"Nein","akz":null,"WR":null,"Ein_GWZ":null,"Ein_GKZ":null,"Ein_Name":"Flutmulde links","Ein_ord":"3. Ordnung","Ein_WKID":null,"Ein_DN":null,"Breite":null,"Hoehe":null,"NN_Sohle":null,"WK_NR":null,"URL_WKDB":null,"rwert":346258.0,"hwert":5831300.0},"geometry":{"type":"Point","coordinates":[6.729371,52.609922]}},
{"type":"Feature","properties":{"ID_con":717,"bw_id":"VEC_EIN_76620","name":"OW-Einleit., KA Laar, Samtgemeinde Emlichheim","GEW":"VEC","stat_von":76620.0,"bauart":"Rohrdurchlass (Wasserrecht)","baujahr":null,"upflicht":"Samtgemeinde Emlichheim","KTR":null,"FSK":"03313111500006______","bemerk":"Nr. 11; KA Laar, Samtgemeinde Emlichheim, B99 sonstige Ein","beschreib":"OW-Einleit., KA Laar, Samtgemeinde Emlichheim","beschreib_lang":null,"foto1":null,"foto2":null,"foto3":null,"foto4":null,"link1":null,"link2":null,"denkmal":"Nein","akz":null,"WR":"11/3191 (aktiv)","Ein_GWZ":null,"Ein_GKZ":null,"Ein_Name":"KA-Einleitung","Ein_ord":"Einleitung","Ein_WKID":null,"Ein_DN":200,"Breite":null,"Hoehe":null,"NN_Sohle":null,"WK_NR":null,"URL_WKDB":null,"rwert":348047.0,"hwert":5831189.0},"geometry":{"type":"Point","coordinates":[6.755822,52.609428]}},
{"type":"Feature","properties":{"ID_con":718,"bw_id":"VEC_EIN_76940","name":"Einmündung Graben Deichweg","GEW":"VEC","stat_von":76940.0,"bauart":"Kastendurchlass","baujahr":"1958","upflicht":"NLWKN","KTR":"MABVE00100","FSK":"03313111500008______","bemerk":"Nr. 13 (Holzmann) ; Länge der Haltung: 5,80 m","beschreib":"Kastendurchlass Grabeneinmündung Deichweg (Nr. 13 (Holzmann) ; Länge der Haltung: 5,80 m)","beschreib_lang":null,"foto1":null,"foto2":null,"foto3":null,"foto4":null,"link1":null,"link2":null,"denkmal":"Nein","akz":null,"WR":null,"Ein_GWZ":null,"Ein_GKZ":null,"Ein_Name":"Graben Deichweg","Ein_ord":"3. Ordnung","Ein_WKID":null,"Ein_DN":null,"Breite":1200,"Hoehe":1000,"NN_Sohle":null,"WK_NR":null,"URL_WKDB":null,"rwert":348347.0,"hwert":5831187.0},"geometry":{"type":"Point","coordinates":[6.76025,52.609494]}},
{"type":"Feature","properties":{"ID_con":719,"bw_id":"VEC_EIN_77250","name":"Kastendurchlass (Altarmeinmündung)","GEW":"VEC","stat_von":77250.0,"bauart":"Kastendurchlass","baujahr":null,"upflicht":"wabo","KTR":null,"FSK":"03313111400090______","bemerk":"U_Pflicht prüfen","beschreib":"Kastendurchlass (Altarmeinmündung)","beschreib_lang":null,"foto1":"https://nlwkn.hannit-share.de/index.php/core/preview?fileId=11055404&x=1280&y=819&a=true","foto2":"https://nlwkn.hannit-share.de/index.php/core/preview?fileId=11055407&x=1280&y=819&a=true","foto3":null,"foto4":null,"link1":null,"link2":null,"denkmal":"Nein","akz":null,"WR":null,"Ein_GWZ":null,"Ein_GKZ":null,"Ein_Name":"Altarm Deichweg","Ein_ord":"3. Ordnung","Ein_WKID":null,"Ein_DN":null,"Breite":null,"Hoehe":null,"NN_Sohle":null,"WK_NR":null,"URL_WKDB":null,"rwert":348583.0,"hwert":5831050.0},"geometry":{"type":"Point","coordinates":[6.763795,52.608329]}},
{"type":"Feature","properties":{"ID_con":720,"bw_id":"VEC_EIN_78025","name":"Einl., Trinkwasserleitung, WAZ Niedergr","GEW":"VEC","stat_von":78025.0,"bauart":"??Rohrdurchlass","baujahr":null,"upflicht":"WAZ Niedergrafschaft","KTR":null,"FSK":"03313111300071______","bemerk":"B-001 (aktiv, real), Einl., Trinkwasserleitung, WA","beschreib":"Einl., Trinkwasserleitung, WAZ Niedergr","beschreib_lang":null,"foto1":null,"foto2":null,"foto3":null,"foto4":null,"link1":null,"link2":null,"denkmal":"Nein","akz":null,"WR":"11/13358 (aktiv)","Ein_GWZ":null,"Ein_GKZ":null,"Ein_Name":null,"Ein_ord":"Einleitung","Ein_WKID":null,"Ein_DN":null,"Breite":null,"Hoehe":null,"NN_Sohle":null,"WK_NR":null,"URL_WKDB":null,"rwert":349229.0,"hwert":5831230.0},"geometry":{"type":"Point","coordinates":[6.773246,52.610126]}},
{"type":"Feature","properties":{"ID_con":722,"bw_id":"VEC_EIN_79565","name":"Einmündung Altarm (Echteler Straße)","GEW":"VEC","stat_von":79565.0,"bauart":"Kastendurchlass","baujahr":"1958","upflicht":"NLWKN??","KTR":"MABVE00100","FSK":"03313111300072______","bemerk":"Nr. 20 (Holzmann) ; Länge der Haltung: 5,70 m","beschreib":"Kastendurchlass Altarmeineinmündung (Nr. 20 (Holzmann) ; Länge der Haltung: 5,70 m)","beschreib_lang":null,"foto1":"https://nlwkn.hannit-share.de/index.php/core/preview?fileId=11055422&x=1280&y=819&a=true","foto2":"https://nlwkn.hannit-share.de/index.php/core/preview?fileId=11055425&x=1280&y=819&a=true","foto3":"https://nlwkn.hannit-share.de/index.php/core/preview?fileId=11055428&x=1280&y=819&a=true","foto4":"https://nlwkn.hannit-share.de/index.php/core/preview?fileId=11055431&x=1280&y=819&a=true","link1":null,"link2":null,"denkmal":"Nein","akz":null,"WR":null,"Ein_GWZ":null,"Ein_GKZ":null,"Ein_Name":"Altarm","Ein_ord":"3. Ordnung","Ein_WKID":null,"Ein_DN":null,"Breite":2500,"Hoehe":2000,"NN_Sohle":null,"WK_NR":null,"URL_WKDB":null,"rwert":350605.0,"hwert":5830661.0},"geometry":{"type":"Point","coordinates":[6.793809,52.605395]}},
{"type":"Feature","properties":{"ID_con":725,"bw_id":"VEC_EIN_81220","name":"Einmündung Mittelschloot Overingen","GEW":"VEC","stat_von":81220.0,"bauart":"Rohrdurchlass mit Rückstauklappe","baujahr":"1959","upflicht":"UHV 114","KTR":null,"FSK":"03313210200065______","bemerk":"Nr. 29 (Holzmann), Länge der Haltung: 10,50 m","beschreib":"Einmündung Mittelschloot Overingen","beschreib_lang":null,"foto1":null,"foto2":null,"foto3":null,"foto4":null,"link1":null,"link2":null,"denkmal":"Nein","akz":null,"WR":null,"Ein_GWZ":928676,"Ein_GKZ":9286769,"Ein_Name":"Mittelschloot Overingen","Ein_ord":"2. Ordnung","Ein_WKID":null,"Ein_DN":1000,"Breite":null,"Hoehe":null,"NN_Sohle":0.0,"WK_NR":null,"URL_WKDB":null,"rwert":351891.0,"hwert":5829756.0},"geometry":{"type":"Point","coordinates":[6.81319,52.597617]}},
{"type":"Feature","properties":{"ID_con":726,"bw_id":"VEC_EIN_81500","name":"Einmündung Spiekgraben","GEW":"VEC","stat_von":81500.0,"bauart":"Rohrdurchlass mit Rückstauklappe","baujahr":"1960","upflicht":"114","KTR":null,"FSK":"03313010600039______","bemerk":"Nr. 31 (Platz und Bander); Länge der Haltung: 10,00 m","beschreib":"Einmündung Spiekgraben","beschreib_lang":null,"foto1":null,"foto2":null,"foto3":null,"foto4":null,"link1":null,"link2":null,"denkmal":"Nein","akz":null,"WR":null,"Ein_GWZ":9286758,"Ein_GKZ":9286758,"Ein_Name":"Spiekgraben","Ein_ord":"2. Ordnung","Ein_WKID":null,"Ein_DN":1000,"Breite":null,"Hoehe":null,"NN_Sohle":null,"WK_NR":null,"URL_WKDB":null,"rwert":352145.0,"hwert":5829879.0},"geometry":{"type":"Point","coordinates":[6.816882,52.598791]}},
{"type":"Feature","properties":{"ID_con":727,"bw_id":"VEC_EIN_82140","name":"Einmündung Graben","GEW":"VEC","stat_von":82140.0,"bauart":"Rohrdurchlass","baujahr":"1960","upflicht":"Wabo","KTR":null,"FSK":"033129015000150018__","bemerk":"Nr. 33 (Pletz und Sander) ; Länge der Haltung: 6,00 m","beschreib":"Einmündung Graben","beschreib_lang":null,"foto1":null,"foto2":null,"foto3":null,"foto4":null,"link1":null,"link2":null,"denkmal":"Nein","akz":null,"WR":null,"Ein_GWZ":null,"Ein_GKZ":null,"Ein_Name":null,"Ein_ord":"3. Ordnung","Ein_WKID":null,"Ein_DN":600,"Breite":null,"Hoehe":null,"NN_Sohle":null,"WK_NR":null,"URL_WKDB":null,"rwert":352773.0,"hwert":5829999.0},"geometry":{"type":"Point","coordinates":[6.826094,52.600039]}},
{"type":"Feature","properties":{"ID_con":728,"bw_id":"VEC_EIN_82470","name":"Einmündung Merschgraben","GEW":"VEC","stat_von":82470.0,"bauart":"Rohrdurchlass mit Rückstauklappe","baujahr":"1960","upflicht":"114","KTR":null,"FSK":"033129015000880005__","bemerk":"Nr. 34 (Pletz und Sander) ; Länge der Haltung : 12,00 m ; ?? prüfen ob wirklich mit Rückstauklappe","beschreib":"Einmündung Merschgraben","beschreib_lang":null,"foto1":null,"foto2":null,"foto3":null,"foto4":null,"link1":null,"link2":null,"denkmal":"Nein","akz":null,"WR":null,"Ein_GWZ":9286756,"Ein_GKZ":9286756,"Ein_Name":"Merschgraben","Ein_ord":"2. Ordnung","Ein_WKID":null,"Ein_DN":1000,"Breite":null,"Hoehe":null,"NN_Sohle":null,"WK_NR":null,"URL_WKDB":null,"rwert":353091.0,"hwert":5830072.0},"geometry":{"type":"Point","coordinates":[6.830753,52.600781]}},
{"type":"Feature","properties":{"ID_con":729,"bw_id":"VEC_EIN_83055","name":"Einmündung Wildegraben","GEW":"VEC","stat_von":83055.0,"bauart":"Rohrdurchlass mit Rückstauklappe","baujahr":"1960","upflicht":"114","KTR":null,"FSK":"033129017000420004__","bemerk":"Nr. 37 (Pletz und Sander) ; Länge der Haltung : 8,00 m","beschreib":"Einmündung Wildegraben","beschreib_lang":null,"foto1":null,"foto2":null,"foto3":null,"foto4":null,"link1":null,"link2":null,"denkmal":"Nein","akz":null,"WR":null,"Ein_GWZ":9286754,"Ein_GKZ":9286754,"Ein_Name":"Wildegraben","Ein_ord":"2. Ordnung","Ein_WKID":null,"Ein_DN":700,"Breite":null,"Hoehe":null,"NN_Sohle":null,"WK_NR":null,"URL_WKDB":null,"rwert":353653.0,"hwert":5830243.0},"geometry":{"type":"Point","coordinates":[6.83897,52.602469]}},
{"type":"Feature","properties":{"ID_con":730,"bw_id":"VEC_EIN_84270","name":"Einmündung Entwässerungsgraben","GEW":"VEC","stat_von":84270.0,"bauart":"Rohrdurchlass mit Rückstauklappe","baujahr":"1960","upflicht":"Wasser- und Bodenverband","KTR":null,"FSK":"033129016001760002__","bemerk":"Nr. 43 (Pletz und Bander) ; Länge der Haltung: ?? ; Bauwerk ist in Erfassung LK enthalten","beschreib":"Einmündung Entwässerungsgraben","beschreib_lang":null,"foto1":"https://nlwkn.hannit-share.de/index.php/core/preview?fileId=11445854&x=1280&y=819&a=true","foto2":null,"foto3":null,"foto4":null,"link1":null,"link2":null,"denkmal":"Nein","akz":null,"WR":null,"Ein_GWZ":null,"Ein_GKZ":null,"Ein_Name":null,"Ein_ord":"Sonstige","Ein_WKID":null,"Ein_DN":600,"Breite":null,"Hoehe":null,"NN_Sohle":0.0,"WK_NR":null,"URL_WKDB":null,"rwert":354685.0,"hwert":5830178.0},"geometry":{"type":"Point","coordinates":[6.854226,52.602162]}},
{"type":"Feature","properties":{"ID_con":733,"bw_id":"VEC_EIN_84465","name":"Grabeneinmündung","GEW":"VEC","stat_von":84465.0,"bauart":"Rohrauslauf mit Rückstauklappe","baujahr":null,"upflicht":"Samtgemeinde Emlichheim","KTR":null,"FSK":"033129016001760002__","bemerk":"Einlauf uh Brücke Wilsumer Straße (B 403)","beschreib":"Einmündung Graben mit Rückstauklappe. OW-Einl., Wilsumer Straße, SG Emlichheim (B-001 (aktiv, real) , OW-Einl., Wilsumer Straße, B 403), Unterhalb des Einlaufes ist die Böschung durch ein Betongerinne geschützt.","beschreib_lang":null,"foto1":"https://nlwkn.hannit-share.de/index.php/core/preview?fileId=11055458&x=1280&y=819&a=true","foto2":"https://nlwkn.hannit-share.de/index.php/core/preview?fileId=11055461&x=1280&y=819&a=true","foto3":"https://nlwkn.hannit-share.de/index.php/core/preview?fileId=11055464&x=1280&y=819&a=true","foto4":"https://nlwkn.hannit-share.de/index.php/core/preview?fileId=11055467&x=1280&y=819&a=true","link1":null,"link2":null,"denkmal":"Nein","akz":null,"WR":null,"Ein_GWZ":null,"Ein_GKZ":null,"Ein_Name":null,"Ein_ord":"Sonstige, Einleitung","Ein_WKID":null,"Ein_DN":500,"Breite":null,"Hoehe":null,"NN_Sohle":0.0,"WK_NR":null,"URL_WKDB":null,"rwert":354861.0,"hwert":5830207.0},"geometry":{"type":"Point","coordinates":[6.85681,52.60247]}},
{"type":"Feature","properties":{"ID_con":734,"bw_id":"VEC_EIN_84505","name":"Einmündung Graben??","GEW":"VEC","stat_von":84505.0,"bauart":"??Rohrdurchlass","baujahr":null,"upflicht":"??","KTR":null,"FSK":"033129016003680002__","bemerk":"Einlauf und U_Pflicht prüfen","beschreib":"Einmündung Graben??","beschreib_lang":null,"foto1":null,"foto2":null,"foto3":null,"foto4":null,"link1":null,"link2":null,"denkmal":"Nein","akz":null,"WR":null,"Ein_GWZ":null,"Ein_GKZ":null,"Ein_Name":null,"Ein_ord":"3. Ordnung","Ein_WKID":null,"Ein_DN":null,"Breite":null,"Hoehe":null,"NN_Sohle":0.0,"WK_NR":null,"URL_WKDB":null,"rwert":354922.0,"hwert":5830196.0},"geometry":{"type":"Point","coordinates":[6.857715,52.602387]}},
{"type":"Feature","properties":{"ID_con":735,"bw_id":"VEC_EIN_84665","name":"Grabeneinmündung","GEW":"VEC","stat_von":84665.0,"bauart":"Rohrdurchlass mit Rückstauklappe","baujahr":"1960","upflicht":"Samtgemeinde Emlichheim","KTR":null,"FSK":"033129016001750009__","bemerk":"Nr. 48 (Pletz und Sander) ; Länge der Haltung: 6,00 m ; Rohrdurchlass ist in Erfassung LK enthalten","beschreib":"Grabeneinmündung","beschreib_lang":null,"foto1":null,"foto2":null,"foto3":null,"foto4":null,"link1":null,"link2":null,"denkmal":"Nein","akz":null,"WR":null,"Ein_GWZ":null,"Ein_GKZ":null,"Ein_Name":null,"Ein_ord":"??Sonstige","Ein_WKID":null,"Ein_DN":500,"Breite":null,"Hoehe":null,"NN_Sohle":0.0,"WK_NR":null,"URL_WKDB":null,"rwert":355003.0,"hwert":5830348.0},"geometry":{"type":"Point","coordinates":[6.858843,52.603774]}},
{"type":"Feature","properties":{"ID_con":736,"bw_id":"VEC_EIN_84865","name":"OW-Einl.,Haselaar-Neustadt,SG Emlichheim","GEW":"VEC","stat_von":84865.0,"bauart":"Rohrdurchlass mit Rückstauklappe (Wasserrecht)","baujahr":"1960","upflicht":"Samtgemeinde Emlichheim","KTR":null,"FSK":"033129016001750009__","bemerk":"Nr. 49; Länge der Haltung: ?? ; B-001 (aktiv, real), OW-Einl.,Haselaar-Neustadt,SG","beschreib":"OW-Einl.,Haselaar-Neustadt,SG Emlichheim","beschreib_lang":null,"foto1":null,"foto2":null,"foto3":null,"foto4":null,"link1":null,"link2":null,"denkmal":"Nein","akz":null,"WR":"11/13312 (aktiv)","Ein_GWZ":null,"Ein_GKZ":null,"Ein_Name":null,"Ein_ord":"Einleitung","Ein_WKID":null,"Ein_DN":800,"Breite":null,"Hoehe":null,"NN_Sohle":null,"WK_NR":null,"URL_WKDB":null,"rwert":355211.0,"hwert":5830366.0},"geometry":{"type":"Point","coordinates":[6.861904,52.603991]}},
{"type":"Feature","properties":{"ID_con":737,"bw_id":"VEC_EIN_84875","name":"Einleitung KA Emslandstärke GmbH, Emlichheim","GEW":"VEC","stat_von":84875.0,"bauart":"??Rohrdurchlass (Wasserrecht)","baujahr":null,"upflicht":"Emsland Strärke GmbH","KTR":null,"FSK":"033129016001750009__","bemerk":"Nr. 50 ; B-001 (aktiv, real), KA Emslandstärke GmbH, Emlichheim","beschreib":"Einleitung KA Emslandstärke GmbH, Emlichheim","beschreib_lang":null,"foto1":null,"foto2":null,"foto3":null,"foto4":null,"link1":null,"link2":null,"denkmal":"Nein","akz":null,"WR":"11/12012 (aktiv)","Ein_GWZ":null,"Ein_GKZ":null,"Ein_Name":null,"Ein_ord":"Einleitung","Ein_WKID":null,"Ein_DN":250,"Breite":null,"Hoehe":null,"NN_Sohle":null,"WK_NR":null,"URL_WKDB":null,"rwert":355217.0,"hwert":5830360.0},"geometry":{"type":"Point","coordinates":[6.861996,52.603939]}},
{"type":"Feature","properties":{"ID_con":738,"bw_id":"VEC_EIN_85210","name":"Einleitung Kühlwasser, Rohrleitung","GEW":"VEC","stat_von":85210.0,"bauart":"??Rohrdurchlass (Wasserrecht)","baujahr":null,"upflicht":"Milchverwertung Uelsen-Emlichheim e.G.","KTR":null,"FSK":"033129011000120005__","bemerk":"B-001 (aktiv, real) , Einl., Kühlwasser, Rohrleit","beschreib":"Einleitung Kühlwasser, Rohrleitung","beschreib_lang":null,"foto1":null,"foto2":null,"foto3":null,"foto4":null,"link1":null,"link2":null,"denkmal":"Nein","akz":null,"WR":"11/13304 (aktiv)","Ein_GWZ":null,"Ein_GKZ":null,"Ein_Name":null,"Ein_ord":"Einleitung","Ein_WKID":null,"Ein_DN":null,"Breite":null,"Hoehe":null,"NN_Sohle":0.0,"WK_NR":null,"URL_WKDB":null,"rwert":355549.0,"hwert":5830386.0},"geometry":{"type":"Point","coordinates":[6.866883,52.604261]}},
{"type":"Feature","properties":{"ID_con":739,"bw_id":"VEC_EIN_85465","name":"Einmündung Graben","GEW":"VEC","stat_von":85465.0,"bauart":"Rohrdurchlass","baujahr":"1961","upflicht":"Wasser- und  Bodenverband","KTR":null,"FSK":"033129011001030003__","bemerk":"Nr. 52 (Holzmann) ; Länge der Haltung: 5,00 m","beschreib":"Einmündung Graben","beschreib_lang":null,"foto1":null,"foto2":null,"foto3":null,"foto4":null,"link1":null,"link2":null,"denkmal":"Nein","akz":null,"WR":null,"Ein_GWZ":null,"Ein_GKZ":null,"Ein_Name":null,"Ein_ord":"3. Ordnung","Ein_WKID":null,"Ein_DN":400,"Breite":null,"Hoehe":null,"NN_Sohle":null,"WK_NR":null,"URL_WKDB":null,"rwert":355808.0,"hwert":5830384.0},"geometry":{"type":"Point","coordinates":[6.870706,52.604312]}},
{"type":"Feature","properties":{"ID_con":740,"bw_id":"VEC_EIN_85600","name":"Einleitung ELK, Linksemsische Kanalgen., Meppen","GEW":"VEC","stat_von":85600.0,"bauart":"Freie Einmündung","baujahr":null,"upflicht":"NLWKN","KTR":null,"FSK":"03312901100305______","bemerk":"B-001 (aktiv, real) , Einl., Linksemsische Kanalgenossenschaft","beschreib":"Wasserrecht für die Einleitung Entlastungskanal (vom Piccardie-Coevorden-Kanal)","beschreib_lang":"Wasserrecht für die Einleitung Entlastungskanal (vom Piccardie-Coevorden-Kanal)","foto1":null,"foto2":null,"foto3":null,"foto4":null,"link1":null,"link2":null,"denkmal":"Nein","akz":null,"WR":"11/13307 (aktiv)","Ein_GWZ":null,"Ein_GKZ":null,"Ein_Name":null,"Ein_ord":"Einleitung","Ein_WKID":null,"Ein_DN":null,"Breite":null,"Hoehe":null,"NN_Sohle":0.0,"WK_NR":null,"URL_WKDB":null,"rwert":355931.0,"hwert":5830450.0},"geometry":{"type":"Point","coordinates":[6.872492,52.604937]}},
{"type":"Feature","properties":{"ID_con":741,"bw_id":"VEC_EIN_85610","name":"Einmündung Entlastungskanal","GEW":"VEC","stat_von":85610.0,"bauart":"Freie Einmündung","baujahr":null,"upflicht":"NLWKN","KTR":null,"FSK":"03312901100305______","bemerk":null,"beschreib":"Einmündung Entlastungskanal","beschreib_lang":null,"foto1":"https://nlwkn.hannit-share.de/index.php/core/preview?fileId=11055470&x=1280&y=819&a=true","foto2":"https://nlwkn.hannit-share.de/index.php/core/preview?fileId=11055473&x=1280&y=819&a=true","foto3":null,"foto4":null,"link1":null,"link2":null,"denkmal":"Nein","akz":null,"WR":null,"Ein_GWZ":92867492,"Ein_GKZ":928674929,"Ein_Name":"Emlichheimer Entlastungskanal","Ein_ord":"2. Ordnung","Ein_WKID":32037,"Ein_DN":null,"Breite":null,"Hoehe":null,"NN_Sohle":null,"WK_NR":32037,"URL_WKDB":" ","rwert":355939.0,"hwert":5830447.0},"geometry":{"type":"Point","coordinates":[6.872611,52.604913]}},
{"type":"Feature","properties":{"ID_con":742,"bw_id":"VEC_EIN_85690","name":"Einmündung Altarm (Wilminkweg), Graben mit Kastendurchlass","GEW":"VEC","stat_von":85690.0,"bauart":"Kastendurchlass","baujahr":"1961","upflicht":"NLWKN??","KTR":"MABVE00100","FSK":"033129011001000018__","bemerk":"Nr. 55 (Holzmann) ; Länge der Haltung: 5,00 m","beschreib":"Kastendurchlass Altarmanbindung (Wilminkweg, Nr. 55 (Holzmann) ; Länge der Haltung: 5,00 m)","beschreib_lang":null,"foto1":null,"foto2":null,"foto3":null,"foto4":null,"link1":null,"link2":null,"denkmal":"Nein","akz":null,"WR":null,"Ein_GWZ":null,"Ein_GKZ":null,"Ein_Name":"Altarm","Ein_ord":"3. Ordnung","Ein_WKID":null,"Ein_DN":null,"Breite":2000,"Hoehe":2000,"NN_Sohle":null,"WK_NR":null,"URL_WKDB":null,"rwert":356030.0,"hwert":5830439.0},"geometry":{"type":"Point","coordinates":[6.873958,52.604865]}},
{"type":"Feature","properties":{"ID_con":743,"bw_id":"VEC_EIN_85825","name":"Einmündung Altarm (Wilminkweg)","GEW":"VEC","stat_von":85825.0,"bauart":"Rohrdurchlass","baujahr":"1961","upflicht":"Wasser- und Bodenverband","KTR":null,"FSK":"033129011000260007__","bemerk":"Nr. 57 (Holzmann) ; Länge der Haltung : 50,00 m","beschreib":"Einmündung Altarm (Wilminkweg)","beschreib_lang":null,"foto1":null,"foto2":null,"foto3":null,"foto4":null,"link1":null,"link2":null,"denkmal":"Nein","akz":null,"WR":null,"Ein_GWZ":null,"Ein_GKZ":null,"Ein_Name":null,"Ein_ord":"3. Ordnung","Ein_WKID":null,"Ein_DN":500,"Breite":null,"Hoehe":null,"NN_Sohle":null,"WK_NR":null,"URL_WKDB":null,"rwert":356151.0,"hwert":5830489.0},"geometry":{"type":"Point","coordinates":[6.875722,52.605346]}},
{"type":"Feature","properties":{"ID_con":744,"bw_id":"VEC_EIN_86440","name":"Einmündung Kleinringer Graben","GEW":"VEC","stat_von":86440.0,"bauart":"Kastendurchlass","baujahr":"1961","upflicht":"114 / NLWKN??","KTR":"MABVE00100","FSK":"03312800800305______","bemerk":"Nr. 61 (Holzmann) ; Länge der Haltung 5,00 m","beschreib":"Einmündung Kleinringer Graben","beschreib_lang":null,"foto1":null,"foto2":null,"foto3":null,"foto4":null,"link1":null,"link2":null,"denkmal":"Nein","akz":null,"WR":null,"Ein_GWZ":92867392,"Ein_GKZ":928673929,"Ein_Name":"Kleinringer Graben","Ein_ord":"2. Ordnung","Ein_WKID":32024,"Ein_DN":null,"Breite":2000,"Hoehe":2000,"NN_Sohle":null,"WK_NR":32024,"URL_WKDB":" ","rwert":356642.0,"hwert":5830336.0},"geometry":{"type":"Point","coordinates":[6.883033,52.604101]}},
{"type":"Feature","properties":{"ID_con":745,"bw_id":"VEC_EIN_86900","name":"Grabeneinmündung","GEW":"VEC","stat_von":86900.0,"bauart":"Rohrdurchlass","baujahr":"1961","upflicht":"Wasser- und Bodneverband","KTR":null,"FSK":"033129011000350006__","bemerk":"Nr. 62 (Holzmann) ; Länge der Haltung : 6,20 m","beschreib":"Grabeneinmündung","beschreib_lang":null,"foto1":null,"foto2":null,"foto3":null,"foto4":null,"link1":null,"link2":null,"denkmal":"Nein","akz":null,"WR":null,"Ein_GWZ":null,"Ein_GKZ":null,"Ein_Name":null,"Ein_ord":"3. Ordnung","Ein_WKID":null,"Ein_DN":500,"Breite":null,"Hoehe":null,"NN_Sohle":null,"WK_NR":null,"URL_WKDB":null,"rwert":356782.0,"hwert":5829895.0},"geometry":{"type":"Point","coordinates":[6.88529,52.600176]}},
{"type":"Feature","properties":{"ID_con":746,"bw_id":"VEC_EIN_87235","name":"Einmündung Großringer Graben","GEW":"VEC","stat_von":87235.0,"bauart":"Rohrdurchlass mit Rückstauklappe","baujahr":"1961","upflicht":"114","KTR":null,"FSK":"03312800700321______","bemerk":"Nr. 64 (HolzmannI ; Länge der Haltung : 9,50 m","beschreib":"Einmündung Großringer Graben","beschreib_lang":null,"foto1":null,"foto2":null,"foto3":null,"foto4":null,"link1":null,"link2":null,"denkmal":"Nein","akz":null,"WR":null,"Ein_GWZ":9286732,"Ein_GKZ":9286732,"Ein_Name":"Großringer Graben","Ein_ord":"2. Ordnung","Ein_WKID":null,"Ein_DN":1200,"Breite":null,"Hoehe":null,"NN_Sohle":null,"WK_NR":null,"URL_WKDB":null,"rwert":357066.0,"hwert":5829708.0},"geometry":{"type":"Point","coordinates":[6.889561,52.598571]}},
{"type":"Feature","properties":{"ID_con":747,"bw_id":"VEC_EIN_87430","name":"Einmündung Vriengraben","GEW":"VEC","stat_von":87430.0,"bauart":"Rohrdurchlass mit Rückstauklappe","baujahr":"1961","upflicht":"114","KTR":null,"FSK":"03312602100004______","bemerk":"Nr. 65 (Holzmann) ; Länge der Haltung : 8,40 m","beschreib":"Einmündung Vriengraben","beschreib_lang":null,"foto1":"https://nlwkn.hannit-share.de/index.php/core/preview?fileId=11055476&x=1280&y=819&a=true","foto2":null,"foto3":null,"foto4":null,"link1":null,"link2":null,"denkmal":"Nein","akz":null,"WR":null,"Ein_GWZ":92867314,"Ein_GKZ":928673149,"Ein_Name":"Vriengraben","Ein_ord":"2. Ordnung","Ein_WKID":null,"Ein_DN":1200,"Breite":null,"Hoehe":null,"NN_Sohle":null,"WK_NR":null,"URL_WKDB":null,"rwert":357179.0,"hwert":5829547.0},"geometry":{"type":"Point","coordinates":[6.891298,52.597154]}},
{"type":"Feature","properties":{"ID_con":748,"bw_id":"VEC_EIN_87780","name":"Einmündung Altarm (Lambers-Heerspink)","GEW":"VEC","stat_von":87780.0,"bauart":"Kastendurchlass","baujahr":null,"upflicht":"NLWKN??","KTR":"MABVE00100","FSK":"033126021000350001__","bemerk":"Nr. 66 (Holzmann) ; Länge der Haltung : 5,00 m","beschreib":"Kastendurchlass Altarmanbindung (Lambers-Heerspink, Nr. 66 (Holzmann) ; Länge der Haltung : 5,00 m). Der Altarm ist als Biotop (GB-NOH 3407/064) geschützt.","beschreib_lang":null,"foto1":null,"foto2":null,"foto3":null,"foto4":null,"link1":null,"link2":null,"denkmal":"Nein","akz":null,"WR":null,"Ein_GWZ":null,"Ein_GKZ":null,"Ein_Name":"Altarm","Ein_ord":"3. Ordnung","Ein_WKID":null,"Ein_DN":null,"Breite":2000,"Hoehe":2000,"NN_Sohle":null,"WK_NR":null,"URL_WKDB":null,"rwert":357510.0,"hwert":5829415.0},"geometry":{"type":"Point","coordinates":[6.896238,52.596055]}},
{"type":"Feature","properties":{"ID_con":749,"bw_id":"VEC_EIN_87960","name":"Einmündung Graben (Bahne)","GEW":"VEC","stat_von":87960.0,"bauart":"Rohrdurchlass","baujahr":"1961","upflicht":"Wasser- und Bodenverband Kalle","KTR":null,"FSK":"03312602100037______","bemerk":"Nr. 67 (Holzmann) ; Länge der Haltung : 5,00 m","beschreib":"Einmündung Graben (Bahne)","beschreib_lang":null,"foto1":null,"foto2":null,"foto3":null,"foto4":null,"link1":null,"link2":null,"denkmal":"Nein","akz":null,"WR":null,"Ein_GWZ":null,"Ein_GKZ":null,"Ein_Name":null,"Ein_ord":"3. Ordnung","Ein_WKID":null,"Ein_DN":600,"Breite":null,"Hoehe":null,"NN_Sohle":null,"WK_NR":null,"URL_WKDB":null,"rwert":357682.0,"hwert":5829371.0},"geometry":{"type":"Point","coordinates":[6.898795,52.595705]}},
{"type":"Feature","properties":{"ID_con":750,"bw_id":"VEC_EIN_88275","name":"Einmündung Großringer A-Graben","GEW":"VEC","stat_von":88275.0,"bauart":"Rohrdurchlass","baujahr":"1961","upflicht":"114","KTR":null,"FSK":"03312800600306______","bemerk":"Nr. 70 (Holzmann) ; Länge der Haltung : 6,20 m","beschreib":"Einmündung Großringer A-Graben","beschreib_lang":null,"foto1":null,"foto2":null,"foto3":null,"foto4":null,"link1":null,"link2":null,"denkmal":"Nein","akz":null,"WR":null,"Ein_GWZ":92867312,"Ein_GKZ":92867312,"Ein_Name":"Großringer A-Graben","Ein_ord":"2. Ordnung","Ein_WKID":null,"Ein_DN":1000,"Breite":null,"Hoehe":null,"NN_Sohle":null,"WK_NR":null,"URL_WKDB":null,"rwert":357941.0,"hwert":5829198.0},"geometry":{"type":"Point","coordinates":[6.90269,52.594219]}},
{"type":"Feature","properties":{"ID_con":751,"bw_id":"VEC_EIN_88960","name":"Einmündung Altarm (Dönsberg)","GEW":"VEC","stat_von":88960.0,"bauart":"Kastendurchlass","baujahr":"1961","upflicht":"NLWKN??","KTR":"MABVE00100","FSK":"033127008000170002__","bemerk":"Nr. 74 (Holzmann) ; Länge der Haltung : 5,20 m","beschreib":"Kastendurchlass Altarm (Dönsberg, Nr. 74 (Holzmann) ; Länge der Haltung : 5,20 m)","beschreib_lang":null,"foto1":null,"foto2":null,"foto3":null,"foto4":null,"link1":null,"link2":null,"denkmal":"Nein","akz":null,"WR":null,"Ein_GWZ":null,"Ein_GKZ":null,"Ein_Name":"Altarm","Ein_ord":"3. Ordnung","Ein_WKID":null,"Ein_DN":null,"Breite":2000,"Hoehe":2000,"NN_Sohle":null,"WK_NR":null,"URL_WKDB":null,"rwert":358438.0,"hwert":5828783.0},"geometry":{"type":"Point","coordinates":[6.9102,52.59062]}},
{"type":"Feature","properties":{"ID_con":2109,"bw_id":"VEC_EIN_89035","name":"Rohreinleitung (Entwässserung)","GEW":"VEC","stat_von":89035.0,"bauart":"Rohrdurchlass","baujahr":"1961","upflicht":"Wasser- und Bodenverband","KTR":null,"FSK":"03312602200019______","bemerk":"Nr. 75 (Holzmann) ; Länge der Haltung : 5,50 m","beschreib":"Rohreinleitung (Entwässserung)","beschreib_lang":null,"foto1":null,"foto2":null,"foto3":null,"foto4":null,"link1":null,"link2":null,"denkmal":"Nein","akz":null,"WR":null,"Ein_GWZ":null,"Ein_GKZ":null,"Ein_Name":null,"Ein_ord":"Sonstige","Ein_WKID":null,"Ein_DN":600,"Breite":null,"Hoehe":null,"NN_Sohle":null,"WK_NR":null,"URL_WKDB":null,"rwert":358485.0,"hwert":5828712.0},"geometry":{"type":"Point","coordinates":[6.910923,52.589994]}},
{"type":"Feature","properties":{"ID_con":752,"bw_id":"VEC_EIN_89200","name":"Einmündung Graben (Am Wäldchen)","GEW":"VEC","stat_von":89200.0,"bauart":"Rohrdurchlass mit Rückstauklappe","baujahr":"1961","upflicht":"Wasser- und Bodenverband Kalle","KTR":null,"FSK":"03312602200019______","bemerk":"Nr. 76 (Holzmann) ; Länge der Haltung : 8,00 m","beschreib":"Einmündung Graben (Am Wäldchen)","beschreib_lang":null,"foto1":null,"foto2":null,"foto3":null,"foto4":null,"link1":null,"link2":null,"denkmal":"Nein","akz":null,"WR":null,"Ein_GWZ":null,"Ein_GKZ":null,"Ein_Name":null,"Ein_ord":"3. Ordnung","Ein_WKID":null,"Ein_DN":800,"Breite":null,"Hoehe":null,"NN_Sohle":null,"WK_NR":null,"URL_WKDB":null,"rwert":358631.0,"hwert":5828628.0},"geometry":{"type":"Point","coordinates":[6.913113,52.589278]}},
{"type":"Feature","properties":{"ID_con":753,"bw_id":"VEC_EIN_89490","name":"Einmündung Leegraben","GEW":"VEC","stat_von":89490.0,"bauart":"Kastendurchlass","baujahr":"1961","upflicht":"114 / NLWKN ??","KTR":"MABVE00100","FSK":"03312700800408______","bemerk":"Nr. 79 (Holzmann) ; Länge der Haltung : 5,50 m ; URPL Fehlerhaft (Mündung Rechts)!!!","beschreib":"Einmündung Leegraben","beschreib_lang":null,"foto1":null,"foto2":null,"foto3":null,"foto4":null,"link1":null,"link2":null,"denkmal":"Nein","akz":null,"WR":null,"Ein_GWZ":928672,"Ein_GKZ":9286729,"Ein_Name":"Leegraben","Ein_ord":"2. Ordnung","Ein_WKID":32024,"Ein_DN":null,"Breite":3000,"Hoehe":2000,"NN_Sohle":null,"WK_NR":32024,"URL_WKDB":" ","rwert":358813.0,"hwert":5828410.0},"geometry":{"type":"Point","coordinates":[6.915891,52.587366]}},
{"type":"Feature","properties":{"ID_con":754,"bw_id":"VEC_EIN_89801","name":"Einmündung Graben (Am Wäldchen)","GEW":"VEC","stat_von":89801.0,"bauart":"Rohrdurchlass","baujahr":"1961","upflicht":"Wasser- und Bodenverband Kalle","KTR":null,"FSK":"03312602200037______","bemerk":"Nr. 81 (Holzmann) ; Länge der Haltung : 10,00 m","beschreib":"Einmündung Graben (Am Wäldchen)","beschreib_lang":null,"foto1":null,"foto2":null,"foto3":null,"foto4":null,"link1":null,"link2":null,"denkmal":"Nein","akz":null,"WR":null,"Ein_GWZ":null,"Ein_GKZ":null,"Ein_Name":null,"Ein_ord":"3. Ordnung","Ein_WKID":null,"Ein_DN":500,"Breite":null,"Hoehe":null,"NN_Sohle":null,"WK_NR":null,"URL_WKDB":null,"rwert":358992.0,"hwert":5828159.0},"geometry":{"type":"Point","coordinates":[6.918638,52.585158]}},
{"type":"Feature","properties":{"ID_con":755,"bw_id":"VEC_EIN_90620","name":"Einmündung Bathorner Graben","GEW":"VEC","stat_von":90620.0,"bauart":"??Rohrdurchlass (mit Rückstauklappe)","baujahr":"1961","upflicht":"114","KTR":null,"FSK":"033125001001070010__","bemerk":"Nr. 84 (Holzmann) ; Einlaufbauwerk prüfen","beschreib":"Einmündung Bathorner Graben","beschreib_lang":null,"foto1":null,"foto2":null,"foto3":null,"foto4":null,"link1":null,"link2":null,"denkmal":"Nein","akz":null,"WR":null,"Ein_GWZ":9286714,"Ein_GKZ":9286714,"Ein_Name":"Bathorner Graben","Ein_ord":"2. Ordnung","Ein_WKID":null,"Ein_DN":null,"Breite":null,"Hoehe":null,"NN_Sohle":null,"WK_NR":null,"URL_WKDB":null,"rwert":359811.0,"hwert":5827954.0},"geometry":{"type":"Point","coordinates":[6.930805,52.583528]}},
{"type":"Feature","properties":{"ID_con":756,"bw_id":"VEC_EIN_91175","name":"Grabeneinmündung","GEW":"VEC","stat_von":91175.0,"bauart":"Rohrdurchlass","baujahr":"1957","upflicht":"Wasser- und Bodenverband","KTR":null,"FSK":"033126023000490002__","bemerk":"Nr. 87 ; Länge der Haltung : 10,00 m","beschreib":"Grabeneinmündung","beschreib_lang":null,"foto1":null,"foto2":null,"foto3":null,"foto4":null,"link1":null,"link2":null,"denkmal":"Nein","akz":null,"WR":null,"Ein_GWZ":null,"Ein_GKZ":null,"Ein_Name":null,"Ein_ord":"3. Ordnung","Ein_WKID":null,"Ein_DN":600,"Breite":null,"Hoehe":null,"NN_Sohle":null,"WK_NR":null,"URL_WKDB":null,"rwert":359611.0,"hwert":5827421.0},"geometry":{"type":"Point","coordinates":[6.928081,52.578688]}},
{"type":"Feature","properties":{"ID_con":757,"bw_id":"VEC_EIN_91375","name":"Einmündung Brenner Graben","GEW":"VEC","stat_von":91375.0,"bauart":"Kastendurchlass","baujahr":"1957","upflicht":"114 / NLWKN ??","KTR":"MABVE00100","FSK":"033126023000830003__","bemerk":"Nr. 90 ; Länge der Haltung : 7,40 m","beschreib":"Einmündung Brenner Graben","beschreib_lang":null,"foto1":null,"foto2":null,"foto3":null,"foto4":null,"link1":null,"link2":null,"denkmal":"Nein","akz":null,"WR":null,"Ein_GWZ":9286712,"Ein_GKZ":92867129,"Ein_Name":"Brennergraben","Ein_ord":"2. Ordnung","Ein_WKID":null,"Ein_DN":null,"Breite":3000,"Hoehe":1800,"NN_Sohle":null,"WK_NR":null,"URL_WKDB":null,"rwert":359809.0,"hwert":5827239.0},"geometry":{"type":"Point","coordinates":[6.931078,52.577104]}},
{"type":"Feature","properties":{"ID_con":758,"bw_id":"VEC_EIN_91440","name":"Einleitung, KA Hoogstede,Abwassereinl. in die Vechte","GEW":"VEC","stat_von":91440.0,"bauart":"Rohrdurchlass (Wasserrecht)","baujahr":null,"upflicht":"Samtgemeinde Emlichheim","KTR":null,"FSK":"03312602300085______","bemerk":"Nr. 89 ; B-001 (aktiv, real) ,KA Hoogstede,Abwassereinl. in","beschreib":"Einleitung, KA Hoogstede,Abwassereinl. in die Vechte","beschreib_lang":null,"foto1":null,"foto2":null,"foto3":null,"foto4":null,"link1":null,"link2":null,"denkmal":"Nein","akz":null,"WR":"11/9443 (aktiv)","Ein_GWZ":null,"Ein_GKZ":null,"Ein_Name":null,"Ein_ord":"Einleitung","Ein_WKID":null,"Ein_DN":200,"Breite":null,"Hoehe":null,"NN_Sohle":null,"WK_NR":null,"URL_WKDB":null,"rwert":359852.0,"hwert":5827285.0},"geometry":{"type":"Point","coordinates":[6.931693,52.577528]}},
{"type":"Feature","properties":{"ID_con":759,"bw_id":"VEC_EIN_91760","name":"Grabeneinmündung (Altarm)","GEW":"VEC","stat_von":91760.0,"bauart":"Rohrdurchlass","baujahr":"1962","upflicht":"Wasser- und Bodenverband","KTR":null,"FSK":"03312602300102______","bemerk":"Nr. 92 (Diekel) ; Länge der Haltung : 5,00 m","beschreib":"Grabeneinmündung (Altarm) über Rohrdurchlass. Der Altarm ist als Biotop (GB-NOH 3407/035) geschützt","beschreib_lang":null,"foto1":null,"foto2":null,"foto3":null,"foto4":null,"link1":null,"link2":null,"denkmal":"Nein","akz":null,"WR":null,"Ein_GWZ":null,"Ein_GKZ":null,"Ein_Name":null,"Ein_ord":"3. Ordnung","Ein_WKID":null,"Ein_DN":1200,"Breite":null,"Hoehe":null,"NN_Sohle":null,"WK_NR":null,"URL_WKDB":null,"rwert":360138.0,"hwert":5827177.0},"geometry":{"type":"Point","coordinates":[6.935956,52.576631]}},
{"type":"Feature","properties":{"ID_con":760,"bw_id":"VEC_EIN_91995","name":"Einleitung in OG - Vechte - KA Hoogstede","GEW":"VEC","stat_von":91995.0,"bauart":"??Rohrdurchlass (Wasserrecht)","baujahr":null,"upflicht":"Samtgemeinde Emlichheim","KTR":null,"FSK":"03312602500039______","bemerk":"B-001 (aktiv, real) , Einleitung in OG - Vechte - ","beschreib":"Einleitung in OG - Vechte - KA Hoogstede","beschreib_lang":null,"foto1":null,"foto2":null,"foto3":null,"foto4":null,"link1":null,"link2":null,"denkmal":"Nein","akz":null,"WR":"11/13298 (aktiv)","Ein_GWZ":null,"Ein_GKZ":null,"Ein_Name":null,"Ein_ord":"Einleitung","Ein_WKID":null,"Ein_DN":null,"Breite":null,"Hoehe":null,"NN_Sohle":null,"WK_NR":null,"URL_WKDB":null,"rwert":360355.0,"hwert":5827075.0},"geometry":{"type":"Point","coordinates":[6.939199,52.575771]}},
{"type":"Feature","properties":{"ID_con":761,"bw_id":"VEC_EIN_92885","name":"Einmündung Graben","GEW":"VEC","stat_von":92885.0,"bauart":"Rohrdurchlass mit Rückstauklappe","baujahr":"1962","upflicht":"Wasser- und Bodenverband Hoogstede-Ringe","KTR":null,"FSK":"03312602500059______","bemerk":"Nr. 96 (Diekel) ; Länge der Haltung : 10,50 m","beschreib":"Einmündung Graben","beschreib_lang":null,"foto1":"https://nlwkn.hannit-share.de/index.php/core/preview?fileId=11474219&x=1280&y=819&a=true","foto2":null,"foto3":null,"foto4":null,"link1":null,"link2":null,"denkmal":"Nein","akz":null,"WR":null,"Ein_GWZ":null,"Ein_GKZ":null,"Ein_Name":null,"Ein_ord":"3. Ordnung","Ein_WKID":null,"Ein_DN":800,"Breite":null,"Hoehe":null,"NN_Sohle":null,"WK_NR":null,"URL_WKDB":null,"rwert":360990.0,"hwert":5826493.0},"geometry":{"type":"Point","coordinates":[6.948808,52.570704]}},
{"type":"Feature","properties":{"ID_con":762,"bw_id":"VEC_EIN_93880","name":"Einmündung Lee (über Leewehr)","GEW":"VEC","stat_von":93880.0,"bauart":"Freie Einmündung (Unterhalb Leewehr)","baujahr":null,"upflicht":"114","KTR":null,"FSK":"033124001002310007__","bemerk":"Nr. 101","beschreib":"Einmündung Lee (über Leewehr)","beschreib_lang":null,"foto1":"https://nlwkn.hannit-share.de/index.php/core/preview?fileId=11055479&x=1280&y=819&a=true","foto2":"https://nlwkn.hannit-share.de/index.php/core/preview?fileId=11055482&x=1280&y=819&a=true","foto3":null,"foto4":null,"link1":null,"link2":null,"denkmal":"Nein","akz":null,"WR":null,"Ein_GWZ":92866,"Ein_GKZ":92866999,"Ein_Name":"Lee","Ein_ord":"2. Ordnung","Ein_WKID":32016,"Ein_DN":null,"Breite":null,"Hoehe":null,"NN_Sohle":null,"WK_NR":32016,"URL_WKDB":" ","rwert":360996.0,"hwert":5825601.0},"geometry":{"type":"Point","coordinates":[6.94927,52.562692]}},
{"type":"Feature","properties":{"ID_con":763,"bw_id":"VEC_EIN_94010","name":"Auslauf Altarm uh Vechtewehr Tinholt","GEW":"VEC","stat_von":94010.0,"bauart":"Rohrdurchlass mit Überfahrt??","baujahr":null,"upflicht":"??","KTR":null,"FSK":"03312602600039______","bemerk":null,"beschreib":"Auslauf Altarm uh Vechtewehr Tinholt","beschreib_lang":null,"foto1":null,"foto2":null,"foto3":null,"foto4":null,"link1":null,"link2":null,"denkmal":"Nein","akz":null,"WR":null,"Ein_GWZ":null,"Ein_GKZ":null,"Ein_Name":"Altarm","Ein_ord":"Sonstige??","Ein_WKID":null,"Ein_DN":null,"Breite":null,"Hoehe":null,"NN_Sohle":0.0,"WK_NR":null,"URL_WKDB":null,"rwert":360965.0,"hwert":5825480.0},"geometry":{"type":"Point","coordinates":[6.948864,52.561597]}},
{"type":"Feature","properties":{"ID_con":764,"bw_id":"VEC_EIN_94050","name":"Auslauf Umgehungsgerinne Vechewehr Tinholt","GEW":"VEC","stat_von":94050.0,"bauart":"Freie Einmündung","baujahr":null,"upflicht":"NLWKN","KTR":null,"FSK":"03312602600039______","bemerk":null,"beschreib":"Auslauf Umgehungsgerinne Wehr Tinholt","beschreib_lang":null,"foto1":"https://nlwkn.hannit-share.de/index.php/core/preview?fileId=11055485&x=1280&y=819&a=true","foto2":"https://nlwkn.hannit-share.de/index.php/core/preview?fileId=11055488&x=1280&y=819&a=true","foto3":"https://nlwkn.hannit-share.de/index.php/core/preview?fileId=11055491&x=1280&y=819&a=true","foto4":"https://nlwkn.hannit-share.de/index.php/core/preview?fileId=11055494&x=1280&y=819&a=true","link1":null,"link2":null,"denkmal":"Nein","akz":null,"WR":null,"Ein_GWZ":null,"Ein_GKZ":null,"Ein_Name":"Beckenfischpass","Ein_ord":"Sonstige","Ein_WKID":null,"Ein_DN":null,"Breite":null,"Hoehe":null,"NN_Sohle":0.0,"WK_NR":null,"URL_WKDB":null,"rwert":360936.0,"hwert":5825445.0},"geometry":{"type":"Point","coordinates":[6.948451,52.561275]}},
{"type":"Feature","properties":{"ID_con":765,"bw_id":"VEC_EIN_94120","name":"Einlauf Umgehungsgerinne","GEW":"VEC","stat_von":94120.0,"bauart":"Freie Einmündung","baujahr":null,"upflicht":"NLWKN","KTR":null,"FSK":"03312602600039______","bemerk":null,"beschreib":"Einlauf Umgehungsgerinne Wehr Tinholt","beschreib_lang":null,"foto1":"https://nlwkn.hannit-share.de/index.php/core/preview?fileId=11055497&x=1280&y=819&a=true","foto2":"https://nlwkn.hannit-share.de/index.php/core/preview?fileId=11055500&x=1280&y=819&a=true","foto3":"https://nlwkn.hannit-share.de/index.php/core/preview?fileId=11055503&x=1280&y=819&a=true","foto4":"https://nlwkn.hannit-share.de/index.php/core/preview?fileId=11055506&x=1280&y=819&a=true","link1":null,"link2":null,"denkmal":"Nein","akz":null,"WR":null,"Ein_GWZ":null,"Ein_GKZ":null,"Ein_Name":"Umgehungsgerinne","Ein_ord":"Sonstige","Ein_WKID":null,"Ein_DN":null,"Breite":null,"Hoehe":null,"NN_Sohle":0.0,"WK_NR":null,"URL_WKDB":null,"rwert":360933.0,"hwert":5825374.0},"geometry":{"type":"Point","coordinates":[6.948437,52.560636]}},
{"type":"Feature","properties":{"ID_con":766,"bw_id":"VEC_EIN_94520","name":"Einmündung Graben","GEW":"VEC","stat_von":94520.0,"bauart":"Rohrdurchlass mit Rückstauklappe","baujahr":"1963","upflicht":"Wasser- und Bodenverband","KTR":null,"FSK":"03312602600041______","bemerk":"Nr. 103 (Diekel) ; Länge der Haltung : 10,20 m","beschreib":"Einmündung Graben","beschreib_lang":null,"foto1":"https://nlwkn.hannit-share.de/index.php/core/preview?fileId=11055509&x=1280&y=819&a=true","foto2":null,"foto3":null,"foto4":null,"link1":null,"link2":null,"denkmal":"Nein","akz":null,"WR":null,"Ein_GWZ":null,"Ein_GKZ":null,"Ein_Name":null,"Ein_ord":"3. Ordnung","Ein_WKID":null,"Ein_DN":500,"Breite":null,"Hoehe":null,"NN_Sohle":null,"WK_NR":null,"URL_WKDB":null,"rwert":360961.0,"hwert":5824989.0},"geometry":{"type":"Point","coordinates":[6.949011,52.557185]}},
{"type":"Feature","properties":{"ID_con":2110,"bw_id":"VEC_EIN_94740","name":"Einmündung Graben (Oberflächenentwässerung)","GEW":"VEC","stat_von":94740.0,"bauart":"Rohrdurchlass mit Rückstauklappe","baujahr":"1963","upflicht":"Wasser- und Bodenverband","KTR":null,"FSK":"03312602600039______","bemerk":"Nr. 104 (Diekel) ; Länge der Haltung : 7,20 m","beschreib":"Einmündung Graben (Oberflächenentwässerung)","beschreib_lang":null,"foto1":"https://nlwkn.hannit-share.de/index.php/core/preview?fileId=11055512&x=1280&y=819&a=true","foto2":"https://nlwkn.hannit-share.de/index.php/core/preview?fileId=11055515&x=1280&y=819&a=true","foto3":"https://nlwkn.hannit-share.de/index.php/core/preview?fileId=11055518&x=1280&y=819&a=true","foto4":null,"link1":null,"link2":null,"denkmal":"Nein","akz":null,"WR":null,"Ein_GWZ":null,"Ein_GKZ":null,"Ein_Name":null,"Ein_ord":"Sonstige","Ein_WKID":null,"Ein_DN":600,"Breite":null,"Hoehe":null,"NN_Sohle":null,"WK_NR":null,"URL_WKDB":null,"rwert":360987.0,"hwert":5824774.0},"geometry":{"type":"Point","coordinates":[6.949484,52.55526]}},
{"type":"Feature","properties":{"ID_con":767,"bw_id":"VEC_EIN_94885","name":"Einmündung Freebecke","GEW":"VEC","stat_von":94885.0,"bauart":"Kastendurchlass","baujahr":"1963","upflicht":"114 / NLWKN??","KTR":"MABVE00100","FSK":"03314600100284______","bemerk":"Nr. 105 (Diekel) ; Länge der Haltung : 5,50 m","beschreib":"Einmündung Freebecke","beschreib_lang":null,"foto1":"https://nlwkn.hannit-share.de/index.php/core/preview?fileId=11055521&x=1280&y=819&a=true","foto2":null,"foto3":null,"foto4":null,"link1":null,"link2":null,"denkmal":"Nein","akz":null,"WR":null,"Ein_GWZ":9286592,"Ein_GKZ":9286592,"Ein_Name":"Freebecke","Ein_ord":"2. Ordnung","Ein_WKID":null,"Ein_DN":null,"Breite":2000,"Hoehe":2000,"NN_Sohle":null,"WK_NR":null,"URL_WKDB":null,"rwert":361113.0,"hwert":5824666.0},"geometry":{"type":"Point","coordinates":[6.951387,52.554321]}},
{"type":"Feature","properties":{"ID_con":768,"bw_id":"VEC_EIN_94920","name":"Einmündung Graben","GEW":"VEC","stat_von":94920.0,"bauart":"Rohrdurchlass","baujahr":"1963","upflicht":"Wasser- Und Bodenverband Vechtetal II","KTR":null,"FSK":"03314600100284______","bemerk":"Nr. 106 (Diekel) ; Länge der Haltung : 7,00 m","beschreib":"Einmündung Graben","beschreib_lang":null,"foto1":"https://nlwkn.hannit-share.de/index.php/core/preview?fileId=11055524&x=1280&y=819&a=true","foto2":null,"foto3":null,"foto4":null,"link1":null,"link2":null,"denkmal":"Nein","akz":null,"WR":null,"Ein_GWZ":null,"Ein_GKZ":null,"Ein_Name":null,"Ein_ord":"3. Ordnung","Ein_WKID":null,"Ein_DN":1000,"Breite":null,"Hoehe":null,"NN_Sohle":null,"WK_NR":null,"URL_WKDB":null,"rwert":361124.0,"hwert":5824629.0},"geometry":{"type":"Point","coordinates":[6.951564,52.553992]}},
{"type":"Feature","properties":{"ID_con":769,"bw_id":"VEC_EIN_95160","name":"Einmündung Graben","GEW":"VEC","stat_von":95160.0,"bauart":"Rohrdurchlass mit Rückstauklappe","baujahr":"1963","upflicht":"Wasser- und Bodenverband","KTR":null,"FSK":"03312602600043______","bemerk":"Nr. 107 (Diekel) ; Länge der Haltung : 1,20 bm","beschreib":"Einmündung Graben","beschreib_lang":null,"foto1":"https://nlwkn.hannit-share.de/index.php/core/preview?fileId=11055527&x=1280&y=819&a=true","foto2":"https://nlwkn.hannit-share.de/index.php/core/preview?fileId=11055530&x=1280&y=819&a=true","foto3":"https://nlwkn.hannit-share.de/index.php/core/preview?fileId=11055533&x=1280&y=819&a=true","foto4":"https://nlwkn.hannit-share.de/index.php/core/preview?fileId=11055536&x=1280&y=819&a=true","link1":null,"link2":null,"denkmal":"Nein","akz":null,"WR":null,"Ein_GWZ":null,"Ein_GKZ":null,"Ein_Name":null,"Ein_ord":"3. Ordnung","Ein_WKID":null,"Ein_DN":600,"Breite":null,"Hoehe":null,"NN_Sohle":null,"WK_NR":null,"URL_WKDB":null,"rwert":360940.0,"hwert":5824496.0},"geometry":{"type":"Point","coordinates":[6.948908,52.55275]}},
{"type":"Feature","properties":{"ID_con":770,"bw_id":"VEC_EIN_95430","name":"Einmündung Mühlengraben (Altarmanbindung)","GEW":"VEC","stat_von":95430.0,"bauart":"Kastendurchlass","baujahr":"1963","upflicht":"114 (Wasser- Und Bodenverband Vechtetal III Nr. 81) / NLWKN ==","KTR":"MABVE00100","FSK":"03314600100292______","bemerk":"Nr. 108 (Diekel) ; Länge der Haltung: 5,50 m","beschreib":"Einmündung Mühlengraben (Altarmanbindung)","beschreib_lang":null,"foto1":"https://nlwkn.hannit-share.de/index.php/core/preview?fileId=11055539&x=1280&y=819&a=true","foto2":"https://nlwkn.hannit-share.de/index.php/core/preview?fileId=11055542&x=1280&y=819&a=true","foto3":"https://nlwkn.hannit-share.de/index.php/core/preview?fileId=11055545&x=1280&y=819&a=true","foto4":"https://nlwkn.hannit-share.de/index.php/core/preview?fileId=11055548&x=1280&y=819&a=true","link1":null,"link2":null,"denkmal":"Nein","akz":null,"WR":null,"Ein_GWZ":928654,"Ein_GKZ":9286549,"Ein_Name":"Mühlengraben","Ein_ord":"2. Ordnung","Ein_WKID":null,"Ein_DN":null,"Breite":2000,"Hoehe":2000,"NN_Sohle":null,"WK_NR":null,"URL_WKDB":null,"rwert":360672.0,"hwert":5824420.0},"geometry":{"type":"Point","coordinates":[6.94499,52.551999]}},
{"type":"Feature","properties":{"ID_con":771,"bw_id":"VEC_EIN_96000","name":"Einmündung Graben","GEW":"VEC","stat_von":96000.0,"bauart":"Rohrdurchlass","baujahr":"1963","upflicht":"Wasser- und Bodenverband","KTR":null,"FSK":"03314600100300______","bemerk":"Nr. 109 (DiekelI ; länge der Haltung: 5,50 m","beschreib":"Einmündung Graben","beschreib_lang":null,"foto1":null,"foto2":null,"foto3":null,"foto4":null,"link1":null,"link2":null,"denkmal":"Nein","akz":null,"WR":null,"Ein_GWZ":null,"Ein_GKZ":null,"Ein_Name":null,"Ein_ord":"3. Ordnung","Ein_WKID":null,"Ein_DN":600,"Breite":null,"Hoehe":null,"NN_Sohle":null,"WK_NR":null,"URL_WKDB":null,"rwert":360927.0,"hwert":5823937.0},"geometry":{"type":"Point","coordinates":[6.948951,52.547724]}},
{"type":"Feature","properties":{"ID_con":772,"bw_id":"VEC_EIN_96105","name":"Einmündung Hofentwässerung","GEW":"VEC","stat_von":96105.0,"bauart":"??Rohrdurchlass","baujahr":null,"upflicht":null,"KTR":null,"FSK":"03314600100298______","bemerk":"Einlauf und U_Pflicht prüfen","beschreib":"Einmündung Hofentwässerung","beschreib_lang":null,"foto1":"https://nlwkn.hannit-share.de/index.php/core/preview?fileId=11055551&x=1280&y=819&a=true","foto2":"https://nlwkn.hannit-share.de/index.php/core/preview?fileId=11055554&x=1280&y=819&a=true","foto3":"https://nlwkn.hannit-share.de/index.php/core/preview?fileId=11055557&x=1280&y=819&a=true","foto4":null,"link1":null,"link2":null,"denkmal":"Nein","akz":null,"WR":null,"Ein_GWZ":null,"Ein_GKZ":null,"Ein_Name":"Hofentwässerrung","Ein_ord":"Einleitung","Ein_WKID":null,"Ein_DN":null,"Breite":null,"Hoehe":null,"NN_Sohle":0.0,"WK_NR":null,"URL_WKDB":null,"rwert":360902.0,"hwert":5823828.0},"geometry":{"type":"Point","coordinates":[6.948628,52.546739]}},
{"type":"Feature","properties":{"ID_con":773,"bw_id":"VEC_EIN_96605","name":"Einmündung Graben (Altarm Nr IV)","GEW":"VEC","stat_von":96605.0,"bauart":"Rohrdurchlass","baujahr":"1963","upflicht":"Wasser- und Bodenverband","KTR":null,"FSK":"03314600100300______","bemerk":"Nr. 111 (Diekel) ; Länge der Haltung : 10,00 m","beschreib":"Einmündung Graben (Altarm Nr IV)","beschreib_lang":null,"foto1":"https://nlwkn.hannit-share.de/index.php/core/preview?fileId=11055560&x=1280&y=819&a=true","foto2":null,"foto3":null,"foto4":null,"link1":null,"link2":null,"denkmal":"Nein","akz":null,"WR":null,"Ein_GWZ":null,"Ein_GKZ":null,"Ein_Name":null,"Ein_ord":"3. Ordnung","Ein_WKID":null,"Ein_DN":600,"Breite":null,"Hoehe":null,"NN_Sohle":null,"WK_NR":null,"URL_WKDB":null,"rwert":361234.0,"hwert":5823487.0},"geometry":{"type":"Point","coordinates":[6.953663,52.54376]}},
{"type":"Feature","properties":{"ID_con":774,"bw_id":"VEC_EIN_96715","name":"Einmündung Graben","GEW":"VEC","stat_von":96715.0,"bauart":"??Rohrdurchlass mit Überfahrt","baujahr":null,"upflicht":"??","KTR":null,"FSK":"03314600100303______","bemerk":"Bauwerk vorhanden??","beschreib":"Einmündung Graben","beschreib_lang":null,"foto1":"https://nlwkn.hannit-share.de/index.php/core/preview?fileId=11055563&x=1280&y=819&a=true","foto2":"https://nlwkn.hannit-share.de/index.php/core/preview?fileId=11055566&x=1280&y=819&a=true","foto3":"https://nlwkn.hannit-share.de/index.php/core/preview?fileId=11055569&x=1280&y=819&a=true","foto4":"https://nlwkn.hannit-share.de/index.php/core/preview?fileId=11055572&x=1280&y=819&a=true","link1":null,"link2":null,"denkmal":"Nein","akz":null,"WR":null,"Ein_GWZ":null,"Ein_GKZ":null,"Ein_Name":null,"Ein_ord":"3. Ordnung","Ein_WKID":null,"Ein_DN":null,"Breite":null,"Hoehe":null,"NN_Sohle":0.0,"WK_NR":null,"URL_WKDB":null,"rwert":361264.0,"hwert":5823378.0},"geometry":{"type":"Point","coordinates":[6.954151,52.542788]}},
{"type":"Feature","properties":{"ID_con":775,"bw_id":"VEC_EIN_96860","name":"Einleitung, KA Zentraldeponie Wilsum II","GEW":"VEC","stat_von":96860.0,"bauart":"??Rohrdurchlass (Wasserrecht)","baujahr":null,"upflicht":"Landkreis Grafschaft Bentheim","KTR":null,"FSK":"03314600100302______","bemerk":"Nr. 113 ; B-001 (aktiv, real) , KA Zentraldeponie Wilsum II, , Wo ist das Bauwerk??","beschreib":"Einleitung, KA Zentraldeponie Wilsum II","beschreib_lang":null,"foto1":null,"foto2":null,"foto3":null,"foto4":null,"link1":null,"link2":null,"denkmal":"Nein","akz":null,"WR":"11/12693 (aktiv)","Ein_GWZ":null,"Ein_GKZ":null,"Ein_Name":null,"Ein_ord":"Einleitung","Ein_WKID":null,"Ein_DN":300,"Breite":null,"Hoehe":null,"NN_Sohle":null,"WK_NR":null,"URL_WKDB":null,"rwert":361375.0,"hwert":5823259.0},"geometry":{"type":"Point","coordinates":[6.955836,52.541747]}},
{"type":"Feature","properties":{"ID_con":2498,"bw_id":"VEC_EIN_96895","name":"Rohreinlauf","GEW":"VEC","stat_von":96895.0,"bauart":"Rohreinlauf","baujahr":null,"upflicht":"??","KTR":null,"FSK":"03314600100312______","bemerk":"U-Pficht prüfen","beschreib":"Rohreinlauf oh Harmsen Brücke (Haftenkamper Straße)","beschreib_lang":null,"foto1":"https://nlwkn.hannit-share.de/index.php/core/preview?fileId=11055575&x=1280&y=819&a=true","foto2":"https://nlwkn.hannit-share.de/index.php/core/preview?fileId=11055578&x=1280&y=819&a=true","foto3":null,"foto4":null,"link1":null,"link2":null,"denkmal":"Nein","akz":null,"WR":null,"Ein_GWZ":null,"Ein_GKZ":null,"Ein_Name":null,"Ein_ord":"Sonstige","Ein_WKID":null,"Ein_DN":null,"Breite":null,"Hoehe":null,"NN_Sohle":null,"WK_NR":null,"URL_WKDB":null,"rwert":361298.0,"hwert":5823216.0},"geometry":{"type":"Point","coordinates":[6.95472,52.541341]}},
{"type":"Feature","properties":{"ID_con":2111,"bw_id":"VEC_EIN_97185","name":"Oberflächenentwässerung","GEW":"VEC","stat_von":97185.0,"bauart":"Rohrdurchlass","baujahr":"1963","upflicht":"Wasser- und Bodenverband","KTR":null,"FSK":"03314600800176______","bemerk":"Bauwerk nicht mehr vorhanden?? ; Nr. 116 (Diekel) ; Länge der Haltung : 5,20 m","beschreib":"Bauwerk nicht mehr vorhanden?? ; Nr. 116 (Diekel) ; Länge der Haltung : 5,20 m","beschreib_lang":null,"foto1":null,"foto2":null,"foto3":null,"foto4":null,"link1":null,"link2":null,"denkmal":"Nein","akz":null,"WR":null,"Ein_GWZ":null,"Ein_GKZ":null,"Ein_Name":null,"Ein_ord":"Sonstige","Ein_WKID":null,"Ein_DN":600,"Breite":null,"Hoehe":null,"NN_Sohle":null,"WK_NR":null,"URL_WKDB":null,"rwert":361117.0,"hwert":5823051.0},"geometry":{"type":"Point","coordinates":[6.952121,52.539813]}},
{"type":"Feature","properties":{"ID_con":776,"bw_id":"VEC_EIN_97245","name":"Einmündung Graben (Altarm)","GEW":"VEC","stat_von":97245.0,"bauart":"Kastendurchlass mit Überfahrt","baujahr":"1963","upflicht":"Wasser- und Bodenverband / NLWKN ??","KTR":"MABVE00100","FSK":"03314600800176______","bemerk":"Nr. 117 (Diekel) ; Länge der Haltung : 5,20 m","beschreib":"Einmündung Graben (Altarm) über Kastendurchlass mit Überfahrt, der Altarm ist als Biotop (GB-NOH 3407/026) ausgewiesen.","beschreib_lang":null,"foto1":"https://nlwkn.hannit-share.de/index.php/core/preview?fileId=11055581&x=1280&y=819&a=true","foto2":"https://nlwkn.hannit-share.de/index.php/core/preview?fileId=11055584&x=1280&y=819&a=true","foto3":"https://nlwkn.hannit-share.de/index.php/core/preview?fileId=11055587&x=1280&y=819&a=true","foto4":"https://nlwkn.hannit-share.de/index.php/core/preview?fileId=11055590&x=1280&y=819&a=true","link1":"https://nlwkn.hannit-share.de/index.php/core/preview?fileId=11055593&x=1280&y=819&a=true","link2":"https://nlwkn.hannit-share.de/index.php/core/preview?fileId=11055596&x=1280&y=819&a=true","denkmal":"Nein","akz":null,"WR":null,"Ein_GWZ":null,"Ein_GKZ":null,"Ein_Name":null,"Ein_ord":"3. Ordnung","Ein_WKID":null,"Ein_DN":null,"Breite":2000,"Hoehe":2000,"NN_Sohle":null,"WK_NR":null,"URL_WKDB":null,"rwert":361087.0,"hwert":5822977.0},"geometry":{"type":"Point","coordinates":[6.95171,52.53914]}},
{"type":"Feature","properties":{"ID_con":777,"bw_id":"VEC_EIN_97625","name":"Einmündung Graben","GEW":"VEC","stat_von":97625.0,"bauart":"Rohrdurchlass mit Rückschlagklappe","baujahr":"1963","upflicht":"Wasser- und Bodenverband","KTR":null,"FSK":"03314600800181______","bemerk":"Nr. 118 (Diekel) ; Länge der Haltung : 5,20 m ; Ist eine Rückstauklappe vorhanden??","beschreib":"Rohrdurchlass","beschreib_lang":null,"foto1":"https://nlwkn.hannit-share.de/index.php/core/preview?fileId=11055599&x=1280&y=819&a=true","foto2":"https://nlwkn.hannit-share.de/index.php/core/preview?fileId=11055602&x=1280&y=819&a=true","foto3":"https://nlwkn.hannit-share.de/index.php/core/preview?fileId=11055605&x=1280&y=819&a=true","foto4":"https://nlwkn.hannit-share.de/index.php/core/preview?fileId=11055608&x=1280&y=819&a=true","link1":"https://nlwkn.hannit-share.de/index.php/core/preview?fileId=11055611&x=1280&y=819&a=true","link2":"https://nlwkn.hannit-share.de/index.php/core/preview?fileId=11055614&x=1280&y=819&a=true","denkmal":"Nein","akz":null,"WR":null,"Ein_GWZ":null,"Ein_GKZ":null,"Ein_Name":null,"Ein_ord":"3. Ordnung","Ein_WKID":null,"Ein_DN":600,"Breite":null,"Hoehe":null,"NN_Sohle":null,"WK_NR":null,"URL_WKDB":null,"rwert":361094.0,"hwert":5822633.0},"geometry":{"type":"Point","coordinates":[6.951957,52.536051]}},
{"type":"Feature","properties":{"ID_con":778,"bw_id":"VEC_EIN_97710","name":"Altarmanbindung / Grabeneinmündung","GEW":"VEC","stat_von":97710.0,"bauart":"Kastendurchlass mit Überfahrt","baujahr":"1963","upflicht":"NLWKN","KTR":"MABVE00100","FSK":"03314501000039______","bemerk":"Nr. 119 (Diekel) ; Länge der Haltung : 5,50 m","beschreib":"Kastendurchlass mit Überfahrt, Altarmanbindung / Grabeneinmündung (Nr. 119 (Diekel) ; Länge der Haltung : 5,50 m), Der Altarm ist als Biotop (GB-NOH 3407/027) geschützt.","beschreib_lang":null,"foto1":"https://nlwkn.hannit-share.de/index.php/core/preview?fileId=11055617&x=1280&y=819&a=true","foto2":"https://nlwkn.hannit-share.de/index.php/core/preview?fileId=11055620&x=1280&y=819&a=true","foto3":"https://nlwkn.hannit-share.de/index.php/core/preview?fileId=11055623&x=1280&y=819&a=true","foto4":"https://nlwkn.hannit-share.de/index.php/core/preview?fileId=11055626&x=1280&y=819&a=true","link1":"https://nlwkn.hannit-share.de/index.php/core/preview?fileId=11055629&x=1280&y=819&a=true","link2":null,"denkmal":"Nein","akz":null,"WR":null,"Ein_GWZ":null,"Ein_GKZ":null,"Ein_Name":"Altarm","Ein_ord":"3. Ordnung","Ein_WKID":null,"Ein_DN":null,"Breite":2000,"Hoehe":2000,"NN_Sohle":null,"WK_NR":null,"URL_WKDB":null,"rwert":360996.0,"hwert":5822626.0},"geometry":{"type":"Point","coordinates":[6.950516,52.535964]}},
{"type":"Feature","properties":{"ID_con":2467,"bw_id":"VEC_EIN_97865","name":"Einmündung Auengewässer Brünas Heide","GEW":"VEC","stat_von":97865.0,"bauart":"Freie Einmündung","baujahr":"2023","upflicht":"NLWKN / ASV Neuenhaus","KTR":null,"FSK":"03314501000044______","bemerk":"!!Vertrag!! ; !!Akz!! ; !!Bestandsplan!! ; !! Sohllage!!","beschreib":"Einmündung Auengewässer Brünas Heide.Angelegt im Zuge der Anlage eines Auengewässers durch den ASV Neuenhaus in Zusammenarbeit mit LfV Weser-Ems (Dr. Salva) und NLWKN","beschreib_lang":null,"foto1":"https://nlwkn.hannit-share.de/index.php/core/preview?fileId=11055632&x=1280&y=819&a=true","foto2":"https://nlwkn.hannit-share.de/index.php/core/preview?fileId=11055635&x=1280&y=819&a=true","foto3":"https://nlwkn.hannit-share.de/index.php/core/preview?fileId=11055638&x=1280&y=819&a=true","foto4":"https://nlwkn.hannit-share.de/index.php/core/preview?fileId=11055641&x=1280&y=819&a=true","link1":"https://nlwkn.hannit-share.de/index.php/core/preview?fileId=11055644&x=1280&y=819&a=true","link2":"https://nlwkn.hannit-share.de/index.php/core/preview?fileId=11055647&x=1280&y=819&a=true","denkmal":"Nein","akz":"27014-96-01","WR":null,"Ein_GWZ":null,"Ein_GKZ":null,"Ein_Name":null,"Ein_ord":"3. Ordnung","Ein_WKID":null,"Ein_DN":null,"Breite":null,"Hoehe":null,"NN_Sohle":12.25,"WK_NR":null,"URL_WKDB":null,"rwert":361017.0,"hwert":5822456.0},"geometry":{"type":"Point","coordinates":[6.950897,52.534442]}},
{"type":"Feature","properties":{"ID_con":779,"bw_id":"VEC_EIN_98335","name":"Einmündung Asmeerbecke","GEW":"VEC","stat_von":98335.0,"bauart":"Kastendurchlass mit Überfahrt","baujahr":"1963","upflicht":"114 / NLWKN ??","KTR":"MABVE00100","FSK":"03314600800184______","bemerk":"Nr. 122 (Diekel) ; Länge der Haltung : 7,30 m","beschreib":"Einmündung Asmeerbecke über Kastendurchlass mit Überfahrt","beschreib_lang":null,"foto1":"https://nlwkn.hannit-share.de/index.php/core/preview?fileId=11055650&x=1280&y=819&a=true","foto2":"https://nlwkn.hannit-share.de/index.php/core/preview?fileId=11055653&x=1280&y=819&a=true","foto3":"https://nlwkn.hannit-share.de/index.php/core/preview?fileId=11055656&x=1280&y=819&a=true","foto4":"https://nlwkn.hannit-share.de/index.php/core/preview?fileId=11055659&x=1280&y=819&a=true","link1":"https://nlwkn.hannit-share.de/index.php/core/preview?fileId=11055662&x=1280&y=819&a=true","link2":"https://nlwkn.hannit-share.de/index.php/core/preview?fileId=11055665&x=1280&y=819&a=true","denkmal":"Nein","akz":null,"WR":null,"Ein_GWZ":92865392,"Ein_GKZ":92865392,"Ein_Name":"Asmeerbecke","Ein_ord":"2. Ordnung","Ein_WKID":null,"Ein_DN":null,"Breite":1250,"Hoehe":1250,"NN_Sohle":null,"WK_NR":null,"URL_WKDB":null,"rwert":361228.0,"hwert":5822095.0},"geometry":{"type":"Point","coordinates":[6.954156,52.531252]}},
{"type":"Feature","properties":{"ID_con":780,"bw_id":"VEC_EIN_98660","name":"Einmündung Graben","GEW":"VEC","stat_von":98660.0,"bauart":"Rohrdurchlass mit Rückstauklappe","baujahr":"1963","upflicht":"Wasser- Und Bodenverband Vechtetal II","KTR":null,"FSK":"03314402100012______","bemerk":"Bauwerk abgängig?? ; Rückstauklappe vorhanden ??","beschreib":"Rohrdurchlass mit Rückstauklappe (Nr. 125 (DiekelI ; Länge der Haltung : 5,00 m).","beschreib_lang":null,"foto1":"https://nlwkn.hannit-share.de/index.php/core/preview?fileId=11055668&x=1280&y=819&a=true","foto2":"https://nlwkn.hannit-share.de/index.php/core/preview?fileId=11055671&x=1280&y=819&a=true","foto3":"https://nlwkn.hannit-share.de/index.php/core/preview?fileId=11055674&x=1280&y=819&a=true","foto4":"https://nlwkn.hannit-share.de/index.php/core/preview?fileId=11055677&x=1280&y=819&a=true","link1":"https://nlwkn.hannit-share.de/index.php/core/preview?fileId=11055680&x=1280&y=819&a=true","link2":"https://nlwkn.hannit-share.de/index.php/core/preview?fileId=11055683&x=1280&y=819&a=true","denkmal":"Nein","akz":null,"WR":null,"Ein_GWZ":null,"Ein_GKZ":null,"Ein_Name":null,"Ein_ord":"3. Ordnung","Ein_WKID":null,"Ein_DN":600,"Breite":null,"Hoehe":null,"NN_Sohle":null,"WK_NR":null,"URL_WKDB":null,"rwert":360910.0,"hwert":5822033.0},"geometry":{"type":"Point","coordinates":[6.949498,52.530614]}},
{"type":"Feature","properties":{"ID_con":781,"bw_id":"VEC_EIN_98785","name":"Einmündung Graben","GEW":"VEC","stat_von":98785.0,"bauart":"Rohrdurchlass","baujahr":"1963","upflicht":"Wasser- und Bodenverband","KTR":null,"FSK":"03314600800184______","bemerk":null,"beschreib":"Grabeneinmündung über Rohrdurchlass mit Überfahrt (Nr. 127 (Diekel) ; Länge der Haltung : 6,30 m)","beschreib_lang":null,"foto1":"https://nlwkn.hannit-share.de/index.php/core/preview?fileId=11055686&x=1280&y=819&a=true","foto2":"https://nlwkn.hannit-share.de/index.php/core/preview?fileId=11055689&x=1280&y=819&a=true","foto3":"https://nlwkn.hannit-share.de/index.php/core/preview?fileId=11055692&x=1280&y=819&a=true","foto4":"https://nlwkn.hannit-share.de/index.php/core/preview?fileId=11055695&x=1280&y=819&a=true","link1":"https://nlwkn.hannit-share.de/index.php/core/preview?fileId=11055698&x=1280&y=819&a=true","link2":"https://nlwkn.hannit-share.de/index.php/core/preview?fileId=11055701&x=1280&y=819&a=true","denkmal":"Nein","akz":null,"WR":null,"Ein_GWZ":null,"Ein_GKZ":null,"Ein_Name":null,"Ein_ord":"3. Ordnung","Ein_WKID":null,"Ein_DN":600,"Breite":null,"Hoehe":null,"NN_Sohle":null,"WK_NR":null,"URL_WKDB":null,"rwert":360980.0,"hwert":5821912.0},"geometry":{"type":"Point","coordinates":[6.950579,52.529545]}},
{"type":"Feature","properties":{"ID_con":782,"bw_id":"VEC_EIN_99010","name":"Einmündung Fleierbecke","GEW":"VEC","stat_von":99010.0,"bauart":"Rohrdurchlass","baujahr":"1963","upflicht":"114","KTR":null,"FSK":"03314402100037______","bemerk":null,"beschreib":"Einmündung Fleierbecke über Rohrdurchlass mit Überfahrt (Nr. 128 (Diekel) ; Länge der Haltung: 5,10 m)","beschreib_lang":null,"foto1":"https://nlwkn.hannit-share.de/index.php/core/preview?fileId=11055704&x=1280&y=819&a=true","foto2":"https://nlwkn.hannit-share.de/index.php/core/preview?fileId=11055707&x=1280&y=819&a=true","foto3":"https://nlwkn.hannit-share.de/index.php/core/preview?fileId=11055710&x=1280&y=819&a=true","foto4":"https://nlwkn.hannit-share.de/index.php/core/preview?fileId=11055713&x=1280&y=819&a=true","link1":"https://nlwkn.hannit-share.de/index.php/core/preview?fileId=11055716&x=1280&y=819&a=true","link2":"https://nlwkn.hannit-share.de/index.php/core/preview?fileId=11055719&x=1280&y=819&a=true","denkmal":"Nein","akz":null,"WR":null,"Ein_GWZ":9286538,"Ein_GKZ":9286538,"Ein_Name":"Fleierbecke","Ein_ord":"2. Ordnung","Ein_WKID":null,"Ein_DN":1200,"Breite":null,"Hoehe":null,"NN_Sohle":null,"WK_NR":null,"URL_WKDB":null,"rwert":360899.0,"hwert":5821681.0},"geometry":{"type":"Point","coordinates":[6.949483,52.527449]}},
{"type":"Feature","properties":{"ID_con":783,"bw_id":"VEC_EIN_99090","name":"Einmündung Graben","GEW":"VEC","stat_von":99090.0,"bauart":"Rohrdurchlass","baujahr":"1963","upflicht":"Wasser- Und Bodenverband Vechtetal II","KTR":null,"FSK":"03314402100037______","bemerk":null,"beschreib":"Grabeneinmündung (Nr. 129 (Diekel) ; Länge der Haltung: 5,00 m)","beschreib_lang":null,"foto1":"https://nlwkn.hannit-share.de/index.php/core/preview?fileId=11055722&x=1280&y=819&a=true","foto2":"https://nlwkn.hannit-share.de/index.php/core/preview?fileId=11055725&x=1280&y=819&a=true","foto3":"https://nlwkn.hannit-share.de/index.php/core/preview?fileId=11055728&x=1280&y=819&a=true","foto4":"https://nlwkn.hannit-share.de/index.php/core/preview?fileId=11055731&x=1280&y=819&a=true","link1":"https://nlwkn.hannit-share.de/index.php/core/preview?fileId=11055734&x=1280&y=819&a=true","link2":"https://nlwkn.hannit-share.de/index.php/core/preview?fileId=11055737&x=1280&y=819&a=true","denkmal":"Nein","akz":null,"WR":null,"Ein_GWZ":null,"Ein_GKZ":null,"Ein_Name":null,"Ein_ord":"3. Ordnung","Ein_WKID":null,"Ein_DN":600,"Breite":null,"Hoehe":null,"NN_Sohle":null,"WK_NR":null,"URL_WKDB":null,"rwert":360958.0,"hwert":5821609.0},"geometry":{"type":"Point","coordinates":[6.950382,52.526817]}},
{"type":"Feature","properties":{"ID_con":784,"bw_id":"VEC_EIN_99245","name":"Einmündung Billerbecke","GEW":"VEC","stat_von":99245.0,"bauart":"Kastendurchlass mit Rückstauklappe","baujahr":"1964","upflicht":"114","KTR":null,"FSK":"03314600900153______","bemerk":"Klappe nicht funktionsfähig??","beschreib":"Einmündung Billerbecke über Kastendurchlass mit Rückstauklappe (Nr. 130 (Diekel) ; Länge der Haltung : 5,30 m ; )","beschreib_lang":null,"foto1":"https://nlwkn.hannit-share.de/index.php/core/preview?fileId=11055740&x=1280&y=819&a=true","foto2":"https://nlwkn.hannit-share.de/index.php/core/preview?fileId=11055743&x=1280&y=819&a=true","foto3":"https://nlwkn.hannit-share.de/index.php/core/preview?fileId=11055746&x=1280&y=819&a=true","foto4":"https://nlwkn.hannit-share.de/index.php/core/preview?fileId=11055749&x=1280&y=819&a=true","link1":"https://nlwkn.hannit-share.de/index.php/core/preview?fileId=11055752&x=1280&y=819&a=true","link2":"https://nlwkn.hannit-share.de/index.php/core/preview?fileId=11055755&x=1280&y=819&a=true","denkmal":"Nein","akz":null,"WR":null,"Ein_GWZ":9286536,"Ein_GKZ":9286536,"Ein_Name":"Billerbecke","Ein_ord":"2. Ordnung","Ein_WKID":null,"Ein_DN":null,"Breite":1800,"Hoehe":1800,"NN_Sohle":null,"WK_NR":null,"URL_WKDB":null,"rwert":361130.0,"hwert":5821607.0},"geometry":{"type":"Point","coordinates":[6.952917,52.526843]}},
{"type":"Feature","properties":{"ID_con":785,"bw_id":"VEC_EIN_99490","name":"Einmündung Altarm (Binnenborggraben)","GEW":"VEC","stat_von":99490.0,"bauart":"Kastendurchlass","baujahr":"1964","upflicht":"114 / NLWKN ??","KTR":"MABVE00100","FSK":"03314600900153______","bemerk":null,"beschreib":"Einmündung Binnenborggraben über Altarm und  Kastendurchlass (Nr. 131 (Diekel) ; Länge der Haltung : 8,60 m)","beschreib_lang":null,"foto1":"https://nlwkn.hannit-share.de/index.php/core/preview?fileId=11055758&x=1280&y=819&a=true","foto2":"https://nlwkn.hannit-share.de/index.php/core/preview?fileId=11055761&x=1280&y=819&a=true","foto3":"https://nlwkn.hannit-share.de/index.php/core/preview?fileId=11055764&x=1280&y=819&a=true","foto4":"https://nlwkn.hannit-share.de/index.php/core/preview?fileId=11055767&x=1280&y=819&a=true","link1":"https://nlwkn.hannit-share.de/index.php/core/preview?fileId=11055770&x=1280&y=819&a=true","link2":null,"denkmal":"Nein","akz":null,"WR":null,"Ein_GWZ":9286534,"Ein_GKZ":9286534,"Ein_Name":"Binnenborggraben","Ein_ord":"2. Ordnung","Ein_WKID":null,"Ein_DN":null,"Breite":2000,"Hoehe":2000,"NN_Sohle":null,"WK_NR":null,"URL_WKDB":null,"rwert":361183.0,"hwert":5821354.0},"geometry":{"type":"Point","coordinates":[6.953803,52.524583]}},
{"type":"Feature","properties":{"ID_con":2112,"bw_id":"VEC_EIN_99695","name":"Grabeneinmündung","GEW":"VEC","stat_von":99695.0,"bauart":"Rohrdurchlass","baujahr":"1964","upflicht":"Wasser- und Bodenverband","KTR":null,"FSK":"03314402100057______","bemerk":"Bauwerk vorhanden??","beschreib":"Grabeneinmündung über Rohrdurchlass (Nr. 133 (Diekel) ; Länge der Haltung 10,00 m) uh Brücke Binnenborger Straße","beschreib_lang":null,"foto1":null,"foto2":null,"foto3":null,"foto4":null,"link1":null,"link2":null,"denkmal":"Nein","akz":null,"WR":null,"Ein_GWZ":null,"Ein_GKZ":null,"Ein_Name":null,"Ein_ord":"3. Ordnung","Ein_WKID":null,"Ein_DN":600,"Breite":null,"Hoehe":null,"NN_Sohle":null,"WK_NR":null,"URL_WKDB":null,"rwert":361038.0,"hwert":5821199.0},"geometry":{"type":"Point","coordinates":[6.951732,52.523154]}},
{"type":"Feature","properties":{"ID_con":786,"bw_id":"VEC_EIN_99835","name":"Einmündung Gölenkamper Graben","GEW":"VEC","stat_von":99835.0,"bauart":"Kastendurchlass","baujahr":"1964","upflicht":"Wasser- Und Bodenverband Vechtetal II / NLWKN ??","KTR":"MABVE00100","FSK":"03314402100073______","bemerk":null,"beschreib":"Einmündung Gölenkamper Graben über Kastendurchlass (Nr. 135 (Diekel) ; Länge der Haltung : 8,40)","beschreib_lang":null,"foto1":"https://nlwkn.hannit-share.de/index.php/core/preview?fileId=11055773&x=1280&y=819&a=true","foto2":"https://nlwkn.hannit-share.de/index.php/core/preview?fileId=11055776&x=1280&y=819&a=true","foto3":"https://nlwkn.hannit-share.de/index.php/core/preview?fileId=11055779&x=1280&y=819&a=true","foto4":"https://nlwkn.hannit-share.de/index.php/core/preview?fileId=11055782&x=1280&y=819&a=true","link1":"https://nlwkn.hannit-share.de/index.php/core/preview?fileId=11055785&x=1280&y=819&a=true","link2":"https://nlwkn.hannit-share.de/index.php/core/preview?fileId=11055788&x=1280&y=819&a=true","denkmal":"Nein","akz":null,"WR":null,"Ein_GWZ":9286532,"Ein_GKZ":9286532,"Ein_Name":"Gölenkamper Graben","Ein_ord":"3. Ordnung","Ein_WKID":null,"Ein_DN":null,"Breite":1250,"Hoehe":1250,"NN_Sohle":null,"WK_NR":null,"URL_WKDB":null,"rwert":360982.0,"hwert":5821059.0},"geometry":{"type":"Point","coordinates":[6.950966,52.521881]}},
{"type":"Feature","properties":{"ID_con":587,"bw_id":"VEC_EIN_100110","name":"Einmündung Graben","GEW":"VEC","stat_von":100110.0,"bauart":"Rohrdurchlass","baujahr":"1964","upflicht":"Wasser- und Bodenverband","KTR":null,"FSK":"03314600900160______","bemerk":null,"beschreib":"Grabeneinmündung über Rohrdurchlass (Nr. 136 (Diekel) ; Länge der Haltung : 5,20 m)","beschreib_lang":null,"foto1":"https://nlwkn.hannit-share.de/index.php/core/preview?fileId=11054534&x=1280&y=819&a=true","foto2":"https://nlwkn.hannit-share.de/index.php/core/preview?fileId=11054537&x=1280&y=819&a=true","foto3":"https://nlwkn.hannit-share.de/index.php/core/preview?fileId=11054540&x=1280&y=819&a=true","foto4":"https://nlwkn.hannit-share.de/index.php/core/preview?fileId=11054543&x=1280&y=819&a=true","link1":"https://nlwkn.hannit-share.de/index.php/core/preview?fileId=11054546&x=1280&y=819&a=true","link2":null,"denkmal":"Nein","akz":null,"WR":null,"Ein_GWZ":null,"Ein_GKZ":null,"Ein_Name":null,"Ein_ord":"3. Ordnung","Ein_WKID":null,"Ein_DN":600,"Breite":null,"Hoehe":null,"NN_Sohle":null,"WK_NR":null,"URL_WKDB":null,"rwert":361024.0,"hwert":5820788.0},"geometry":{"type":"Point","coordinates":[6.951698,52.519457]}},
{"type":"Feature","properties":{"ID_con":588,"bw_id":"VEC_EIN_100225","name":"Einmündung Wolsterbach","GEW":"VEC","stat_von":100225.0,"bauart":"Kastendurchlass","baujahr":"1964","upflicht":"114","KTR":"MABVE00100","FSK":"03314402100082______","bemerk":null,"beschreib":"Einmündung Wolsterbach über Kastendurchlass (Nr. 137 (Diekel) ; Länge der Haltung : 5,20 m)","beschreib_lang":null,"foto1":"https://nlwkn.hannit-share.de/index.php/core/preview?fileId=11054549&x=1280&y=819&a=true","foto2":"https://nlwkn.hannit-share.de/index.php/core/preview?fileId=11054552&x=1280&y=819&a=true","foto3":"https://nlwkn.hannit-share.de/index.php/core/preview?fileId=11054555&x=1280&y=819&a=true","foto4":"https://nlwkn.hannit-share.de/index.php/core/preview?fileId=11054558&x=1280&y=819&a=true","link1":"https://nlwkn.hannit-share.de/index.php/core/preview?fileId=11054561&x=1280&y=819&a=true","link2":"https://nlwkn.hannit-share.de/index.php/core/preview?fileId=11054564&x=1280&y=819&a=true","denkmal":"Nein","akz":null,"WR":null,"Ein_GWZ":928652,"Ein_GKZ":9286529,"Ein_Name":"Wolsterbach","Ein_ord":"2. Ordnung / NLWKN ??","Ein_WKID":32014,"Ein_DN":null,"Breite":3000,"Hoehe":2000,"NN_Sohle":null,"WK_NR":32014,"URL_WKDB":" ","rwert":361014.0,"hwert":5820664.0},"geometry":{"type":"Point","coordinates":[6.951602,52.518341]}},
{"type":"Feature","properties":{"ID_con":589,"bw_id":"VEC_EIN_100355","name":"Einmündung Graben","GEW":"VEC","stat_von":100355.0,"bauart":"Rohrdurchlass","baujahr":"1964","upflicht":"Wasser- Und Bodenverband Vechtetal II","KTR":null,"FSK":"033147039000720001__","bemerk":null,"beschreib":"Grabeneinmündung über Rohrdurchlass (Nr. 139 (Diekel) ; Länge der Haltung : 5,00 m)","beschreib_lang":null,"foto1":"https://nlwkn.hannit-share.de/index.php/core/preview?fileId=11054567&x=1280&y=819&a=true","foto2":"https://nlwkn.hannit-share.de/index.php/core/preview?fileId=11054570&x=1280&y=819&a=true","foto3":"https://nlwkn.hannit-share.de/index.php/core/preview?fileId=11054573&x=1280&y=819&a=true","foto4":"https://nlwkn.hannit-share.de/index.php/core/preview?fileId=11054576&x=1280&y=819&a=true","link1":"https://nlwkn.hannit-share.de/index.php/core/preview?fileId=11054579&x=1280&y=819&a=true","link2":"https://nlwkn.hannit-share.de/index.php/core/preview?fileId=11054582&x=1280&y=819&a=true","denkmal":"Nein","akz":null,"WR":null,"Ein_GWZ":null,"Ein_GKZ":null,"Ein_Name":null,"Ein_ord":"3. Ordnung","Ein_WKID":null,"Ein_DN":600,"Breite":null,"Hoehe":null,"NN_Sohle":null,"WK_NR":null,"URL_WKDB":null,"rwert":361112.0,"hwert":5820564.0},"geometry":{"type":"Point","coordinates":[6.953087,52.517467]}},
{"type":"Feature","properties":{"ID_con":590,"bw_id":"VEC_EIN_100840","name":"Einmündung Vechte-Altarm Kalle","GEW":"VEC","stat_von":100840.0,"bauart":"Kastendurchlass","baujahr":"1964","upflicht":"114 / NLWKN ??","KTR":"MABVE00100","FSK":"033147039000720003__","bemerk":null,"beschreib":"Einmündung Vechte-Altarm über Kastendurchlass (Nr. 140 (Diekel) ; Länge der Haltung : 5,40 m). Der Altarm ist als Biotop (GB-NOH 3407/028) geschützt.","beschreib_lang":null,"foto1":"https://nlwkn.hannit-share.de/index.php/core/preview?fileId=11054585&x=1280&y=819&a=true","foto2":"https://nlwkn.hannit-share.de/index.php/core/preview?fileId=11054588&x=1280&y=819&a=true","foto3":"https://nlwkn.hannit-share.de/index.php/core/preview?fileId=11054591&x=1280&y=819&a=true","foto4":"https://nlwkn.hannit-share.de/index.php/core/preview?fileId=11054594&x=1280&y=819&a=true","link1":"https://nlwkn.hannit-share.de/index.php/core/preview?fileId=11054597&x=1280&y=819&a=true","link2":"https://nlwkn.hannit-share.de/index.php/core/preview?fileId=11054600&x=1280&y=819&a=true","denkmal":"Nein","akz":null,"WR":null,"Ein_GWZ":9286512,"Ein_GKZ":9286512,"Ein_Name":"Altarm","Ein_ord":"2. Ordnung","Ein_WKID":null,"Ein_DN":null,"Breite":2000,"Hoehe":2000,"NN_Sohle":null,"WK_NR":null,"URL_WKDB":null,"rwert":361352.0,"hwert":5820180.0},"geometry":{"type":"Point","coordinates":[6.956782,52.514078]}},
{"type":"Feature","properties":{"ID_con":591,"bw_id":"VEC_EIN_101355","name":"Einmündung Graben","GEW":"VEC","stat_von":101355.0,"bauart":"Rohrdurchlass","baujahr":"1964","upflicht":"Wasser- und Bodenverband","KTR":null,"FSK":"033147039000720008__","bemerk":null,"beschreib":"Grabeneinmünung über Rohrdurchlass (Nr. 142 (Diekel) ; Länge der Haltung : 5,20 m)","beschreib_lang":null,"foto1":"https://nlwkn.hannit-share.de/index.php/core/preview?fileId=11054603&x=1280&y=819&a=true","foto2":"https://nlwkn.hannit-share.de/index.php/core/preview?fileId=11054606&x=1280&y=819&a=true","foto3":"https://nlwkn.hannit-share.de/index.php/core/preview?fileId=11054609&x=1280&y=819&a=true","foto4":"https://nlwkn.hannit-share.de/index.php/core/preview?fileId=11054612&x=1280&y=819&a=true","link1":"https://nlwkn.hannit-share.de/index.php/core/preview?fileId=11054615&x=1280&y=819&a=true","link2":"https://nlwkn.hannit-share.de/index.php/core/preview?fileId=11054618&x=1280&y=819&a=true","denkmal":"Nein","akz":null,"WR":null,"Ein_GWZ":null,"Ein_GKZ":null,"Ein_Name":null,"Ein_ord":"3. Ordnung","Ein_WKID":null,"Ein_DN":300,"Breite":null,"Hoehe":null,"NN_Sohle":null,"WK_NR":null,"URL_WKDB":null,"rwert":361528.0,"hwert":5819711.0},"geometry":{"type":"Point","coordinates":[6.959569,52.509909]}},
{"type":"Feature","properties":{"ID_con":592,"bw_id":"VEC_EIN_101700","name":"Einmündung Dinkel","GEW":"VEC","stat_von":101700.0,"bauart":"Freie Einmündung","baujahr":"1970","upflicht":"NLWKN","KTR":null,"FSK":"033147019001110015__","bemerk":null,"beschreib":"Einmündung Dinkel","beschreib_lang":null,"foto1":"https://nlwkn.hannit-share.de/index.php/core/preview?fileId=11054621&x=1280&y=819&a=true","foto2":"https://nlwkn.hannit-share.de/index.php/core/preview?fileId=11054624&x=1280&y=819&a=true","foto3":"https://nlwkn.hannit-share.de/index.php/core/preview?fileId=11054627&x=1280&y=819&a=true","foto4":"https://nlwkn.hannit-share.de/index.php/core/preview?fileId=11054630&x=1280&y=819&a=true","link1":"https://nlwkn.hannit-share.de/index.php/core/preview?fileId=11054633&x=1280&y=819&a=true","link2":null,"denkmal":"Nein","akz":null,"WR":null,"Ein_GWZ":92864,"Ein_GKZ":92864999,"Ein_Name":"Dinkel","Ein_ord":"2. Ordnung","Ein_WKID":32004,"Ein_DN":null,"Breite":null,"Hoehe":null,"NN_Sohle":null,"WK_NR":32004,"URL_WKDB":"https://www.umweltkarten-niedersachsen.de/Download_OE/WRRL/WKDB_HE/32004_Dinkel.pdf","rwert":361735.0,"hwert":5819438.0},"geometry":{"type":"Point","coordinates":[6.962731,52.507509]}},
{"type":"Feature","properties":{"ID_con":593,"bw_id":"VEC_EIN_101845","name":"Auslauf Umgehungsgerinne Vechtewehr Neuenhaus","GEW":"VEC","stat_von":101845.0,"bauart":"Freie Einmündung","baujahr":null,"upflicht":"NLWKN","KTR":null,"FSK":"033146010000720017__","bemerk":null,"beschreib":"Auslauf Umgehungsgerinne Vechtewehr Neuenhaus","beschreib_lang":"Auslauf Umgehungsgerinne Vechtewehr Neuenhaus","foto1":"https://nlwkn.hannit-share.de/index.php/core/preview?fileId=11054636&x=1280&y=819&a=true","foto2":"https://nlwkn.hannit-share.de/index.php/core/preview?fileId=11054639&x=1280&y=819&a=true","foto3":null,"foto4":null,"link1":null,"link2":null,"denkmal":"Nein","akz":null,"WR":null,"Ein_GWZ":null,"Ein_GKZ":null,"Ein_Name":"Beckenfischpass","Ein_ord":"Sonstige","Ein_WKID":null,"Ein_DN":null,"Breite":null,"Hoehe":null,"NN_Sohle":0.0,"WK_NR":null,"URL_WKDB":null,"rwert":361880.0,"hwert":5819421.0},"geometry":{"type":"Point","coordinates":[6.964873,52.507393]}},
{"type":"Feature","properties":{"ID_con":594,"bw_id":"VEC_EIN_101885","name":"Einleitung KA Neuenhaus","GEW":"VEC","stat_von":101885.0,"bauart":"Rohrdurchlass mit Rückstauklappe","baujahr":null,"upflicht":"WAZ Niedergrafschaft","KTR":null,"FSK":"033147019001110004__","bemerk":"B-001 (aktiv, real), Einleitung in OG - KKA Neuenh ; ist der Einlauf in der Spundwand im UW Wehr???","beschreib":"Einleitung KA Neuenhaus","beschreib_lang":"Einleitung KA Neuenhaus","foto1":"https://nlwkn.hannit-share.de/index.php/core/preview?fileId=11054642&x=1280&y=819&a=true","foto2":"https://nlwkn.hannit-share.de/index.php/core/preview?fileId=11054645&x=1280&y=819&a=true","foto3":null,"foto4":null,"link1":null,"link2":null,"denkmal":"Nein","akz":null,"WR":"11/5420 (aktiv)","Ein_GWZ":null,"Ein_GKZ":null,"Ein_Name":null,"Ein_ord":"Einleitung","Ein_WKID":null,"Ein_DN":null,"Breite":null,"Hoehe":null,"NN_Sohle":0.0,"WK_NR":null,"URL_WKDB":null,"rwert":361989.0,"hwert":5819381.0},"geometry":{"type":"Point","coordinates":[6.966494,52.507061]}},
{"type":"Feature","properties":{"ID_con":595,"bw_id":"VEC_EIN_101930","name":"Einlauf Umgehungsgerinne Vechtewehr Neuenhaus","GEW":"VEC","stat_von":101930.0,"bauart":"Freie Einmündung","baujahr":null,"upflicht":"NLWKN","KTR":null,"FSK":"033146010000720017__","bemerk":null,"beschreib":"Einlauf Umgehungsgerinne Vechtewehr Neuenhaus","beschreib_lang":"Einlauf Umgehungsgerinne Vechtewehr Neuenhaus","foto1":"https://nlwkn.hannit-share.de/index.php/core/preview?fileId=11054648&x=1280&y=819&a=true","foto2":"https://nlwkn.hannit-share.de/index.php/core/preview?fileId=11054651&x=1280&y=819&a=true","foto3":"https://nlwkn.hannit-share.de/index.php/core/preview?fileId=11054654&x=1280&y=819&a=true","foto4":"https://nlwkn.hannit-share.de/index.php/core/preview?fileId=11054657&x=1280&y=819&a=true","link1":"https://nlwkn.hannit-share.de/index.php/core/preview?fileId=11054660&x=1280&y=819&a=true","link2":null,"denkmal":"Nein","akz":null,"WR":null,"Ein_GWZ":null,"Ein_GKZ":null,"Ein_Name":"Umgehungsgerinne","Ein_ord":"Sonstige","Ein_WKID":null,"Ein_DN":null,"Breite":null,"Hoehe":null,"NN_Sohle":0.0,"WK_NR":null,"URL_WKDB":null,"rwert":361963.0,"hwert":5819413.0},"geometry":{"type":"Point","coordinates":[6.966098,52.507342]}},
{"type":"Feature","properties":{"ID_con":596,"bw_id":"VEC_EIN_102500","name":"Grabeneinlauf","GEW":"VEC","stat_von":102500.0,"bauart":"Rohrdurchlass","baujahr":"1965","upflicht":"Wasser- und Bodenverband","KTR":null,"FSK":"033147019004730128__","bemerk":null,"beschreib":"Grabeneinlauf über Rohrdurchlass (Nr. 151 (Diekel) ; Länge der Haltung : 7,80 m)","beschreib_lang":null,"foto1":"https://nlwkn.hannit-share.de/index.php/core/preview?fileId=11054663&x=1280&y=819&a=true","foto2":"https://nlwkn.hannit-share.de/index.php/core/preview?fileId=11054666&x=1280&y=819&a=true","foto3":"https://nlwkn.hannit-share.de/index.php/core/preview?fileId=11054669&x=1280&y=819&a=true","foto4":"https://nlwkn.hannit-share.de/index.php/core/preview?fileId=11054672&x=1280&y=819&a=true","link1":"https://nlwkn.hannit-share.de/index.php/core/preview?fileId=11054675&x=1280&y=819&a=true","link2":null,"denkmal":"Nein","akz":null,"WR":null,"Ein_GWZ":null,"Ein_GKZ":null,"Ein_Name":null,"Ein_ord":"3. Ordnung","Ein_WKID":null,"Ein_DN":600,"Breite":null,"Hoehe":null,"NN_Sohle":null,"WK_NR":null,"URL_WKDB":null,"rwert":362458.0,"hwert":5819593.0},"geometry":{"type":"Point","coordinates":[6.973312,52.509085]}},
{"type":"Feature","properties":{"ID_con":597,"bw_id":"VEC_EIN_103135","name":"Einmündung van Beesten Graben","GEW":"VEC","stat_von":103135.0,"bauart":"Rohrdurchlass","baujahr":"1963","upflicht":"Wasser- und Bodenverband","KTR":null,"FSK":"033147027000060010__","bemerk":null,"beschreib":"Einmündung van Beesten Graben über Rohrdurchlass (Nr. 155 (Diekel) ; Länge der Haltung : 5,20 m)","beschreib_lang":null,"foto1":null,"foto2":null,"foto3":null,"foto4":null,"link1":null,"link2":null,"denkmal":"Nein","akz":null,"WR":null,"Ein_GWZ":null,"Ein_GKZ":null,"Ein_Name":"Van Beesten-Graben","Ein_ord":"3. Ordnung","Ein_WKID":null,"Ein_DN":1000,"Breite":null,"Hoehe":null,"NN_Sohle":null,"WK_NR":null,"URL_WKDB":null,"rwert":363014.0,"hwert":5819531.0},"geometry":{"type":"Point","coordinates":[6.981525,52.508668]}},
{"type":"Feature","properties":{"ID_con":598,"bw_id":"VEC_EIN_103350","name":"Einmündung Molkereigraben","GEW":"VEC","stat_von":103350.0,"bauart":"Kastendurchlass","baujahr":"1963","upflicht":"114 / NLWKN ??","KTR":"MABVE00100","FSK":"033147027000060004__","bemerk":"Kasten- oder Rohrdurchlass??","beschreib":"Einmündung Molkereigraben über Kastendurchlass (Nr. 156 (Diekel) ; Länge der Haltung : 5,20 m)","beschreib_lang":null,"foto1":null,"foto2":null,"foto3":null,"foto4":null,"link1":null,"link2":null,"denkmal":"Nein","akz":null,"WR":null,"Ein_GWZ":9286396,"Ein_GKZ":9286396,"Ein_Name":"Molkereigraben","Ein_ord":"2. Ordnung","Ein_WKID":null,"Ein_DN":null,"Breite":1250,"Hoehe":1250,"NN_Sohle":null,"WK_NR":null,"URL_WKDB":null,"rwert":363145.0,"hwert":5819389.0},"geometry":{"type":"Point","coordinates":[6.983513,52.507425]}},
{"type":"Feature","properties":{"ID_con":599,"bw_id":"VEC_EIN_103575","name":"Altarmanbindung","GEW":"VEC","stat_von":103575.0,"bauart":"Kastendurchlass","baujahr":"1965","upflicht":"Wasser- und Bodenverband / NLWKN","KTR":"MABVE00100","FSK":"033147027000530002__","bemerk":null,"beschreib":"Altarmanbindung über Kastendurchlass (Nr. 157 (Diekel) ; Länge der Haltung : 5,00 m)","beschreib_lang":null,"foto1":"https://nlwkn.hannit-share.de/index.php/core/preview?fileId=11054678&x=1280&y=819&a=true","foto2":null,"foto3":null,"foto4":null,"link1":null,"link2":null,"denkmal":"Nein","akz":null,"WR":null,"Ein_GWZ":null,"Ein_GKZ":null,"Ein_Name":"Altarm","Ein_ord":"3. Ordnung","Ein_WKID":null,"Ein_DN":null,"Breite":2000,"Hoehe":2000,"NN_Sohle":null,"WK_NR":null,"URL_WKDB":null,"rwert":363161.0,"hwert":5819145.0},"geometry":{"type":"Point","coordinates":[6.983848,52.505236]}},
{"type":"Feature","properties":{"ID_con":600,"bw_id":"VEC_EIN_103645","name":"Altarmanbindung","GEW":"VEC","stat_von":103645.0,"bauart":"Rohrdurchlass","baujahr":"1965","upflicht":"Wasser- und Bodenverband","KTR":null,"FSK":"033147027000530002__","bemerk":null,"beschreib":"Altarmanbindung über Rohrdurchlass (Nr. 158 (Diekel) ; Länge der Haltung : 8,00 m)","beschreib_lang":null,"foto1":"https://nlwkn.hannit-share.de/index.php/core/preview?fileId=11054681&x=1280&y=819&a=true","foto2":null,"foto3":null,"foto4":null,"link1":null,"link2":null,"denkmal":"Nein","akz":null,"WR":null,"Ein_GWZ":null,"Ein_GKZ":null,"Ein_Name":null,"Ein_ord":"3. Ordnung","Ein_WKID":null,"Ein_DN":1000,"Breite":null,"Hoehe":null,"NN_Sohle":null,"WK_NR":null,"URL_WKDB":null,"rwert":363179.0,"hwert":5819073.0},"geometry":{"type":"Point","coordinates":[6.984143,52.504594]}},
{"type":"Feature","properties":{"ID_con":601,"bw_id":"VEC_EIN_103895","name":"Altarmanbindung","GEW":"VEC","stat_von":103895.0,"bauart":"Kastendurchlass","baujahr":"1965","upflicht":"Wasser- und Bodenverband / NLWKN ??","KTR":"MABVE00100","FSK":"033147010001020003__","bemerk":null,"beschreib":"Altarmanbindung über Kastendurchlass (Nr. 159 (Diekel) ; Länge der Haltung : 8,00 m)","beschreib_lang":null,"foto1":null,"foto2":null,"foto3":null,"foto4":null,"link1":null,"link2":null,"denkmal":"Nein","akz":null,"WR":null,"Ein_GWZ":null,"Ein_GKZ":null,"Ein_Name":null,"Ein_ord":"3. Ordnung","Ein_WKID":null,"Ein_DN":null,"Breite":2000,"Hoehe":2000,"NN_Sohle":null,"WK_NR":null,"URL_WKDB":null,"rwert":363306.0,"hwert":5818852.0},"geometry":{"type":"Point","coordinates":[6.986104,52.50264]}},
{"type":"Feature","properties":{"ID_con":602,"bw_id":"VEC_EIN_104215","name":"Einmündung Scholtengraben (über Altarm)","GEW":"VEC","stat_von":104215.0,"bauart":"Rohrdurchlass","baujahr":"1965","upflicht":"Wasser- und Bodenverband","KTR":null,"FSK":"033147010000060005__","bemerk":null,"beschreib":"Einmündung Scholtengraben (über Altarm) über Rohrdurchlass (Nr. 160 (Diekel) ; Länge der Haltung : 8,00 m)","beschreib_lang":null,"foto1":null,"foto2":null,"foto3":null,"foto4":null,"link1":null,"link2":null,"denkmal":"Nein","akz":null,"WR":null,"Ein_GWZ":null,"Ein_GKZ":null,"Ein_Name":"Scholtengraben","Ein_ord":"3. Ordnung","Ein_WKID":null,"Ein_DN":1000,"Breite":null,"Hoehe":null,"NN_Sohle":null,"WK_NR":null,"URL_WKDB":null,"rwert":363521.0,"hwert":5818624.0},"geometry":{"type":"Point","coordinates":[6.989363,52.500646]}},
{"type":"Feature","properties":{"ID_con":603,"bw_id":"VEC_EIN_104700","name":"Einmündung Hochwasserentlaster","GEW":"VEC","stat_von":104700.0,"bauart":"Kastendurchlass","baujahr":"1965","upflicht":"114 / NLWKN","KTR":"MABVE00100","FSK":"033147010000520007__","bemerk":null,"beschreib":"Einmündung Hochwasserentlaster über Kastendurchlass (Nr. 162 (Diekel) ; Länge der Haltung : 8,30 m)","beschreib_lang":null,"foto1":null,"foto2":null,"foto3":null,"foto4":null,"link1":null,"link2":null,"denkmal":"Nein","akz":null,"WR":null,"Ein_GWZ":9286394,"Ein_GKZ":9286394,"Ein_Name":"Mühlengraben","Ein_ord":"2. Ordnung","Ein_WKID":null,"Ein_DN":null,"Breite":1250,"Hoehe":1250,"NN_Sohle":null,"WK_NR":null,"URL_WKDB":null,"rwert":363823.0,"hwert":5818256.0},"geometry":{"type":"Point","coordinates":[6.993959,52.497415]}},
{"type":"Feature","properties":{"ID_con":604,"bw_id":"VEC_EIN_104810","name":"Altarmanbindung","GEW":"VEC","stat_von":104810.0,"bauart":"Rohrdurchlass","baujahr":"1965","upflicht":"Wasser- und Bodenverband","KTR":null,"FSK":"033147010000520007__","bemerk":null,"beschreib":"Altarmanbindung über Rohrdurchlass (Nr. 163 (Diekel) ; Länge der Haltung 7,70 m)","beschreib_lang":null,"foto1":"https://nlwkn.hannit-share.de/index.php/core/preview?fileId=11054684&x=1280&y=819&a=true","foto2":null,"foto3":null,"foto4":null,"link1":null,"link2":null,"denkmal":"Nein","akz":null,"WR":null,"Ein_GWZ":null,"Ein_GKZ":null,"Ein_Name":null,"Ein_ord":"3. Ordnung","Ein_WKID":null,"Ein_DN":900,"Breite":null,"Hoehe":null,"NN_Sohle":null,"WK_NR":null,"URL_WKDB":null,"rwert":363789.0,"hwert":5818147.0},"geometry":{"type":"Point","coordinates":[6.993504,52.496427]}},
{"type":"Feature","properties":{"ID_con":2113,"bw_id":"VEC_EIN_105035","name":"Altarmanbindung","GEW":"VEC","stat_von":105035.0,"bauart":"Kastendurchlass","baujahr":"1965","upflicht":"?? / NLWKN??","KTR":"MABVE00100","FSK":"033147010000520007__","bemerk":"Kasten- od. Rohrduchlass?","beschreib":"Altarmanbindung über Kastendurchlass (Nr. 164 (Diekel) ; Länge der Haltung :  6,10 m)","beschreib_lang":null,"foto1":null,"foto2":null,"foto3":null,"foto4":null,"link1":null,"link2":null,"denkmal":"Nein","akz":null,"WR":null,"Ein_GWZ":null,"Ein_GKZ":null,"Ein_Name":null,"Ein_ord":"3. Ordnung","Ein_WKID":null,"Ein_DN":null,"Breite":2000,"Hoehe":2000,"NN_Sohle":null,"WK_NR":null,"URL_WKDB":null,"rwert":363970.0,"hwert":5817998.0},"geometry":{"type":"Point","coordinates":[6.996229,52.495133]}},
{"type":"Feature","properties":{"ID_con":605,"bw_id":"VEC_EIN_105255","name":"Einmündung Pottgraben","GEW":"VEC","stat_von":105255.0,"bauart":"Rohrdurchlass","baujahr":"1965","upflicht":"Wasser- und Bodenverband Vechtetal III","KTR":null,"FSK":"033147010000790007__","bemerk":null,"beschreib":"Einmündung Pottgraben über Rohrdurchlass (Nr. 165 (Diekel) ; Länge der Haltung : 7,70 m)","beschreib_lang":null,"foto1":null,"foto2":null,"foto3":null,"foto4":null,"link1":null,"link2":null,"denkmal":"Nein","akz":null,"WR":null,"Ein_GWZ":null,"Ein_GKZ":null,"Ein_Name":"Pottgraben","Ein_ord":"3. Ordnung","Ein_WKID":null,"Ein_DN":600,"Breite":null,"Hoehe":null,"NN_Sohle":null,"WK_NR":null,"URL_WKDB":null,"rwert":364105.0,"hwert":5817844.0},"geometry":{"type":"Point","coordinates":[6.998279,52.493783]}},
{"type":"Feature","properties":{"ID_con":606,"bw_id":"VEC_EIN_105710","name":"Einmündung Hargers Hofgraben","GEW":"VEC","stat_von":105710.0,"bauart":"Rohrdurchlass","baujahr":"1965","upflicht":"Wasser- und Bodenverband","KTR":null,"FSK":"033147011000010015__","bemerk":null,"beschreib":"Einmündung Hargers Hofgraben über Rohrdurchlass (Nr. 166 (Diekel) ; Länge der Haltung : 10,20 m)","beschreib_lang":null,"foto1":null,"foto2":null,"foto3":null,"foto4":null,"link1":null,"link2":null,"denkmal":"Nein","akz":null,"WR":null,"Ein_GWZ":null,"Ein_GKZ":null,"Ein_Name":"Hargers Hofgraben","Ein_ord":"3. Ordnung","Ein_WKID":null,"Ein_DN":600,"Breite":null,"Hoehe":null,"NN_Sohle":null,"WK_NR":null,"URL_WKDB":null,"rwert":364283.0,"hwert":5817431.0},"geometry":{"type":"Point","coordinates":[7.001068,52.490117]}},
{"type":"Feature","properties":{"ID_con":607,"bw_id":"VEC_EIN_105890","name":"Einmündung Boerwinkelgraben","GEW":"VEC","stat_von":105890.0,"bauart":"Kastendurchlass","baujahr":"1965","upflicht":"Wasser- und Bodenverband / NLWKN ??","KTR":"MABVE00100","FSK":"033147011000010015__","bemerk":null,"beschreib":"Einmündung Boerwinkelgraben über Kastendurchlass (Nr. 167 (Diekel) ; Länge der Haltung : 5,20 m)","beschreib_lang":null,"foto1":null,"foto2":null,"foto3":null,"foto4":null,"link1":null,"link2":null,"denkmal":"Nein","akz":null,"WR":null,"Ein_GWZ":9286392,"Ein_GKZ":9286392,"Ein_Name":"Boerwinkelgraben","Ein_ord":"3. Ordnung","Ein_WKID":null,"Ein_DN":null,"Breite":1250,"Hoehe":1250,"NN_Sohle":null,"WK_NR":null,"URL_WKDB":null,"rwert":364413.0,"hwert":5817299.0},"geometry":{"type":"Point","coordinates":[7.003035,52.488963]}},
{"type":"Feature","properties":{"ID_con":608,"bw_id":"VEC_EIN_106335","name":"Einmündung Frensdorfer Bruchgraben","GEW":"VEC","stat_von":106335.0,"bauart":"Kastendurchlass","baujahr":"1965","upflicht":"114 / NLWKN??","KTR":"MABVE00100","FSK":"033147011000010022__","bemerk":null,"beschreib":"Einmündung Frensdorfer Bruchgraben über Kastendurchlass (Nr. 170 (Holzmann) ; Länge der Haltung : ??; )","beschreib_lang":null,"foto1":"https://nlwkn.hannit-share.de/index.php/core/preview?fileId=11054687&x=1280&y=819&a=true","foto2":null,"foto3":null,"foto4":null,"link1":null,"link2":null,"denkmal":"Nein","akz":null,"WR":null,"Ein_GWZ":928638,"Ein_GKZ":9286389,"Ein_Name":"Frensdorfer Bruchgraben","Ein_ord":"2. Ordnung","Ein_WKID":32010,"Ein_DN":null,"Breite":1500,"Hoehe":1500,"NN_Sohle":null,"WK_NR":32010,"URL_WKDB":" ","rwert":364708.0,"hwert":5816979.0},"geometry":{"type":"Point","coordinates":[7.007507,52.486161]}},
{"type":"Feature","properties":{"ID_con":609,"bw_id":"VEC_EIN_106340","name":"Auslauf Borstenfischpass Wehr Grasdorf","GEW":"VEC","stat_von":106340.0,"bauart":"Freie Einmündung","baujahr":null,"upflicht":"NLWKN","KTR":null,"FSK":"033147011000010022__","bemerk":null,"beschreib":"Auslauf Borstenfischpass Wehr Grasdorf","beschreib_lang":null,"foto1":"https://nlwkn.hannit-share.de/index.php/core/preview?fileId=11054690&x=1280&y=819&a=true","foto2":"https://nlwkn.hannit-share.de/index.php/core/preview?fileId=11054693&x=1280&y=819&a=true","foto3":"https://nlwkn.hannit-share.de/index.php/core/preview?fileId=11054696&x=1280&y=819&a=true","foto4":"https://nlwkn.hannit-share.de/index.php/core/preview?fileId=11054699&x=1280&y=819&a=true","link1":null,"link2":null,"denkmal":"Nein","akz":null,"WR":null,"Ein_GWZ":null,"Ein_GKZ":null,"Ein_Name":"Beckenfischpass","Ein_ord":"Sonstige","Ein_WKID":null,"Ein_DN":null,"Breite":null,"Hoehe":null,"NN_Sohle":0.0,"WK_NR":null,"URL_WKDB":null,"rwert":364716.0,"hwert":5816978.0},"geometry":{"type":"Point","coordinates":[7.007625,52.486154]}},
{"type":"Feature","properties":{"ID_con":610,"bw_id":"VEC_EIN_106380","name":"Einlauf Borstenfischpass Wehr Grasdorf","GEW":"VEC","stat_von":106380.0,"bauart":"Freie Einmündung","baujahr":null,"upflicht":"NLWKN","KTR":null,"FSK":"033147011000230006__","bemerk":null,"beschreib":"Einlauf Borstenfischpass Wehr Grasdorf","beschreib_lang":null,"foto1":"https://nlwkn.hannit-share.de/index.php/core/preview?fileId=11054702&x=1280&y=819&a=true","foto2":"https://nlwkn.hannit-share.de/index.php/core/preview?fileId=11054705&x=1280&y=819&a=true","foto3":"https://nlwkn.hannit-share.de/index.php/core/preview?fileId=11054708&x=1280&y=819&a=true","foto4":null,"link1":null,"link2":null,"denkmal":"Nein","akz":null,"WR":null,"Ein_GWZ":null,"Ein_GKZ":null,"Ein_Name":"Beckenfischpass","Ein_ord":"Sonstige","Ein_WKID":null,"Ein_DN":null,"Breite":null,"Hoehe":null,"NN_Sohle":0.0,"WK_NR":null,"URL_WKDB":null,"rwert":364729.0,"hwert":5816937.0},"geometry":{"type":"Point","coordinates":[7.007833,52.485789]}},
{"type":"Feature","properties":{"ID_con":611,"bw_id":"VEC_EIN_106525","name":"Altarmanbindung (Nr. 29, Am Wehr Grasdorf)","GEW":"VEC","stat_von":106525.0,"bauart":"Kastendurchlass","baujahr":"1965","upflicht":"Wasser- und Bodenverband / NLWKN","KTR":"MABVE00100","FSK":"033147012000360007__","bemerk":null,"beschreib":"Altarmanbindung (Nr. 29, Am Wehr Grasdorf) über Kastendurchlass (Nr. 174 (Holzmann) ; Länge der Haltung : 5,30 m)","beschreib_lang":null,"foto1":"https://nlwkn.hannit-share.de/index.php/core/preview?fileId=11054711&x=1280&y=819&a=true","foto2":null,"foto3":null,"foto4":null,"link1":null,"link2":null,"denkmal":"Nein","akz":null,"WR":null,"Ein_GWZ":null,"Ein_GKZ":null,"Ein_Name":"Altarm","Ein_ord":"3. Ordnung","Ein_WKID":null,"Ein_DN":null,"Breite":2000,"Hoehe":2000,"NN_Sohle":15.58,"WK_NR":null,"URL_WKDB":null,"rwert":364819.0,"hwert":5816811.0},"geometry":{"type":"Point","coordinates":[7.009209,52.484679]}},
{"type":"Feature","properties":{"ID_con":612,"bw_id":"VEC_EIN_107380","name":"Einlauf Mühlengraben","GEW":"VEC","stat_von":107380.0,"bauart":"Kastendurchlass","baujahr":"1966","upflicht":"114 / NLWKN??","KTR":"MABVE00100","FSK":"033147012000360013__","bemerk":null,"beschreib":"Einlauf Mühlengraben über Kastendurchlass (Nr. 176 (Holzmann) ; Länge der Haltung 10,40 m)","beschreib_lang":null,"foto1":"https://nlwkn.hannit-share.de/index.php/core/preview?fileId=11054714&x=1280&y=819&a=true","foto2":"https://nlwkn.hannit-share.de/index.php/core/preview?fileId=11054717&x=1280&y=819&a=true","foto3":"https://nlwkn.hannit-share.de/index.php/core/preview?fileId=11054720&x=1280&y=819&a=true","foto4":null,"link1":null,"link2":null,"denkmal":"Nein","akz":null,"WR":null,"Ein_GWZ":92863798,"Ein_GKZ":92863798,"Ein_Name":"Mühlengraben","Ein_ord":"2. Ordnung","Ein_WKID":null,"Ein_DN":null,"Breite":1500,"Hoehe":1500,"NN_Sohle":15.92,"WK_NR":null,"URL_WKDB":null,"rwert":365248.0,"hwert":5816202.0},"geometry":{"type":"Point","coordinates":[7.015769,52.479314]}},
{"type":"Feature","properties":{"ID_con":613,"bw_id":"VEC_EIN_107520","name":"Altarmanbindung","GEW":"VEC","stat_von":107520.0,"bauart":"Kastendurchlass","baujahr":"1966","upflicht":"Wasser- und Bodenverband / NLWKN ??","KTR":"MABVE00100","FSK":"033147012000360013__","bemerk":null,"beschreib":"Altarmanbindung (Nr. 31, Strötker) über Kastendurchlass (Nr. 177 (Holzmann) ; Länge der Haltung : 5,00 m)","beschreib_lang":null,"foto1":"https://nlwkn.hannit-share.de/index.php/core/preview?fileId=11054723&x=1280&y=819&a=true","foto2":"https://nlwkn.hannit-share.de/index.php/core/preview?fileId=11054726&x=1280&y=819&a=true","foto3":"https://nlwkn.hannit-share.de/index.php/core/preview?fileId=11054729&x=1280&y=819&a=true","foto4":"https://nlwkn.hannit-share.de/index.php/core/preview?fileId=11054732&x=1280&y=819&a=true","link1":null,"link2":null,"denkmal":"Nein","akz":null,"WR":null,"Ein_GWZ":null,"Ein_GKZ":null,"Ein_Name":"Altarm","Ein_ord":"3. Ordnung","Ein_WKID":null,"Ein_DN":null,"Breite":2000,"Hoehe":2000,"NN_Sohle":15.4,"WK_NR":null,"URL_WKDB":null,"rwert":365169.0,"hwert":5816076.0},"geometry":{"type":"Point","coordinates":[7.014657,52.478162]}},
{"type":"Feature","properties":{"ID_con":2114,"bw_id":"VEC_EIN_109205","name":"Altarm Frenswegen","GEW":"VEC","stat_von":109205.0,"bauart":"Freie Einmündung","baujahr":"2012/2013","upflicht":"NLWKN","KTR":null,"FSK":"033151024000570003__","bemerk":null,"beschreib":"Altarm Frenswegen","beschreib_lang":null,"foto1":null,"foto2":null,"foto3":null,"foto4":null,"link1":null,"link2":null,"denkmal":"Nein","akz":null,"WR":null,"Ein_GWZ":null,"Ein_GKZ":null,"Ein_Name":null,"Ein_ord":"Sonstige","Ein_WKID":null,"Ein_DN":null,"Breite":null,"Hoehe":null,"NN_Sohle":null,"WK_NR":null,"URL_WKDB":null,"rwert":365823.0,"hwert":5814636.0},"geometry":{"type":"Point","coordinates":[7.02486,52.465385]}},
{"type":"Feature","properties":{"ID_con":614,"bw_id":"VEC_EIN_109800","name":"Einmündung Klostergraben","GEW":"VEC","stat_von":109800.0,"bauart":"Rohrdurchlass??","baujahr":null,"upflicht":"??","KTR":null,"FSK":"033151024000550005__","bemerk":"Einlauf und U_Pflicht prüfen","beschreib":"Einmündung Klostergraben","beschreib_lang":null,"foto1":null,"foto2":null,"foto3":null,"foto4":null,"link1":null,"link2":null,"denkmal":"Nein","akz":null,"WR":null,"Ein_GWZ":null,"Ein_GKZ":null,"Ein_Name":"Klostergraben","Ein_ord":"3. Ordnung","Ein_WKID":null,"Ein_DN":null,"Breite":null,"Hoehe":null,"NN_Sohle":0.0,"WK_NR":null,"URL_WKDB":null,"rwert":366137.0,"hwert":5814556.0},"geometry":{"type":"Point","coordinates":[7.029512,52.464743]}},
{"type":"Feature","properties":{"ID_con":615,"bw_id":"VEC_EIN_110140","name":"Altarmanbindung (Nr.34)","GEW":"VEC","stat_von":110140.0,"bauart":"Kastendurchlass","baujahr":"1966","upflicht":"Wasser- und Bodenverband / NLWKN??","KTR":"MABVE00100","FSK":"033151022000270007__","bemerk":null,"beschreib":"Altarmanbindung (Nr.34) über Kastendurchlass (Nr. 190 (Holzmann) ; Länge der Haltung : 5,30 m)","beschreib_lang":null,"foto1":"https://nlwkn.hannit-share.de/index.php/core/preview?fileId=11054735&x=1280&y=819&a=true","foto2":"https://nlwkn.hannit-share.de/index.php/core/preview?fileId=11054738&x=1280&y=819&a=true","foto3":"https://nlwkn.hannit-share.de/index.php/core/preview?fileId=11054741&x=1280&y=819&a=true","foto4":"https://nlwkn.hannit-share.de/index.php/core/preview?fileId=11054744&x=1280&y=819&a=true","link1":null,"link2":null,"denkmal":"Nein","akz":null,"WR":null,"Ein_GWZ":928637972,"Ein_GKZ":928637972,"Ein_Name":null,"Ein_ord":"2. Ordnung","Ein_WKID":null,"Ein_DN":null,"Breite":2000,"Hoehe":2000,"NN_Sohle":16.08,"WK_NR":null,"URL_WKDB":null,"rwert":366481.0,"hwert":5814607.0},"geometry":{"type":"Point","coordinates":[7.034552,52.465286]}},
{"type":"Feature","properties":{"ID_con":630,"bw_id":"VEC_EIN_114465","name":"Einleitung, C6, Rawe GmbH, Nordhorn","GEW":"VEC","stat_von":114465.0,"bauart":"??Rohrdurchlass","baujahr":null,"upflicht":"Rawe GmbH u. Co.","KTR":null,"FSK":"033151016000810039__","bemerk":"abgelaufen??, B-006 (aktiv, real), OW-Einl. C6, Ra","beschreib":"Einleitung, C6, Rawe GmbH, Nordhorn","beschreib_lang":null,"foto1":null,"foto2":null,"foto3":null,"foto4":null,"link1":null,"link2":null,"denkmal":"Nein","akz":null,"WR":"11/7239 (aktiv)","Ein_GWZ":null,"Ein_GKZ":null,"Ein_Name":null,"Ein_ord":"Einleitung","Ein_WKID":null,"Ein_DN":null,"Breite":null,"Hoehe":null,"NN_Sohle":0.0,"WK_NR":null,"URL_WKDB":null,"rwert":368430.0,"hwert":5811469.0},"geometry":{"type":"Point","coordinates":[7.064461,52.437564]}},
{"type":"Feature","properties":{"ID_con":629,"bw_id":"VEC_EIN_114465","name":"Einleitung, C5, Rawe GmbH, Nordhorn","GEW":"VEC","stat_von":114465.0,"bauart":"??Rohrdurchlass","baujahr":null,"upflicht":"Rawe GmbH u. Co.","KTR":null,"FSK":"033151016000810040__","bemerk":"abgelaufen??, B-005 (aktiv, real), OW-Einl. C5, Ra","beschreib":"Einleitung, C5, Rawe GmbH, Nordhorn","beschreib_lang":null,"foto1":null,"foto2":null,"foto3":null,"foto4":null,"link1":null,"link2":null,"denkmal":"Nein","akz":null,"WR":"11/7239 (aktiv)","Ein_GWZ":null,"Ein_GKZ":null,"Ein_Name":null,"Ein_ord":"Einleitung","Ein_WKID":null,"Ein_DN":null,"Breite":null,"Hoehe":null,"NN_Sohle":0.0,"WK_NR":null,"URL_WKDB":null,"rwert":368384.0,"hwert":5811531.0},"geometry":{"type":"Point","coordinates":[7.06376,52.43811]}},
{"type":"Feature","properties":{"ID_con":631,"bw_id":"VEC_EIN_114590","name":"Einleitung, C7, Rawe GmbH, Nordhorn","GEW":"VEC","stat_von":114590.0,"bauart":"??Rohrdurchlass","baujahr":null,"upflicht":"Rawe GmbH u. Co.","KTR":null,"FSK":"033151016000810040__","bemerk":"abgelaufen??, B-007 (aktiv, real), OW-Einl. C7, Ra","beschreib":"Einleitung, C7, Rawe GmbH, Nordhorn","beschreib_lang":null,"foto1":null,"foto2":null,"foto3":null,"foto4":null,"link1":null,"link2":null,"denkmal":"Nein","akz":null,"WR":"11/7239 (aktiv)","Ein_GWZ":null,"Ein_GKZ":null,"Ein_Name":null,"Ein_ord":"Einleitung","Ein_WKID":null,"Ein_DN":null,"Breite":null,"Hoehe":null,"NN_Sohle":0.0,"WK_NR":null,"URL_WKDB":null,"rwert":368458.0,"hwert":5811428.0},"geometry":{"type":"Point","coordinates":[7.064888,52.437202]}},
{"type":"Feature","properties":{"ID_con":632,"bw_id":"VEC_EIN_114605","name":"Einleitung, C8, Rawe GmbH, Nordhorn","GEW":"VEC","stat_von":114605.0,"bauart":"??Rohrdurchlass","baujahr":null,"upflicht":"Rawe GmbH u. Co.","KTR":null,"FSK":"033151016000810040__","bemerk":"abgelaufen??, B-008 (aktiv, real), OW-Einl. C8, Ra","beschreib":"Einleitung, C8, Rawe GmbH, Nordhorn","beschreib_lang":null,"foto1":null,"foto2":null,"foto3":null,"foto4":null,"link1":null,"link2":null,"denkmal":"Nein","akz":null,"WR":"11/7239 (aktiv)","Ein_GWZ":null,"Ein_GKZ":null,"Ein_Name":null,"Ein_ord":"Einleitung","Ein_WKID":null,"Ein_DN":null,"Breite":null,"Hoehe":null,"NN_Sohle":0.0,"WK_NR":null,"URL_WKDB":null,"rwert":368458.0,"hwert":5811408.0},"geometry":{"type":"Point","coordinates":[7.064896,52.437022]}},
{"type":"Feature","properties":{"ID_con":633,"bw_id":"VEC_EIN_114680","name":"Einleitung, C9, Rawe GmbH, Nordhorn","GEW":"VEC","stat_von":114680.0,"bauart":"??Rohrdurchlass","baujahr":null,"upflicht":"Rawe GmbH u. Co.","KTR":null,"FSK":"033151016000810039__","bemerk":"abgelaufen??, B-009 (aktiv, real), OW-Einl. C9, Ra","beschreib":"Einleitung, C9, Rawe GmbH, Nordhorn","beschreib_lang":null,"foto1":null,"foto2":null,"foto3":null,"foto4":null,"link1":null,"link2":null,"denkmal":"Nein","akz":null,"WR":"11/7239 (aktiv)","Ein_GWZ":null,"Ein_GKZ":null,"Ein_Name":null,"Ein_ord":"Einleitung","Ein_WKID":null,"Ein_DN":null,"Breite":null,"Hoehe":null,"NN_Sohle":0.0,"WK_NR":null,"URL_WKDB":null,"rwert":368527.0,"hwert":5811385.0},"geometry":{"type":"Point","coordinates":[7.06592,52.436832]}},
{"type":"Feature","properties":{"ID_con":634,"bw_id":"VEC_EIN_114730","name":"Einleitung, C10, Rawe GmbH, Nordhorn","GEW":"VEC","stat_von":114730.0,"bauart":"??Rohrdurchlass","baujahr":null,"upflicht":"Rawe GmbH u. Co.","KTR":null,"FSK":"033151016000930015__","bemerk":"abgelaufen??, B-010 (aktiv, real), OW-Einl. C10, R","beschreib":"Einleitung, C10, Rawe GmbH, Nordhorn","beschreib_lang":null,"foto1":null,"foto2":null,"foto3":null,"foto4":null,"link1":null,"link2":null,"denkmal":"Nein","akz":null,"WR":"11/7239 (aktiv)","Ein_GWZ":null,"Ein_GKZ":null,"Ein_Name":null,"Ein_ord":"Einleitung","Ein_WKID":null,"Ein_DN":null,"Breite":null,"Hoehe":null,"NN_Sohle":0.0,"WK_NR":null,"URL_WKDB":null,"rwert":368577.0,"hwert":5811383.0},"geometry":{"type":"Point","coordinates":[7.066656,52.436826]}},
{"type":"Feature","properties":{"ID_con":635,"bw_id":"VEC_EIN_114770","name":"Auslauf Borstenfischpass Ölmühlenwehr","GEW":"VEC","stat_von":114770.0,"bauart":"Freie Einmündung","baujahr":null,"upflicht":"NLWKN","KTR":null,"FSK":"033151016001010003__","bemerk":null,"beschreib":"Auslauf Borstenfischpass Ölmühlenwehr","beschreib_lang":null,"foto1":"https://nlwkn.hannit-share.de/index.php/core/preview?fileId=11054798&x=1280&y=819&a=true","foto2":"https://nlwkn.hannit-share.de/index.php/core/preview?fileId=11054801&x=1280&y=819&a=true","foto3":"https://nlwkn.hannit-share.de/index.php/core/preview?fileId=11054804&x=1280&y=819&a=true","foto4":null,"link1":null,"link2":null,"denkmal":"Nein","akz":null,"WR":null,"Ein_GWZ":null,"Ein_GKZ":null,"Ein_Name":"Beckenfischpass","Ein_ord":"Sonstige","Ein_WKID":null,"Ein_DN":null,"Breite":null,"Hoehe":null,"NN_Sohle":0.0,"WK_NR":null,"URL_WKDB":null,"rwert":368614.0,"hwert":5811358.0},"geometry":{"type":"Point","coordinates":[7.067209,52.436611]}},
{"type":"Feature","properties":{"ID_con":636,"bw_id":"VEC_EIN_114830","name":"Einlauf Borstenfischpass","GEW":"VEC","stat_von":114830.0,"bauart":"Freie Einmündung","baujahr":null,"upflicht":"NLWKN","KTR":null,"FSK":"033151016000950002__","bemerk":null,"beschreib":"Einlauf Borstenfischpass","beschreib_lang":null,"foto1":"https://nlwkn.hannit-share.de/index.php/core/preview?fileId=11054807&x=1280&y=819&a=true","foto2":"https://nlwkn.hannit-share.de/index.php/core/preview?fileId=11054810&x=1280&y=819&a=true","foto3":null,"foto4":null,"link1":null,"link2":null,"denkmal":"Nein","akz":null,"WR":null,"Ein_GWZ":null,"Ein_GKZ":null,"Ein_Name":"Beckenfischpass","Ein_ord":"Sonstige","Ein_WKID":null,"Ein_DN":null,"Breite":null,"Hoehe":null,"NN_Sohle":0.0,"WK_NR":null,"URL_WKDB":null,"rwert":368682.0,"hwert":5811349.0},"geometry":{"type":"Point","coordinates":[7.068213,52.436546]}},
{"type":"Feature","properties":{"ID_con":637,"bw_id":"VEC_EIN_114835","name":"Einmündung Verbindungsarm","GEW":"VEC","stat_von":114835.0,"bauart":"Freie Einmündung","baujahr":null,"upflicht":"NLWKN","KTR":null,"FSK":"033151016000940010__","bemerk":null,"beschreib":"Einmündung Verbindungsarm","beschreib_lang":null,"foto1":"https://nlwkn.hannit-share.de/index.php/core/preview?fileId=11054813&x=1280&y=819&a=true","foto2":null,"foto3":null,"foto4":null,"link1":null,"link2":null,"denkmal":"Nein","akz":null,"WR":null,"Ein_GWZ":928637932,"Ein_GKZ":928637932,"Ein_Name":"Verbindungsarm","Ein_ord":"2. Ordnung","Ein_WKID":32002,"Ein_DN":null,"Breite":null,"Hoehe":null,"NN_Sohle":0.0,"WK_NR":32002,"URL_WKDB":"https://www.umweltkarten-niedersachsen.de/Download_OE/WRRL/WKDB_HE/32002_Vechte_Nordhorn_Neuenhaus.pdf","rwert":368680.0,"hwert":5811366.0},"geometry":{"type":"Point","coordinates":[7.068177,52.436698]}},
{"type":"Feature","properties":{"ID_con":638,"bw_id":"VEC_EIN_114960","name":"Einleitung, C11, Rawe GmbH, Nordhorn","GEW":"VEC","stat_von":114960.0,"bauart":"??Rohrdurchlass","baujahr":null,"upflicht":"Rawe GmbH u. Co.","KTR":null,"FSK":"033151017002890011__","bemerk":"abgelaufen??, B-011 (aktiv, real) , KÃ¼hl-/Prozess","beschreib":"Einleitung, C11, Rawe GmbH, Nordhorn","beschreib_lang":null,"foto1":null,"foto2":null,"foto3":null,"foto4":null,"link1":null,"link2":null,"denkmal":"Nein","akz":null,"WR":"11/7239 (aktiv)","Ein_GWZ":null,"Ein_GKZ":null,"Ein_Name":null,"Ein_ord":"Einleitung","Ein_WKID":null,"Ein_DN":null,"Breite":null,"Hoehe":null,"NN_Sohle":0.0,"WK_NR":null,"URL_WKDB":null,"rwert":368701.0,"hwert":5811488.0},"geometry":{"type":"Point","coordinates":[7.068437,52.437799]}},
{"type":"Feature","properties":{"ID_con":2604,"bw_id":"VEC_EIN_115235","name":"Rohreinlauf mit Schieberschacht","GEW":"VEC","stat_von":115235.0,"bauart":"Betonrohr mit Schieberschacht","baujahr":"2026/27","upflicht":"Stadt Nordhorn","KTR":null,"FSK":"033151015000460005__","bemerk":"Schachtnummer 90182000. Das Einlaufbauwerk soll in 2026/27 mit dem Neubau des Stadthafens erneuert und unter WSP gelegt werden","beschreib":"Rohreinlauf mit vorgeschaltetem Schieberschacht für Einleitung von Oberflächenwasser (Regenwasserkanal) an der Brücke zum Busbahnhof","beschreib_lang":"Rohreinlauf mit vorgeschaltetem Schieberschacht für Einleitung von Oberflächenwasser (Regenwasserkanal) an der Brücke zum Busbahnhof","foto1":"https://nlwkn.hannit-share.de/index.php/core/preview?fileId=11513311&x=1280&y=819&a=true","foto2":"https://nlwkn.hannit-share.de/index.php/core/preview?fileId=11513308&x=1280&y=819&a=true","foto3":"https://nlwkn.hannit-share.de/index.php/core/preview?fileId=11513309&x=1280&y=819&a=true","foto4":"https://nlwkn.hannit-share.de/index.php/core/preview?fileId=11513310&x=1280&y=819&a=true","link1":null,"link2":null,"denkmal":"Nein","akz":null,"WR":null,"Ein_GWZ":null,"Ein_GKZ":null,"Ein_Name":null,"Ein_ord":"Einleitung","Ein_WKID":null,"Ein_DN":1000,"Breite":null,"Hoehe":null,"NN_Sohle":20.84,"WK_NR":null,"URL_WKDB":null,"rwert":368957.0,"hwert":5811391.0},"geometry":{"type":"Point","coordinates":[7.072239,52.436989]}},
{"type":"Feature","properties":{"ID_con":639,"bw_id":"VEC_EIN_115530","name":"Abzweig Kornmühlenarm","GEW":"VEC","stat_von":115530.0,"bauart":"Freie Einmündung","baujahr":null,"upflicht":"NLWKN","KTR":null,"FSK":"033151013000280011__","bemerk":null,"beschreib":"Abzweig Kornmühlenarm","beschreib_lang":null,"foto1":"https://nlwkn.hannit-share.de/index.php/core/preview?fileId=11054816&x=1280&y=819&a=true","foto2":null,"foto3":null,"foto4":null,"link1":null,"link2":null,"denkmal":"Nein","akz":null,"WR":null,"Ein_GWZ":92863794,"Ein_GKZ":92863794,"Ein_Name":"Kornmühlenarm","Ein_ord":"2. Ordnung","Ein_WKID":null,"Ein_DN":null,"Breite":null,"Hoehe":null,"NN_Sohle":0.0,"WK_NR":null,"URL_WKDB":null,"rwert":369085.0,"hwert":5811129.0},"geometry":{"type":"Point","coordinates":[7.074224,52.434666]}},
{"type":"Feature","properties":{"ID_con":640,"bw_id":"VEC_EIN_115540","name":"Einmündung Hafen??","GEW":"VEC","stat_von":115540.0,"bauart":"Freie Einmündung","baujahr":null,"upflicht":"NLWKN","KTR":null,"FSK":"033151013000640010__","bemerk":null,"beschreib":"Einmündung Hafen??","beschreib_lang":null,"foto1":null,"foto2":null,"foto3":null,"foto4":null,"link1":null,"link2":null,"denkmal":"Nein","akz":null,"WR":null,"Ein_GWZ":null,"Ein_GKZ":null,"Ein_Name":null,"Ein_ord":"Sonstige","Ein_WKID":null,"Ein_DN":null,"Breite":null,"Hoehe":null,"NN_Sohle":0.0,"WK_NR":null,"URL_WKDB":null,"rwert":369084.0,"hwert":5811108.0},"geometry":{"type":"Point","coordinates":[7.074217,52.434477]}},
{"type":"Feature","properties":{"ID_con":2259,"bw_id":"VEC_EIN_115665","name":"Einmündung Nordhorn-Almelo-Kanal","GEW":"VEC","stat_von":115665.0,"bauart":"Freier Zulauf","baujahr":null,"upflicht":"NLWKN","KTR":"MABVE00200","FSK":"033151013000270042__","bemerk":null,"beschreib":"Einmündung Nordhorn-Almelo-Kanal","beschreib_lang":null,"foto1":null,"foto2":null,"foto3":null,"foto4":null,"link1":null,"link2":null,"denkmal":"Nein","akz":null,"WR":null,"Ein_GWZ":9286,"Ein_GKZ":92863,"Ein_Name":"Nordhorn-Almelo-Kanal","Ein_ord":"1. Ordnung","Ein_WKID":32041,"Ein_DN":null,"Breite":null,"Hoehe":null,"NN_Sohle":0.0,"WK_NR":32041,"URL_WKDB":" ","rwert":369202.0,"hwert":5811063.0},"geometry":{"type":"Point","coordinates":[7.07597,52.434101]}},
{"type":"Feature","properties":{"ID_con":2260,"bw_id":"VEC_EIN_115675","name":"Einmündung Verbindungskanal","GEW":"VEC","stat_von":115675.0,"bauart":"Freier Zulauf","baujahr":null,"upflicht":"NLWKN","KTR":null,"FSK":"033151013000270042__","bemerk":null,"beschreib":"Einmündung Verbindungskanal","beschreib_lang":null,"foto1":"https://nlwkn.hannit-share.de/index.php/core/preview?fileId=11054819&x=1280&y=819&a=true","foto2":"https://nlwkn.hannit-share.de/index.php/core/preview?fileId=11054822&x=1280&y=819&a=true","foto3":null,"foto4":null,"link1":null,"link2":null,"denkmal":"Nein","akz":null,"WR":null,"Ein_GWZ":9286,"Ein_GKZ":92867,"Ein_Name":"Verbindungskanal","Ein_ord":"1. Ordnung","Ein_WKID":32042,"Ein_DN":null,"Breite":null,"Hoehe":null,"NN_Sohle":0.0,"WK_NR":32042,"URL_WKDB":" ","rwert":369212.0,"hwert":5811061.0},"geometry":{"type":"Point","coordinates":[7.076117,52.434085]}},
{"type":"Feature","properties":{"ID_con":2151,"bw_id":"VEC_EIN_116700","name":"Einlauf Seenpark Nordhorn","GEW":"VEC","stat_von":116700.0,"bauart":"Freier Einlauf","baujahr":"2022","upflicht":"Seenpark Nordhorn","KTR":null,"FSK":"033151008000890020__","bemerk":"Vertrag ergänzen","beschreib":"neue Verbindung zum Seenpark Nordhorn","beschreib_lang":null,"foto1":"https://nlwkn.hannit-share.de/index.php/core/preview?fileId=11054825&x=1280&y=819&a=true","foto2":"https://nlwkn.hannit-share.de/index.php/core/preview?fileId=11054828&x=1280&y=819&a=true","foto3":"https://nlwkn.hannit-share.de/index.php/core/preview?fileId=11054831&x=1280&y=819&a=true","foto4":"https://nlwkn.hannit-share.de/index.php/core/preview?fileId=11054834&x=1280&y=819&a=true","link1":null,"link2":null,"denkmal":"Nein","akz":"21100-Bauleitplanung der Stadt Nordhorn-608/2022","WR":null,"Ein_GWZ":null,"Ein_GKZ":null,"Ein_Name":null,"Ein_ord":"3. Ordnung??","Ein_WKID":null,"Ein_DN":0,"Breite":0,"Hoehe":0,"NN_Sohle":0.0,"WK_NR":null,"URL_WKDB":null,"rwert":369635.0,"hwert":5810295.0},"geometry":{"type":"Point","coordinates":[7.082635,52.427304]}},
{"type":"Feature","properties":{"ID_con":641,"bw_id":"VEC_EIN_116850","name":"Einmündung Möllergraben","GEW":"VEC","stat_von":116850.0,"bauart":"Rohrdurchlass mit Rückstauklappe","baujahr":null,"upflicht":"Wasser- U.Bodenverband Neerlage-Hestrup-Brandlecht","KTR":null,"FSK":"033151008000890020__","bemerk":null,"beschreib":"Einmündung Möllergraben","beschreib_lang":null,"foto1":"https://nlwkn.hannit-share.de/index.php/core/preview?fileId=11054837&x=1280&y=819&a=true","foto2":"https://nlwkn.hannit-share.de/index.php/core/preview?fileId=11054840&x=1280&y=819&a=true","foto3":"https://nlwkn.hannit-share.de/index.php/core/preview?fileId=11054843&x=1280&y=819&a=true","foto4":null,"link1":null,"link2":null,"denkmal":"Nein","akz":null,"WR":null,"Ein_GWZ":null,"Ein_GKZ":null,"Ein_Name":"Möllergraben","Ein_ord":"3. Ordnung","Ein_WKID":null,"Ein_DN":null,"Breite":null,"Hoehe":null,"NN_Sohle":0.0,"WK_NR":null,"URL_WKDB":null,"rwert":369779.0,"hwert":5810240.0},"geometry":{"type":"Point","coordinates":[7.084773,52.426844]}},
{"type":"Feature","properties":{"ID_con":642,"bw_id":"VEC_EIN_116960","name":"Einmündung Rigterinkgraben","GEW":"VEC","stat_von":116960.0,"bauart":"??Kastendurchlass mit Überfahrt","baujahr":null,"upflicht":"Wasser- U.Bodenverband Neerlage-Hestrup-Brandlecht","KTR":null,"FSK":"033151008000950017__","bemerk":"Einlauf prüfen","beschreib":"Einmündung Rigterinkgraben","beschreib_lang":null,"foto1":"https://nlwkn.hannit-share.de/index.php/core/preview?fileId=11054846&x=1280&y=819&a=true","foto2":"https://nlwkn.hannit-share.de/index.php/core/preview?fileId=11054849&x=1280&y=819&a=true","foto3":"https://nlwkn.hannit-share.de/index.php/core/preview?fileId=11054852&x=1280&y=819&a=true","foto4":null,"link1":null,"link2":null,"denkmal":"Nein","akz":null,"WR":null,"Ein_GWZ":null,"Ein_GKZ":null,"Ein_Name":"Rigterinkgraben","Ein_ord":"3. Ordnung","Ein_WKID":null,"Ein_DN":null,"Breite":null,"Hoehe":null,"NN_Sohle":0.0,"WK_NR":null,"URL_WKDB":null,"rwert":369890.0,"hwert":5810217.0},"geometry":{"type":"Point","coordinates":[7.086413,52.426664]}},
{"type":"Feature","properties":{"ID_con":2153,"bw_id":"VEC_EIN_116980","name":"Kastendurchlass (mit Gitter)","GEW":"VEC","stat_von":116980.0,"bauart":"Kastendurchlass","baujahr":null,"upflicht":"Stadt Nordhorn?","KTR":null,"FSK":"033151008001050024__","bemerk":null,"beschreib":"Kastendurchlass (mit Gitter)","beschreib_lang":null,"foto1":"https://nlwkn.hannit-share.de/index.php/core/preview?fileId=11054855&x=1280&y=819&a=true","foto2":"https://nlwkn.hannit-share.de/index.php/core/preview?fileId=11054858&x=1280&y=819&a=true","foto3":"https://nlwkn.hannit-share.de/index.php/core/preview?fileId=11054861&x=1280&y=819&a=true","foto4":"https://nlwkn.hannit-share.de/index.php/core/preview?fileId=11054864&x=1280&y=819&a=true","link1":null,"link2":null,"denkmal":"Nein","akz":null,"WR":null,"Ein_GWZ":null,"Ein_GKZ":null,"Ein_Name":null,"Ein_ord":"3. Ordnung??","Ein_WKID":null,"Ein_DN":null,"Breite":null,"Hoehe":null,"NN_Sohle":null,"WK_NR":null,"URL_WKDB":null,"rwert":369915.0,"hwert":5810249.0},"geometry":{"type":"Point","coordinates":[7.086768,52.426957]}},
{"type":"Feature","properties":{"ID_con":2586,"bw_id":"VEC_EIN_117145","name":"Einmündung Zoohafen Nordhorn","GEW":"VEC","stat_von":117145.0,"bauart":"Freier Einlauf mit Brücke","baujahr":"2025","upflicht":"Stadt Nordhorn","KTR":null,"FSK":"033151008001050024__","bemerk":"Noch nicht gebaut. Vertrag nachpflegen, Akte anlegen","beschreib":"Einmündung zum Hafen am Tierpark Nordhorn. Der Hafen ist mit Anleger, Stegen, Terassen, … versehen","beschreib_lang":"Einmündung zum Hafen am Tierpark Nordhorn. Der Hafen ist mit Anleger, Stegen, Terassen, … versehen","foto1":"https://nlwkn.hannit-share.de/index.php/core/preview?fileId=11054867&x=1280&y=819&a=true","foto2":"https://nlwkn.hannit-share.de/index.php/core/preview?fileId=11054870&x=1280&y=819&a=true","foto3":"https://nlwkn.hannit-share.de/index.php/core/preview?fileId=11054873&x=1280&y=819&a=true","foto4":"https://nlwkn.hannit-share.de/index.php/core/preview?fileId=11054876&x=1280&y=819&a=true","link1":null,"link2":null,"denkmal":"Nein","akz":null,"WR":null,"Ein_GWZ":null,"Ein_GKZ":null,"Ein_Name":"Zoohafen Nordhorn","Ein_ord":"Dritter Ordnung","Ein_WKID":null,"Ein_DN":null,"Breite":null,"Hoehe":null,"NN_Sohle":0.0,"WK_NR":null,"URL_WKDB":null,"rwert":370079.0,"hwert":5810218.0},"geometry":{"type":"Point","coordinates":[7.089191,52.426717]}},
{"type":"Feature","properties":{"ID_con":2154,"bw_id":"VEC_EIN_117410","name":"Altarmanbindung, Rohrdurchlass mit Rückstauklappe","GEW":"VEC","stat_von":117410.0,"bauart":"Rohrdurchlass mit Rückstauklappe","baujahr":null,"upflicht":"Stadt Nordhorn","KTR":null,"FSK":"033151008001050024__","bemerk":"U-Pflicht prüfen","beschreib":"Altarmanbindung, Rohrdurchlass mit Rückstauklappe","beschreib_lang":null,"foto1":"https://nlwkn.hannit-share.de/index.php/core/preview?fileId=11054879&x=1280&y=819&a=true","foto2":"https://nlwkn.hannit-share.de/index.php/core/preview?fileId=11054882&x=1280&y=819&a=true","foto3":"https://nlwkn.hannit-share.de/index.php/core/preview?fileId=11054885&x=1280&y=819&a=true","foto4":"https://nlwkn.hannit-share.de/index.php/core/preview?fileId=11054888&x=1280&y=819&a=true","link1":null,"link2":null,"denkmal":"Nein","akz":null,"WR":null,"Ein_GWZ":null,"Ein_GKZ":null,"Ein_Name":"Altarm","Ein_ord":"??","Ein_WKID":null,"Ein_DN":null,"Breite":null,"Hoehe":null,"NN_Sohle":null,"WK_NR":null,"URL_WKDB":null,"rwert":370322.0,"hwert":5810102.0},"geometry":{"type":"Point","coordinates":[7.092808,52.425733]}},
{"type":"Feature","properties":{"ID_con":2171,"bw_id":"VEC_EIN_118105","name":"??Rohrdurchlass","GEW":"VEC","stat_von":118105.0,"bauart":"??","baujahr":null,"upflicht":"??","KTR":null,"FSK":"033151008001140006__","bemerk":"Prüfen, ob hier ein Einlaufbauwerk vorhanden ist","beschreib":"??Rohrdurchlass","beschreib_lang":null,"foto1":null,"foto2":null,"foto3":null,"foto4":null,"link1":null,"link2":null,"denkmal":"Nein","akz":null,"WR":null,"Ein_GWZ":null,"Ein_GKZ":null,"Ein_Name":null,"Ein_ord":"??","Ein_WKID":null,"Ein_DN":null,"Breite":null,"Hoehe":null,"NN_Sohle":null,"WK_NR":null,"URL_WKDB":null,"rwert":370472.0,"hwert":5809464.0},"geometry":{"type":"Point","coordinates":[7.095259,52.420036]}},
{"type":"Feature","properties":{"ID_con":645,"bw_id":"VEC_EIN_118170","name":"Kastendurchlass (Altarmanbindung (Nr. 39))","GEW":"VEC","stat_von":118170.0,"bauart":"Kastendurchlass","baujahr":null,"upflicht":"??","KTR":null,"FSK":"033152007001000006__","bemerk":"U-Pflicht prüfen","beschreib":"Kastendurchlass (Altarmanbindung (Nr. 39))","beschreib_lang":null,"foto1":"https://nlwkn.hannit-share.de/index.php/core/preview?fileId=11054891&x=1280&y=819&a=true","foto2":"https://nlwkn.hannit-share.de/index.php/core/preview?fileId=11054894&x=1280&y=819&a=true","foto3":"https://nlwkn.hannit-share.de/index.php/core/preview?fileId=11054897&x=1280&y=819&a=true","foto4":"https://nlwkn.hannit-share.de/index.php/core/preview?fileId=11054900&x=1280&y=819&a=true","link1":null,"link2":null,"denkmal":"Nein","akz":null,"WR":null,"Ein_GWZ":null,"Ein_GKZ":null,"Ein_Name":null,"Ein_ord":"3. Ordnung","Ein_WKID":null,"Ein_DN":null,"Breite":null,"Hoehe":null,"NN_Sohle":null,"WK_NR":null,"URL_WKDB":null,"rwert":370500.0,"hwert":5809401.0},"geometry":{"type":"Point","coordinates":[7.095695,52.419476]}},
{"type":"Feature","properties":{"ID_con":646,"bw_id":"VEC_EIN_118510","name":"Einmündung Brandlechter Bruchgraben","GEW":"VEC","stat_von":118510.0,"bauart":"Kastendurchlass","baujahr":null,"upflicht":"114","KTR":null,"FSK":"033152007001200014__","bemerk":null,"beschreib":"Einmündung Brandlechter Bruchgraben","beschreib_lang":null,"foto1":"https://nlwkn.hannit-share.de/index.php/core/preview?fileId=11054903&x=1280&y=819&a=true","foto2":"https://nlwkn.hannit-share.de/index.php/core/preview?fileId=11054906&x=1280&y=819&a=true","foto3":"https://nlwkn.hannit-share.de/index.php/core/preview?fileId=11054909&x=1280&y=819&a=true","foto4":"https://nlwkn.hannit-share.de/index.php/core/preview?fileId=11054912&x=1280&y=819&a=true","link1":null,"link2":null,"denkmal":"Nein","akz":null,"WR":null,"Ein_GWZ":92863714,"Ein_GKZ":92863714,"Ein_Name":"Brandlechter Bruchgraben","Ein_ord":"2. Ordnung","Ein_WKID":32009,"Ein_DN":null,"Breite":null,"Hoehe":null,"NN_Sohle":null,"WK_NR":32009,"URL_WKDB":" ","rwert":370515.0,"hwert":5809058.0},"geometry":{"type":"Point","coordinates":[7.096049,52.416398]}},
{"type":"Feature","properties":{"ID_con":647,"bw_id":"VEC_EIN_118580","name":"Kastendurchlass (Altarmanbindung)","GEW":"VEC","stat_von":118580.0,"bauart":"Kastendurchlass","baujahr":null,"upflicht":"??","KTR":null,"FSK":"033152007001200014__","bemerk":"U_Pflicht prüfen","beschreib":"Kastendurchlass (Altarmanbindung)","beschreib_lang":null,"foto1":"https://nlwkn.hannit-share.de/index.php/core/preview?fileId=11054915&x=1280&y=819&a=true","foto2":"https://nlwkn.hannit-share.de/index.php/core/preview?fileId=11054918&x=1280&y=819&a=true","foto3":"https://nlwkn.hannit-share.de/index.php/core/preview?fileId=11054921&x=1280&y=819&a=true","foto4":"https://nlwkn.hannit-share.de/index.php/core/preview?fileId=11054924&x=1280&y=819&a=true","link1":null,"link2":null,"denkmal":"Nein","akz":null,"WR":null,"Ein_GWZ":null,"Ein_GKZ":null,"Ein_Name":null,"Ein_ord":"3. Ordnung","Ein_WKID":null,"Ein_DN":null,"Breite":null,"Hoehe":null,"NN_Sohle":0.0,"WK_NR":null,"URL_WKDB":null,"rwert":370576.0,"hwert":5809012.0},"geometry":{"type":"Point","coordinates":[7.096963,52.415999]}},
{"type":"Feature","properties":{"ID_con":648,"bw_id":"VEC_EIN_118840","name":"Kastendurchlass (Altarmanbindung (Nr. 41))","GEW":"VEC","stat_von":118840.0,"bauart":"Kastendurchlass","baujahr":null,"upflicht":"Landkreis Grafschaft Bentheim","KTR":null,"FSK":"033152007001200014__","bemerk":"U_Pflicht prüfen","beschreib":"Kastendurchlass (Altarmanbindung (Nr. 41))","beschreib_lang":null,"foto1":"https://nlwkn.hannit-share.de/index.php/core/preview?fileId=11054927&x=1280&y=819&a=true","foto2":"https://nlwkn.hannit-share.de/index.php/core/preview?fileId=11054930&x=1280&y=819&a=true","foto3":"https://nlwkn.hannit-share.de/index.php/core/preview?fileId=11054933&x=1280&y=819&a=true","foto4":"https://nlwkn.hannit-share.de/index.php/core/preview?fileId=11054936&x=1280&y=819&a=true","link1":null,"link2":null,"denkmal":"Nein","akz":null,"WR":null,"Ein_GWZ":null,"Ein_GKZ":null,"Ein_Name":null,"Ein_ord":"3. Ordnung","Ein_WKID":null,"Ein_DN":null,"Breite":null,"Hoehe":null,"NN_Sohle":0.0,"WK_NR":null,"URL_WKDB":null,"rwert":370747.0,"hwert":5808825.0},"geometry":{"type":"Point","coordinates":[7.099548,52.414359]}},
{"type":"Feature","properties":{"ID_con":649,"bw_id":"VEC_EIN_119045","name":"Kastendurchlass (Altarmanbindung)","GEW":"VEC","stat_von":119045.0,"bauart":"Kastendurchlass mit Überfahrt","baujahr":null,"upflicht":"??","KTR":null,"FSK":"033152007001200014__","bemerk":"U_Pflicht prüfen","beschreib":"Kastendurchlass (Altarmanbindung)","beschreib_lang":null,"foto1":"https://nlwkn.hannit-share.de/index.php/core/preview?fileId=11054939&x=1280&y=819&a=true","foto2":"https://nlwkn.hannit-share.de/index.php/core/preview?fileId=11054942&x=1280&y=819&a=true","foto3":"https://nlwkn.hannit-share.de/index.php/core/preview?fileId=11054945&x=1280&y=819&a=true","foto4":"https://nlwkn.hannit-share.de/index.php/core/preview?fileId=11054948&x=1280&y=819&a=true","link1":null,"link2":null,"denkmal":"Nein","akz":null,"WR":null,"Ein_GWZ":null,"Ein_GKZ":null,"Ein_Name":null,"Ein_ord":"3. Ordnung","Ein_WKID":null,"Ein_DN":null,"Breite":null,"Hoehe":null,"NN_Sohle":0.0,"WK_NR":null,"URL_WKDB":null,"rwert":370912.0,"hwert":5808699.0},"geometry":{"type":"Point","coordinates":[7.102021,52.413266]}},
{"type":"Feature","properties":{"ID_con":650,"bw_id":"VEC_EIN_119985","name":"Kastendurchlass Grabeneinlauf","GEW":"VEC","stat_von":119985.0,"bauart":"Kastendurchlass","baujahr":null,"upflicht":"??","KTR":null,"FSK":"033152004000200009__","bemerk":"U_Pflicht prüfen","beschreib":"Kastendurchlass Grabeneinlauf","beschreib_lang":null,"foto1":"https://nlwkn.hannit-share.de/index.php/core/preview?fileId=11054951&x=1280&y=819&a=true","foto2":"https://nlwkn.hannit-share.de/index.php/core/preview?fileId=11054954&x=1280&y=819&a=true","foto3":"https://nlwkn.hannit-share.de/index.php/core/preview?fileId=11054957&x=1280&y=819&a=true","foto4":"https://nlwkn.hannit-share.de/index.php/core/preview?fileId=11054960&x=1280&y=819&a=true","link1":null,"link2":null,"denkmal":"Nein","akz":null,"WR":null,"Ein_GWZ":null,"Ein_GKZ":null,"Ein_Name":null,"Ein_ord":"3. Ordnung","Ein_WKID":null,"Ein_DN":null,"Breite":null,"Hoehe":null,"NN_Sohle":0.0,"WK_NR":null,"URL_WKDB":null,"rwert":371470.0,"hwert":5807984.0},"geometry":{"type":"Point","coordinates":[7.110495,52.406973]}},
{"type":"Feature","properties":{"ID_con":651,"bw_id":"VEC_EIN_120070","name":"Kastendurchlass (Einmündung \tSchultegrabe)","GEW":"VEC","stat_von":120070.0,"bauart":"Kastendurchlass","baujahr":null,"upflicht":"Wasser- und Bodenverband Neerlage-Hestrup-Brandlecht","KTR":null,"FSK":"033152004000200009__","bemerk":"U_Pflicht prüfen","beschreib":"Kastendurchlass (Einmündung \tSchultegrabe)","beschreib_lang":null,"foto1":"https://nlwkn.hannit-share.de/index.php/core/preview?fileId=11054963&x=1280&y=819&a=true","foto2":"https://nlwkn.hannit-share.de/index.php/core/preview?fileId=11054966&x=1280&y=819&a=true","foto3":"https://nlwkn.hannit-share.de/index.php/core/preview?fileId=11054969&x=1280&y=819&a=true","foto4":"https://nlwkn.hannit-share.de/index.php/core/preview?fileId=11054972&x=1280&y=819&a=true","link1":null,"link2":null,"denkmal":"Nein","akz":null,"WR":null,"Ein_GWZ":null,"Ein_GKZ":null,"Ein_Name":"Schultegraben","Ein_ord":"3. Ordnung","Ein_WKID":null,"Ein_DN":null,"Breite":null,"Hoehe":null,"NN_Sohle":null,"WK_NR":null,"URL_WKDB":null,"rwert":371442.0,"hwert":5807896.0},"geometry":{"type":"Point","coordinates":[7.110118,52.406175]}},
{"type":"Feature","properties":{"ID_con":652,"bw_id":"VEC_EIN_120505","name":"Kastendurchlass (Brandlechter Graben)","GEW":"VEC","stat_von":120505.0,"bauart":"Kastendurchlass","baujahr":null,"upflicht":"114","KTR":null,"FSK":"033152004000200009__","bemerk":null,"beschreib":"Kastendurchlass (Brandlechter Graben)","beschreib_lang":null,"foto1":"https://nlwkn.hannit-share.de/index.php/core/preview?fileId=11054975&x=1280&y=819&a=true","foto2":"https://nlwkn.hannit-share.de/index.php/core/preview?fileId=11054978&x=1280&y=819&a=true","foto3":"https://nlwkn.hannit-share.de/index.php/core/preview?fileId=11054981&x=1280&y=819&a=true","foto4":"https://nlwkn.hannit-share.de/index.php/core/preview?fileId=11054984&x=1280&y=819&a=true","link1":null,"link2":null,"denkmal":"Nein","akz":null,"WR":null,"Ein_GWZ":92863714,"Ein_GKZ":92863714,"Ein_Name":"Brandlechter Graben","Ein_ord":"2. Ordnung","Ein_WKID":null,"Ein_DN":null,"Breite":null,"Hoehe":null,"NN_Sohle":0.0,"WK_NR":null,"URL_WKDB":null,"rwert":371535.0,"hwert":5807470.0},"geometry":{"type":"Point","coordinates":[7.111648,52.402369]}},
{"type":"Feature","properties":{"ID_con":653,"bw_id":"VEC_EIN_120615","name":"Kastendurchlass (Altarmanbindung (Nr. 43))","GEW":"VEC","stat_von":120615.0,"bauart":"Kastendurchlass","baujahr":null,"upflicht":"??","KTR":null,"FSK":"033152004000200009__","bemerk":"U_Pflicht prüfen","beschreib":"Kastendurchlass (Altarmanbindung (Nr. 43))","beschreib_lang":null,"foto1":"https://nlwkn.hannit-share.de/index.php/core/preview?fileId=11054987&x=1280&y=819&a=true","foto2":"https://nlwkn.hannit-share.de/index.php/core/preview?fileId=11054990&x=1280&y=819&a=true","foto3":"https://nlwkn.hannit-share.de/index.php/core/preview?fileId=11054993&x=1280&y=819&a=true","foto4":"https://nlwkn.hannit-share.de/index.php/core/preview?fileId=11054996&x=1280&y=819&a=true","link1":null,"link2":null,"denkmal":"Nein","akz":null,"WR":null,"Ein_GWZ":null,"Ein_GKZ":null,"Ein_Name":null,"Ein_ord":"3. Ordnung","Ein_WKID":null,"Ein_DN":null,"Breite":null,"Hoehe":null,"NN_Sohle":null,"WK_NR":null,"URL_WKDB":null,"rwert":371646.0,"hwert":5807422.0},"geometry":{"type":"Point","coordinates":[7.113297,52.401964]}},
{"type":"Feature","properties":{"ID_con":654,"bw_id":"VEC_EIN_120780","name":"Kastendurchlass (Talgraben Links)","GEW":"VEC","stat_von":120780.0,"bauart":"Kastendurchlass","baujahr":null,"upflicht":"114","KTR":null,"FSK":"033152004000670015__","bemerk":null,"beschreib":"Kastendurchlass (Talgraben Links)","beschreib_lang":null,"foto1":"https://nlwkn.hannit-share.de/index.php/core/preview?fileId=11054999&x=1280&y=819&a=true","foto2":"https://nlwkn.hannit-share.de/index.php/core/preview?fileId=11055002&x=1280&y=819&a=true","foto3":"https://nlwkn.hannit-share.de/index.php/core/preview?fileId=11055005&x=1280&y=819&a=true","foto4":"https://nlwkn.hannit-share.de/index.php/core/preview?fileId=11055008&x=1280&y=819&a=true","link1":null,"link2":null,"denkmal":"Nein","akz":null,"WR":null,"Ein_GWZ":92863712,"Ein_GKZ":928637129,"Ein_Name":"Talgraben Links","Ein_ord":"2. Ordnung","Ein_WKID":null,"Ein_DN":null,"Breite":null,"Hoehe":null,"NN_Sohle":0.0,"WK_NR":null,"URL_WKDB":null,"rwert":371810.0,"hwert":5807404.0},"geometry":{"type":"Point","coordinates":[7.115713,52.401841]}},
{"type":"Feature","properties":{"ID_con":655,"bw_id":"VEC_EIN_120980","name":"Altarmanbindung??","GEW":"VEC","stat_von":120980.0,"bauart":"??Rohrdurchlass","baujahr":null,"upflicht":"??","KTR":null,"FSK":"034201006000370001__","bemerk":"Einlauf und U_Pflicht prüfen","beschreib":"Altarmanbindung??","beschreib_lang":null,"foto1":null,"foto2":null,"foto3":null,"foto4":null,"link1":null,"link2":null,"denkmal":"Nein","akz":null,"WR":null,"Ein_GWZ":null,"Ein_GKZ":null,"Ein_Name":"Altarm","Ein_ord":"3. Ordnung","Ein_WKID":null,"Ein_DN":null,"Breite":null,"Hoehe":null,"NN_Sohle":0.0,"WK_NR":null,"URL_WKDB":null,"rwert":372007.0,"hwert":5807448.0},"geometry":{"type":"Point","coordinates":[7.11859,52.402282]}},
{"type":"Feature","properties":{"ID_con":656,"bw_id":"VEC_EIN_121450","name":"Altarmanbindung","GEW":"VEC","stat_von":121450.0,"bauart":"Freier Einlauf (Sohlrampe)","baujahr":null,"upflicht":"??","KTR":null,"FSK":"033152003000230004__","bemerk":"U_Pflicht prüfen","beschreib":"Altarmanbindung","beschreib_lang":null,"foto1":"https://nlwkn.hannit-share.de/index.php/core/preview?fileId=11055011&x=1280&y=819&a=true","foto2":"https://nlwkn.hannit-share.de/index.php/core/preview?fileId=11055014&x=1280&y=819&a=true","foto3":"https://nlwkn.hannit-share.de/index.php/core/preview?fileId=11055017&x=1280&y=819&a=true","foto4":"https://nlwkn.hannit-share.de/index.php/core/preview?fileId=11055020&x=1280&y=819&a=true","link1":null,"link2":null,"denkmal":"Nein","akz":null,"WR":null,"Ein_GWZ":null,"Ein_GKZ":null,"Ein_Name":"Altarm","Ein_ord":"3. Ordnung","Ein_WKID":null,"Ein_DN":null,"Breite":null,"Hoehe":null,"NN_Sohle":0.0,"WK_NR":null,"URL_WKDB":null,"rwert":372383.0,"hwert":5807339.0},"geometry":{"type":"Point","coordinates":[7.124155,52.401391]}},
{"type":"Feature","properties":{"ID_con":657,"bw_id":"VEC_EIN_121540","name":"Einlauf Altarm","GEW":"VEC","stat_von":121540.0,"bauart":"Freie Einmündung (mit kleiner Furt)","baujahr":null,"upflicht":"??","KTR":null,"FSK":"033152003000240012__","bemerk":"Einlauf und U_Pflicht prüfen","beschreib":"Einlauf Altarm","beschreib_lang":null,"foto1":"https://nlwkn.hannit-share.de/index.php/core/preview?fileId=11055023&x=1280&y=819&a=true","foto2":"https://nlwkn.hannit-share.de/index.php/core/preview?fileId=11055026&x=1280&y=819&a=true","foto3":"https://nlwkn.hannit-share.de/index.php/core/preview?fileId=11055029&x=1280&y=819&a=true","foto4":"https://nlwkn.hannit-share.de/index.php/core/preview?fileId=11055032&x=1280&y=819&a=true","link1":null,"link2":null,"denkmal":"Nein","akz":null,"WR":null,"Ein_GWZ":null,"Ein_GKZ":null,"Ein_Name":"Altarm","Ein_ord":"3. Ordnung","Ein_WKID":null,"Ein_DN":null,"Breite":null,"Hoehe":null,"NN_Sohle":0.0,"WK_NR":null,"URL_WKDB":null,"rwert":372387.0,"hwert":5807238.0},"geometry":{"type":"Point","coordinates":[7.124252,52.400484]}},
{"type":"Feature","properties":{"ID_con":658,"bw_id":"VEC_EIN_121565","name":"Auslauf Borstenfischpass Wehr Brandlecht","GEW":"VEC","stat_von":121565.0,"bauart":"Freie Einmündung","baujahr":null,"upflicht":"NLWKN","KTR":null,"FSK":"033152003000260004__","bemerk":null,"beschreib":"Auslauf Borstenfischpass Wehr Brandlecht","beschreib_lang":null,"foto1":"https://nlwkn.hannit-share.de/index.php/core/preview?fileId=11055035&x=1280&y=819&a=true","foto2":"https://nlwkn.hannit-share.de/index.php/core/preview?fileId=11055038&x=1280&y=819&a=true","foto3":null,"foto4":null,"link1":null,"link2":null,"denkmal":"Nein","akz":null,"WR":null,"Ein_GWZ":null,"Ein_GKZ":null,"Ein_Name":"Beckenfischpass","Ein_ord":"Sonstige","Ein_WKID":null,"Ein_DN":null,"Breite":null,"Hoehe":null,"NN_Sohle":0.0,"WK_NR":null,"URL_WKDB":null,"rwert":372412.0,"hwert":5807224.0},"geometry":{"type":"Point","coordinates":[7.124625,52.400364]}},
{"type":"Feature","properties":{"ID_con":659,"bw_id":"VEC_EIN_121600","name":"Einlauf Borstenfischpass Wehr Brandlecht","GEW":"VEC","stat_von":121600.0,"bauart":"Freie Einmündung","baujahr":null,"upflicht":"NLWKN","KTR":null,"FSK":"033152003000240012__","bemerk":null,"beschreib":"Einlauf Borstenfischpass Wehr Brandlecht","beschreib_lang":null,"foto1":"https://nlwkn.hannit-share.de/index.php/core/preview?fileId=11055041&x=1280&y=819&a=true","foto2":null,"foto3":null,"foto4":null,"link1":null,"link2":null,"denkmal":"Nein","akz":null,"WR":null,"Ein_GWZ":null,"Ein_GKZ":null,"Ein_Name":"Beckenfischpass","Ein_ord":"Sonstige","Ein_WKID":null,"Ein_DN":null,"Breite":null,"Hoehe":null,"NN_Sohle":0.0,"WK_NR":null,"URL_WKDB":null,"rwert":372431.0,"hwert":5807191.0},"geometry":{"type":"Point","coordinates":[7.124917,52.400072]}},
{"type":"Feature","properties":{"ID_con":2255,"bw_id":"VEC_EIN_121650","name":"Einmündung Talgraben E","GEW":"VEC","stat_von":121650.0,"bauart":"??","baujahr":null,"upflicht":"?? Wabo??","KTR":null,"FSK":"033152003000240012__","bemerk":"Ist der Einlauf hier vorhanden??; prüfen??","beschreib":"Einmündung Talgraben E","beschreib_lang":"Einmündung Talgraben E","foto1":null,"foto2":null,"foto3":null,"foto4":null,"link1":null,"link2":null,"denkmal":"Nein","akz":null,"WR":null,"Ein_GWZ":null,"Ein_GKZ":null,"Ein_Name":"Talgraben E","Ein_ord":"3. Ordnung","Ein_WKID":null,"Ein_DN":null,"Breite":null,"Hoehe":null,"NN_Sohle":null,"WK_NR":null,"URL_WKDB":null,"rwert":372467.0,"hwert":5807187.0},"geometry":{"type":"Point","coordinates":[7.125447,52.400045]}},
{"type":"Feature","properties":{"ID_con":661,"bw_id":"VEC_EIN_122585","name":"Einlauf Hestruper Bach (Kastendurchlass mit Überfahrt)","GEW":"VEC","stat_von":122585.0,"bauart":"Kastendurchlass mit Überfahrt","baujahr":null,"upflicht":"114","KTR":null,"FSK":"034202014000070003__","bemerk":"Einlauf prüfen","beschreib":"Einlauf Hestruper Bach (Kastendurchlass mit Überfahrt)","beschreib_lang":null,"foto1":"https://nlwkn.hannit-share.de/index.php/core/preview?fileId=11055044&x=1280&y=819&a=true","foto2":"https://nlwkn.hannit-share.de/index.php/core/preview?fileId=11055047&x=1280&y=819&a=true","foto3":"https://nlwkn.hannit-share.de/index.php/core/preview?fileId=11055050&x=1280&y=819&a=true","foto4":"https://nlwkn.hannit-share.de/index.php/core/preview?fileId=11055053&x=1280&y=819&a=true","link1":null,"link2":null,"denkmal":"Nein","akz":null,"WR":null,"Ein_GWZ":928637112,"Ein_GKZ":9286371129,"Ein_Name":"Hestruper Bach","Ein_ord":"2. Ordnung","Ein_WKID":null,"Ein_DN":null,"Breite":null,"Hoehe":null,"NN_Sohle":0.0,"WK_NR":null,"URL_WKDB":null,"rwert":373197.0,"hwert":5806584.0},"geometry":{"type":"Point","coordinates":[7.136399,52.394796]}},
{"type":"Feature","properties":{"ID_con":662,"bw_id":"VEC_EIN_123005","name":"Grabeneinmündung","GEW":"VEC","stat_von":123005.0,"bauart":"??Rohrdurchlass","baujahr":null,"upflicht":"??","KTR":null,"FSK":"03315301100018______","bemerk":"Einlauf prüfen","beschreib":"Grabeneinmündung","beschreib_lang":null,"foto1":null,"foto2":null,"foto3":null,"foto4":null,"link1":null,"link2":null,"denkmal":"Nein","akz":null,"WR":null,"Ein_GWZ":null,"Ein_GKZ":null,"Ein_Name":null,"Ein_ord":"3. Ordnung","Ein_WKID":null,"Ein_DN":null,"Breite":null,"Hoehe":null,"NN_Sohle":0.0,"WK_NR":null,"URL_WKDB":null,"rwert":373605.0,"hwert":5806583.0},"geometry":{"type":"Point","coordinates":[7.142393,52.394881]}},
{"type":"Feature","properties":{"ID_con":663,"bw_id":"VEC_EIN_123045","name":"Grabeneinmündung","GEW":"VEC","stat_von":123045.0,"bauart":"??Rohrdurchlass; ?? Dükerung","baujahr":null,"upflicht":"Wasser- U.Bodenverband Neerlage-Hestrup-Brandlecht","KTR":null,"FSK":"034202015000010001__","bemerk":"Einlauf und U_Pflicht prüfen","beschreib":"Grabeneinmündung","beschreib_lang":null,"foto1":null,"foto2":null,"foto3":null,"foto4":null,"link1":null,"link2":null,"denkmal":"Nein","akz":null,"WR":null,"Ein_GWZ":null,"Ein_GKZ":null,"Ein_Name":"Talgraben D","Ein_ord":"3. Ordnung","Ein_WKID":null,"Ein_DN":null,"Breite":null,"Hoehe":null,"NN_Sohle":null,"WK_NR":null,"URL_WKDB":null,"rwert":373640.0,"hwert":5806558.0},"geometry":{"type":"Point","coordinates":[7.142916,52.394665]}},
{"type":"Feature","properties":{"ID_con":664,"bw_id":"VEC_EIN_123050","name":"Grabeneinmündung","GEW":"VEC","stat_von":123050.0,"bauart":"Freie Einmündung (ehemaliger Düker)","baujahr":null,"upflicht":"Wasser- U.Bodenverband Neerlage-Hestrup-Brandlecht","KTR":null,"FSK":"034202015000010001__","bemerk":"Einlaufbauwerk abgängig","beschreib":"Grabeneinmündung","beschreib_lang":null,"foto1":"https://nlwkn.hannit-share.de/index.php/core/preview?fileId=11055056&x=1280&y=819&a=true","foto2":"https://nlwkn.hannit-share.de/index.php/core/preview?fileId=11055059&x=1280&y=819&a=true","foto3":null,"foto4":null,"link1":null,"link2":null,"denkmal":"Nein","akz":null,"WR":null,"Ein_GWZ":null,"Ein_GKZ":null,"Ein_Name":"Talgraben D","Ein_ord":"3. Ordnung","Ein_WKID":null,"Ein_DN":null,"Breite":null,"Hoehe":null,"NN_Sohle":null,"WK_NR":null,"URL_WKDB":null,"rwert":373626.0,"hwert":5806538.0},"geometry":{"type":"Point","coordinates":[7.142718,52.394482]}},
{"type":"Feature","properties":{"ID_con":665,"bw_id":"VEC_EIN_124530","name":"Einmündung Engdener Bach","GEW":"VEC","stat_von":124530.0,"bauart":"Freier Einlauf","baujahr":null,"upflicht":"114","KTR":null,"FSK":"033153012000340002__","bemerk":null,"beschreib":"Einmündung Engdener Bach","beschreib_lang":null,"foto1":"https://nlwkn.hannit-share.de/index.php/core/preview?fileId=11055062&x=1280&y=819&a=true","foto2":"https://nlwkn.hannit-share.de/index.php/core/preview?fileId=11055065&x=1280&y=819&a=true","foto3":"https://nlwkn.hannit-share.de/index.php/core/preview?fileId=11055068&x=1280&y=819&a=true","foto4":"https://nlwkn.hannit-share.de/index.php/core/preview?fileId=11055071&x=1280&y=819&a=true","link1":"https://nlwkn.hannit-share.de/index.php/core/preview?fileId=11055074&x=1280&y=819&a=true","link2":null,"denkmal":"Nein","akz":null,"WR":null,"Ein_GWZ":928636,"Ein_GKZ":9286369,"Ein_Name":"Engdener Bach","Ein_ord":"2. Ordnung","Ein_WKID":32008,"Ein_DN":null,"Breite":null,"Hoehe":null,"NN_Sohle":null,"WK_NR":32008,"URL_WKDB":" ","rwert":374769.0,"hwert":5805835.0},"geometry":{"type":"Point","coordinates":[7.15977,52.388427]}},
{"type":"Feature","properties":{"ID_con":666,"bw_id":"VEC_EIN_125620","name":"Einmündung Isterberggraben","GEW":"VEC","stat_von":125620.0,"bauart":"??Rohrdurchlass","baujahr":null,"upflicht":"114","KTR":null,"FSK":"034202003000170001__","bemerk":"????Bauwerk nicht vorhanden, Vorflutverhältnisse verändert, Isterberggraben entwässert in den Talgraben????","beschreib":"Einmündung Isterberggraben","beschreib_lang":null,"foto1":null,"foto2":null,"foto3":null,"foto4":null,"link1":null,"link2":null,"denkmal":"Nein","akz":null,"WR":null,"Ein_GWZ":9286352,"Ein_GKZ":92863521,"Ein_Name":"Isterberggraben","Ein_ord":"2. Ordnung","Ein_WKID":null,"Ein_DN":null,"Breite":null,"Hoehe":null,"NN_Sohle":0.0,"WK_NR":null,"URL_WKDB":null,"rwert":375636.0,"hwert":5805323.0},"geometry":{"type":"Point","coordinates":[7.172693,52.384024]}},
{"type":"Feature","properties":{"ID_con":667,"bw_id":"VEC_EIN_127145","name":"Einmündung Ahlder Bach","GEW":"VEC","stat_von":127145.0,"bauart":"Freie Einmündung","baujahr":null,"upflicht":"114","KTR":null,"FSK":"034208006001390001__","bemerk":null,"beschreib":"Einmündung Ahlder Bach","beschreib_lang":null,"foto1":"https://nlwkn.hannit-share.de/index.php/core/preview?fileId=11055077&x=1280&y=819&a=true","foto2":"https://nlwkn.hannit-share.de/index.php/core/preview?fileId=11055080&x=1280&y=819&a=true","foto3":"https://nlwkn.hannit-share.de/index.php/core/preview?fileId=11055083&x=1280&y=819&a=true","foto4":"https://nlwkn.hannit-share.de/index.php/core/preview?fileId=11055086&x=1280&y=819&a=true","link1":null,"link2":null,"denkmal":"Nein","akz":null,"WR":null,"Ein_GWZ":928634,"Ein_GKZ":92863499,"Ein_Name":"Ahlder Bach","Ein_ord":"2. Ordnung","Ein_WKID":32007,"Ein_DN":null,"Breite":null,"Hoehe":null,"NN_Sohle":0.0,"WK_NR":32007,"URL_WKDB":"https://www.umweltkarten-niedersachsen.de/Download_OE/WRRL/WKDB_HE/32007_Ahlder_Bach.pdf","rwert":376770.0,"hwert":5804536.0},"geometry":{"type":"Point","coordinates":[7.189635,52.377209]}},
{"type":"Feature","properties":{"ID_con":668,"bw_id":"VEC_EIN_129225","name":"Einmündung Großer Limbeckgraben","GEW":"VEC","stat_von":129225.0,"bauart":"Freie Einmündung","baujahr":null,"upflicht":"114","KTR":null,"FSK":"034208005000160009__","bemerk":null,"beschreib":"Einmündung Großer Limbeckgraben","beschreib_lang":null,"foto1":"https://nlwkn.hannit-share.de/index.php/core/preview?fileId=11055089&x=1280&y=819&a=true","foto2":"https://nlwkn.hannit-share.de/index.php/core/preview?fileId=11055092&x=1280&y=819&a=true","foto3":"https://nlwkn.hannit-share.de/index.php/core/preview?fileId=11055095&x=1280&y=819&a=true","foto4":"https://nlwkn.hannit-share.de/index.php/core/preview?fileId=11055098&x=1280&y=819&a=true","link1":null,"link2":null,"denkmal":"Nein","akz":null,"WR":null,"Ein_GWZ":92863398,"Ein_GKZ":92863398,"Ein_Name":"Großer Limbeckgraben","Ein_ord":"2. Ordnung","Ein_WKID":null,"Ein_DN":null,"Breite":null,"Hoehe":null,"NN_Sohle":null,"WK_NR":null,"URL_WKDB":null,"rwert":376924.0,"hwert":5802626.0},"geometry":{"type":"Point","coordinates":[7.192597,52.36008]}},
{"type":"Feature","properties":{"ID_con":669,"bw_id":"VEC_EIN_129440","name":"Einmündung Kleiner Limbeckgraben","GEW":"VEC","stat_von":129440.0,"bauart":"Rohrdurchlass","baujahr":null,"upflicht":"Realgemeinde Neerlage in Isterberg","KTR":null,"FSK":"03420503500061______","bemerk":"Fehler in hydrographischer Karte (Dükerung??)","beschreib":"Einmündung Kleiner Limbeckgraben","beschreib_lang":null,"foto1":"https://nlwkn.hannit-share.de/index.php/core/preview?fileId=11055101&x=1280&y=819&a=true","foto2":"https://nlwkn.hannit-share.de/index.php/core/preview?fileId=11055104&x=1280&y=819&a=true","foto3":"https://nlwkn.hannit-share.de/index.php/core/preview?fileId=11055107&x=1280&y=819&a=true","foto4":"https://nlwkn.hannit-share.de/index.php/core/preview?fileId=11055110&x=1280&y=819&a=true","link1":null,"link2":null,"denkmal":"Nein","akz":null,"WR":null,"Ein_GWZ":928637122,"Ein_GKZ":928637122,"Ein_Name":"Kleiner Limbeckgraben","Ein_ord":"3. Ordnung","Ein_WKID":null,"Ein_DN":null,"Breite":null,"Hoehe":null,"NN_Sohle":null,"WK_NR":null,"URL_WKDB":null,"rwert":376751.0,"hwert":5802538.0},"geometry":{"type":"Point","coordinates":[7.19009,52.359251]}},
{"type":"Feature","properties":{"ID_con":670,"bw_id":"VEC_EIN_129445","name":"Einmündung Kleiner Limbeckgraben","GEW":"VEC","stat_von":129445.0,"bauart":"freier Zulauf","baujahr":null,"upflicht":"??","KTR":null,"FSK":"034205002003140068__","bemerk":"Einlauf und u pflicht prüfen, fehler in hydrographischer Karte (Dükerung??)","beschreib":"Einmündung Kleiner Limbeckgraben","beschreib_lang":null,"foto1":"https://nlwkn.hannit-share.de/index.php/core/preview?fileId=11055113&x=1280&y=819&a=true","foto2":"https://nlwkn.hannit-share.de/index.php/core/preview?fileId=11055116&x=1280&y=819&a=true","foto3":null,"foto4":null,"link1":null,"link2":null,"denkmal":"Nein","akz":null,"WR":null,"Ein_GWZ":928637122,"Ein_GKZ":928637122,"Ein_Name":"Kleiner Limbeckgraben","Ein_ord":"3. Ordnung","Ein_WKID":null,"Ein_DN":null,"Breite":null,"Hoehe":null,"NN_Sohle":null,"WK_NR":null,"URL_WKDB":null,"rwert":376752.0,"hwert":5802561.0},"geometry":{"type":"Point","coordinates":[7.190097,52.359457]}},
{"type":"Feature","properties":{"ID_con":671,"bw_id":"VEC_EIN_131035","name":"Einmündung Laudiekgraben","GEW":"VEC","stat_von":131035.0,"bauart":"Rohrdurchlass mit Rückschlagklappe und Überfahrt","baujahr":null,"upflicht":"114","KTR":null,"FSK":"03422200800023______","bemerk":"Einlauf prüfen","beschreib":"Einmündung Laudiekgraben","beschreib_lang":null,"foto1":"https://nlwkn.hannit-share.de/index.php/core/preview?fileId=11055119&x=1280&y=819&a=true","foto2":"https://nlwkn.hannit-share.de/index.php/core/preview?fileId=11055122&x=1280&y=819&a=true","foto3":"https://nlwkn.hannit-share.de/index.php/core/preview?fileId=11055125&x=1280&y=819&a=true","foto4":"https://nlwkn.hannit-share.de/index.php/core/preview?fileId=11055128&x=1280&y=819&a=true","link1":null,"link2":null,"denkmal":"Nein","akz":null,"WR":null,"Ein_GWZ":92863396,"Ein_GKZ":928633969,"Ein_Name":"Laudiekgraben","Ein_ord":"2. Ordnung","Ein_WKID":null,"Ein_DN":null,"Breite":null,"Hoehe":null,"NN_Sohle":0.0,"WK_NR":null,"URL_WKDB":null,"rwert":376349.0,"hwert":5801227.0},"geometry":{"type":"Point","coordinates":[7.184673,52.34738]}},
{"type":"Feature","properties":{"ID_con":672,"bw_id":"VEC_EIN_131260","name":"Einmündung Langefortgraben","GEW":"VEC","stat_von":131260.0,"bauart":"Rohrdurchlass mit Rechen","baujahr":null,"upflicht":"114","KTR":null,"FSK":"03422200800011______","bemerk":"Einlauf prüfen","beschreib":"Einmündung Langefortgraben","beschreib_lang":null,"foto1":"https://nlwkn.hannit-share.de/index.php/core/preview?fileId=11055131&x=1280&y=819&a=true","foto2":"https://nlwkn.hannit-share.de/index.php/core/preview?fileId=11055134&x=1280&y=819&a=true","foto3":"https://nlwkn.hannit-share.de/index.php/core/preview?fileId=11055137&x=1280&y=819&a=true","foto4":"https://nlwkn.hannit-share.de/index.php/core/preview?fileId=11055140&x=1280&y=819&a=true","link1":null,"link2":null,"denkmal":"Nein","akz":null,"WR":null,"Ein_GWZ":92863394,"Ein_GKZ":928633949,"Ein_Name":"Langefortgraben","Ein_ord":"2. Ordnung","Ein_WKID":null,"Ein_DN":null,"Breite":null,"Hoehe":null,"NN_Sohle":0.0,"WK_NR":null,"URL_WKDB":null,"rwert":376272.0,"hwert":5801015.0},"geometry":{"type":"Point","coordinates":[7.183621,52.345457]}},
{"type":"Feature","properties":{"ID_con":673,"bw_id":"VEC_EIN_131265","name":"Grabeneinmündung (Talgraben rechts)","GEW":"VEC","stat_von":131265.0,"bauart":"Kastendurchlass mit Schütz","baujahr":null,"upflicht":"??","KTR":null,"FSK":"03422200800030______","bemerk":"U-Pflicht, Sohllage, DN prüfen, Bauwerk abgängig","beschreib":"Grabeneinmündung (Talgraben rechts)","beschreib_lang":null,"foto1":"https://nlwkn.hannit-share.de/index.php/core/preview?fileId=11055143&x=1280&y=819&a=true","foto2":"https://nlwkn.hannit-share.de/index.php/core/preview?fileId=11055146&x=1280&y=819&a=true","foto3":"https://nlwkn.hannit-share.de/index.php/core/preview?fileId=11055149&x=1280&y=819&a=true","foto4":"https://nlwkn.hannit-share.de/index.php/core/preview?fileId=11055152&x=1280&y=819&a=true","link1":null,"link2":null,"denkmal":"Nein","akz":null,"WR":null,"Ein_GWZ":null,"Ein_GKZ":null,"Ein_Name":null,"Ein_ord":"3. Ordnung","Ein_WKID":null,"Ein_DN":null,"Breite":null,"Hoehe":null,"NN_Sohle":null,"WK_NR":null,"URL_WKDB":null,"rwert":376298.0,"hwert":5801018.0},"geometry":{"type":"Point","coordinates":[7.184002,52.34549]}},
{"type":"Feature","properties":{"ID_con":674,"bw_id":"VEC_EIN_131540","name":"Grabeneinmündung","GEW":"VEC","stat_von":131540.0,"bauart":"??Rohrdurchlass","baujahr":null,"upflicht":"??","KTR":null,"FSK":"03422200200009______","bemerk":"Einlauf prüfen (Brückenentwässerung?)","beschreib":"Grabeneinmündung","beschreib_lang":null,"foto1":null,"foto2":null,"foto3":null,"foto4":null,"link1":null,"link2":null,"denkmal":"Nein","akz":null,"WR":null,"Ein_GWZ":null,"Ein_GKZ":null,"Ein_Name":null,"Ein_ord":"3. Ordnung","Ein_WKID":null,"Ein_DN":null,"Breite":null,"Hoehe":null,"NN_Sohle":0.0,"WK_NR":null,"URL_WKDB":null,"rwert":376442.0,"hwert":5800796.0},"geometry":{"type":"Point","coordinates":[7.186196,52.343528]}},
{"type":"Feature","properties":{"ID_con":675,"bw_id":"VEC_EIN_132065","name":"Einmündung Wöbbelingsgraben","GEW":"VEC","stat_von":132065.0,"bauart":"Rohrdurchlass","baujahr":null,"upflicht":"Wasser- und Bodenverband Quendorf-Schüttorf","KTR":null,"FSK":"03422200200032______","bemerk":"Einlauf prüfen","beschreib":"Einmündung Wöbbelingsgraben","beschreib_lang":null,"foto1":"https://nlwkn.hannit-share.de/index.php/core/preview?fileId=11055155&x=1280&y=819&a=true","foto2":null,"foto3":null,"foto4":null,"link1":null,"link2":null,"denkmal":"Nein","akz":null,"WR":null,"Ein_GWZ":92863392,"Ein_GKZ":92863392,"Ein_Name":"Wöbbelingsgraben","Ein_ord":"3. Ordnung","Ein_WKID":null,"Ein_DN":null,"Breite":null,"Hoehe":null,"NN_Sohle":0.0,"WK_NR":null,"URL_WKDB":null,"rwert":376803.0,"hwert":5800424.0},"geometry":{"type":"Point","coordinates":[7.191629,52.340266]}},
{"type":"Feature","properties":{"ID_con":676,"bw_id":"VEC_EIN_133250","name":"Einmündung Schevegraben","GEW":"VEC","stat_von":133250.0,"bauart":"Freier Einlauf","baujahr":null,"upflicht":"114","KTR":null,"FSK":"034222002000840001__","bemerk":null,"beschreib":"Einmündung Schevegraben als freier Zulauf mit vorgelagerter Brücke über Kastendurchlass (evtl. zurückverlegte Rückstauklappe?)","beschreib_lang":"Einmündung Schevegraben als freier Zulauf mit vorgelagerter Brücke über Kastendurchlass (evtl. zurückverlegte Rückstauklappe?)","foto1":"https://nlwkn.hannit-share.de/index.php/core/preview?fileId=11055158&x=1280&y=819&a=true","foto2":null,"foto3":null,"foto4":null,"link1":null,"link2":null,"denkmal":"Nein","akz":null,"WR":null,"Ein_GWZ":9286334,"Ein_GKZ":9286334,"Ein_Name":"Schevegraben","Ein_ord":"3. Ordnung","Ein_WKID":null,"Ein_DN":null,"Breite":null,"Hoehe":null,"NN_Sohle":0.0,"WK_NR":null,"URL_WKDB":null,"rwert":377844.0,"hwert":5799996.0},"geometry":{"type":"Point","coordinates":[7.207057,52.336653]}},
{"type":"Feature","properties":{"ID_con":2202,"bw_id":"VEC_EIN_133435","name":"Grabeneinlauf","GEW":"VEC","stat_von":133435.0,"bauart":"Freier Zulauf","baujahr":null,"upflicht":null,"KTR":null,"FSK":"03422200200079______","bemerk":null,"beschreib":"Grabeneinlauf","beschreib_lang":null,"foto1":null,"foto2":null,"foto3":null,"foto4":null,"link1":null,"link2":null,"denkmal":"Nein","akz":null,"WR":null,"Ein_GWZ":null,"Ein_GKZ":null,"Ein_Name":null,"Ein_ord":"3. Ordnung","Ein_WKID":null,"Ein_DN":null,"Breite":null,"Hoehe":null,"NN_Sohle":null,"WK_NR":null,"URL_WKDB":null,"rwert":378129.0,"hwert":5799753.0},"geometry":{"type":"Point","coordinates":[7.211326,52.334533]}},
{"type":"Feature","properties":{"ID_con":677,"bw_id":"VEC_EIN_133740","name":"Grabeneinmündung","GEW":"VEC","stat_von":133740.0,"bauart":"??Rohrdurchlass","baujahr":null,"upflicht":"??","KTR":null,"FSK":"03422200200080______","bemerk":"Einlauf und U_Pflicht prüfen","beschreib":"Grabeneinmündung","beschreib_lang":null,"foto1":null,"foto2":null,"foto3":null,"foto4":null,"link1":null,"link2":null,"denkmal":"Nein","akz":null,"WR":null,"Ein_GWZ":null,"Ein_GKZ":null,"Ein_Name":null,"Ein_ord":"3. Ordnung","Ein_WKID":null,"Ein_DN":null,"Breite":null,"Hoehe":null,"NN_Sohle":0.0,"WK_NR":null,"URL_WKDB":null,"rwert":378156.0,"hwert":5799679.0},"geometry":{"type":"Point","coordinates":[7.211749,52.333874]}},
{"type":"Feature","properties":{"ID_con":678,"bw_id":"VEC_EIN_134485","name":"Auengewässer (Rohrdurchlass)","GEW":"VEC","stat_von":134485.0,"bauart":"Rohrdurchlass (PVC)","baujahr":null,"upflicht":"BUND?? Stadt Schüttorf??","KTR":null,"FSK":"034210002001550064__","bemerk":"?? hier ist keine Böschungs-/Sohlsicherung mit eingebaut worden, gibt es eine Genehmigung ??","beschreib":"Rohrdurchlass (PVC, DN 300) zum Auengewässer","beschreib_lang":null,"foto1":"https://nlwkn.hannit-share.de/index.php/core/preview?fileId=11055161&x=1280&y=819&a=true","foto2":"https://nlwkn.hannit-share.de/index.php/core/preview?fileId=11055164&x=1280&y=819&a=true","foto3":null,"foto4":null,"link1":null,"link2":null,"denkmal":"Nein","akz":null,"WR":null,"Ein_GWZ":null,"Ein_GKZ":null,"Ein_Name":null,"Ein_ord":"Sonstige","Ein_WKID":null,"Ein_DN":300,"Breite":null,"Hoehe":null,"NN_Sohle":0.0,"WK_NR":null,"URL_WKDB":null,"rwert":378719.0,"hwert":5799273.0},"geometry":{"type":"Point","coordinates":[7.220154,52.33035]}},
{"type":"Feature","properties":{"ID_con":679,"bw_id":"VEC_EIN_134820","name":"Einleitung  Kläranlage Schüttorf (Rohrdruchlass mit Rückstauklappe)","GEW":"VEC","stat_von":134820.0,"bauart":"Rohrdurchlass mit Rückstauklappe (Wasserrecht)","baujahr":null,"upflicht":"TAV Bad Bentheim, Schüttorf, Salzbergen u. Emsbüren","KTR":null,"FSK":"034210002002910004__","bemerk":"??Vertrag ergänzen?? ; ?? Pläne ??","beschreib":"Einleitung  Kläranlage Schüttorf über Rohrdruchlass mit Rückstauklappe","beschreib_lang":null,"foto1":"https://nlwkn.hannit-share.de/index.php/core/preview?fileId=11055167&x=1280&y=819&a=true","foto2":"https://nlwkn.hannit-share.de/index.php/core/preview?fileId=11055170&x=1280&y=819&a=true","foto3":null,"foto4":null,"link1":null,"link2":null,"denkmal":"Nein","akz":null,"WR":null,"Ein_GWZ":null,"Ein_GKZ":null,"Ein_Name":null,"Ein_ord":"Einleitung","Ein_WKID":null,"Ein_DN":null,"Breite":null,"Hoehe":null,"NN_Sohle":0.0,"WK_NR":null,"URL_WKDB":null,"rwert":378735.0,"hwert":5798972.0},"geometry":{"type":"Point","coordinates":[7.220497,52.327649]}},
{"type":"Feature","properties":{"ID_con":680,"bw_id":"VEC_EIN_134875","name":"Einleitung  Kläranlage Schüttorf (Rohrdruchlass mit Rückstauklappe)","GEW":"VEC","stat_von":134875.0,"bauart":"Rohrdurchlass mit Rückstauklappe (Wasserrecht)","baujahr":"2020??","upflicht":"TAV Bad BenTheim, Schüttorf, Salzbergen und Emsbüren","KTR":null,"FSK":"034210002002880020__","bemerk":"?? Vertrag ergänzen?? ; ??Wasserrecht: B-001 (aktiv, real) , Einleitung in OG - KA Schüttorf?? ; ?? Pläne??","beschreib":"Einleitung  Kläranlage Schüttorf (Rohrdruchlass mit Rückstauklappe)","beschreib_lang":null,"foto1":"https://nlwkn.hannit-share.de/index.php/core/preview?fileId=11055173&x=1280&y=819&a=true","foto2":"https://nlwkn.hannit-share.de/index.php/core/preview?fileId=11055176&x=1280&y=819&a=true","foto3":null,"foto4":null,"link1":null,"link2":null,"denkmal":"Nein","akz":null,"WR":"11/8577 (aktiv)","Ein_GWZ":null,"Ein_GKZ":null,"Ein_Name":null,"Ein_ord":"Einleitung","Ein_WKID":null,"Ein_DN":null,"Breite":null,"Hoehe":null,"NN_Sohle":0.0,"WK_NR":null,"URL_WKDB":null,"rwert":378767.0,"hwert":5798924.0},"geometry":{"type":"Point","coordinates":[7.220984,52.327224]}},
{"type":"Feature","properties":{"ID_con":2254,"bw_id":"VEC_EIN_134960","name":"Grabeneinlauf","GEW":"VEC","stat_von":134960.0,"bauart":"Rohrdurchlass??","baujahr":null,"upflicht":"Stadt Schüttorf??","KTR":null,"FSK":"034210002002910006__","bemerk":null,"beschreib":"Grabeneinlauf","beschreib_lang":null,"foto1":null,"foto2":null,"foto3":null,"foto4":null,"link1":null,"link2":null,"denkmal":"Nein","akz":null,"WR":null,"Ein_GWZ":null,"Ein_GKZ":null,"Ein_Name":null,"Ein_ord":"??Sonstige","Ein_WKID":null,"Ein_DN":0,"Breite":0,"Hoehe":0,"NN_Sohle":0.0,"WK_NR":null,"URL_WKDB":null,"rwert":378831.0,"hwert":5798873.0},"geometry":{"type":"Point","coordinates":[7.221941,52.32678]}},
{"type":"Feature","properties":{"ID_con":682,"bw_id":"VEC_EIN_135260","name":"Einleitung, Betr.W., H. Maschmeyer OHG, Schüttorf","GEW":"VEC","stat_von":135260.0,"bauart":"??Rohrdurchlass (Wasserrecht)","baujahr":null,"upflicht":"Heinrich Maschmeyer OHG","KTR":null,"FSK":"034210002002180002__","bemerk":"A-001 (aktiv, real) , Betr.W., H. Maschmeyer OHG, ","beschreib":"Einleitung, Betr.W., H. Maschmeyer OHG, Schüttorf","beschreib_lang":null,"foto1":null,"foto2":null,"foto3":null,"foto4":null,"link1":null,"link2":null,"denkmal":"Nein","akz":null,"WR":"11/12995 (aktiv)","Ein_GWZ":null,"Ein_GKZ":null,"Ein_Name":null,"Ein_ord":"Einleitung","Ein_WKID":null,"Ein_DN":null,"Breite":null,"Hoehe":null,"NN_Sohle":0.0,"WK_NR":null,"URL_WKDB":null,"rwert":379004.0,"hwert":5798623.0},"geometry":{"type":"Point","coordinates":[7.224568,52.324572]}},
{"type":"Feature","properties":{"ID_con":683,"bw_id":"VEC_EIN_135350","name":"Einleitung, Abwasser Punkt C, Gathmann & Gerdemann","GEW":"VEC","stat_von":135350.0,"bauart":"??Rohrdurchlass (Wasserrecht)","baujahr":null,"upflicht":"Gathmann & Gerdemann","KTR":null,"FSK":"034210002002340006__","bemerk":"B-001 (aktiv, real) , Punkt C, Gathmann & Gerdeman","beschreib":"Einleitung, Abwasser Punkt C, Gathmann & Gerdemann","beschreib_lang":null,"foto1":null,"foto2":null,"foto3":null,"foto4":null,"link1":null,"link2":null,"denkmal":"Nein","akz":null,"WR":"11/13286 (aktiv)","Ein_GWZ":null,"Ein_GKZ":null,"Ein_Name":null,"Ein_ord":"Einleitung","Ein_WKID":null,"Ein_DN":null,"Breite":null,"Hoehe":null,"NN_Sohle":0.0,"WK_NR":null,"URL_WKDB":null,"rwert":378827.0,"hwert":5798460.0},"geometry":{"type":"Point","coordinates":[7.222031,52.323068]}},
{"type":"Feature","properties":{"ID_con":684,"bw_id":"VEC_EIN_135370","name":"Einleitung, Abwasser Punkt D, Gathmann & Gerdemann","GEW":"VEC","stat_von":135370.0,"bauart":"??Rohrdurchlass (Wasserrecht)","baujahr":null,"upflicht":"Gathmann & Gerdemann","KTR":null,"FSK":"034210002002190011__","bemerk":"B-001 (aktiv, real) , Punkt D, Gathmann & Gerdeman","beschreib":"Einleitung, Abwasser Punkt D, Gathmann & Gerdemann","beschreib_lang":null,"foto1":null,"foto2":null,"foto3":null,"foto4":null,"link1":null,"link2":null,"denkmal":"Nein","akz":null,"WR":"11/13286 (aktiv)","Ein_GWZ":null,"Ein_GKZ":null,"Ein_Name":null,"Ein_ord":"Einleitung","Ein_WKID":null,"Ein_DN":null,"Breite":null,"Hoehe":null,"NN_Sohle":0.0,"WK_NR":null,"URL_WKDB":null,"rwert":379070.0,"hwert":5798540.0},"geometry":{"type":"Point","coordinates":[7.225566,52.323841]}},
{"type":"Feature","properties":{"ID_con":685,"bw_id":"VEC_EIN_135490","name":"Einlauf Regenwasserkanal","GEW":"VEC","stat_von":135490.0,"bauart":"Rohrdurchlass","baujahr":null,"upflicht":"Stadt Schüttorf","KTR":null,"FSK":"034210002002190011__","bemerk":null,"beschreib":"Einlauf Regenwasserkanal","beschreib_lang":null,"foto1":"https://nlwkn.hannit-share.de/index.php/core/preview?fileId=11055188&x=1280&y=819&a=true","foto2":"https://nlwkn.hannit-share.de/index.php/core/preview?fileId=11055191&x=1280&y=819&a=true","foto3":"https://nlwkn.hannit-share.de/index.php/core/preview?fileId=11055194&x=1280&y=819&a=true","foto4":null,"link1":null,"link2":null,"denkmal":"Nein","akz":null,"WR":null,"Ein_GWZ":null,"Ein_GKZ":null,"Ein_Name":null,"Ein_ord":"Sonstige","Ein_WKID":null,"Ein_DN":null,"Breite":null,"Hoehe":null,"NN_Sohle":0.0,"WK_NR":null,"URL_WKDB":null,"rwert":379129.0,"hwert":5798435.0},"geometry":{"type":"Point","coordinates":[7.226469,52.32291]}},
{"type":"Feature","properties":{"ID_con":686,"bw_id":"VEC_EIN_135505","name":"OW-Einleitung","GEW":"VEC","stat_von":135505.0,"bauart":"Rohrdurchlass mit Rückschlagklappe","baujahr":null,"upflicht":null,"KTR":null,"FSK":"034210007000340002__","bemerk":null,"beschreib":"OW-Einleitung","beschreib_lang":null,"foto1":"https://nlwkn.hannit-share.de/index.php/core/preview?fileId=11055197&x=1280&y=819&a=true","foto2":null,"foto3":null,"foto4":null,"link1":null,"link2":null,"denkmal":"Nein","akz":null,"WR":null,"Ein_GWZ":null,"Ein_GKZ":null,"Ein_Name":null,"Ein_ord":"Sonstige","Ein_WKID":null,"Ein_DN":null,"Breite":null,"Hoehe":null,"NN_Sohle":0.0,"WK_NR":null,"URL_WKDB":null,"rwert":379120.0,"hwert":5798405.0},"geometry":{"type":"Point","coordinates":[7.226348,52.322639]}},
{"type":"Feature","properties":{"ID_con":687,"bw_id":"VEC_EIN_135510","name":"Einlauf Regenwasserkanal (mit Rückstauklappe)","GEW":"VEC","stat_von":135510.0,"bauart":"Rohrdurchlass mit Rückschlagklappe","baujahr":null,"upflicht":"Stadt Schüttorf","KTR":null,"FSK":"034210007000330003__","bemerk":null,"beschreib":"Einlauf Regenwasserkanal (mit Rückstauklappe)","beschreib_lang":null,"foto1":"https://nlwkn.hannit-share.de/index.php/core/preview?fileId=11055200&x=1280&y=819&a=true","foto2":"https://nlwkn.hannit-share.de/index.php/core/preview?fileId=11055203&x=1280&y=819&a=true","foto3":null,"foto4":null,"link1":null,"link2":null,"denkmal":"Nein","akz":null,"WR":null,"Ein_GWZ":null,"Ein_GKZ":null,"Ein_Name":null,"Ein_ord":"Sonstige","Ein_WKID":null,"Ein_DN":null,"Breite":null,"Hoehe":null,"NN_Sohle":0.0,"WK_NR":null,"URL_WKDB":null,"rwert":379142.0,"hwert":5798417.0},"geometry":{"type":"Point","coordinates":[7.226666,52.322751]}},
{"type":"Feature","properties":{"ID_con":688,"bw_id":"VEC_EIN_135855","name":"Einmündung Vechte Nebenarm (Sandfang)","GEW":"VEC","stat_von":135855.0,"bauart":"Freie Einmündung","baujahr":null,"upflicht":"NLWKN","KTR":null,"FSK":"034210007000930004__","bemerk":"fehlt in hydrographischer Karte","beschreib":"Einmündung Vechte Nebenarm rechts","beschreib_lang":null,"foto1":null,"foto2":null,"foto3":null,"foto4":null,"link1":null,"link2":null,"denkmal":"Nein","akz":null,"WR":null,"Ein_GWZ":null,"Ein_GKZ":null,"Ein_Name":"Vechte Nebenaurm","Ein_ord":"2. Ordnung","Ein_WKID":null,"Ein_DN":null,"Breite":null,"Hoehe":null,"NN_Sohle":0.0,"WK_NR":null,"URL_WKDB":null,"rwert":379353.0,"hwert":5798156.0},"geometry":{"type":"Point","coordinates":[7.229854,52.320452]}},
{"type":"Feature","properties":{"ID_con":689,"bw_id":"VEC_EIN_135965","name":"Abzweig Alte Vechte","GEW":"VEC","stat_von":135965.0,"bauart":"??Rohrdurchlass","baujahr":null,"upflicht":"Stadt Schüttorf","KTR":null,"FSK":"034210007000930004__","bemerk":"Bauwerk prüfen","beschreib":"Abzweig Alte Vechte","beschreib_lang":null,"foto1":"https://nlwkn.hannit-share.de/index.php/core/preview?fileId=11055206&x=1280&y=819&a=true","foto2":"https://nlwkn.hannit-share.de/index.php/core/preview?fileId=11055209&x=1280&y=819&a=true","foto3":"https://nlwkn.hannit-share.de/index.php/core/preview?fileId=11055212&x=1280&y=819&a=true","foto4":null,"link1":null,"link2":null,"denkmal":"Nein","akz":null,"WR":null,"Ein_GWZ":92863334,"Ein_GKZ":92863334,"Ein_Name":"Alte Vechte","Ein_ord":"3. Ordnung","Ein_WKID":null,"Ein_DN":null,"Breite":null,"Hoehe":null,"NN_Sohle":0.0,"WK_NR":null,"URL_WKDB":null,"rwert":379442.0,"hwert":5798088.0},"geometry":{"type":"Point","coordinates":[7.231184,52.319861]}},
{"type":"Feature","properties":{"ID_con":690,"bw_id":"VEC_EIN_136285","name":"Einmündung Samerottbecke","GEW":"VEC","stat_von":136285.0,"bauart":"Freie Einmündung","baujahr":null,"upflicht":"114","KTR":null,"FSK":"03421201900153______","bemerk":"Samerottbecke mündet über den Sandfang Schüttorf","beschreib":"Einmündung Samerottbecke","beschreib_lang":null,"foto1":null,"foto2":null,"foto3":null,"foto4":null,"link1":null,"link2":null,"denkmal":"Nein","akz":null,"WR":null,"Ein_GWZ":9286332,"Ein_GKZ":92863329,"Ein_Name":"Samerottbecke","Ein_ord":"2. Ordnung","Ein_WKID":32006,"Ein_DN":null,"Breite":null,"Hoehe":null,"NN_Sohle":null,"WK_NR":32006,"URL_WKDB":" ","rwert":379603.0,"hwert":5797832.0},"geometry":{"type":"Point","coordinates":[7.233636,52.317596]}},
{"type":"Feature","properties":{"ID_con":691,"bw_id":"VEC_EIN_136340","name":"Einmündung Graben??","GEW":"VEC","stat_von":136340.0,"bauart":"Kastendurchlass??","baujahr":null,"upflicht":"??","KTR":null,"FSK":"034210007000940008__","bemerk":"Einlauf und U_Pflicht prüfen","beschreib":"Einmündung Graben??","beschreib_lang":null,"foto1":null,"foto2":null,"foto3":null,"foto4":null,"link1":null,"link2":null,"denkmal":"Nein","akz":null,"WR":null,"Ein_GWZ":null,"Ein_GKZ":null,"Ein_Name":null,"Ein_ord":"3. Ordnung","Ein_WKID":null,"Ein_DN":null,"Breite":null,"Hoehe":null,"NN_Sohle":0.0,"WK_NR":null,"URL_WKDB":null,"rwert":379640.0,"hwert":5797782.0},"geometry":{"type":"Point","coordinates":[7.234197,52.317154]}},
{"type":"Feature","properties":{"ID_con":693,"bw_id":"VEC_EIN_137290","name":"Einmündung Landwehrgraben","GEW":"VEC","stat_von":137290.0,"bauart":"??Rohrdurchlass","baujahr":null,"upflicht":"??","KTR":null,"FSK":"03421201900160______","bemerk":"Einlauf und U_Pflicht prüfen","beschreib":"Einmündung Landwehrgraben","beschreib_lang":null,"foto1":null,"foto2":null,"foto3":null,"foto4":null,"link1":null,"link2":null,"denkmal":"Nein","akz":null,"WR":null,"Ein_GWZ":92863312,"Ein_GKZ":92863312,"Ein_Name":"Landwehrgraben","Ein_ord":"3. Ordnung","Ein_WKID":null,"Ein_DN":null,"Breite":null,"Hoehe":null,"NN_Sohle":0.0,"WK_NR":null,"URL_WKDB":null,"rwert":379518.0,"hwert":5796960.0},"geometry":{"type":"Point","coordinates":[7.232702,52.309741]}},
{"type":"Feature","properties":{"ID_con":694,"bw_id":"VEC_EIN_137870","name":"Einmündung Eileringsbecke","GEW":"VEC","stat_von":137870.0,"bauart":"Freie Einmündung","baujahr":null,"upflicht":"114 (Wasser- und Bodenverband zur Unterhaltung derVechte von Ohne bis Schüttorf in Samern) Nr. 97","KTR":null,"FSK":"03421201900136______","bemerk":"Eileringsbecke Wasserkörper 32005","beschreib":"Freie Einmündung der Eileringsbecke (WK 32005).","beschreib_lang":"Freie Einmündung der Eileringsbecke (WK 32005).","foto1":null,"foto2":null,"foto3":null,"foto4":null,"link1":null,"link2":null,"denkmal":"Nein","akz":null,"WR":null,"Ein_GWZ":928632,"Ein_GKZ":92863299,"Ein_Name":"Eileringsbecke","Ein_ord":"2. Ordnung","Ein_WKID":32005,"Ein_DN":null,"Breite":null,"Hoehe":null,"NN_Sohle":0.0,"WK_NR":32005,"URL_WKDB":"https://www.umweltkarten-niedersachsen.de/Download_OE/WRRL/WKDB_HE/32005_Eileringsbecke.pdf","rwert":379517.0,"hwert":5796376.0},"geometry":{"type":"Point","coordinates":[7.232897,52.304493]}},
{"type":"Feature","properties":{"ID_con":695,"bw_id":"VEC_EIN_138155","name":"Einmündung Talgraben","GEW":"VEC","stat_von":138155.0,"bauart":"??Rohrdurchlass","baujahr":null,"upflicht":"114 ( Wasser- und Bodenverband zur Unterhaltung derVechte von Ohne bis Schüttorf in Samern) (Nr. 97)","KTR":null,"FSK":"03421201900136______","bemerk":"Einlauf prüfen","beschreib":"Einmündung Talgraben","beschreib_lang":null,"foto1":null,"foto2":null,"foto3":null,"foto4":null,"link1":null,"link2":null,"denkmal":"Nein","akz":null,"WR":null,"Ein_GWZ":92863192,"Ein_GKZ":92863192,"Ein_Name":"Talgraben","Ein_ord":"2. Ordnung","Ein_WKID":null,"Ein_DN":null,"Breite":null,"Hoehe":null,"NN_Sohle":0.0,"WK_NR":null,"URL_WKDB":null,"rwert":379747.0,"hwert":5796221.0},"geometry":{"type":"Point","coordinates":[7.236324,52.30315]}},
{"type":"Feature","properties":{"ID_con":696,"bw_id":"VEC_EIN_138600","name":"Auslauf Schlitzpass Wehr Samern","GEW":"VEC","stat_von":138600.0,"bauart":"Freier Auslauf","baujahr":null,"upflicht":"NLWKN","KTR":null,"FSK":"03421201800299______","bemerk":null,"beschreib":"Auslauf Schlitzpass Samern","beschreib_lang":null,"foto1":"https://nlwkn.hannit-share.de/index.php/core/preview?fileId=11055215&x=1280&y=819&a=true","foto2":"https://nlwkn.hannit-share.de/index.php/core/preview?fileId=11055218&x=1280&y=819&a=true","foto3":"https://nlwkn.hannit-share.de/index.php/core/preview?fileId=11055221&x=1280&y=819&a=true","foto4":"https://nlwkn.hannit-share.de/index.php/core/preview?fileId=11055224&x=1280&y=819&a=true","link1":null,"link2":null,"denkmal":"Nein","akz":null,"WR":null,"Ein_GWZ":null,"Ein_GKZ":null,"Ein_Name":"Beckenfischpass","Ein_ord":"Sonstige","Ein_WKID":null,"Ein_DN":null,"Breite":null,"Hoehe":null,"NN_Sohle":0.0,"WK_NR":null,"URL_WKDB":null,"rwert":380161.0,"hwert":5796058.0},"geometry":{"type":"Point","coordinates":[7.24245,52.301776]}},
{"type":"Feature","properties":{"ID_con":2213,"bw_id":"VEC_EIN_138645","name":"Rohreinlauf Vechtewehr Samern","GEW":"VEC","stat_von":138645.0,"bauart":"Rohreinlauf","baujahr":null,"upflicht":"??","KTR":null,"FSK":"03421201800299______","bemerk":"Unterhaltungspflicht klären","beschreib":"Rohreinlauf Vechtewehr Samern","beschreib_lang":null,"foto1":"https://nlwkn.hannit-share.de/index.php/core/preview?fileId=11055227&x=1280&y=819&a=true","foto2":"https://nlwkn.hannit-share.de/index.php/core/preview?fileId=11055230&x=1280&y=819&a=true","foto3":"https://nlwkn.hannit-share.de/index.php/core/preview?fileId=11055233&x=1280&y=819&a=true","foto4":"https://nlwkn.hannit-share.de/index.php/core/preview?fileId=11055236&x=1280&y=819&a=true","link1":null,"link2":null,"denkmal":"Nein","akz":null,"WR":null,"Ein_GWZ":null,"Ein_GKZ":null,"Ein_Name":null,"Ein_ord":"Sonstige","Ein_WKID":null,"Ein_DN":0,"Breite":null,"Hoehe":null,"NN_Sohle":0.0,"WK_NR":null,"URL_WKDB":null,"rwert":380189.0,"hwert":5796024.0},"geometry":{"type":"Point","coordinates":[7.242873,52.301477]}},
{"type":"Feature","properties":{"ID_con":697,"bw_id":"VEC_EIN_138655","name":"Einlauf Schlitzpass Wehr Samern","GEW":"VEC","stat_von":138655.0,"bauart":"Freier Einlauf","baujahr":null,"upflicht":"NLWKN","KTR":null,"FSK":"03421201800299______","bemerk":null,"beschreib":"Einlauf Schlitzpass Samern","beschreib_lang":null,"foto1":"https://nlwkn.hannit-share.de/index.php/core/preview?fileId=11055239&x=1280&y=819&a=true","foto2":"https://nlwkn.hannit-share.de/index.php/core/preview?fileId=11055242&x=1280&y=819&a=true","foto3":null,"foto4":null,"link1":null,"link2":null,"denkmal":"Nein","akz":null,"WR":null,"Ein_GWZ":null,"Ein_GKZ":null,"Ein_Name":"Beckenfischpass","Ein_ord":"Sonstige","Ein_WKID":null,"Ein_DN":null,"Breite":null,"Hoehe":null,"NN_Sohle":0.0,"WK_NR":null,"URL_WKDB":null,"rwert":380203.0,"hwert":5796029.0},"geometry":{"type":"Point","coordinates":[7.243076,52.301525]}},
{"type":"Feature","properties":{"ID_con":698,"bw_id":"VEC_EIN_139045","name":"Einleitung, Nr.64, km 150+323, A31","GEW":"VEC","stat_von":139045.0,"bauart":"Rohrauslauf links (PVC)","baujahr":null,"upflicht":"Straßenbauamt Osnabrück","KTR":null,"FSK":"03421201800281______","bemerk":"B-027 (aktiv, real) , Einl.,Nr.64, km 150+323, A31","beschreib":"Einleitung, Nr.64, km 150+323, A31","beschreib_lang":null,"foto1":"https://nlwkn.hannit-share.de/index.php/core/preview?fileId=11055245&x=1280&y=819&a=true","foto2":"https://nlwkn.hannit-share.de/index.php/core/preview?fileId=11055248&x=1280&y=819&a=true","foto3":null,"foto4":null,"link1":null,"link2":null,"denkmal":"Nein","akz":null,"WR":"11/13456 (aktiv)","Ein_GWZ":null,"Ein_GKZ":null,"Ein_Name":null,"Ein_ord":"Einleitung","Ein_WKID":null,"Ein_DN":null,"Breite":null,"Hoehe":null,"NN_Sohle":0.0,"WK_NR":null,"URL_WKDB":null,"rwert":380445.0,"hwert":5795732.0},"geometry":{"type":"Point","coordinates":[7.246729,52.298908]}},
{"type":"Feature","properties":{"ID_con":699,"bw_id":"VEC_EIN_139840","name":"Grabeneinmündung (rechts)","GEW":"VEC","stat_von":139840.0,"bauart":"Rohrdurchlass (mit Überfahrt)","baujahr":null,"upflicht":"??","KTR":null,"FSK":"03421201800220______","bemerk":"Einlauf und U_Pflicht prüfen","beschreib":"Grabeneinmündung (rechts)","beschreib_lang":null,"foto1":"https://nlwkn.hannit-share.de/index.php/core/preview?fileId=11055251&x=1280&y=819&a=true","foto2":"https://nlwkn.hannit-share.de/index.php/core/preview?fileId=11055254&x=1280&y=819&a=true","foto3":null,"foto4":null,"link1":null,"link2":null,"denkmal":"Nein","akz":null,"WR":null,"Ein_GWZ":null,"Ein_GKZ":null,"Ein_Name":null,"Ein_ord":"3. Ordnung","Ein_WKID":null,"Ein_DN":null,"Breite":null,"Hoehe":null,"NN_Sohle":null,"WK_NR":null,"URL_WKDB":null,"rwert":381057.0,"hwert":5795242.0},"geometry":{"type":"Point","coordinates":[7.255873,52.294638]}},
{"type":"Feature","properties":{"ID_con":700,"bw_id":"VEC_EIN_139860","name":"Einmündung Junkergraben","GEW":"VEC","stat_von":139860.0,"bauart":"Rohrdurchlass mit Überfahrt","baujahr":null,"upflicht":"114","KTR":null,"FSK":"034212012000410019__","bemerk":"Sohllage ermitteln (Siehe auch Wasserstand bei Aufnahmedatum)","beschreib":"Einmündung Junkergraben","beschreib_lang":null,"foto1":"https://nlwkn.hannit-share.de/index.php/core/preview?fileId=11055257&x=1280&y=819&a=true","foto2":"https://nlwkn.hannit-share.de/index.php/core/preview?fileId=11055260&x=1280&y=819&a=true","foto3":"https://nlwkn.hannit-share.de/index.php/core/preview?fileId=11055263&x=1280&y=819&a=true","foto4":"https://nlwkn.hannit-share.de/index.php/core/preview?fileId=11055266&x=1280&y=819&a=true","link1":"https://nlwkn.hannit-share.de/index.php/core/preview?fileId=11055269&x=1280&y=819&a=true","link2":null,"denkmal":"Nein","akz":null,"WR":null,"Ein_GWZ":9286318,"Ein_GKZ":9286318,"Ein_Name":"Junckergraben","Ein_ord":"2. Ordnung","Ein_WKID":null,"Ein_DN":null,"Breite":null,"Hoehe":null,"NN_Sohle":0.0,"WK_NR":null,"URL_WKDB":null,"rwert":381035.0,"hwert":5795210.0},"geometry":{"type":"Point","coordinates":[7.255561,52.294346]}},
{"type":"Feature","properties":{"ID_con":701,"bw_id":"VEC_EIN_141175","name":"Einmündung Hespinkgraben","GEW":"VEC","stat_von":141175.0,"bauart":"Rohrdurchlass mit Überfahrt","baujahr":null,"upflicht":"114 (Wasser- und Bodenverband zur Unterhaltung derVechte von Ohne bis Schüttorf in Samern)","KTR":null,"FSK":"03421201100169______","bemerk":"Einlauf und U_Pflicht prüfen","beschreib":"Einmündung Hespinkgraben","beschreib_lang":null,"foto1":"https://nlwkn.hannit-share.de/index.php/core/preview?fileId=11055272&x=1280&y=819&a=true","foto2":"https://nlwkn.hannit-share.de/index.php/core/preview?fileId=11055275&x=1280&y=819&a=true","foto3":"https://nlwkn.hannit-share.de/index.php/core/preview?fileId=11055278&x=1280&y=819&a=true","foto4":"https://nlwkn.hannit-share.de/index.php/core/preview?fileId=11055281&x=1280&y=819&a=true","link1":null,"link2":null,"denkmal":"Nein","akz":null,"WR":null,"Ein_GWZ":9286316,"Ein_GKZ":9286316,"Ein_Name":"Hespinkgraben","Ein_ord":"3. Ordnung","Ein_WKID":null,"Ein_DN":null,"Breite":null,"Hoehe":null,"NN_Sohle":0.0,"WK_NR":null,"URL_WKDB":null,"rwert":381953.0,"hwert":5794459.0},"geometry":{"type":"Point","coordinates":[7.269279,52.287795]}},
{"type":"Feature","properties":{"ID_con":702,"bw_id":"VEC_EIN_141540","name":"Grabeneinmündung (Rohrdurchlass mit Schütz)","GEW":"VEC","stat_von":141540.0,"bauart":"Rohrdurchlass mit Schütz (landseitig)","baujahr":null,"upflicht":"??","KTR":null,"FSK":"03421201100187______","bemerk":"Einlauf und U_Pflicht prüfen","beschreib":"Grabeneinmündung (Rohrdurchlass mit Schütz)","beschreib_lang":null,"foto1":"https://nlwkn.hannit-share.de/index.php/core/preview?fileId=11055284&x=1280&y=819&a=true","foto2":"https://nlwkn.hannit-share.de/index.php/core/preview?fileId=11055287&x=1280&y=819&a=true","foto3":"https://nlwkn.hannit-share.de/index.php/core/preview?fileId=11061905&x=1280&y=819&a=true","foto4":null,"link1":null,"link2":null,"denkmal":"Nein","akz":null,"WR":null,"Ein_GWZ":null,"Ein_GKZ":null,"Ein_Name":null,"Ein_ord":"3. Ordnung","Ein_WKID":null,"Ein_DN":null,"Breite":null,"Hoehe":null,"NN_Sohle":0.0,"WK_NR":null,"URL_WKDB":null,"rwert":382124.0,"hwert":5794133.0},"geometry":{"type":"Point","coordinates":[7.271899,52.284902]}},
{"type":"Feature","properties":{"ID_con":703,"bw_id":"VEC_EIN_141700","name":"Grabeneinmündung","GEW":"VEC","stat_von":141700.0,"bauart":"Rohrdurchlass","baujahr":null,"upflicht":"??","KTR":null,"FSK":"034213001001610004__","bemerk":"U-Pflicht prüfen","beschreib":"Grabeneinmündung","beschreib_lang":null,"foto1":"https://nlwkn.hannit-share.de/index.php/core/preview?fileId=11055293&x=1280&y=819&a=true","foto2":"https://nlwkn.hannit-share.de/index.php/core/preview?fileId=11055296&x=1280&y=819&a=true","foto3":"https://nlwkn.hannit-share.de/index.php/core/preview?fileId=11061914&x=1280&y=819&a=true","foto4":null,"link1":null,"link2":null,"denkmal":"Nein","akz":null,"WR":null,"Ein_GWZ":null,"Ein_GKZ":null,"Ein_Name":null,"Ein_ord":"3. Ordnung","Ein_WKID":null,"Ein_DN":200,"Breite":null,"Hoehe":null,"NN_Sohle":null,"WK_NR":null,"URL_WKDB":null,"rwert":382253.0,"hwert":5794036.0},"geometry":{"type":"Point","coordinates":[7.273823,52.284058]}},
{"type":"Feature","properties":{"ID_con":704,"bw_id":"VEC_EIN_142135","name":"Einmündung Graben (Kastendurchlass)","GEW":"VEC","stat_von":142135.0,"bauart":"Kastendurchlass","baujahr":null,"upflicht":"??","KTR":null,"FSK":"034213001001600006__","bemerk":"U_Pflicht prüfen, der Kastendurchlass ist abgängig und hinterspült, sollte entfernt werden","beschreib":"Einmündung Graben (Kastendurchlass)","beschreib_lang":null,"foto1":"https://nlwkn.hannit-share.de/index.php/core/preview?fileId=11055302&x=1280&y=819&a=true","foto2":"https://nlwkn.hannit-share.de/index.php/core/preview?fileId=11055305&x=1280&y=819&a=true","foto3":"https://nlwkn.hannit-share.de/index.php/core/preview?fileId=11060723&x=1280&y=819&a=true","foto4":"https://nlwkn.hannit-share.de/index.php/core/preview?fileId=11055311&x=1280&y=819&a=true","link1":null,"link2":null,"denkmal":"Nein","akz":null,"WR":null,"Ein_GWZ":null,"Ein_GKZ":null,"Ein_Name":null,"Ein_ord":"3. Ordnung","Ein_WKID":null,"Ein_DN":null,"Breite":null,"Hoehe":null,"NN_Sohle":null,"WK_NR":null,"URL_WKDB":null,"rwert":382467.0,"hwert":5793699.0},"geometry":{"type":"Point","coordinates":[7.277076,52.281075]}},
{"type":"Feature","properties":{"ID_con":705,"bw_id":"VEC_EIN_142340","name":"Einmündung Schneemanngraben","GEW":"VEC","stat_von":142340.0,"bauart":"Freie Einmündung","baujahr":null,"upflicht":"114","KTR":null,"FSK":"034213001001410005__","bemerk":"keine Querungsmöglichkeit","beschreib":"Einmündung Schneemanngraben","beschreib_lang":null,"foto1":"https://nlwkn.hannit-share.de/index.php/core/preview?fileId=11055314&x=1280&y=819&a=true","foto2":"https://nlwkn.hannit-share.de/index.php/core/preview?fileId=11055317&x=1280&y=819&a=true","foto3":"https://nlwkn.hannit-share.de/index.php/core/preview?fileId=11059022&x=1280&y=819&a=true","foto4":"https://nlwkn.hannit-share.de/index.php/core/preview?fileId=11055323&x=1280&y=819&a=true","link1":"https://nlwkn.hannit-share.de/index.php/core/preview?fileId=11055326&x=1280&y=819&a=true","link2":null,"denkmal":"Nein","akz":null,"WR":null,"Ein_GWZ":9286314,"Ein_GKZ":9286314,"Ein_Name":"Schneemanngraben","Ein_ord":"2. Ordnung","Ein_WKID":null,"Ein_DN":null,"Breite":null,"Hoehe":null,"NN_Sohle":null,"WK_NR":null,"URL_WKDB":null,"rwert":382575.0,"hwert":5793525.0},"geometry":{"type":"Point","coordinates":[7.278719,52.279535]}},
{"type":"Feature","properties":{"ID_con":706,"bw_id":"VEC_EIN_143015","name":"Rohreinlauf links (über MW)","GEW":"VEC","stat_von":143015.0,"bauart":"Rohreinlauf","baujahr":null,"upflicht":"??","KTR":null,"FSK":"034213001001600006__","bemerk":"Einlauf und U_Pflicht prüfen","beschreib":"Rohreinlauf links (über MW)","beschreib_lang":null,"foto1":"https://nlwkn.hannit-share.de/index.php/core/preview?fileId=11055329&x=1280&y=819&a=true","foto2":"https://nlwkn.hannit-share.de/index.php/core/preview?fileId=11055332&x=1280&y=819&a=true","foto3":"https://nlwkn.hannit-share.de/index.php/core/preview?fileId=11059337&x=1280&y=819&a=true","foto4":null,"link1":null,"link2":null,"denkmal":"Nein","akz":null,"WR":null,"Ein_GWZ":null,"Ein_GKZ":null,"Ein_Name":null,"Ein_ord":"Sonstige","Ein_WKID":null,"Ein_DN":null,"Breite":null,"Hoehe":null,"NN_Sohle":0.0,"WK_NR":null,"URL_WKDB":null,"rwert":382721.0,"hwert":5792955.0},"geometry":{"type":"Point","coordinates":[7.281057,52.274444]}},
{"type":"Feature","properties":{"ID_con":707,"bw_id":"VEC_EIN_143085","name":"Einmündung Ohner Becke","GEW":"VEC","stat_von":143085.0,"bauart":"Freie Einmündung","baujahr":null,"upflicht":"114","KTR":null,"FSK":"034213001001580002__","bemerk":"Einlauf prüfen","beschreib":"Einmündung Ohner Becke","beschreib_lang":null,"foto1":"https://nlwkn.hannit-share.de/index.php/core/preview?fileId=11055338&x=1280&y=819&a=true","foto2":"https://nlwkn.hannit-share.de/index.php/core/preview?fileId=11055341&x=1280&y=819&a=true","foto3":null,"foto4":null,"link1":null,"link2":null,"denkmal":"Nein","akz":null,"WR":null,"Ein_GWZ":9286312,"Ein_GKZ":9286312,"Ein_Name":"Ohner Becke","Ein_ord":"2. Ordnung","Ein_WKID":null,"Ein_DN":null,"Breite":null,"Hoehe":null,"NN_Sohle":0.0,"WK_NR":null,"URL_WKDB":null,"rwert":382770.0,"hwert":5792901.0},"geometry":{"type":"Point","coordinates":[7.281793,52.273969]}},
{"type":"Feature","properties":{"ID_con":708,"bw_id":"VEC_EIN_143190","name":"Rohreinlauf","GEW":"VEC","stat_von":143190.0,"bauart":"Rohreinlauf","baujahr":null,"upflicht":"??","KTR":null,"FSK":"034213003001000056__","bemerk":"!!U-Pflicht ??!!","beschreib":"Rohreinlauf","beschreib_lang":null,"foto1":"https://nlwkn.hannit-share.de/index.php/core/preview?fileId=11055344&x=1280&y=819&a=true","foto2":null,"foto3":null,"foto4":null,"link1":null,"link2":null,"denkmal":"Nein","akz":null,"WR":null,"Ein_GWZ":null,"Ein_GKZ":null,"Ein_Name":null,"Ein_ord":"Sonstige","Ein_WKID":null,"Ein_DN":300,"Breite":null,"Hoehe":null,"NN_Sohle":34.96,"WK_NR":null,"URL_WKDB":null,"rwert":382853.0,"hwert":5792842.0},"geometry":{"type":"Point","coordinates":[7.28303,52.273456]}},
{"type":"Feature","properties":{"ID_con":709,"bw_id":"VEC_EIN_143275","name":"Einmündung Graben","GEW":"VEC","stat_von":143275.0,"bauart":"Rohrdurchlass","baujahr":null,"upflicht":"?? LK","KTR":null,"FSK":"034213003001000052__","bemerk":"DN prüfen und Sohlhöhe U_pflicht prüfen","beschreib":"Einmündung Graben","beschreib_lang":null,"foto1":"https://nlwkn.hannit-share.de/index.php/core/preview?fileId=11055347&x=1280&y=819&a=true","foto2":"https://nlwkn.hannit-share.de/index.php/core/preview?fileId=11055350&x=1280&y=819&a=true","foto3":"https://nlwkn.hannit-share.de/index.php/core/preview?fileId=11059346&x=1280&y=819&a=true","foto4":"https://nlwkn.hannit-share.de/index.php/core/preview?fileId=11055356&x=1280&y=819&a=true","link1":null,"link2":null,"denkmal":"Nein","akz":null,"WR":null,"Ein_GWZ":null,"Ein_GKZ":null,"Ein_Name":null,"Ein_ord":"3. Ordnung","Ein_WKID":null,"Ein_DN":500,"Breite":null,"Hoehe":null,"NN_Sohle":1.3,"WK_NR":null,"URL_WKDB":null,"rwert":382941.0,"hwert":5792812.0},"geometry":{"type":"Point","coordinates":[7.284329,52.273205]}},
{"type":"Feature","properties":{"ID_con":710,"bw_id":"VEC_EIN_143480","name":"Einmündung Ohner Mühlenbach","GEW":"VEC","stat_von":143480.0,"bauart":"Rohrdurchlass (mit Überfahrt)","baujahr":null,"upflicht":"114 (ID 97)","KTR":null,"FSK":"034213003001000058__","bemerk":"DN prüfen (umbauen in Furt??)","beschreib":"Einmündung Ohner Mühlenbach","beschreib_lang":null,"foto1":"https://nlwkn.hannit-share.de/index.php/core/preview?fileId=11055359&x=1280&y=819&a=true","foto2":"https://nlwkn.hannit-share.de/index.php/core/preview?fileId=11055362&x=1280&y=819&a=true","foto3":"https://nlwkn.hannit-share.de/index.php/core/preview?fileId=11059358&x=1280&y=819&a=true","foto4":null,"link1":null,"link2":null,"denkmal":"Nein","akz":null,"WR":null,"Ein_GWZ":92863118,"Ein_GKZ":92863118,"Ein_Name":"Ohner Mühlenbach","Ein_ord":"2. Ordnung","Ein_WKID":null,"Ein_DN":500,"Breite":null,"Hoehe":null,"NN_Sohle":1.0,"WK_NR":null,"URL_WKDB":null,"rwert":383117.0,"hwert":5792709.0},"geometry":{"type":"Point","coordinates":[7.286943,52.272317]}},
{"type":"Feature","properties":{"ID_con":711,"bw_id":"VEC_EIN_143540","name":"Einmündung Graben Oeding-Erdel","GEW":"VEC","stat_von":143540.0,"bauart":"Rohrdurchlass mit Überfahrt","baujahr":null,"upflicht":"(ID 97) Wasser- Und Bodenverband Zur Unterhaltung Der Vechte von Ohne Bis Schüttorf","KTR":null,"FSK":"034213003000970007__","bemerk":"Einlauf und U_Pflicht prüfen","beschreib":"Einmündung Graben Oeding-Erdel","beschreib_lang":null,"foto1":"https://nlwkn.hannit-share.de/index.php/core/preview?fileId=11055368&x=1280&y=819&a=true","foto2":"https://nlwkn.hannit-share.de/index.php/core/preview?fileId=11055371&x=1280&y=819&a=true","foto3":null,"foto4":null,"link1":null,"link2":null,"denkmal":"Nein","akz":null,"WR":null,"Ein_GWZ":null,"Ein_GKZ":null,"Ein_Name":null,"Ein_ord":"3. Ordnung","Ein_WKID":null,"Ein_DN":null,"Breite":null,"Hoehe":null,"NN_Sohle":0.0,"WK_NR":null,"URL_WKDB":null,"rwert":383157.0,"hwert":5792656.0},"geometry":{"type":"Point","coordinates":[7.287547,52.27185]}},
{"type":"Feature","properties":{"ID_con":712,"bw_id":"VEC_EIN_144210","name":"Einmündung Graben???","GEW":"VEC","stat_von":144210.0,"bauart":"??Rohrdurchlass","baujahr":null,"upflicht":"??","KTR":null,"FSK":"034213003000910012__","bemerk":"Einlauf und U_Pflicht prüfen","beschreib":"Einmündung Graben???","beschreib_lang":null,"foto1":"https://nlwkn.hannit-share.de/index.php/core/preview?fileId=11055374&x=1280&y=819&a=true","foto2":"https://nlwkn.hannit-share.de/index.php/core/preview?fileId=11055377&x=1280&y=819&a=true","foto3":null,"foto4":null,"link1":null,"link2":null,"denkmal":"Nein","akz":null,"WR":null,"Ein_GWZ":null,"Ein_GKZ":null,"Ein_Name":null,"Ein_ord":"3. Ordnung","Ein_WKID":null,"Ein_DN":null,"Breite":null,"Hoehe":null,"NN_Sohle":0.0,"WK_NR":null,"URL_WKDB":null,"rwert":383405.0,"hwert":5792079.0},"geometry":{"type":"Point","coordinates":[7.29138,52.266717]}},
{"type":"Feature","properties":{"ID_con":713,"bw_id":"VEC_EIN_144230","name":"Einmündung Graben","GEW":"VEC","stat_von":144230.0,"bauart":"Kastendurchlass","baujahr":null,"upflicht":"??","KTR":null,"FSK":"034213003000910012__","bemerk":"DN und Sohlhöhe und upflicht prüfen (kommt für Umbau in Furt in Frage)","beschreib":"Einmündung Graben","beschreib_lang":null,"foto1":"https://nlwkn.hannit-share.de/index.php/core/preview?fileId=11055380&x=1280&y=819&a=true","foto2":"https://nlwkn.hannit-share.de/index.php/core/preview?fileId=11055383&x=1280&y=819&a=true","foto3":"https://nlwkn.hannit-share.de/index.php/core/preview?fileId=11059034&x=1280&y=819&a=true","foto4":"https://nlwkn.hannit-share.de/index.php/core/preview?fileId=11055389&x=1280&y=819&a=true","link1":null,"link2":null,"denkmal":"Nein","akz":null,"WR":null,"Ein_GWZ":null,"Ein_GKZ":null,"Ein_Name":null,"Ein_ord":"3. Ordnung","Ein_WKID":null,"Ein_DN":500,"Breite":null,"Hoehe":null,"NN_Sohle":1.3,"WK_NR":null,"URL_WKDB":null,"rwert":383434.0,"hwert":5792072.0},"geometry":{"type":"Point","coordinates":[7.291807,52.26666]}}
]
}
