{
"type": "FeatureCollection",
"name": "exp_bw_son_pun",
"crs": { "type": "name", "properties": { "name": "urn:ogc:def:crs:EPSG::3857" } },
"xy_coordinate_resolution": 1e-15,
"features": [
{"type":"Feature","properties":{"ID_con":2043,"bw_id":"DIN_SON_50","name":"Kunstobjekt Mündung Dinkel","GEW":"DIN","stat_von":50,"bauart":"Kunst","baujahr":null,"upflicht":"Samtgemeinde Neuenhaus??","KTR":null,"FSK":"033147019001110023__","bemerk":null,"beschreib":"Kunstobjekt im Mündungungsbereich der  Dinkel zur Vechte","beschreib_lang":null,"foto1":"https://nlwkn.hannit-share.de/index.php/core/preview?fileId=11057993&x=1280&y=819&a=true","foto2":"https://nlwkn.hannit-share.de/index.php/core/preview?fileId=11068291&x=1280&y=819&a=true","foto3":"https://nlwkn.hannit-share.de/index.php/core/preview?fileId=11068294&x=1280&y=819&a=true","foto4":null,"link1":null,"link2":null,"denkmal":"Nein","AIS_NR":null,"Nr_WR":null,"rwert":361786,"hwert":5819406.0},"geometry":{"type":"Point","coordinates":[775172.714967384934425,6892364.759796305559576]}},
{"type":"Feature","properties":{"ID_con":2047,"bw_id":"DIN_SON_170","name":"Böschungstreppe oh Brücke","GEW":"DIN","stat_von":170,"bauart":"Böschungstreppe","baujahr":null,"upflicht":"NLSTBV","KTR":null,"FSK":"033147001000010048__","bemerk":null,"beschreib":"Böschungstreppe oh Brücke","beschreib_lang":null,"foto1":"https://nlwkn.hannit-share.de/index.php/core/preview?fileId=11068288&x=1280&y=819&a=true","foto2":"https://nlwkn.hannit-share.de/index.php/core/preview?fileId=11068081&x=1280&y=819&a=true","foto3":null,"foto4":null,"link1":null,"link2":null,"denkmal":"Nein","AIS_NR":null,"Nr_WR":null,"rwert":361795,"hwert":5819272.0},"geometry":{"type":"Point","coordinates":[775193.663060574210249,6892144.991717195138335]}},
{"type":"Feature","properties":{"ID_con":2504,"bw_id":"DIN_SON_180","name":"Böschungstreppe an Brücke oh rechts","GEW":"DIN","stat_von":180,"bauart":"Böschungstreppe","baujahr":null,"upflicht":"NLSTBV","KTR":null,"FSK":"033147001000010048__","bemerk":null,"beschreib":"Böschungstreppe an Brücke oh rechts","beschreib_lang":null,"foto1":"https://nlwkn.hannit-share.de/index.php/core/preview?fileId=11068078&x=1280&y=819&a=true","foto2":null,"foto3":null,"foto4":null,"link1":null,"link2":null,"denkmal":"Nein","AIS_NR":0,"Nr_WR":null,"rwert":361793,"hwert":5819264.0},"geometry":{"type":"Point","coordinates":[775190.754854023223743,6892131.753806953318417]}},
{"type":"Feature","properties":{"ID_con":2046,"bw_id":"DIN_SON_185","name":"Böschungstreppe an Brücke links uh","GEW":"DIN","stat_von":185,"bauart":"Böschungstreppe","baujahr":null,"upflicht":"NLSTBV","KTR":null,"FSK":"033147001000010048__","bemerk":null,"beschreib":"Böschungstreppe an Brücke links uh Brücke","beschreib_lang":null,"foto1":"https://nlwkn.hannit-share.de/index.php/core/preview?fileId=11068102&x=1280&y=819&a=true","foto2":"https://nlwkn.hannit-share.de/index.php/core/preview?fileId=11068120&x=1280&y=819&a=true","foto3":"https://nlwkn.hannit-share.de/index.php/core/preview?fileId=11068123&x=1280&y=819&a=true","foto4":null,"link1":null,"link2":null,"denkmal":"Nein","AIS_NR":null,"Nr_WR":null,"rwert":361753,"hwert":5819275.0},"geometry":{"type":"Point","coordinates":[775124.683845055871643,6892147.974014966748655]}},
{"type":"Feature","properties":{"ID_con":1367,"bw_id":"DIN_SON_485","name":"Pegel (Brücke Hiltener Weg) mit Böschungstreppe","GEW":"DIN","stat_von":485,"bauart":"Pegel","baujahr":null,"upflicht":"NLWKN, GB 3","KTR":null,"FSK":"033147001000010022__","bemerk":null,"beschreib":"Pegel (Brücke Hiltener Weg) mit Böschungstreppe des NLWLN. Der Pegel ist im BIS enthalten","beschreib_lang":null,"foto1":"https://nlwkn.hannit-share.de/index.php/core/preview?fileId=11068117&x=1280&y=819&a=true","foto2":"https://nlwkn.hannit-share.de/index.php/core/preview?fileId=11068264&x=1280&y=819&a=true","foto3":"https://nlwkn.hannit-share.de/index.php/core/preview?fileId=11068267&x=1280&y=819&a=true","foto4":"https://nlwkn.hannit-share.de/index.php/core/preview?fileId=11068270&x=1280&y=819&a=true","link1":null,"link2":null,"denkmal":"Nein","AIS_NR":null,"Nr_WR":null,"rwert":361632,"hwert":5819003.0},"geometry":{"type":"Point","coordinates":[774938.948631881503388,6891695.436930126510561]}},
{"type":"Feature","properties":{"ID_con":2049,"bw_id":"DIN_SON_490","name":"Tor","GEW":"DIN","stat_von":490,"bauart":"Tor","baujahr":null,"upflicht":"??","KTR":null,"FSK":"033147001000010035__","bemerk":null,"beschreib":"Tor","beschreib_lang":null,"foto1":"https://nlwkn.hannit-share.de/index.php/core/preview?fileId=11068261&x=1280&y=819&a=true","foto2":"https://nlwkn.hannit-share.de/index.php/core/preview?fileId=11068276&x=1280&y=819&a=true","foto3":null,"foto4":null,"link1":null,"link2":null,"denkmal":"Nein","AIS_NR":null,"Nr_WR":null,"rwert":361662,"hwert":5818991.0},"geometry":{"type":"Point","coordinates":[774988.672913810820319,6891677.11215110681951]}},
{"type":"Feature","properties":{"ID_con":2060,"bw_id":"DIN_SON_1470","name":"Tor","GEW":"DIN","stat_von":1470,"bauart":"Tor","baujahr":null,"upflicht":"NLWKN","KTR":null,"FSK":"033147033000080003__","bemerk":null,"beschreib":"Tor","beschreib_lang":null,"foto1":"https://nlwkn.hannit-share.de/index.php/core/preview?fileId=11068273&x=1280&y=819&a=true","foto2":null,"foto3":null,"foto4":null,"link1":null,"link2":null,"denkmal":"Nein","AIS_NR":0,"Nr_WR":null,"rwert":361597,"hwert":5818082.0},"geometry":{"type":"Point","coordinates":[774924.214838179759681,6890180.698112456128001]}},
{"type":"Feature","properties":{"ID_con":2057,"bw_id":"DIN_SON_1585","name":"Tor","GEW":"DIN","stat_von":1585,"bauart":"Tor","baujahr":null,"upflicht":"NLWKN","KTR":null,"FSK":"033147008001080004__","bemerk":null,"beschreib":"Tor","beschreib_lang":null,"foto1":"https://nlwkn.hannit-share.de/index.php/core/preview?fileId=11068039&x=1280&y=819&a=true","foto2":"https://nlwkn.hannit-share.de/index.php/core/preview?fileId=11068045&x=1280&y=819&a=true","foto3":"https://nlwkn.hannit-share.de/index.php/core/preview?fileId=11068048&x=1280&y=819&a=true","foto4":"https://nlwkn.hannit-share.de/index.php/core/preview?fileId=11068051&x=1280&y=819&a=true","link1":null,"link2":null,"denkmal":"Nein","AIS_NR":null,"Nr_WR":null,"rwert":361671,"hwert":5818026.0},"geometry":{"type":"Point","coordinates":[775048.065533791435882,6890092.136508486233652]}},
{"type":"Feature","properties":{"ID_con":2042,"bw_id":"DIN_SON_1645","name":"Wasserrecht Dinkelwehr (Aufstauen)","GEW":"DIN","stat_von":1645,"bauart":"Wasserrecht","baujahr":null,"upflicht":"NLWKN","KTR":null,"FSK":"033147008000940060__","bemerk":null,"beschreib":"Wasserrecht Dinkelwehr (Aufstauen) für das Dinkelwehr Neuenhaus","beschreib_lang":null,"foto1":null,"foto2":null,"foto3":null,"foto4":null,"link1":null,"link2":null,"denkmal":"Nein","AIS_NR":null,"Nr_WR":"11/13213 (aktiv)","rwert":361727,"hwert":5817981.0},"geometry":{"type":"Point","coordinates":[775141.909781355876476,6890020.809665891341865]}},
{"type":"Feature","properties":{"ID_con":2059,"bw_id":"DIN_SON_1715","name":"Schrägpegel mit Böschungstreppe oh Dinkelwehr","GEW":"DIN","stat_von":1715,"bauart":"Böschungstreppe","baujahr":null,"upflicht":"NLWKN","KTR":null,"FSK":"033147008000940060__","bemerk":null,"beschreib":"Schrägpegel mit Böschungstreppe oberhalb Wehranlage (Dinkelwehr Neuenhaus)","beschreib_lang":null,"foto1":"https://nlwkn.hannit-share.de/index.php/core/preview?fileId=11068042&x=1280&y=819&a=true","foto2":"https://nlwkn.hannit-share.de/index.php/core/preview?fileId=11068087&x=1280&y=819&a=true","foto3":null,"foto4":null,"link1":null,"link2":null,"denkmal":"Nein","AIS_NR":null,"Nr_WR":null,"rwert":361794,"hwert":5817960.0},"geometry":{"type":"Point","coordinates":[775252.668166091782041,6889989.416945199482143]}},
{"type":"Feature","properties":{"ID_con":1351,"bw_id":"DIN_SON_1750","name":"Betriebsgebäude (Wehrsteuerung Dinkelwehr)","GEW":"DIN","stat_von":1750,"bauart":"Betriebsgebäude","baujahr":"1973","upflicht":"NLWKN","KTR":null,"FSK":"033147008000940060__","bemerk":null,"beschreib":"Betriebsgebäude des Dinkelwehres Neuenhaus mit Steuereinrichtungen und Hydraulik","beschreib_lang":null,"foto1":"https://nlwkn.hannit-share.de/index.php/core/preview?fileId=11068084&x=1280&y=819&a=true","foto2":"https://nlwkn.hannit-share.de/index.php/core/preview?fileId=11068093&x=1280&y=819&a=true","foto3":"https://nlwkn.hannit-share.de/index.php/core/preview?fileId=11068096&x=1280&y=819&a=true","foto4":"https://nlwkn.hannit-share.de/index.php/core/preview?fileId=11068099&x=1280&y=819&a=true","link1":null,"link2":null,"denkmal":"Nein","AIS_NR":663,"Nr_WR":null,"rwert":361732,"hwert":5817987.0},"geometry":{"type":"Point","coordinates":[775149.825547161046416,6890030.89771534781903]}},
{"type":"Feature","properties":{"ID_con":1352,"bw_id":"DIN_SON_1905","name":"Steg","GEW":"DIN","stat_von":1905,"bauart":"Steg","baujahr":null,"upflicht":"??","KTR":null,"FSK":"033147008000940060__","bemerk":null,"beschreib":"privater Steg (mit Plattform) links","beschreib_lang":null,"foto1":"https://nlwkn.hannit-share.de/index.php/core/preview?fileId=11068090&x=1280&y=819&a=true","foto2":"https://nlwkn.hannit-share.de/index.php/core/preview?fileId=11068129&x=1280&y=819&a=true","foto3":"https://nlwkn.hannit-share.de/index.php/core/preview?fileId=11068132&x=1280&y=819&a=true","foto4":null,"link1":null,"link2":null,"denkmal":"Nein","AIS_NR":null,"Nr_WR":null,"rwert":361877,"hwert":5817826.0},"geometry":{"type":"Point","coordinates":[775394.861581235425547,6889773.139441987499595]}},
{"type":"Feature","properties":{"ID_con":1353,"bw_id":"DIN_SON_1930","name":"Bootsanleger","GEW":"DIN","stat_von":1930,"bauart":"Bootsanleger","baujahr":null,"upflicht":"Stadt Neuenhaus","KTR":null,"FSK":"033147008000940060__","bemerk":null,"beschreib":"Bootsanleger rechts im Sandfang (Stadt Neuenhaus)","beschreib_lang":null,"foto1":"https://nlwkn.hannit-share.de/index.php/core/preview?fileId=11068126&x=1280&y=819&a=true","foto2":"https://nlwkn.hannit-share.de/index.php/core/preview?fileId=11068138&x=1280&y=819&a=true","foto3":"https://nlwkn.hannit-share.de/index.php/core/preview?fileId=11068141&x=1280&y=819&a=true","foto4":null,"link1":null,"link2":null,"denkmal":"Nein","AIS_NR":null,"Nr_WR":null,"rwert":361917,"hwert":5817806.0},"geometry":{"type":"Point","coordinates":[775461.327987344469875,6889742.137417439371347]}},
{"type":"Feature","properties":{"ID_con":1354,"bw_id":"DIN_SON_1950","name":"Kanuslipanlage","GEW":"DIN","stat_von":1950,"bauart":"Kanuslipanlage","baujahr":null,"upflicht":"Stadt Neuenhaus","KTR":null,"FSK":"033147008000940060__","bemerk":null,"beschreib":"Kanuslipanlage im Dinkelsandfang Neuenhaus rechts","beschreib_lang":null,"foto1":null,"foto2":null,"foto3":null,"foto4":null,"link1":null,"link2":null,"denkmal":"Nein","AIS_NR":null,"Nr_WR":null,"rwert":361921,"hwert":5817785.0},"geometry":{"type":"Point","coordinates":[775468.851645627291873,6889707.826594069600105]}},
{"type":"Feature","properties":{"ID_con":1355,"bw_id":"DIN_SON_2075","name":"Steg","GEW":"DIN","stat_von":2075,"bauart":"Steg","baujahr":null,"upflicht":"privat??","KTR":null,"FSK":"033147008000940060__","bemerk":null,"beschreib":"privater Steg (mit Plattform) links im Dinkelsandfang Neuenhaus","beschreib_lang":null,"foto1":"https://nlwkn.hannit-share.de/index.php/core/preview?fileId=11068135&x=1280&y=819&a=true","foto2":"https://nlwkn.hannit-share.de/index.php/core/preview?fileId=11068147&x=1280&y=819&a=true","foto3":null,"foto4":null,"link1":null,"link2":null,"denkmal":"Nein","AIS_NR":null,"Nr_WR":null,"rwert":361889,"hwert":5817654.0},"geometry":{"type":"Point","coordinates":[775422.465702278190292,6889491.160130698233843]}},
{"type":"Feature","properties":{"ID_con":1356,"bw_id":"DIN_SON_2105","name":"Bootsanleger Kurbelfähre links","GEW":"DIN","stat_von":2105,"bauart":"Bootsanleger","baujahr":null,"upflicht":"Stadt Neuenhaus","KTR":null,"FSK":"033147008000940060__","bemerk":null,"beschreib":"Seit Mai 2013 können Ausflügler und Fahrradfahrer mit der Kurbelfähre \"Haal over\"von einem Ufer der Dinkel ans andere Ufer gelangen. Die Fähre hat keinen Motor; angekurbelt durch die eigene Muskelkraft gleitet sie durch's Wasser - und das 72 Meter.","beschreib_lang":"Seit Mai 2013 können Ausflügler und Fahrradfahrer mit der Kurbelfähre \"Haal over\"von einem Ufer der Dinkel ans andere Ufer gelangen. Die Fähre hat keinen Motor; angekurbelt durch die eigene Muskelkraft gleitet sie durch's Wasser - und das 72 Meter.        _x000d_\nDie Kurbelfähre ist eingebunden in das Radwandernetz der Grafschafter Fietsentour, Route 15 und Route 16. Insgesamt 12 Personen mitsamt ihren Fahrrädern haben für eine sichere und vergnügliche Überfahrt Platz._x000d_\nDer Anleger der Fähre kann mit dem Auto, dem Fahrrad und natürlich zu Fuß erreicht werden über den Fuß-/Radweg hinter dem Dinkelbad Neuenhaus (Parkplätze), Bosthorst 16, 49828 Neuenhaus bzw. hinter den Sportanlagen._x000d_\nHier liegt auch das Bootshaus am Dinkelsee, welches von den Wassersportfreunden Neuenhaus e.V. genutzt wird und von wo aus Kanutouren stattfinden.  _x000d_\nAuf der anderen Fluss-Seite ist die Fähre über die Lager Straße, dann abbiegen in die Breslauer Straße, zu erreichen._x000d_\nUnweit hierzu befindet sich der Grillplatz am Dinkelsee.  _x000d_\nIn der Herbst- und Wintersaison (ab Oktober) ist die Kurbelfähre nicht zu benutzen, da diese dann aus dem Wasser an Land gezogen wird. Ab Mai wird \"Haal over\" wieder in Betrieb genommen.","foto1":"https://nlwkn.hannit-share.de/index.php/core/preview?fileId=11068144&x=1280&y=819&a=true","foto2":"https://nlwkn.hannit-share.de/index.php/core/preview?fileId=11068153&x=1280&y=819&a=true","foto3":"https://nlwkn.hannit-share.de/index.php/core/preview?fileId=11068156&x=1280&y=819&a=true","foto4":"https://nlwkn.hannit-share.de/index.php/core/preview?fileId=11068159&x=1280&y=819&a=true","link1":null,"link2":null,"denkmal":"Nein","AIS_NR":null,"Nr_WR":null,"rwert":361888,"hwert":5817622.0},"geometry":{"type":"Point","coordinates":[775422.304540003999136,6889438.550323926843703]}},
{"type":"Feature","properties":{"ID_con":1357,"bw_id":"DIN_SON_2106","name":"Bootsanleger Kurbelfähre rechts","GEW":"DIN","stat_von":2106,"bauart":"Bootsanleger","baujahr":null,"upflicht":"Stadt Neuenhaus","KTR":null,"FSK":"033147008000940060__","bemerk":null,"beschreib":"Seit Mai 2013 können Ausflügler und Fahrradfahrer mit der Kurbelfähre \"Haal over\"von einem Ufer der Dinkel ans andere Ufer gelangen. Die Fähre hat keinen Motor; angekurbelt durch die eigene Muskelkraft gleitet sie durch's Wasser - und das 72 Meter.","beschreib_lang":"Seit Mai 2013 können Ausflügler und Fahrradfahrer mit der Kurbelfähre \"Haal over\"von einem Ufer der Dinkel ans andere Ufer gelangen. Die Fähre hat keinen Motor; angekurbelt durch die eigene Muskelkraft gleitet sie durch's Wasser - und das 72 Meter.        _x000d_\nDie Kurbelfähre ist eingebunden in das Radwandernetz der Grafschafter Fietsentour, Route 15 und Route 16. Insgesamt 12 Personen mitsamt ihren Fahrrädern haben für eine sichere und vergnügliche Überfahrt Platz._x000d_\nDer Anleger der Fähre kann mit dem Auto, dem Fahrrad und natürlich zu Fuß erreicht werden über den Fuß-/Radweg hinter dem Dinkelbad Neuenhaus (Parkplätze), Bosthorst 16, 49828 Neuenhaus bzw. hinter den Sportanlagen._x000d_\nHier liegt auch das Bootshaus am Dinkelsee, welches von den Wassersportfreunden Neuenhaus e.V. genutzt wird und von wo aus Kanutouren stattfinden.  _x000d_\nAuf der anderen Fluss-Seite ist die Fähre über die Lager Straße, dann abbiegen in die Breslauer Straße, zu erreichen._x000d_\nUnweit hierzu befindet sich der Grillplatz am Dinkelsee.  _x000d_\nIn der Herbst- und Wintersaison (ab Oktober) ist die Kurbelfähre nicht zu benutzen, da diese dann aus dem Wasser an Land gezogen wird. Ab Mai wird \"Haal over\" wieder in Betrieb genommen.","foto1":"https://nlwkn.hannit-share.de/index.php/core/preview?fileId=11068150&x=1280&y=819&a=true","foto2":"https://nlwkn.hannit-share.de/index.php/core/preview?fileId=11068165&x=1280&y=819&a=true","foto3":"https://nlwkn.hannit-share.de/index.php/core/preview?fileId=11068168&x=1280&y=819&a=true","foto4":"https://nlwkn.hannit-share.de/index.php/core/preview?fileId=11068171&x=1280&y=819&a=true","link1":null,"link2":null,"denkmal":"Nein","AIS_NR":null,"Nr_WR":null,"rwert":361960,"hwert":5817640.0},"geometry":{"type":"Point","coordinates":[775539.446803470607847,6889471.448764746077359]}},
{"type":"Feature","properties":{"ID_con":1358,"bw_id":"DIN_SON_2140","name":"Entnahmen, Samtgem. Neuenhaus,Beregnung","GEW":"DIN","stat_von":2140,"bauart":"Wasserrecht (Entnahme)","baujahr":null,"upflicht":"Samtgemeinde Neuenhaus","KTR":null,"FSK":"033147008000940060__","bemerk":"A-001 (aktiv, real), OW-Entn.,Samtgem. Neuenhaus,B","beschreib":"Entnahmerecht Samtgemeinde Neuenhaus für Beregnung Sportplatz","beschreib_lang":null,"foto1":null,"foto2":null,"foto3":null,"foto4":null,"link1":null,"link2":null,"denkmal":"Nein","AIS_NR":null,"Nr_WR":"11/12992 (aktiv)","rwert":361961,"hwert":5817601.0},"geometry":{"type":"Point","coordinates":[775542.884887578664348,6889407.433386471122503]}},
{"type":"Feature","properties":{"ID_con":1359,"bw_id":"DIN_SON_2200","name":"Dinkelsandfang Neuenhaus","GEW":"DIN","stat_von":2200,"bauart":"Sandfang","baujahr":"1974","upflicht":"NLWKN","KTR":"MBOVE00300","FSK":"033147008000940060__","bemerk":null,"beschreib":"Sandfang Neuenhaus (Dinkel). Der Sandfang wird im Zuge der Gewässerunterhaltung als Teil der Dinkel betrachtet. Sandfangräumung – Sandentnahme- in 1986 und 2001. Sandfang ist ca. alle  10 - 15 Jahre zu räumen.","beschreib_lang":"Sandfang Neuenhaus (Dinkel). Entwurf aus 1964 (UV 114-Dinkel/5). Der Sandfang wird im Zuge der Gewässerunterhaltung als Teil der Dinkel betrachtet. Sandfangräumung – Sandentnahme- in 1986 und 2001. Der Sandfang ist für eine Materialauflandung in einem Zeitraum von 10 - 15 Jahren ausgelegt.","foto1":null,"foto2":null,"foto3":null,"foto4":null,"link1":null,"link2":null,"denkmal":"Nein","AIS_NR":666,"Nr_WR":null,"rwert":361947,"hwert":5817541.0},"geometry":{"type":"Point","coordinates":[775522.714581611100584,6889308.230392331257463]}},
{"type":"Feature","properties":{"ID_con":2041,"bw_id":"DIN_SON_2310","name":"Entnahme, Pumpenschacht (Beregnung oder Berieselung)","GEW":"DIN","stat_von":2310,"bauart":"Entnahmenstelle","baujahr":null,"upflicht":"Samtgemeinde Neuenhaus","KTR":null,"FSK":"033147008000940060__","bemerk":null,"beschreib":"Wasserrecht (11/12774), Entnahme, Pumpenschacht (Beregnung oder Berieselung)","beschreib_lang":null,"foto1":null,"foto2":null,"foto3":null,"foto4":null,"link1":null,"link2":null,"denkmal":"Nein","AIS_NR":null,"Nr_WR":"11/12774 (aktiv) (Rechtsinhaber: Samtgemeinde Neuenhaus)","rwert":362004,"hwert":5817439.0},"geometry":{"type":"Point","coordinates":[775620.813049809425138,6889143.325212568975985]}},
{"type":"Feature","properties":{"ID_con":1360,"bw_id":"DIN_SON_2330","name":"Grillplatz am Sandfang","GEW":"DIN","stat_von":2330,"bauart":"Grillplatz","baujahr":null,"upflicht":"Stadt Neuenhaus","KTR":null,"FSK":"033147008000940069__","bemerk":null,"beschreib":"Grillplatz am Dinkelsee in Neuenhaus, am Ende der Königsberger Straße. Ein ruhiges Plätzchen am Wasser. In geselliger Runde finden an dem festinstallierten Schwenkgrill mindestens 30 Personen Platz.","beschreib_lang":"Grillplatz am Dinkelsee in Neuenhaus, am Ende der Königsberger Straße. Ein ruhiges Plätzchen am Wasser. In geselliger Runde finden an dem festinstallierten Schwenkgrill mindestens 30 Personen Platz. Tische und Bänke sind in ausreichender Zahl vorhanden. Auf einer großen Rasenfläche neben dem Grillplatz können die Kinder Fußballspielen._x000d_\nDie Nutzungsgebühr für den Grillplatz beträgt 25,00 €. Strom, Wasser und Toiletten sind vorhanden. Das Zelten auf dem Grillplatz oder auf dem Nebengelände ist nicht gestattet._x000d_\nDer Grillplatz ist zu erreichen über die Lager Straße, dann abbiegen in die Königsberger Straße und bis zum Ende durchfahren.","foto1":"https://nlwkn.hannit-share.de/index.php/core/preview?fileId=11068183&x=1280&y=819&a=true","foto2":"https://nlwkn.hannit-share.de/index.php/core/preview?fileId=11068186&x=1280&y=819&a=true","foto3":"https://nlwkn.hannit-share.de/index.php/core/preview?fileId=11068189&x=1280&y=819&a=true","foto4":null,"link1":null,"link2":null,"denkmal":"Nein","AIS_NR":null,"Nr_WR":null,"rwert":361940,"hwert":5817405.0},"geometry":{"type":"Point","coordinates":[775517.52105708012823,6889084.518874960020185]}},
{"type":"Feature","properties":{"ID_con":2062,"bw_id":"DIN_SON_2450","name":"Kunstobjekt","GEW":"DIN","stat_von":2450,"bauart":"Kunst","baujahr":"2012","upflicht":"??","KTR":null,"FSK":"033147008000940060__","bemerk":"??Vertrag??","beschreib":"Die Dinkelstein-Route ist ein Kunstprojekt mit hohem Freizeitwert und wertvoll für den Tourismus. Die Skulpturen sprechen Einladungen aus, sie genau zu betrachten und in Ruhe auf sich wirken zu lassen und in einen Diskurs einzutreten.","beschreib_lang":"Die Dinkelstein-Route ist ein Kunstprojekt mit hohem Freizeitwert und wertvoll für den Tourismus. Die Skulpturen sprechen Einladungen aus, sie genau zu betrachten und in Ruhe auf sich wirken zu lassen und in einen Diskurs einzutreten._x000d_\nSomit entstanden bis Nov. 2007 bisher insgesamt 17 Dinkelsteine. In Neuenhaus endet die Dinkel und mündet in die Vechte. Was lag da näher, als dass auch Neuenhaus sich an der Dinkelstein-Route beteiligt. Aufgrund eines Aufrufes nahmen 4 Hobbykünstler aus Neuenhaus und Nordhorn daran teil. Ihre Skulpturen wurden im Jahr 2012 an 3 markanten Punkten der Dinkel aufgestellt","foto1":"https://nlwkn.hannit-share.de/index.php/core/preview?fileId=11068192&x=1280&y=819&a=true","foto2":"https://nlwkn.hannit-share.de/index.php/core/preview?fileId=11068195&x=1280&y=819&a=true","foto3":"https://nlwkn.hannit-share.de/index.php/core/preview?fileId=11068198&x=1280&y=819&a=true","foto4":null,"link1":null,"link2":null,"denkmal":"Nein","AIS_NR":0,"Nr_WR":null,"rwert":362001,"hwert":5817294.0},"geometry":{"type":"Point","coordinates":[775622.585553265176713,6888905.020721730776131]}},
{"type":"Feature","properties":{"ID_con":2136,"bw_id":"DIN_SON_2660","name":"Biotop (GB-NOH 3507/ 080)","GEW":"DIN","stat_von":2660,"bauart":"Biotop","baujahr":null,"upflicht":"Landkreis Grafschaft Bentheim","KTR":null,"FSK":"03314704600011______","bemerk":null,"beschreib":"Biotop (GB-NOH 3507/ 080, Bruchwald ; nicht kartiert) rechtsseitig unterhalb der Brücke Südring (B 403) auf dem Gebiet der Stadt Neuenhaus teilweise bis an Böschungsoberkante","beschreib_lang":null,"foto1":null,"foto2":null,"foto3":null,"foto4":null,"link1":null,"link2":null,"denkmal":"Nein","AIS_NR":null,"Nr_WR":null,"rwert":362134,"hwert":5817110.0},"geometry":{"type":"Point","coordinates":[775848.971297241281718,6888608.952561497688293]}},
{"type":"Feature","properties":{"ID_con":2064,"bw_id":"DIN_SON_2755","name":"Böschungstreppe rechts oh Brücke","GEW":"DIN","stat_von":2755,"bauart":"Böschungstreppe","baujahr":"2002","upflicht":"NLSTBV","KTR":null,"FSK":"03314704700015______","bemerk":null,"beschreib":"Böschungstreppe rechts oh Brücke","beschreib_lang":null,"foto1":"https://nlwkn.hannit-share.de/index.php/core/preview?fileId=11068201&x=1280&y=819&a=true","foto2":"https://nlwkn.hannit-share.de/index.php/core/preview?fileId=11068204&x=1280&y=819&a=true","foto3":"https://nlwkn.hannit-share.de/index.php/core/preview?fileId=11068207&x=1280&y=819&a=true","foto4":"https://nlwkn.hannit-share.de/index.php/core/preview?fileId=11068210&x=1280&y=819&a=true","link1":null,"link2":null,"denkmal":"Nein","AIS_NR":null,"Nr_WR":null,"rwert":362087,"hwert":5816998.0},"geometry":{"type":"Point","coordinates":[775777.130790563416667,6888422.830247176811099]}},
{"type":"Feature","properties":{"ID_con":2063,"bw_id":"DIN_SON_2760","name":"Böschungstreppe uh Brücke B 403","GEW":"DIN","stat_von":2760,"bauart":"Böschungstreppe","baujahr":"2002","upflicht":"NLSTBV","KTR":null,"FSK":"033147046000760005__","bemerk":null,"beschreib":"Böschungstreppe uh Brücke B 403","beschreib_lang":null,"foto1":"https://nlwkn.hannit-share.de/index.php/core/preview?fileId=11068213&x=1280&y=819&a=true","foto2":"https://nlwkn.hannit-share.de/index.php/core/preview?fileId=11068216&x=1280&y=819&a=true","foto3":null,"foto4":null,"link1":null,"link2":null,"denkmal":"Nein","AIS_NR":null,"Nr_WR":null,"rwert":362058,"hwert":5816993.0},"geometry":{"type":"Point","coordinates":[775729.850355725036934,6888413.278282995335758]}},
{"type":"Feature","properties":{"ID_con":1361,"bw_id":"DIN_SON_2945","name":"Altgewässer","GEW":"DIN","stat_von":2945,"bauart":"Altgewässer","baujahr":null,"upflicht":"Stichting Twickel??","KTR":null,"FSK":"03314704700006______","bemerk":null,"beschreib":"Altgewässer","beschreib_lang":null,"foto1":null,"foto2":null,"foto3":null,"foto4":null,"link1":null,"link2":null,"denkmal":"Nein","AIS_NR":null,"Nr_WR":null,"rwert":362035,"hwert":5816811.0},"geometry":{"type":"Point","coordinates":[775700.559639632003382,6888113.304214891046286]}},
{"type":"Feature","properties":{"ID_con":2135,"bw_id":"DIN_SON_3220","name":"Biotop (GB-NOH 3507/033)","GEW":"DIN","stat_von":3220,"bauart":"Biotop","baujahr":null,"upflicht":"Landkreis Grafschaft Bentheim","KTR":null,"FSK":"03314704200106______","bemerk":"GB-NOH 3507/033 (Bruchwald, Auwald ; nicht kartiert)","beschreib":"Biotop (GB-NOH 3507/033, Bruchwald, Auwald ; nicht kartiert) linksseitig auf dem Gebiet der Stadt Neuenhaus ohne direkte Verbindung zur Dinkel","beschreib_lang":null,"foto1":null,"foto2":null,"foto3":null,"foto4":null,"link1":null,"link2":null,"denkmal":"Nein","AIS_NR":null,"Nr_WR":null,"rwert":361773,"hwert":5816614.0},"geometry":{"type":"Point","coordinates":[775280.438646408496425,6887777.651790766976774]}},
{"type":"Feature","properties":{"ID_con":1362,"bw_id":"DIN_SON_3640","name":"markantes Einzelgehölz (Eiche)","GEW":"DIN","stat_von":3640,"bauart":"Einzelgehölz (Eiche)","baujahr":null,"upflicht":"NLWKN/Stichting","KTR":null,"FSK":"03314300700001______","bemerk":null,"beschreib":"markantes Einzelgehölz (Eiche) rechtsseitig","beschreib_lang":null,"foto1":"https://nlwkn.hannit-share.de/index.php/core/preview?fileId=11068219&x=1280&y=819&a=true","foto2":null,"foto3":null,"foto4":null,"link1":null,"link2":null,"denkmal":"Nein","AIS_NR":null,"Nr_WR":null,"rwert":361965,"hwert":5816246.0},"geometry":{"type":"Point","coordinates":[775611.937469983939081,6887182.20113492757082]}},
{"type":"Feature","properties":{"ID_con":2134,"bw_id":"DIN_SON_3740","name":"Biotop (GB-NOH 3507/079)","GEW":"DIN","stat_von":3740,"bauart":"Biotop","baujahr":null,"upflicht":"Landkreis Grafschaft Bentheim","KTR":null,"FSK":"03314300700001______","bemerk":"!!Die Verbindung bzw. der Rohrdurchlass sind zu prüfen!!","beschreib":"Biotop (GB-NOH 3507/079, Naturnahes Kleingewässer) rechtsseitig auf dem Gebiet der Gemeinde Lage mit direkter Verbindung der Dinkel über Rohrdurchlass (ID: 279)","beschreib_lang":null,"foto1":null,"foto2":null,"foto3":null,"foto4":null,"link1":null,"link2":null,"denkmal":"Nein","AIS_NR":null,"Nr_WR":null,"rwert":362053,"hwert":5816180.0},"geometry":{"type":"Point","coordinates":[775759.127449252875522,6887077.886221494525671]}},
{"type":"Feature","properties":{"ID_con":2133,"bw_id":"DIN_SON_3870","name":"Biotop (GB-NOH 3507/078)","GEW":"DIN","stat_von":3870,"bauart":"Biotop","baujahr":null,"upflicht":"Landkreis Grafschaft Bentheim","KTR":null,"FSK":"03314300700001______","bemerk":"!!Die Grabeneinmündung ist zu prüfen!!","beschreib":"Biotop (GB-NOH 3507/078, Naturnahes Kleingewässer) rechtsseitig in der Gemeinde Lage mit direkter Verbindung zur Dinkel über Grabeneinmündung (ID: 280).","beschreib_lang":null,"foto1":null,"foto2":null,"foto3":null,"foto4":null,"link1":null,"link2":null,"denkmal":"Nein","AIS_NR":null,"Nr_WR":null,"rwert":362135,"hwert":5816078.0},"geometry":{"type":"Point","coordinates":[775898.14326869265642,6886914.177190980874002]}},
{"type":"Feature","properties":{"ID_con":2132,"bw_id":"DIN_SON_3880","name":"Biotop (GB-NOH 3507/036)","GEW":"DIN","stat_von":3880,"bauart":"Biotop","baujahr":null,"upflicht":"Landkreis Grafschaft Bentheim","KTR":null,"FSK":"033143002000860001__","bemerk":null,"beschreib":"Biotop (GB-NOH 3507/036) linksseitig auf dem Gebiet der Gemeinde Lage ohne direkte Verbindung zur Dinkel.","beschreib_lang":null,"foto1":null,"foto2":null,"foto3":null,"foto4":null,"link1":null,"link2":null,"denkmal":"Nein","AIS_NR":null,"Nr_WR":null,"rwert":362011,"hwert":5815987.0},"geometry":{"type":"Point","coordinates":[775699.225140953552909,6886759.021284050308168]}},
{"type":"Feature","properties":{"ID_con":1363,"bw_id":"DIN_SON_4010","name":"Gebäude an Böschungskante Dinkel","GEW":"DIN","stat_von":4010,"bauart":"Gebäude","baujahr":null,"upflicht":"Horstmann","KTR":null,"FSK":"033143002000640007__","bemerk":null,"beschreib":"Gebäude an Böschungskante Dinkel","beschreib_lang":null,"foto1":"https://nlwkn.hannit-share.de/index.php/core/preview?fileId=11068222&x=1280&y=819&a=true","foto2":null,"foto3":null,"foto4":null,"link1":null,"link2":null,"denkmal":"Nein","AIS_NR":null,"Nr_WR":null,"rwert":362141,"hwert":5815915.0},"geometry":{"type":"Point","coordinates":[775915.476322177099064,6886646.796671725809574]}},
{"type":"Feature","properties":{"ID_con":2040,"bw_id":"DIN_SON_4115","name":"Tor","GEW":"DIN","stat_von":4115,"bauart":"Tor","baujahr":null,"upflicht":"NLWKN","KTR":null,"FSK":"03314300700027______","bemerk":null,"beschreib":"Tor","beschreib_lang":null,"foto1":"https://nlwkn.hannit-share.de/index.php/core/preview?fileId=11068231&x=1280&y=819&a=true","foto2":null,"foto3":null,"foto4":null,"link1":null,"link2":null,"denkmal":"Nein","AIS_NR":null,"Nr_WR":null,"rwert":362258,"hwert":5815893.0},"geometry":{"type":"Point","coordinates":[776108.128445591079071,6886616.069739354774356]}},
{"type":"Feature","properties":{"ID_con":2131,"bw_id":"DIN_SON_4180","name":"Biotop (GB-NOH 3507/040)","GEW":"DIN","stat_von":4180,"bauart":"Biotop","baujahr":null,"upflicht":"Landkreis Grafschaft Bentheim","KTR":null,"FSK":"03314300700009______","bemerk":null,"beschreib":"Biotop (GB-NOH 3507/040, (Erlen-)Bruchwald) rechtsseitig auf dem Gebiet der Gemeinde Lage ohne direkte Verbindung zur Dinkel","beschreib_lang":null,"foto1":null,"foto2":null,"foto3":null,"foto4":null,"link1":null,"link2":null,"denkmal":"Nein","AIS_NR":null,"Nr_WR":null,"rwert":362366,"hwert":5815959.0},"geometry":{"type":"Point","coordinates":[776281.99269491166342,6886729.423861909657717]}},
{"type":"Feature","properties":{"ID_con":2130,"bw_id":"DIN_SON_4320","name":"Biotop (GB NOH 3507/072)","GEW":"DIN","stat_von":4320,"bauart":"Biotop","baujahr":null,"upflicht":"Landkreis Grafschaft Bentheim","KTR":null,"FSK":"03314300700018______","bemerk":null,"beschreib":"Biotop (GB NOH 3507/072) rechtsseitig auf dem Gebiet der Gemeinde Lage ohne direkte Verbindung zur Dinkel","beschreib_lang":null,"foto1":null,"foto2":null,"foto3":null,"foto4":null,"link1":null,"link2":null,"denkmal":"Nein","AIS_NR":null,"Nr_WR":"B","rwert":362552,"hwert":5815806.0},"geometry":{"type":"Point","coordinates":[776593.678414946305566,6886486.756868716329336]}},
{"type":"Feature","properties":{"ID_con":1364,"bw_id":"DIN_SON_4430","name":"Infotafel","GEW":"DIN","stat_von":4430,"bauart":"Infotafel","baujahr":null,"upflicht":"Gemeinde Lage","KTR":null,"FSK":"03314300700021______","bemerk":null,"beschreib":"Infotafel u.a. zur Eichenallee in Lage oder zur Geschichte von Lage","beschreib_lang":null,"foto1":"https://nlwkn.hannit-share.de/index.php/core/preview?fileId=11068240&x=1280&y=819&a=true","foto2":"https://nlwkn.hannit-share.de/index.php/core/preview?fileId=11068243&x=1280&y=819&a=true","foto3":null,"foto4":null,"link1":null,"link2":null,"denkmal":"Nein","AIS_NR":null,"Nr_WR":null,"rwert":362440,"hwert":5815635.0},"geometry":{"type":"Point","coordinates":[776418.086548458435573,6886200.821329353377223]}},
{"type":"Feature","properties":{"ID_con":1365,"bw_id":"DIN_SON_4445","name":"Spundwandrest","GEW":"DIN","stat_von":4445,"bauart":"Spundwandrest","baujahr":null,"upflicht":"??NLWKN","KTR":null,"FSK":"03314300700024______","bemerk":null,"beschreib":"Spundwandrest in der Wasserwechselzone (Böschungsunterkante) rechts oberhalb Kalverlager Brücke","beschreib_lang":null,"foto1":"https://nlwkn.hannit-share.de/index.php/core/preview?fileId=11068246&x=1280&y=819&a=true","foto2":null,"foto3":null,"foto4":null,"link1":null,"link2":null,"denkmal":"Nein","AIS_NR":null,"Nr_WR":null,"rwert":362439,"hwert":5815621.0},"geometry":{"type":"Point","coordinates":[776417.091775984852575,6886177.787906095385551]}},
{"type":"Feature","properties":{"ID_con":2039,"bw_id":"DIN_SON_4450","name":"Tor","GEW":"DIN","stat_von":4450,"bauart":"Tor","baujahr":null,"upflicht":"??","KTR":null,"FSK":"033143002000640006__","bemerk":null,"beschreib":"Tor","beschreib_lang":null,"foto1":"https://nlwkn.hannit-share.de/index.php/core/preview?fileId=11068249&x=1280&y=819&a=true","foto2":"https://nlwkn.hannit-share.de/index.php/core/preview?fileId=11068252&x=1280&y=819&a=true","foto3":null,"foto4":null,"link1":null,"link2":null,"denkmal":"Nein","AIS_NR":null,"Nr_WR":null,"rwert":362403,"hwert":5815610.0},"geometry":{"type":"Point","coordinates":[776358.634343305486254,6886158.068449608050287]}},
{"type":"Feature","properties":{"ID_con":1366,"bw_id":"DIN_SON_4835","name":"Einstürzender Baum","GEW":"DIN","stat_von":4835,"bauart":"Einstürzender Baum","baujahr":null,"upflicht":"??NLWKN","KTR":null,"FSK":"033143002000010021__","bemerk":"Entfernen??","beschreib":"Einstürzender Baum","beschreib_lang":null,"foto1":"https://nlwkn.hannit-share.de/index.php/core/preview?fileId=11068258&x=1280&y=819&a=true","foto2":null,"foto3":null,"foto4":null,"link1":null,"link2":null,"denkmal":"Nein","AIS_NR":null,"Nr_WR":null,"rwert":362542,"hwert":5815249.0},"geometry":{"type":"Point","coordinates":[776602.864505044883117,6885571.744825573638082]}},
{"type":"Feature","properties":{"ID_con":1368,"bw_id":"DIN_SON_4955","name":"Einstürzender Baum","GEW":"DIN","stat_von":4955,"bauart":"Einstürzender Baum","baujahr":null,"upflicht":"??NLWKN","KTR":null,"FSK":"033143002000010045__","bemerk":"Entfernen??","beschreib":"Einstürzender Baum","beschreib_lang":null,"foto1":"https://nlwkn.hannit-share.de/index.php/core/preview?fileId=11068282&x=1280&y=819&a=true","foto2":"https://nlwkn.hannit-share.de/index.php/core/preview?fileId=11068285&x=1280&y=819&a=true","foto3":null,"foto4":null,"link1":null,"link2":null,"denkmal":"Nein","AIS_NR":null,"Nr_WR":null,"rwert":362526,"hwert":5815119.0},"geometry":{"type":"Point","coordinates":[776582.627113689668477,6885357.573405152186751]}},
{"type":"Feature","properties":{"ID_con":1370,"bw_id":"DIN_SON_5685","name":"Schrägpegellatte Brücke Grenzstraße mit Böschungstreppe","GEW":"DIN","stat_von":5685,"bauart":"Schrägpegel","baujahr":null,"upflicht":"NLWKN","KTR":null,"FSK":"033143002000150017__","bemerk":null,"beschreib":"Schrägpegellatte Brücke Grenzstraße mit Böschungstreppe","beschreib_lang":null,"foto1":"https://nlwkn.hannit-share.de/index.php/core/preview?fileId=11068309&x=1280&y=819&a=true","foto2":"https://nlwkn.hannit-share.de/index.php/core/preview?fileId=11068312&x=1280&y=819&a=true","foto3":"https://nlwkn.hannit-share.de/index.php/core/preview?fileId=11068315&x=1280&y=819&a=true","foto4":null,"link1":null,"link2":null,"denkmal":"Nein","AIS_NR":null,"Nr_WR":null,"rwert":361915,"hwert":5814704.0},"geometry":{"type":"Point","coordinates":[775601.129951226757839,6884648.092573597095907]}},
{"type":"Feature","properties":{"ID_con":1371,"bw_id":"DIN_SON_5690","name":"Pegel Lage I","GEW":"DIN","stat_von":5690,"bauart":"Pegel","baujahr":null,"upflicht":"NLWKN, GB 3","KTR":null,"FSK":"033143002000150028__","bemerk":null,"beschreib":"Pegel  (incl. Schrägpegellatte Brücke Grenzstraße) des NLWKN (Siehe auch Pegel-Online:  https://www.pegelonline.nlwkn.niedersachsen.de/Karte )","beschreib_lang":null,"foto1":"https://nlwkn.hannit-share.de/index.php/core/preview?fileId=11068318&x=1280&y=819&a=true","foto2":"https://nlwkn.hannit-share.de/index.php/core/preview?fileId=11068321&x=1280&y=819&a=true","foto3":null,"foto4":null,"link1":null,"link2":null,"denkmal":"Nein","AIS_NR":null,"Nr_WR":null,"rwert":361903,"hwert":5814703.0},"geometry":{"type":"Point","coordinates":[775581.525574437808245,6884645.896486414596438]}},
{"type":"Feature","properties":{"ID_con":2065,"bw_id":"DIN_SON_7615","name":"Stein auf Böschung","GEW":"DIN","stat_von":7615,"bauart":"Stein auf Böschung","baujahr":null,"upflicht":"??","KTR":null,"FSK":"033142006000010002__","bemerk":null,"beschreib":"Stein auf Böschung","beschreib_lang":null,"foto1":"https://nlwkn.hannit-share.de/index.php/core/preview?fileId=11068351&x=1280&y=819&a=true","foto2":null,"foto3":null,"foto4":null,"link1":null,"link2":null,"denkmal":"Nein","AIS_NR":null,"Nr_WR":null,"rwert":361016,"hwert":5813067.0},"geometry":{"type":"Point","coordinates":[774204.893845493672416,6881919.54518652241677]}},
{"type":"Feature","properties":{"ID_con":1373,"bw_id":"DIN_SON_7790","name":"Biotop (GB-NOH 3507/050)","GEW":"DIN","stat_von":7790,"bauart":"Biotop","baujahr":null,"upflicht":"Landkreis Grafschaft Bentheim","KTR":null,"FSK":"033143006002750242__","bemerk":null,"beschreib":"Biotop (Altarm, GB-NOH 3507/050, Naturnahes Kleingewässer, SE) rechtsseitig auf dem Gebiet der Gemeinde Lage mit direkter, freier Verbindung zur Dinkel (ID: 294)","beschreib_lang":null,"foto1":null,"foto2":null,"foto3":null,"foto4":null,"link1":null,"link2":null,"denkmal":"Nein","AIS_NR":null,"Nr_WR":null,"rwert":361100,"hwert":5812890.0},"geometry":{"type":"Point","coordinates":[774350.597585038049147,6881632.982263222336769]}},
{"type":"Feature","properties":{"ID_con":1374,"bw_id":"DIN_SON_7960","name":"Biotop (GB-NOH 3507/052)","GEW":"DIN","stat_von":7960,"bauart":"Biotop","baujahr":null,"upflicht":"Landkreis Grafschaft Bentheim","KTR":null,"FSK":"033143006001180001__","bemerk":null,"beschreib":"Biotop (GB-NOH 3507/052, Naturnahes Kleingewässer, SE) rechtsseitg auf dem Gebiet der Gemeinde Lage ohne direkte Verbindung zur Dinkel","beschreib_lang":null,"foto1":"https://nlwkn.hannit-share.de/index.php/core/preview?fileId=11068369&x=1280&y=819&a=true","foto2":"https://nlwkn.hannit-share.de/index.php/core/preview?fileId=11068372&x=1280&y=819&a=true","foto3":"https://nlwkn.hannit-share.de/index.php/core/preview?fileId=11068375&x=1280&y=819&a=true","foto4":null,"link1":null,"link2":null,"denkmal":"Nein","AIS_NR":null,"Nr_WR":null,"rwert":361082,"hwert":5812692.0},"geometry":{"type":"Point","coordinates":[774330.304001239011995,6881307.232389711774886]}},
{"type":"Feature","properties":{"ID_con":2129,"bw_id":"DIN_SON_7970","name":"Biotop (GB-NOH 3507/051)","GEW":"DIN","stat_von":7970,"bauart":"Biotop","baujahr":null,"upflicht":"Landkreis Grafschaft Bentheim","KTR":null,"FSK":"033143006001160001__","bemerk":null,"beschreib":"Biotop (GB-NOH 3507/051, Naturnahes Kleingewässer, SE) rechtsseitg auf dem Gebiet der Gemeinde Lage ohne direkte Verbindung zur Dinkel","beschreib_lang":null,"foto1":"https://nlwkn.hannit-share.de/index.php/core/preview?fileId=11068378&x=1280&y=819&a=true","foto2":"https://nlwkn.hannit-share.de/index.php/core/preview?fileId=11068381&x=1280&y=819&a=true","foto3":null,"foto4":null,"link1":null,"link2":null,"denkmal":"Nein","AIS_NR":null,"Nr_WR":null,"rwert":361116,"hwert":5812667.0},"geometry":{"type":"Point","coordinates":[774387.114480326883495,6881267.78725606855005]}},
{"type":"Feature","properties":{"ID_con":2128,"bw_id":"DIN_SON_8010","name":"Biotop (GB-NOH 3507/053)","GEW":"DIN","stat_von":8010,"bauart":"Biotop","baujahr":null,"upflicht":"Landkreis Grafschaft Bentheim","KTR":null,"FSK":"033143006001780006__","bemerk":null,"beschreib":"Biotop (GB-NOH 3507/053, Naturnahes Kleingewässer, SE) rechtsseitg auf dem Gebiet der Gemeinde Lage ohne direkte Verbindung zur Dinkel","beschreib_lang":null,"foto1":null,"foto2":null,"foto3":null,"foto4":null,"link1":null,"link2":null,"denkmal":"Nein","AIS_NR":null,"Nr_WR":null,"rwert":361032,"hwert":5812639.0},"geometry":{"type":"Point","coordinates":[774250.917122480575927,6881217.940735178999603]}},
{"type":"Feature","properties":{"ID_con":1375,"bw_id":"ELK_SON_5","name":"Betriebsgebäude (Wehrsteuerung Entlastungswehr)","GEW":"ELK","stat_von":5,"bauart":"Betriebsgebäude","baujahr":"1881-1906","upflicht":"NLWKN","KTR":"MBGVE40400","FSK":"033129007000250014__","bemerk":null,"beschreib":"Betriebsgebäude des Entlastungswehrs mit Steuereinrichtungen und Hydraulik","beschreib_lang":"Betriebsgebäude des Entlastungswehrs mit Steuereinrichtungen und Hydraulik","foto1":"https://nlwkn.hannit-share.de/index.php/core/preview?fileId=11067388&x=1280&y=819&a=true","foto2":"https://nlwkn.hannit-share.de/index.php/core/preview?fileId=11067394&x=1280&y=819&a=true","foto3":"https://nlwkn.hannit-share.de/index.php/core/preview?fileId=11067397&x=1280&y=819&a=true","foto4":"https://nlwkn.hannit-share.de/index.php/core/preview?fileId=11067400&x=1280&y=819&a=true","link1":null,"link2":null,"denkmal":"Nein","AIS_NR":1188,"Nr_WR":null,"rwert":357034,"hwert":5832105.0},"geometry":{"type":"Point","coordinates":[766774.529890173580498,6913033.025395328179002]}},
{"type":"Feature","properties":{"ID_con":2617,"bw_id":"ELK_SON_30","name":"Sohlschwelle uh. Entlastungswehr","GEW":"ELK","stat_von":30,"bauart":"Sohlschwelle","baujahr":null,"upflicht":"NLWKN","KTR":null,"FSK":"03312900900474______","bemerk":null,"beschreib":"Sohlschwelle uh. Enlastungswehr","beschreib_lang":"Sohlschwelle uh. Enlastungswehr","foto1":null,"foto2":null,"foto3":null,"foto4":null,"link1":null,"link2":null,"denkmal":"Nein","AIS_NR":null,"Nr_WR":null,"rwert":357040,"hwert":5832077.0},"geometry":{"type":"Point","coordinates":[766785.737528320052661,6912987.190211645327508]}},
{"type":"Feature","properties":{"ID_con":1376,"bw_id":"ELK_SON_640","name":"Böschungstreppe rechts","GEW":"ELK","stat_von":640,"bauart":"Böschungsstreppe","baujahr":null,"upflicht":"NLWKN","KTR":"MBDVE44100","FSK":"03312900900474______","bemerk":null,"beschreib":"Böschungstreppe unterhalb Brücke Duling.","beschreib_lang":"Böschungstreppe unterhalb Brücke Duling.","foto1":"https://nlwkn.hannit-share.de/index.php/core/preview?fileId=11067403&x=1280&y=819&a=true","foto2":null,"foto3":null,"foto4":null,"link1":null,"link2":null,"denkmal":"Nein","AIS_NR":null,"Nr_WR":null,"rwert":356811,"hwert":5831555.0},"geometry":{"type":"Point","coordinates":[766434.609949931153096,6912116.280487048439682]}},
{"type":"Feature","properties":{"ID_con":1387,"bw_id":"EVK_SON_40","name":"Entnahme, NLWKN Schleusungswasser","GEW":"EVK","stat_von":40,"bauart":"Wasserrecht (Entnahme)","baujahr":null,"upflicht":"NLWKN","KTR":null,"FSK":"033163002000360007__","bemerk":null,"beschreib":"Wasserrecht (A-001 (aktiv, real), OW-Entn.,Linksemsische Kanalgenossenschaft) für Entnahme aus der Ems","beschreib_lang":null,"foto1":null,"foto2":null,"foto3":null,"foto4":null,"link1":null,"link2":null,"denkmal":"Nein","AIS_NR":null,"Nr_WR":"11/13036 (aktiv)","rwert":385184,"hwert":5814456.0},"geometry":{"type":"Point","coordinates":[813720.749532653018832,6885225.52765750605613]}},
{"type":"Feature","properties":{"ID_con":1388,"bw_id":"EVK_SON_60","name":"Infotafel Schleuse I EVK","GEW":"EVK","stat_von":60,"bauart":"Infotafel","baujahr":null,"upflicht":"NLWKN","KTR":null,"FSK":"033163002000240001__","bemerk":null,"beschreib":"Infotafel bei Schleuse I Ems-Vechte-Kanal am Oberhaupt (emsseitig) rechts","beschreib_lang":null,"foto1":"https://nlwkn.hannit-share.de/index.php/core/preview?fileId=11067250&x=1280&y=819&a=true","foto2":"https://nlwkn.hannit-share.de/index.php/core/preview?fileId=11067253&x=1280&y=819&a=true","foto3":null,"foto4":null,"link1":null,"link2":null,"denkmal":"Nein","AIS_NR":null,"Nr_WR":null,"rwert":385183,"hwert":5814431.0},"geometry":{"type":"Point","coordinates":[813720.069804114638828,6885184.437542466446757]}},
{"type":"Feature","properties":{"ID_con":2430,"bw_id":"EVK_SON_605","name":"Skulptur Johannes der Täufer  bei Brücke Beesten","GEW":"EVK","stat_von":605,"bauart":"Kunst (Skulptur)","baujahr":"1990","upflicht":"Stadt Nordhorn?? Stadt Lingen??","KTR":null,"FSK":"033163002001790141__","bemerk":null,"beschreib":"Skulptur Johannes der Täufer von Friedel Kunst (Lingen) bei Brücke Beesten","beschreib_lang":null,"foto1":"https://nlwkn.hannit-share.de/index.php/core/preview?fileId=11067241&x=1280&y=819&a=true","foto2":"https://nlwkn.hannit-share.de/index.php/core/preview?fileId=11067244&x=1280&y=819&a=true","foto3":"https://nlwkn.hannit-share.de/index.php/core/preview?fileId=11067247&x=1280&y=819&a=true","foto4":null,"link1":null,"link2":null,"denkmal":"Nein","AIS_NR":null,"Nr_WR":null,"rwert":384774,"hwert":5814086.0},"geometry":{"type":"Point","coordinates":[813063.412741123815067,6884602.204346293583512]}},
{"type":"Feature","properties":{"ID_con":2518,"bw_id":"EVK_SON_610","name":"Tor / Pfosten","GEW":"EVK","stat_von":610,"bauart":"Tor","baujahr":null,"upflicht":"NLWKN","KTR":null,"FSK":"033163002001790141__","bemerk":null,"beschreib":"Tor / Pfosten uh Brücke links","beschreib_lang":null,"foto1":"https://nlwkn.hannit-share.de/index.php/core/preview?fileId=11067256&x=1280&y=819&a=true","foto2":null,"foto3":null,"foto4":null,"link1":null,"link2":null,"denkmal":"Nein","AIS_NR":null,"Nr_WR":null,"rwert":384770,"hwert":5814079.0},"geometry":{"type":"Point","coordinates":[813057.130589616368525,6884590.556548801250756]}},
{"type":"Feature","properties":{"ID_con":2519,"bw_id":"EVK_SON_3400","name":"Tor / Pfosten","GEW":"EVK","stat_von":3400,"bauart":"Tor","baujahr":null,"upflicht":"NLWKN","KTR":null,"FSK":"033157058000170007__","bemerk":null,"beschreib":"Tor / Pfosten / Absperrung U-Weg","beschreib_lang":null,"foto1":"https://nlwkn.hannit-share.de/index.php/core/preview?fileId=11067232&x=1280&y=819&a=true","foto2":"https://nlwkn.hannit-share.de/index.php/core/preview?fileId=11067235&x=1280&y=819&a=true","foto3":null,"foto4":null,"link1":null,"link2":null,"denkmal":"Nein","AIS_NR":0,"Nr_WR":null,"rwert":382045,"hwert":5814155.0},"geometry":{"type":"Point","coordinates":[808591.098326896084473,6884609.034365518949926]}},
{"type":"Feature","properties":{"ID_con":2520,"bw_id":"EVK_SON_3500","name":"Tor / Pfosten","GEW":"EVK","stat_von":3500,"bauart":"Tor","baujahr":null,"upflicht":"NLWKN","KTR":null,"FSK":"033157058000170011__","bemerk":null,"beschreib":"Tor / Pfosten / Absperrung U-Weg","beschreib_lang":null,"foto1":"https://nlwkn.hannit-share.de/index.php/core/preview?fileId=11067238&x=1280&y=819&a=true","foto2":null,"foto3":null,"foto4":null,"link1":null,"link2":null,"denkmal":"Nein","AIS_NR":0,"Nr_WR":null,"rwert":381954,"hwert":5814112.0},"geometry":{"type":"Point","coordinates":[808443.7518677522894,6884534.839757298119366]}},
{"type":"Feature","properties":{"ID_con":2523,"bw_id":"EVK_SON_6980","name":"Tor / Pfosten","GEW":"EVK","stat_von":6980,"bauart":"Tor","baujahr":null,"upflicht":"NLWKN","KTR":null,"FSK":"03315704200064______","bemerk":null,"beschreib":"Tor / Pfosten / Absperrung","beschreib_lang":null,"foto1":"https://nlwkn.hannit-share.de/index.php/core/preview?fileId=11067259&x=1280&y=819&a=true","foto2":"https://nlwkn.hannit-share.de/index.php/core/preview?fileId=11067262&x=1280&y=819&a=true","foto3":null,"foto4":null,"link1":null,"link2":null,"denkmal":"Nein","AIS_NR":0,"Nr_WR":null,"rwert":378754,"hwert":5812745.0},"geometry":{"type":"Point","coordinates":[803258.214637723867781,6882162.674721272662282]}},
{"type":"Feature","properties":{"ID_con":1389,"bw_id":"EVK_SON_7550","name":"Schutzhütte","GEW":"EVK","stat_von":7550,"bauart":"Schutzhütte","baujahr":null,"upflicht":"??","KTR":null,"FSK":"03315704300040______","bemerk":null,"beschreib":"Schutzhütte","beschreib_lang":null,"foto1":"https://nlwkn.hannit-share.de/index.php/core/preview?fileId=11568902&x=1280&y=819&a=true","foto2":"https://nlwkn.hannit-share.de/index.php/core/preview?fileId=11568903&x=1280&y=819&a=true","foto3":"https://nlwkn.hannit-share.de/index.php/core/preview?fileId=11568905&x=1280&y=819&a=true","foto4":"https://nlwkn.hannit-share.de/index.php/core/preview?fileId=11568904&x=1280&y=819&a=true","link1":null,"link2":null,"denkmal":"Nein","AIS_NR":null,"Nr_WR":null,"rwert":378233,"hwert":5812510.0},"geometry":{"type":"Point","coordinates":[802414.741833293694071,6881755.799475742504001]}},
{"type":"Feature","properties":{"ID_con":2526,"bw_id":"EVK_SON_10765","name":"Tor / Pfosten","GEW":"EVK","stat_von":10765,"bauart":"Tor","baujahr":null,"upflicht":"NLWKN","KTR":null,"FSK":"03315200100042______","bemerk":null,"beschreib":"Tor / Pfosten / Absperrung","beschreib_lang":null,"foto1":"https://nlwkn.hannit-share.de/index.php/core/preview?fileId=11067076&x=1280&y=819&a=true","foto2":null,"foto3":null,"foto4":null,"link1":null,"link2":null,"denkmal":"Nein","AIS_NR":0,"Nr_WR":null,"rwert":375128,"hwert":5811717.0},"geometry":{"type":"Point","coordinates":[797364.408040839829482,6880326.421181029640138]}},
{"type":"Feature","properties":{"ID_con":2362,"bw_id":"EVK_SON_12095","name":"Raststation (Schutzhütte)","GEW":"EVK","stat_von":12095,"bauart":"Schutzhütte","baujahr":"2023","upflicht":"Stadt Nordhorn","KTR":null,"FSK":"033151029000680003__","bemerk":"!! genaue Position prüfen ; nach Bau Bilder hinzufügen ; Vertrag ergänzen","beschreib":"Raststation Stadtflur am Ems-Vechte-Kanal in Nordhorn, die Bauweise entspricht der bereits am Nordhorn-Almelo-Kanal errichteten Raststation.","beschreib_lang":"Raststation Stadtflur am Ems-Vechte-Kanal in Nordhorn, die Bauweise entspricht der bereits am Nordhorn-Almelo-Kanal errichteten Raststation._x000d_\nDirekt an der denkmalgeschützten Drehbrücke „Kotting“  wurde diese Raststation 2023 von der Stadt Nordhorn gebaut. Sie wurde in gleicher Bauweise gebaut, wie die Raststation am Nordhorn-Almelo-Kanal gegenüber des Zollhäuschens._x000d_\n_x000d_\nDas Geländer zum Wasser erinnert an eine Schiffsreling. Durch die Auskragung über die Böschungskante bekommt man so eine besonders nahe Beziehung zum Wasser“.  Fördergeber mit 50 % EU (Leader/Pfeil), Landkreis Grafschaft Bentheim  25 Prozent im Rahmen der Tourismusförderung._x000d_\n_x000d_\nZur Planung und Umsetzung haben das Büro der Planungsgruppe Stadtlandschaft sowie die Firmen GaLaBau Emsland und Protec beigetragen. Besonderheit ist die schonende Bauweise mittels spezieller Schraubfundamente, damit das Wurzelwerk der in der Nähe befindlichen Bäume nicht beschädigt wird.","foto1":"https://nlwkn.hannit-share.de/index.php/core/preview?fileId=11067079&x=1280&y=819&a=true","foto2":"https://nlwkn.hannit-share.de/index.php/core/preview?fileId=11067082&x=1280&y=819&a=true","foto3":"https://nlwkn.hannit-share.de/index.php/core/preview?fileId=12385583&x=1280&y=819&a=true","foto4":"https://nlwkn.hannit-share.de/index.php/core/preview?fileId=12385584&x=1280&y=819&a=true","link1":null,"link2":null,"denkmal":"Nein","AIS_NR":null,"Nr_WR":null,"rwert":370976,"hwert":5810986.0},"geometry":{"type":"Point","coordinates":[790599.823318925919011,6878950.928151465021074]}},
{"type":"Feature","properties":{"ID_con":1377,"bw_id":"EVK_SON_12790","name":"Brücke / Rahmendurchlass (Lee)","GEW":"EVK","stat_von":12790,"bauart":"Brücke / Rahmendurchlass mit Überfahrt mit Geländer","baujahr":"1990","upflicht":"Stadt Nordhorn","KTR":null,"FSK":"033152010000040004__","bemerk":null,"beschreib":"Brücke / Rahmendurchlass über dem ehemaligen Leedüker.","beschreib_lang":"Brücke / Rahmendurchlass über dem ehemaligen Leedüker. Die hier ehemals vorhandene historische Dükerbrücke wurde 1990 durch einen Rahmendurchlass ersetzt.","foto1":"https://nlwkn.hannit-share.de/index.php/core/preview?fileId=11067085&x=1280&y=819&a=true","foto2":"https://nlwkn.hannit-share.de/index.php/core/preview?fileId=11067088&x=1280&y=819&a=true","foto3":"https://nlwkn.hannit-share.de/index.php/core/preview?fileId=11067091&x=1280&y=819&a=true","foto4":"https://nlwkn.hannit-share.de/index.php/core/preview?fileId=11067094&x=1280&y=819&a=true","link1":"https://nlwkn.hannit-share.de/index.php/core/preview?fileId=11067097&x=1280&y=819&a=true","link2":null,"denkmal":"Nein","AIS_NR":null,"Nr_WR":null,"rwert":373144,"hwert":5811296.0},"geometry":{"type":"Point","coordinates":[794134.737768948660232,6879552.191171040758491]}},
{"type":"Feature","properties":{"ID_con":1378,"bw_id":"EVK_SON_12985","name":"Schutzhütte beim Leedüker","GEW":"EVK","stat_von":12985,"bauart":"Schutzhütte","baujahr":null,"upflicht":"Stadt Nordhorn","KTR":null,"FSK":"033152010000040004__","bemerk":null,"beschreib":"Schutzhütte beim Leedüker","beschreib_lang":null,"foto1":"https://nlwkn.hannit-share.de/index.php/core/preview?fileId=11067100&x=1280&y=819&a=true","foto2":"https://nlwkn.hannit-share.de/index.php/core/preview?fileId=11067103&x=1280&y=819&a=true","foto3":"https://nlwkn.hannit-share.de/index.php/core/preview?fileId=11067106&x=1280&y=819&a=true","foto4":null,"link1":null,"link2":null,"denkmal":"Nein","AIS_NR":null,"Nr_WR":null,"rwert":373122,"hwert":5811283.0},"geometry":{"type":"Point","coordinates":[794099.280721658025868,6879529.928872887045145]}},
{"type":"Feature","properties":{"ID_con":2528,"bw_id":"EVK_SON_13380","name":"Pfosten","GEW":"EVK","stat_von":13380,"bauart":"Pfosten","baujahr":null,"upflicht":"NLWKN","KTR":null,"FSK":"033152010000040004__","bemerk":null,"beschreib":"Pfosten","beschreib_lang":null,"foto1":"https://nlwkn.hannit-share.de/index.php/core/preview?fileId=11568936&x=1280&y=819&a=true","foto2":null,"foto3":null,"foto4":null,"link1":null,"link2":null,"denkmal":"Nein","AIS_NR":null,"Nr_WR":null,"rwert":372582,"hwert":5811140.0},"geometry":{"type":"Point","coordinates":[793221.557729618623853,6879272.369185045361519]}},
{"type":"Feature","properties":{"ID_con":2529,"bw_id":"EVK_SON_13385","name":"Überfahrt","GEW":"EVK","stat_von":13385,"bauart":"Überfahrt","baujahr":null,"upflicht":"Stadt Nordhorn??","KTR":null,"FSK":"033152010000040004__","bemerk":null,"beschreib":"Überfahrt Heseper Graben (3,6 to)","beschreib_lang":null,"foto1":"https://nlwkn.hannit-share.de/index.php/core/preview?fileId=11067112&x=1280&y=819&a=true","foto2":"https://nlwkn.hannit-share.de/index.php/core/preview?fileId=11067115&x=1280&y=819&a=true","foto3":null,"foto4":null,"link1":null,"link2":null,"denkmal":"Nein","AIS_NR":0,"Nr_WR":null,"rwert":372573,"hwert":5811142.0},"geometry":{"type":"Point","coordinates":[793206.743394651799463,6879275.267528839409351]}},
{"type":"Feature","properties":{"ID_con":2530,"bw_id":"EVK_SON_14170","name":"Pfosten / Absperrung","GEW":"EVK","stat_von":14170,"bauart":"Pfosten / Absperrung","baujahr":null,"upflicht":"NLWKN","KTR":null,"FSK":"033152010000040004__","bemerk":null,"beschreib":"Pfosten / Absperrung","beschreib_lang":null,"foto1":"https://nlwkn.hannit-share.de/index.php/core/preview?fileId=11568846&x=1280&y=819&a=true","foto2":"https://nlwkn.hannit-share.de/index.php/core/preview?fileId=11568845&x=1280&y=819&a=true","foto3":null,"foto4":null,"link1":null,"link2":null,"denkmal":"Nein","AIS_NR":null,"Nr_WR":null,"rwert":371811,"hwert":5810935.0},"geometry":{"type":"Point","coordinates":[791968.499231027089991,6878903.12240354437381]}},
{"type":"Feature","properties":{"ID_con":2531,"bw_id":"EVK_SON_14505","name":"Steganlage","GEW":"EVK","stat_von":14505,"bauart":"Steg","baujahr":null,"upflicht":"??","KTR":null,"FSK":"033152010000040004__","bemerk":"Verkehrssicherheit gefährdet","beschreib":"Steganlage (nicht verkehrssicher)","beschreib_lang":null,"foto1":"https://nlwkn.hannit-share.de/index.php/core/preview?fileId=11067121&x=1280&y=819&a=true","foto2":"https://nlwkn.hannit-share.de/index.php/core/preview?fileId=11067124&x=1280&y=819&a=true","foto3":"https://nlwkn.hannit-share.de/index.php/core/preview?fileId=11067127&x=1280&y=819&a=true","foto4":null,"link1":null,"link2":null,"denkmal":"Nein","AIS_NR":0,"Nr_WR":null,"rwert":371484,"hwert":5810863.0},"geometry":{"type":"Point","coordinates":[791436.442034880979918,6878770.981684346683323]}},
{"type":"Feature","properties":{"ID_con":1379,"bw_id":"EVK_SON_15125","name":"Infotafel Evers-Kotting","GEW":"EVK","stat_von":15125,"bauart":"Infotafel","baujahr":null,"upflicht":"Stadt Nordhorn","KTR":null,"FSK":"033151070001130011__","bemerk":null,"beschreib":"Infotafel über Wasserstadt Nordhorn an Brücke Evers-Kotting links unterhalb der Fußgängerbrücke","beschreib_lang":null,"foto1":"https://nlwkn.hannit-share.de/index.php/core/preview?fileId=11067130&x=1280&y=819&a=true","foto2":"https://nlwkn.hannit-share.de/index.php/core/preview?fileId=11067133&x=1280&y=819&a=true","foto3":"https://nlwkn.hannit-share.de/index.php/core/preview?fileId=11067136&x=1280&y=819&a=true","foto4":null,"link1":null,"link2":null,"denkmal":"Nein","AIS_NR":null,"Nr_WR":null,"rwert":370961,"hwert":5811015.0},"geometry":{"type":"Point","coordinates":[790574.02888036693912,6878997.859678073786199]}},
{"type":"Feature","properties":{"ID_con":1380,"bw_id":"EVK_SON_15130","name":"Böschungstreppe mit Bedienstegteg oh Brücke Evers-Kotting rechts","GEW":"EVK","stat_von":15130,"bauart":"Böschungstreppe","baujahr":null,"upflicht":"NLWKN","KTR":null,"FSK":"03315107000114______","bemerk":null,"beschreib":"Böschungstreppe oh Brücke Evers-Kotting rechts","beschreib_lang":null,"foto1":"https://nlwkn.hannit-share.de/index.php/core/preview?fileId=11067139&x=1280&y=819&a=true","foto2":"https://nlwkn.hannit-share.de/index.php/core/preview?fileId=11067142&x=1280&y=819&a=true","foto3":"https://nlwkn.hannit-share.de/index.php/core/preview?fileId=11067145&x=1280&y=819&a=true","foto4":null,"link1":null,"link2":null,"denkmal":"Nein","AIS_NR":null,"Nr_WR":null,"rwert":370954,"hwert":5811012.0},"geometry":{"type":"Point","coordinates":[790562.702189739560708,6878992.636112404055893]}},
{"type":"Feature","properties":{"ID_con":1381,"bw_id":"EVK_SON_15135","name":"Steg oh Brücke Evers-Kotting links","GEW":"EVK","stat_von":15135,"bauart":"Steg","baujahr":null,"upflicht":"NLWKN","KTR":null,"FSK":"033151070001150006__","bemerk":null,"beschreib":"Steg oh Brücke Evers-Kotting links","beschreib_lang":null,"foto1":"https://nlwkn.hannit-share.de/index.php/core/preview?fileId=11067148&x=1280&y=819&a=true","foto2":"https://nlwkn.hannit-share.de/index.php/core/preview?fileId=11067151&x=1280&y=819&a=true","foto3":"https://nlwkn.hannit-share.de/index.php/core/preview?fileId=11067154&x=1280&y=819&a=true","foto4":"https://nlwkn.hannit-share.de/index.php/core/preview?fileId=11067157&x=1280&y=819&a=true","link1":null,"link2":null,"denkmal":"Nein","AIS_NR":null,"Nr_WR":null,"rwert":370933,"hwert":5811005.0},"geometry":{"type":"Point","coordinates":[790528.636207831790671,6878980.246580231003463]}},
{"type":"Feature","properties":{"ID_con":1382,"bw_id":"EVK_SON_15940","name":"Steganlage (mit Böschungstreppe)","GEW":"EVK","stat_von":15940,"bauart":"Steg","baujahr":null,"upflicht":"Stadt Nordhorn","KTR":null,"FSK":"03315106800092______","bemerk":null,"beschreib":"Steganlage (mit Böschungstreppe)","beschreib_lang":null,"foto1":"https://nlwkn.hannit-share.de/index.php/core/preview?fileId=11067160&x=1280&y=819&a=true","foto2":"https://nlwkn.hannit-share.de/index.php/core/preview?fileId=11067163&x=1280&y=819&a=true","foto3":"https://nlwkn.hannit-share.de/index.php/core/preview?fileId=11067166&x=1280&y=819&a=true","foto4":null,"link1":null,"link2":null,"denkmal":"Nein","AIS_NR":null,"Nr_WR":null,"rwert":370436,"hwert":5811569.0},"geometry":{"type":"Point","coordinates":[789690.939811419113539,6879884.137073083780706]}},
{"type":"Feature","properties":{"ID_con":1383,"bw_id":"EVK_SON_16060","name":"Steganlage","GEW":"EVK","stat_von":16060,"bauart":"Steg","baujahr":null,"upflicht":"Stadt Nordhorn?","KTR":null,"FSK":"03315106800092______","bemerk":null,"beschreib":"Steganlage","beschreib_lang":null,"foto1":"https://nlwkn.hannit-share.de/index.php/core/preview?fileId=11067169&x=1280&y=819&a=true","foto2":"https://nlwkn.hannit-share.de/index.php/core/preview?fileId=11067172&x=1280&y=819&a=true","foto3":"https://nlwkn.hannit-share.de/index.php/core/preview?fileId=11067175&x=1280&y=819&a=true","foto4":null,"link1":null,"link2":null,"denkmal":"Nein","AIS_NR":null,"Nr_WR":null,"rwert":370320,"hwert":5811612.0},"geometry":{"type":"Point","coordinates":[789499.224844337324612,6879949.668077484704554]}},
{"type":"Feature","properties":{"ID_con":1384,"bw_id":"EVK_SON_16135","name":"Steganlage (mit Boot)","GEW":"EVK","stat_von":16135,"bauart":"Steg","baujahr":null,"upflicht":"??","KTR":null,"FSK":"03315106800092______","bemerk":"Genehmigung??","beschreib":"Steganlage (mit Boot)","beschreib_lang":null,"foto1":"https://nlwkn.hannit-share.de/index.php/core/preview?fileId=11067178&x=1280&y=819&a=true","foto2":"https://nlwkn.hannit-share.de/index.php/core/preview?fileId=11067181&x=1280&y=819&a=true","foto3":null,"foto4":null,"link1":null,"link2":null,"denkmal":"Nein","AIS_NR":null,"Nr_WR":null,"rwert":370243,"hwert":5811636.0},"geometry":{"type":"Point","coordinates":[789372.160545041202568,6879985.710453015752137]}},
{"type":"Feature","properties":{"ID_con":2536,"bw_id":"EVK_SON_16415","name":"Steganlage (privat)","GEW":"EVK","stat_von":16415,"bauart":"Steg","baujahr":null,"upflicht":"??","KTR":null,"FSK":"033151068002640002__","bemerk":"Genehmigung??","beschreib":"Steganlage (privat)","beschreib_lang":null,"foto1":"https://nlwkn.hannit-share.de/index.php/core/preview?fileId=11067184&x=1280&y=819&a=true","foto2":null,"foto3":null,"foto4":null,"link1":null,"link2":null,"denkmal":"Nein","AIS_NR":0,"Nr_WR":null,"rwert":369973,"hwert":5811703.0},"geometry":{"type":"Point","coordinates":[788927.345105767133646,6880083.928167894482613]}},
{"type":"Feature","properties":{"ID_con":2534,"bw_id":"EVK_SON_16465","name":"Steganlage","GEW":"EVK","stat_von":16465,"bauart":"Steg","baujahr":null,"upflicht":"??","KTR":null,"FSK":"033151068002640002__","bemerk":"Genehmigung??","beschreib":"Steganlage (privat)","beschreib_lang":null,"foto1":"https://nlwkn.hannit-share.de/index.php/core/preview?fileId=11067196&x=1280&y=819&a=true","foto2":"https://nlwkn.hannit-share.de/index.php/core/preview?fileId=11067199&x=1280&y=819&a=true","foto3":null,"foto4":null,"link1":null,"link2":null,"denkmal":"Nein","AIS_NR":0,"Nr_WR":null,"rwert":369924,"hwert":5811708.0},"geometry":{"type":"Point","coordinates":[788846.928581280284561,6880090.003192817792296]}},
{"type":"Feature","properties":{"ID_con":1385,"bw_id":"EVK_SON_16545","name":"Bootssanleger Leinpfad (Rawe-Anleger)","GEW":"EVK","stat_von":16545,"bauart":"Bootsanleger","baujahr":null,"upflicht":"Stadt Nordhorn","KTR":null,"FSK":"033151068002640002__","bemerk":null,"beschreib":"Bootssanleger Leinpfad","beschreib_lang":null,"foto1":"https://nlwkn.hannit-share.de/index.php/core/preview?fileId=11067202&x=1280&y=819&a=true","foto2":"https://nlwkn.hannit-share.de/index.php/core/preview?fileId=11067205&x=1280&y=819&a=true","foto3":"https://nlwkn.hannit-share.de/index.php/core/preview?fileId=11067208&x=1280&y=819&a=true","foto4":null,"link1":null,"link2":null,"denkmal":"Nein","AIS_NR":null,"Nr_WR":null,"rwert":369845,"hwert":5811735.0},"geometry":{"type":"Point","coordinates":[788716.455697877798229,6880130.87131801340729]}},
{"type":"Feature","properties":{"ID_con":2535,"bw_id":"EVK_SON_16555","name":"Infotafel Wasserstadt Nordhorn","GEW":"EVK","stat_von":16555,"bauart":"Infotafel","baujahr":null,"upflicht":"Stadt Nordhorn","KTR":null,"FSK":"033151068002430007__","bemerk":"Vertrag??","beschreib":"Infotafel Wasserstadt Nordhorn","beschreib_lang":null,"foto1":"https://nlwkn.hannit-share.de/index.php/core/preview?fileId=11067211&x=1280&y=819&a=true","foto2":"https://nlwkn.hannit-share.de/index.php/core/preview?fileId=11067214&x=1280&y=819&a=true","foto3":"https://nlwkn.hannit-share.de/index.php/core/preview?fileId=11067217&x=1280&y=819&a=true","foto4":null,"link1":null,"link2":null,"denkmal":"Nein","AIS_NR":0,"Nr_WR":null,"rwert":369834,"hwert":5811737.0},"geometry":{"type":"Point","coordinates":[788698.364814984728582,6880133.674618831835687]}},
{"type":"Feature","properties":{"ID_con":2645,"bw_id":"EVK_SON_18095","name":"Schaltschrank","GEW":"EVK","stat_von":18095,"bauart":"Schaltschrank","baujahr":"???","upflicht":"???","KTR":null,"FSK":"033151020004220011__","bemerk":"Daten Recherchieren ???","beschreib":"Schaltschrank mit Schachtdeckel","beschreib_lang":"Schaltschrank mit Schachtdeckel","foto1":"https://nlwkn.hannit-share.de/index.php/core/preview?fileId=12266240&x=1280&y=819&a=true","foto2":"https://nlwkn.hannit-share.de/index.php/core/preview?fileId=12266244&x=1280&y=819&a=true","foto3":"https://nlwkn.hannit-share.de/index.php/core/preview?fileId=12266245&x=1280&y=819&a=true","foto4":"https://nlwkn.hannit-share.de/index.php/core/preview?fileId=12266246&x=1280&y=819&a=true","link1":null,"link2":null,"denkmal":"Nein","AIS_NR":null,"Nr_WR":null,"rwert":368685,"hwert":5812252.0},"geometry":{"type":"Point","coordinates":[786795.225767952855676,6880928.545841626822948]}},
{"type":"Feature","properties":{"ID_con":2346,"bw_id":"EVK_SON_20100","name":"Biotop GB-NOH 3508/054","GEW":"EVK","stat_von":20100,"bauart":"Biotop","baujahr":null,"upflicht":"Landkreis Grafschaft Bentheim","KTR":null,"FSK":"033151025001190013__","bemerk":"Biotop auf landeseigener Fläche","beschreib":"Biotop (GB-NOH 3508/054) auf landeseigener Fläche rechts","beschreib_lang":null,"foto1":null,"foto2":null,"foto3":null,"foto4":null,"link1":null,"link2":null,"denkmal":"Nein","AIS_NR":0,"Nr_WR":null,"rwert":368316,"hwert":5814180.0},"geometry":{"type":"Point","coordinates":[786106.537882432807237,6884076.74339618626982]}},
{"type":"Feature","properties":{"ID_con":2348,"bw_id":"EVK_SON_20250","name":"Biotop GB-NOH 3508/053","GEW":"EVK","stat_von":20250,"bauart":"Biotop","baujahr":null,"upflicht":"Landkreis Grafschaft Bentheim","KTR":null,"FSK":"033151025000140006__","bemerk":"Biotop an an Kanal rechtsseitig","beschreib":"Biotop (GB-NOH 3508/053) am Kanal rechtsseitig","beschreib_lang":null,"foto1":null,"foto2":null,"foto3":null,"foto4":null,"link1":null,"link2":null,"denkmal":"Nein","AIS_NR":0,"Nr_WR":null,"rwert":368136,"hwert":5814164.0},"geometry":{"type":"Point","coordinates":[785812.489301150082611,6884042.542712613940239]}},
{"type":"Feature","properties":{"ID_con":2350,"bw_id":"EVK_SON_20930","name":"Biotop GB-NOH 3508/006","GEW":"EVK","stat_von":20930,"bauart":"Biotop","baujahr":null,"upflicht":"Landkreis Grafschaft Bentheim","KTR":null,"FSK":"033151029000680003__","bemerk":null,"beschreib":"Biotop (GB-NOH 3508/006) rechts","beschreib_lang":null,"foto1":null,"foto2":null,"foto3":null,"foto4":null,"link1":null,"link2":null,"denkmal":"Nein","AIS_NR":null,"Nr_WR":null,"rwert":367470,"hwert":5814060.0},"geometry":{"type":"Point","coordinates":[784726.513897862751037,6883842.366091229952872]}},
{"type":"Feature","properties":{"ID_con":1386,"bw_id":"EVK_SON_21035","name":"Infotafel Koppelschleuse","GEW":"EVK","stat_von":21035,"bauart":"Infotafel","baujahr":"2004","upflicht":"NLWKN","KTR":null,"FSK":"033151029000700010__","bemerk":null,"beschreib":"Infotafel an der  Koppelschleuse am Oberhautp links","beschreib_lang":null,"foto1":"https://nlwkn.hannit-share.de/index.php/core/preview?fileId=11067226&x=1280&y=819&a=true","foto2":"https://nlwkn.hannit-share.de/index.php/core/preview?fileId=11067229&x=1280&y=819&a=true","foto3":null,"foto4":null,"link1":null,"link2":null,"denkmal":"Nein","AIS_NR":null,"Nr_WR":null,"rwert":367377,"hwert":5813949.0},"geometry":{"type":"Point","coordinates":[784579.142439571791328,6883656.031484929844737]}},
{"type":"Feature","properties":{"ID_con":1413,"bw_id":"GFD_SON_540","name":"Pegel Oberwasser","GEW":"GFD","stat_von":540,"bauart":"Pegellatte","baujahr":null,"upflicht":"WSV","KTR":null,"FSK":"031847029000070001__","bemerk":"Wasserstand OW Wehr WSA am 21.03.2021 11:34 : 4,95","beschreib":"Pegel Oberwasser","beschreib_lang":null,"foto1":"https://nlwkn.hannit-share.de/index.php/core/preview?fileId=11066527&x=1280&y=819&a=true","foto2":null,"foto3":null,"foto4":null,"link1":null,"link2":null,"denkmal":"Nein","AIS_NR":null,"Nr_WR":null,"rwert":390272,"hwert":5872172.0},"geometry":{"type":"Point","coordinates":[819908.019006731570698,6980755.863355741836131]}},
{"type":"Feature","properties":{"ID_con":1415,"bw_id":"GFD_SON_600","name":"Bootsanleger rechts","GEW":"GFD","stat_von":600,"bauart":"Bootsanleger","baujahr":null,"upflicht":"??","KTR":null,"FSK":"031847029000060003__","bemerk":null,"beschreib":"Bootsanleger rechts","beschreib_lang":null,"foto1":"https://nlwkn.hannit-share.de/index.php/core/preview?fileId=11066530&x=1280&y=819&a=true","foto2":"https://nlwkn.hannit-share.de/index.php/core/preview?fileId=11066533&x=1280&y=819&a=true","foto3":"https://nlwkn.hannit-share.de/index.php/core/preview?fileId=11066536&x=1280&y=819&a=true","foto4":null,"link1":null,"link2":null,"denkmal":"Nein","AIS_NR":null,"Nr_WR":null,"rwert":390243,"hwert":5872227.0},"geometry":{"type":"Point","coordinates":[819857.870163623476401,6980846.156957929953933]}},
{"type":"Feature","properties":{"ID_con":1390,"bw_id":"GFD_SON_1075","name":"Tor (Stange)","GEW":"GFD","stat_von":1075,"bauart":"Tor","baujahr":null,"upflicht":"NLWKN","KTR":null,"FSK":"03184702800001______","bemerk":null,"beschreib":"Tor (Stange)","beschreib_lang":"Tor (Stange)","foto1":"https://nlwkn.hannit-share.de/index.php/core/preview?fileId=11066347&x=1280&y=819&a=true","foto2":null,"foto3":null,"foto4":null,"link1":null,"link2":null,"denkmal":"Nein","AIS_NR":null,"Nr_WR":null,"rwert":390114,"hwert":5872680.0},"geometry":{"type":"Point","coordinates":[819626.897654957487248,6981594.042728896252811]}},
{"type":"Feature","properties":{"ID_con":1391,"bw_id":"GFD_SON_2020","name":"Tor (verzinkt mit Kette und Schloss)","GEW":"GFD","stat_von":2020,"bauart":"Tor","baujahr":"2021","upflicht":"NLWKN","KTR":null,"FSK":"03184702800005______","bemerk":null,"beschreib":"Tor (verzinkt mit Kette und Schloss)","beschreib_lang":"Tor (verzinkt mit Kette und Schloss)","foto1":"https://nlwkn.hannit-share.de/index.php/core/preview?fileId=11066356&x=1280&y=819&a=true","foto2":null,"foto3":null,"foto4":null,"link1":null,"link2":null,"denkmal":"Nein","AIS_NR":null,"Nr_WR":null,"rwert":389936,"hwert":5873613.0},"geometry":{"type":"Point","coordinates":[819296.444186408305541,6983137.920879413373768]}},
{"type":"Feature","properties":{"ID_con":1392,"bw_id":"GFD_SON_2050","name":"Tor (mit Kette)","GEW":"GFD","stat_von":2050,"bauart":"Tor","baujahr":"2021","upflicht":"NLWKN","KTR":null,"FSK":"03184700500051______","bemerk":null,"beschreib":"Tor (mit Kette)","beschreib_lang":"Tor (mit Kette)","foto1":"https://nlwkn.hannit-share.de/index.php/core/preview?fileId=11066359&x=1280&y=819&a=true","foto2":null,"foto3":null,"foto4":null,"link1":null,"link2":null,"denkmal":"Nein","AIS_NR":null,"Nr_WR":null,"rwert":389887,"hwert":5873635.0},"geometry":{"type":"Point","coordinates":[819214.362689206260256,6983172.625297959893942]}},
{"type":"Feature","properties":{"ID_con":1393,"bw_id":"GFD_SON_2052","name":"Trafostation","GEW":"GFD","stat_von":2052,"bauart":"Trafostation","baujahr":null,"upflicht":"EWE","KTR":null,"FSK":"03184700500051______","bemerk":null,"beschreib":"Trafostation","beschreib_lang":null,"foto1":"https://nlwkn.hannit-share.de/index.php/core/preview?fileId=11066362&x=1280&y=819&a=true","foto2":"https://nlwkn.hannit-share.de/index.php/core/preview?fileId=11066365&x=1280&y=819&a=true","foto3":null,"foto4":null,"link1":null,"link2":null,"denkmal":"Nein","AIS_NR":null,"Nr_WR":null,"rwert":389881,"hwert":5873637.0},"geometry":{"type":"Point","coordinates":[819204.338168912450783,6983175.721437643282115]}},
{"type":"Feature","properties":{"ID_con":1394,"bw_id":"GFD_SON_2055","name":"Tor (Stahl verzinkt mit Kette und Schloß)","GEW":"GFD","stat_von":2055,"bauart":"Tor","baujahr":null,"upflicht":"NLWKN","KTR":null,"FSK":"03184700400026______","bemerk":null,"beschreib":"Tor (Stahl verzinkt mit Kette und Schloß)","beschreib_lang":"Tor (Stahl verzinkt mit Kette und Schloß)","foto1":"https://nlwkn.hannit-share.de/index.php/core/preview?fileId=11066368&x=1280&y=819&a=true","foto2":null,"foto3":null,"foto4":null,"link1":null,"link2":null,"denkmal":"Nein","AIS_NR":null,"Nr_WR":null,"rwert":389928,"hwert":5873647.0},"geometry":{"type":"Point","coordinates":[819281.890076438547112,6983194.130025753751397]}},
{"type":"Feature","properties":{"ID_con":1395,"bw_id":"GFD_SON_2070","name":"Tor","GEW":"GFD","stat_von":2070,"bauart":"Tor","baujahr":null,"upflicht":"NLWKN","KTR":null,"FSK":"03184700400026______","bemerk":null,"beschreib":"Tor","beschreib_lang":"Tor","foto1":"https://nlwkn.hannit-share.de/index.php/core/preview?fileId=11066383&x=1280&y=819&a=true","foto2":null,"foto3":null,"foto4":null,"link1":null,"link2":null,"denkmal":"Nein","AIS_NR":null,"Nr_WR":null,"rwert":389893,"hwert":5873655.0},"geometry":{"type":"Point","coordinates":[819223.552677375264466,6983206.096626072190702]}},
{"type":"Feature","properties":{"ID_con":1396,"bw_id":"GFD_SON_2660","name":"Überfahrt Vockegraben","GEW":"GFD","stat_von":2660,"bauart":"Überfahrt","baujahr":null,"upflicht":"??","KTR":null,"FSK":"03184700400028______","bemerk":"U-Pflicht klären","beschreib":"Überfahrt (Kastendurchlass) Vockegraben","beschreib_lang":null,"foto1":"https://nlwkn.hannit-share.de/index.php/core/preview?fileId=11066398&x=1280&y=819&a=true","foto2":null,"foto3":null,"foto4":null,"link1":null,"link2":null,"denkmal":"Nein","AIS_NR":null,"Nr_WR":null,"rwert":389557,"hwert":5874118.0},"geometry":{"type":"Point","coordinates":[818648.80850564094726,6983962.915110912173986]}},
{"type":"Feature","properties":{"ID_con":1397,"bw_id":"GFD_SON_2830","name":"Tor","GEW":"GFD","stat_von":2830,"bauart":"Tor","baujahr":"2021","upflicht":"NLWKN","KTR":null,"FSK":"03184700400027______","bemerk":null,"beschreib":"Tor","beschreib_lang":"Tor","foto1":"https://nlwkn.hannit-share.de/index.php/core/preview?fileId=11066401&x=1280&y=819&a=true","foto2":null,"foto3":null,"foto4":null,"link1":null,"link2":null,"denkmal":"Nein","AIS_NR":null,"Nr_WR":null,"rwert":389439,"hwert":5874240.0},"geometry":{"type":"Point","coordinates":[818448.484911427251063,6984161.215461050160229]}},
{"type":"Feature","properties":{"ID_con":1398,"bw_id":"GFD_SON_2845","name":"Tor (defekt)","GEW":"GFD","stat_von":2845,"bauart":"Tor","baujahr":null,"upflicht":"NLWKN","KTR":null,"FSK":"03184700400026______","bemerk":"Tor (defekt)","beschreib":"Tor (defekt)","beschreib_lang":"Tor (defekt)","foto1":"https://nlwkn.hannit-share.de/index.php/core/preview?fileId=11066404&x=1280&y=819&a=true","foto2":null,"foto3":null,"foto4":null,"link1":null,"link2":null,"denkmal":"Nein","AIS_NR":null,"Nr_WR":null,"rwert":389405,"hwert":5874228.0},"geometry":{"type":"Point","coordinates":[818392.559843294438906,6984139.968450708314776]}},
{"type":"Feature","properties":{"ID_con":1399,"bw_id":"GFD_SON_2850","name":"Überfahrt (Kastendurchlass)","GEW":"GFD","stat_von":2850,"bauart":"Überfahrt","baujahr":null,"upflicht":"NLWKN??","KTR":null,"FSK":"031847004000070001__","bemerk":"Wer hat die U-Pflicht für den Kastendurchlass / Br","beschreib":"Überfahrt (Kastendurchlass) Montaniagraben","beschreib_lang":null,"foto1":"https://nlwkn.hannit-share.de/index.php/core/preview?fileId=11066407&x=1280&y=819&a=true","foto2":"https://nlwkn.hannit-share.de/index.php/core/preview?fileId=11066410&x=1280&y=819&a=true","foto3":null,"foto4":null,"link1":null,"link2":null,"denkmal":"Nein","AIS_NR":null,"Nr_WR":null,"rwert":389423,"hwert":5874254.0},"geometry":{"type":"Point","coordinates":[818421.418508238508366,6984183.87728772033006]}},
{"type":"Feature","properties":{"ID_con":1400,"bw_id":"GFD_SON_2855","name":"Tor","GEW":"GFD","stat_von":2855,"bauart":"Tor","baujahr":"2021","upflicht":"NLWKN","KTR":null,"FSK":"031847004000070001__","bemerk":null,"beschreib":"Tor (Stahl verzinkt) mit Kette und Schloß","beschreib_lang":null,"foto1":"https://nlwkn.hannit-share.de/index.php/core/preview?fileId=11066413&x=1280&y=819&a=true","foto2":"https://nlwkn.hannit-share.de/index.php/core/preview?fileId=11066416&x=1280&y=819&a=true","foto3":null,"foto4":null,"link1":null,"link2":null,"denkmal":"Nein","AIS_NR":null,"Nr_WR":null,"rwert":389421,"hwert":5874259.0},"geometry":{"type":"Point","coordinates":[818417.91134688036982,6984192.112680924125016]}},
{"type":"Feature","properties":{"ID_con":1401,"bw_id":"GFD_SON_2860","name":"Tor (Holz)","GEW":"GFD","stat_von":2860,"bauart":"Tor","baujahr":null,"upflicht":"NLWKN","KTR":null,"FSK":"031847004000020003__","bemerk":null,"beschreib":"Tor (Holz)","beschreib_lang":null,"foto1":"https://nlwkn.hannit-share.de/index.php/core/preview?fileId=11066419&x=1280&y=819&a=true","foto2":"https://nlwkn.hannit-share.de/index.php/core/preview?fileId=11066422&x=1280&y=819&a=true","foto3":null,"foto4":null,"link1":null,"link2":null,"denkmal":"Nein","AIS_NR":null,"Nr_WR":null,"rwert":389392,"hwert":5874241.0},"geometry":{"type":"Point","coordinates":[818370.506393966614269,6984161.08230612333864]}},
{"type":"Feature","properties":{"ID_con":1402,"bw_id":"GFD_SON_3280","name":"Tor","GEW":"GFD","stat_von":3280,"bauart":"Tor","baujahr":null,"upflicht":"NLWKN","KTR":null,"FSK":"03184700200022______","bemerk":null,"beschreib":"Tor","beschreib_lang":"Tor","foto1":"https://nlwkn.hannit-share.de/index.php/core/preview?fileId=11066443&x=1280&y=819&a=true","foto2":"https://nlwkn.hannit-share.de/index.php/core/preview?fileId=11066446&x=1280&y=819&a=true","foto3":null,"foto4":null,"link1":null,"link2":null,"denkmal":"Nein","AIS_NR":null,"Nr_WR":null,"rwert":389077,"hwert":5874489.0},"geometry":{"type":"Point","coordinates":[817838.660312681575306,6984561.30138704366982]}},
{"type":"Feature","properties":{"ID_con":1403,"bw_id":"GFD_SON_4065","name":"Stützpunkt Lehe;  Betriebsgebäude (incl.  Bootshaus)","GEW":"GFD","stat_von":4065,"bauart":"Betriebsgebäude","baujahr":null,"upflicht":"NLWKN","KTR":null,"FSK":"031847002000210004__","bemerk":null,"beschreib":"Stützpunkt Lehe;  Betriebsgebäude (incl.  Bootshaus) ;  Zum Block ,Ecke Bundesstr.70","beschreib_lang":"Stützpunkt Lehe; Betriebsgebäude (incl. Bootshaus)","foto1":"https://nlwkn.hannit-share.de/index.php/core/preview?fileId=11066461&x=1280&y=819&a=true","foto2":"https://nlwkn.hannit-share.de/index.php/core/preview?fileId=11066464&x=1280&y=819&a=true","foto3":"https://nlwkn.hannit-share.de/index.php/core/preview?fileId=11066467&x=1280&y=819&a=true","foto4":"https://nlwkn.hannit-share.de/index.php/core/preview?fileId=11066470&x=1280&y=819&a=true","link1":null,"link2":null,"denkmal":"Nein","AIS_NR":null,"Nr_WR":null,"rwert":388544,"hwert":5874994.0},"geometry":{"type":"Point","coordinates":[816935.342103136819787,6985380.391841945238411]}},
{"type":"Feature","properties":{"ID_con":1404,"bw_id":"GFD_SON_4235","name":"Tor","GEW":"GFD","stat_von":4235,"bauart":"Tor","baujahr":null,"upflicht":"NLWKN","KTR":null,"FSK":"031847002000210004__","bemerk":null,"beschreib":"Tor","beschreib_lang":null,"foto1":"https://nlwkn.hannit-share.de/index.php/core/preview?fileId=11066473&x=1280&y=819&a=true","foto2":null,"foto3":null,"foto4":null,"link1":null,"link2":null,"denkmal":"Nein","AIS_NR":null,"Nr_WR":null,"rwert":388375,"hwert":5875047.0},"geometry":{"type":"Point","coordinates":[816653.008154883049428,6985461.995096878148615]}},
{"type":"Feature","properties":{"ID_con":1405,"bw_id":"GFD_SON_4280","name":"Tor oh Brücke B70 rechts","GEW":"GFD","stat_von":4280,"bauart":"Tor","baujahr":null,"upflicht":"??NLSTBV","KTR":null,"FSK":"03184700200020______","bemerk":null,"beschreib":"Tor","beschreib_lang":null,"foto1":"https://nlwkn.hannit-share.de/index.php/core/preview?fileId=11066476&x=1280&y=819&a=true","foto2":null,"foto3":null,"foto4":null,"link1":null,"link2":null,"denkmal":"Nein","AIS_NR":null,"Nr_WR":null,"rwert":388346,"hwert":5875115.0},"geometry":{"type":"Point","coordinates":[816602.292211434338242,6985573.934347091242671]}},
{"type":"Feature","properties":{"ID_con":1406,"bw_id":"GFD_SON_4310","name":"Tor uh Brücke B70 links","GEW":"GFD","stat_von":4310,"bauart":"Tor","baujahr":null,"upflicht":"NLWKN","KTR":null,"FSK":"03184700100007______","bemerk":null,"beschreib":"Tor uh Brücke B70 links","beschreib_lang":"Tor uh Brücke B70 links","foto1":"https://nlwkn.hannit-share.de/index.php/core/preview?fileId=11066479&x=1280&y=819&a=true","foto2":null,"foto3":null,"foto4":null,"link1":null,"link2":null,"denkmal":"Nein","AIS_NR":null,"Nr_WR":null,"rwert":388308,"hwert":5875081.0},"geometry":{"type":"Point","coordinates":[816540.575242329621688,6985515.938463312573731]}},
{"type":"Feature","properties":{"ID_con":1407,"bw_id":"GFD_SON_4320","name":"Tor rechts uh Brücke B70","GEW":"GFD","stat_von":4320,"bauart":"Tor","baujahr":null,"upflicht":"NLWKN","KTR":null,"FSK":"03184700100007______","bemerk":null,"beschreib":"Tor","beschreib_lang":null,"foto1":"https://nlwkn.hannit-share.de/index.php/core/preview?fileId=11066482&x=1280&y=819&a=true","foto2":null,"foto3":null,"foto4":null,"link1":null,"link2":null,"denkmal":"Nein","AIS_NR":null,"Nr_WR":null,"rwert":388306,"hwert":5875115.0},"geometry":{"type":"Point","coordinates":[816535.948801315505989,6985572.390504998154938]}},
{"type":"Feature","properties":{"ID_con":1408,"bw_id":"GFD_SON_4475","name":"Bootsanleger oberhalb Wehr Goldfischdever","GEW":"GFD","stat_von":4475,"bauart":"Bootsanleger","baujahr":null,"upflicht":"NLWKN??","KTR":null,"FSK":"03184700100007______","bemerk":null,"beschreib":"Bootsanleger","beschreib_lang":null,"foto1":"https://nlwkn.hannit-share.de/index.php/core/preview?fileId=11066485&x=1280&y=819&a=true","foto2":"https://nlwkn.hannit-share.de/index.php/core/preview?fileId=11066488&x=1280&y=819&a=true","foto3":null,"foto4":null,"link1":null,"link2":null,"denkmal":"Nein","AIS_NR":null,"Nr_WR":null,"rwert":388163,"hwert":5875164.0},"geometry":{"type":"Point","coordinates":[816296.882000562851317,6985648.335927153937519]}},
{"type":"Feature","properties":{"ID_con":1409,"bw_id":"GFD_SON_4510","name":"Pegellatte (OW)","GEW":"GFD","stat_von":4510,"bauart":"Pegellatte","baujahr":null,"upflicht":"NLWKN","KTR":null,"FSK":"03184700100007______","bemerk":"Wasserstand OW am 28.03.2021 13:10 = 2.30 m (NN??)","beschreib":"Pegellatte (OW)","beschreib_lang":null,"foto1":"https://nlwkn.hannit-share.de/index.php/core/preview?fileId=11066491&x=1280&y=819&a=true","foto2":"https://nlwkn.hannit-share.de/index.php/core/preview?fileId=11066494&x=1280&y=819&a=true","foto3":null,"foto4":null,"link1":null,"link2":null,"denkmal":"Nein","AIS_NR":null,"Nr_WR":null,"rwert":388121,"hwert":5875162.0},"geometry":{"type":"Point","coordinates":[816227.298017776338384,6985643.386897162534297]}},
{"type":"Feature","properties":{"ID_con":1410,"bw_id":"GFD_SON_4515","name":"Betriebsgebäude links (Steuerung Wehr Goldfischdever)","GEW":"GFD","stat_von":4515,"bauart":"Betriebsgebäude","baujahr":null,"upflicht":"NLWKN","KTR":null,"FSK":"03184700100007______","bemerk":null,"beschreib":"Betriebsgebäude Wehr Goldfischdever mit Steuereinrichtungen und Hydraulik","beschreib_lang":"Betriebsgebäude Wehr Goldfischdever mit Steuereinrichtungen und Hydraulik","foto1":"https://nlwkn.hannit-share.de/index.php/core/preview?fileId=11066509&x=1280&y=819&a=true","foto2":"https://nlwkn.hannit-share.de/index.php/core/preview?fileId=11066512&x=1280&y=819&a=true","foto3":"https://nlwkn.hannit-share.de/index.php/core/preview?fileId=11066515&x=1280&y=819&a=true","foto4":"https://nlwkn.hannit-share.de/index.php/core/preview?fileId=11066518&x=1280&y=819&a=true","link1":null,"link2":null,"denkmal":"Nein","AIS_NR":null,"Nr_WR":null,"rwert":388118,"hwert":5875162.0},"geometry":{"type":"Point","coordinates":[816222.322226219577715,6985643.270892333239317]}},
{"type":"Feature","properties":{"ID_con":1411,"bw_id":"GFD_SON_4530","name":"Pegellatte UW Wehr Goldfischdever links","GEW":"GFD","stat_von":4530,"bauart":"Pegellatte","baujahr":null,"upflicht":"NLWKN","KTR":null,"FSK":"03184700100007______","bemerk":null,"beschreib":"Pegellatte UW Wehr Goldfischdever links","beschreib_lang":"Pegellatte UW Wehr Goldfischdever links","foto1":"https://nlwkn.hannit-share.de/index.php/core/preview?fileId=11066521&x=1280&y=819&a=true","foto2":null,"foto3":null,"foto4":null,"link1":null,"link2":null,"denkmal":"Nein","AIS_NR":null,"Nr_WR":null,"rwert":388107,"hwert":5875167.0},"geometry":{"type":"Point","coordinates":[816203.884766081231646,6985651.158732767216861]}},
{"type":"Feature","properties":{"ID_con":1412,"bw_id":"GFD_SON_4570","name":"Bootsanleger unterhalb Wehr Goldfischdever","GEW":"GFD","stat_von":4570,"bauart":"Bootsanleger","baujahr":null,"upflicht":"NLWKN??","KTR":null,"FSK":"03184700100007______","bemerk":null,"beschreib":"Auskolkung","beschreib_lang":null,"foto1":"https://nlwkn.hannit-share.de/index.php/core/preview?fileId=11066524&x=1280&y=819&a=true","foto2":null,"foto3":null,"foto4":null,"link1":null,"link2":null,"denkmal":"Nein","AIS_NR":null,"Nr_WR":null,"rwert":388072,"hwert":5875195.0},"geometry":{"type":"Point","coordinates":[816144.753280083066784,6985696.359136658720672]}},
{"type":"Feature","properties":{"ID_con":1414,"bw_id":"GFD_SON_5435","name":"Kolk linksseitig","GEW":"GFD","stat_von":5435,"bauart":"Auskolkung","baujahr":null,"upflicht":"NLWKN","KTR":null,"FSK":"031716113000650020__","bemerk":null,"beschreib":"Kolk linksseitig","beschreib_lang":null,"foto1":null,"foto2":null,"foto3":null,"foto4":null,"link1":null,"link2":null,"denkmal":"Nein","AIS_NR":null,"Nr_WR":null,"rwert":387905,"hwert":5875714.0},"geometry":{"type":"Point","coordinates":[815847.704650817089714,6986552.855431022122502]}},
{"type":"Feature","properties":{"ID_con":1419,"bw_id":"HAS_SON_1520","name":"Bootsanleger (Alter Emskanal)","GEW":"HAS","stat_von":1520,"bauart":"Bootsanleger","baujahr":null,"upflicht":"Fachbereich Wirtschaft LK Emsland","KTR":null,"FSK":"033110011003920087__","bemerk":"Genehmigung vom 18.07.2005 (Fachbereich Wirtschaft","beschreib":"Bootssteg, Bootsanleger (Alter Emskanal)","beschreib_lang":null,"foto1":"https://nlwkn.hannit-share.de/index.php/core/preview?fileId=11065147&x=1280&y=819&a=true","foto2":"https://nlwkn.hannit-share.de/index.php/core/preview?fileId=11065150&x=1280&y=819&a=true","foto3":null,"foto4":null,"link1":null,"link2":null,"denkmal":"Nein","AIS_NR":null,"Nr_WR":null,"rwert":385550,"hwert":5838878.0},"geometry":{"type":"Point","coordinates":[813381.090657294960693,6925441.998399854637682]}},
{"type":"Feature","properties":{"ID_con":1423,"bw_id":"HAS_SON_1745","name":"Böschungstreppe bei Fußgängerbrücke","GEW":"HAS","stat_von":1745,"bauart":"Stahlbeton","baujahr":"2020","upflicht":"Stadt Meppen","KTR":null,"FSK":"033110011003920029__","bemerk":"Position aktualisieren wenn Luftbild vorliegt ; Ve","beschreib":"Böschungstreppe bei Fußgängerbrücke (Meppen, Haseknie)","beschreib_lang":null,"foto1":"https://nlwkn.hannit-share.de/index.php/core/preview?fileId=11065159&x=1280&y=819&a=true","foto2":null,"foto3":null,"foto4":null,"link1":null,"link2":null,"denkmal":"Nein","AIS_NR":null,"Nr_WR":null,"rwert":385776,"hwert":5838818.0},"geometry":{"type":"Point","coordinates":[813755.444316394045018,6925351.743906969204545]}},
{"type":"Feature","properties":{"ID_con":1424,"bw_id":"HAS_SON_1755","name":"Böschungstreppe Fußgängerbrücke","GEW":"HAS","stat_von":1755,"bauart":"Stahlbetontreppe","baujahr":"2020","upflicht":"Stadt Meppen","KTR":null,"FSK":"033110011001240004__","bemerk":"Position aktualisieren wenn Luftbild vorliegt ; Ve","beschreib":"Böschungstreppe Fußgängerbrücke (rechts ; Meppen Haseknie)","beschreib_lang":null,"foto1":"https://nlwkn.hannit-share.de/index.php/core/preview?fileId=11065162&x=1280&y=819&a=true","foto2":"https://nlwkn.hannit-share.de/index.php/core/preview?fileId=11065165&x=1280&y=819&a=true","foto3":"https://nlwkn.hannit-share.de/index.php/core/preview?fileId=11065168&x=1280&y=819&a=true","foto4":null,"link1":null,"link2":null,"denkmal":"Nein","AIS_NR":null,"Nr_WR":null,"rwert":385779,"hwert":5838877.0},"geometry":{"type":"Point","coordinates":[813758.103824141086079,6925449.224558032117784]}},
{"type":"Feature","properties":{"ID_con":1428,"bw_id":"HAS_SON_1930","name":"OW-Entn., Kirschner, Hase - km 59.1 (A-001)","GEW":"HAS","stat_von":1930,"bauart":"Wasserrecht (Entnahme)","baujahr":null,"upflicht":"Kirschner","KTR":null,"FSK":"033110012000690009__","bemerk":"OW-Entn., Kirschner, Hase - km 59.1 (A-001), ertei","beschreib":"Wasserrecht (Kennziffer: 11/12954) zur unbefristeten Oberflächenwasserentnahme aus der Hase erteilt am 08.04.1954, geändert am 28.05.2003.","beschreib_lang":"Wasserrecht (Kennziffer: 11/12954) zur unbefristeten Oberflächenwasserentnahme aus der Hase erteilt am 08.04.1954, geändert am 28.05.2003.","foto1":null,"foto2":null,"foto3":null,"foto4":null,"link1":null,"link2":null,"denkmal":"Nein","AIS_NR":null,"Nr_WR":"11/12954 (aktiv)","rwert":385959,"hwert":5838866.0},"geometry":{"type":"Point","coordinates":[814054.840611917083152,6925438.036359324119985]}},
{"type":"Feature","properties":{"ID_con":1439,"bw_id":"HAS_SON_2470","name":"Böschungstreppe , Steg (Privat)","GEW":"HAS","stat_von":2470,"bauart":"Böschungstreppe","baujahr":null,"upflicht":null,"KTR":null,"FSK":"033110013000360009__","bemerk":null,"beschreib":"Böschungstreppe , Steg (Privat)","beschreib_lang":null,"foto1":"https://nlwkn.hannit-share.de/index.php/core/preview?fileId=11065297&x=1280&y=819&a=true","foto2":"https://nlwkn.hannit-share.de/index.php/core/preview?fileId=11065300&x=1280&y=819&a=true","foto3":null,"foto4":null,"link1":null,"link2":null,"denkmal":"Nein","AIS_NR":null,"Nr_WR":null,"rwert":385958,"hwert":5839322.0},"geometry":{"type":"Point","coordinates":[814035.605962454807013,6926190.549175937660038]}},
{"type":"Feature","properties":{"ID_con":2098,"bw_id":"HAS_SON_2500","name":"Betriebsstelle Meppen","GEW":"HAS","stat_von":2500,"bauart":"Betriebsgebäude","baujahr":"1995","upflicht":null,"KTR":null,"FSK":"033110037000010020__","bemerk":null,"beschreib":"NLWKN Betriebsstelle Meppen","beschreib_lang":"NLWKN Betriebsstelle Meppen","foto1":"https://nlwkn.hannit-share.de/index.php/core/preview?fileId=11065306&x=1280&y=819&a=true","foto2":null,"foto3":null,"foto4":null,"link1":null,"link2":null,"denkmal":"Nein","AIS_NR":0,"Nr_WR":null,"rwert":385647,"hwert":5840495.0},"geometry":{"type":"Point","coordinates":[813478.210598710691556,6928114.660073656588793]}},
{"type":"Feature","properties":{"ID_con":2364,"bw_id":"HAS_SON_2670","name":"Biotop (Nr. : 24.12/01, Spiek)","GEW":"HAS","stat_von":2670,"bauart":"Biotop","baujahr":null,"upflicht":"Landkreis Emsland","KTR":null,"FSK":"033110007000610010__","bemerk":"Biotop auf landeseigener Fläche","beschreib":"Biotop (§ 30;  Spiek) auf landeseigener Fläche (Typ: NRW,NSR)","beschreib_lang":null,"foto1":null,"foto2":null,"foto3":null,"foto4":null,"link1":null,"link2":null,"denkmal":"Nein","AIS_NR":null,"Nr_WR":null,"rwert":386053,"hwert":5839559.0},"geometry":{"type":"Point","coordinates":[814182.872234797105193,6926585.378281144425273]}},
{"type":"Feature","properties":{"ID_con":2365,"bw_id":"HAS_SON_2820","name":"Biotop (Nr.: 24.12/10, Hase-Altwasser Bokeloher Straße)","GEW":"HAS","stat_von":2820,"bauart":"Biotop","baujahr":null,"upflicht":"Landkreis Emsland","KTR":null,"FSK":"033110013000020005__","bemerk":null,"beschreib":"Biotop (§ 30; Hase-Altwasser Bokeloher Straße; Typ: SEF)","beschreib_lang":null,"foto1":null,"foto2":null,"foto3":null,"foto4":null,"link1":null,"link2":null,"denkmal":"Nein","AIS_NR":null,"Nr_WR":null,"rwert":386216,"hwert":5839635.0},"geometry":{"type":"Point","coordinates":[814448.312571809161454,6926717.111289979889989]}},
{"type":"Feature","properties":{"ID_con":2368,"bw_id":"HAS_SON_2850","name":"Biotop (Nr.: 24.12/10, Hase-Altwasser Bokeloher Straße)","GEW":"HAS","stat_von":2850,"bauart":"Biotop","baujahr":null,"upflicht":"Landkreis Emsland","KTR":null,"FSK":"033110013000020005__","bemerk":null,"beschreib":"Biotop (§ 30; Hase-Altwasser Bokeloher Straße; Typ: SEF)","beschreib_lang":null,"foto1":null,"foto2":null,"foto3":null,"foto4":null,"link1":null,"link2":null,"denkmal":"Nein","AIS_NR":null,"Nr_WR":null,"rwert":386302,"hwert":5839654.0},"geometry":{"type":"Point","coordinates":[814589.175967412884347,6926751.78878275025636]}},
{"type":"Feature","properties":{"ID_con":1445,"bw_id":"HAS_SON_3000","name":"OW-Entn., Kirschner, Hase (A-002)","GEW":"HAS","stat_von":3000,"bauart":"Wasserrecht (Entnahme)","baujahr":null,"upflicht":"Kirschner","KTR":null,"FSK":"033110013000360009__","bemerk":"OW-Entn., Kirschner, Hase (A-002), erteilt am: 28.","beschreib":"unbefristetes Wasserrecht  vom 08.04.1954 geändert am 28.05.2003 zur Entnahme von Wasser aus der Hase für land- und forstwirtschaftliche Feldberegnung.  Es dürfen maximal 650 cbm pro Tag, bzw. 65 cbm pro Stunde entnommen werden.","beschreib_lang":"unbefristetes Wasserrecht (Kennziffer: 11/12954, Akz: 682-815-411.29) vom 08.04.1954 geändert am 28.05.2003 zur Entnahme von Wasser aus der Hase für land- und forstwirtschaftliche Feldberegnung.  Es dürfen maximal 650 cbm pro Tag, bzw. 65 cbm pro Stunde entnommen werden.","foto1":null,"foto2":null,"foto3":null,"foto4":null,"link1":null,"link2":null,"denkmal":"Nein","AIS_NR":null,"Nr_WR":"11/12954 (aktiv)","rwert":386322,"hwert":5839401.0},"geometry":{"type":"Point","coordinates":[814631.834668127819896,6926334.98707758076489]}},
{"type":"Feature","properties":{"ID_con":1463,"bw_id":"HAS_SON_3465","name":"OW-Entn., Kirschner, Hase (A-003)","GEW":"HAS","stat_von":3465,"bauart":"Wasserrecht (Entnahme)","baujahr":null,"upflicht":"Kirschner","KTR":null,"FSK":"033110012000720006__","bemerk":"OW-Entn., Kirschner, Hase (A-003), erteilt am: 28.","beschreib":"Wasserrecht (OW-Entn., Kirschner, Hase (A-003)","beschreib_lang":"Wasserrecht (OW-Entn., Kirschner, Hase (A-003)","foto1":null,"foto2":null,"foto3":null,"foto4":null,"link1":null,"link2":null,"denkmal":"Nein","AIS_NR":null,"Nr_WR":"11/12954 (aktiv)","rwert":386609,"hwert":5839079.0},"geometry":{"type":"Point","coordinates":[815116.692958158673719,6925814.609836721792817]}},
{"type":"Feature","properties":{"ID_con":2369,"bw_id":"HAS_SON_3800","name":"Biotop (Nr.: 24.12/13; Binsenwiese Wekenborgshof)","GEW":"HAS","stat_von":3800,"bauart":"Biotop","baujahr":null,"upflicht":"Landkreis Emsland","KTR":null,"FSK":"033110013000130001__","bemerk":null,"beschreib":"Biotop (§ 30; Binsenwiese Wekenborgshof; Typ: GMF,NS)","beschreib_lang":"Biotop (§ 30; Binsenwiese Wekenborgshof; Typ: GMF,NS)","foto1":null,"foto2":null,"foto3":null,"foto4":null,"link1":null,"link2":null,"denkmal":"Nein","AIS_NR":null,"Nr_WR":null,"rwert":386939,"hwert":5839185.0},"geometry":{"type":"Point","coordinates":[815655.907726502045989,6926002.21728353202343]}},
{"type":"Feature","properties":{"ID_con":1469,"bw_id":"HAS_SON_3880","name":"OW-Entn., Kirschner, Hase (A-004)","GEW":"HAS","stat_von":3880,"bauart":"Wasserrecht (Entnahme)","baujahr":null,"upflicht":"Kirschner","KTR":null,"FSK":"033110012000720006__","bemerk":"OW-Entn., Kirschner, Hase (A-004), erteilt am: 28.","beschreib":"Wasserrecht (OW-Entn., Kirschner, Hase (A-004))","beschreib_lang":"Wasserrecht (OW-Entn., Kirschner, Hase (A-004))","foto1":null,"foto2":null,"foto3":null,"foto4":null,"link1":null,"link2":null,"denkmal":"Nein","AIS_NR":null,"Nr_WR":"11/12954 (aktiv)","rwert":387027,"hwert":5839032.0},"geometry":{"type":"Point","coordinates":[815806.629002365050837,6925753.084680113941431]}},
{"type":"Feature","properties":{"ID_con":1473,"bw_id":"HAS_SON_3945","name":"Badestelle","GEW":"HAS","stat_von":3945,"bauart":"Badestelle","baujahr":null,"upflicht":null,"KTR":null,"FSK":"033110012000720006__","bemerk":null,"beschreib":"beliebte Bade-, Campingstelle an der Hase mit Sandbank","beschreib_lang":"beliebte Bade-, Campingstelle an der Hase mit Sandbank","foto1":"https://nlwkn.hannit-share.de/index.php/core/preview?fileId=11065630&x=1280&y=819&a=true","foto2":null,"foto3":null,"foto4":null,"link1":null,"link2":null,"denkmal":"Nein","AIS_NR":null,"Nr_WR":null,"rwert":387061,"hwert":5839034.0},"geometry":{"type":"Point","coordinates":[815862.52534986147657,6925757.687474511563778]}},
{"type":"Feature","properties":{"ID_con":2370,"bw_id":"HAS_SON_3950","name":"Biotop (Nr. 24.13/05 ; Wekenborgshof)","GEW":"HAS","stat_von":3950,"bauart":"Biotop","baujahr":null,"upflicht":"Landkreis Emsland","KTR":null,"FSK":"033110013000190002__","bemerk":null,"beschreib":"Biotop (§ 30; Wekenborgshof; Typ: GMS,NS)","beschreib_lang":"Biotop (§ 30; Wekenborgshof; Typ: GMS,NS)","foto1":null,"foto2":null,"foto3":null,"foto4":null,"link1":null,"link2":null,"denkmal":"Nein","AIS_NR":null,"Nr_WR":null,"rwert":387240,"hwert":5839087.0},"geometry":{"type":"Point","coordinates":[816155.184589201817289,6925852.004730191081762]}},
{"type":"Feature","properties":{"ID_con":2371,"bw_id":"HAS_SON_4150","name":"Biotop (Nr. : 24.12/03, Bröke)","GEW":"HAS","stat_von":4150,"bauart":"Biotop","baujahr":null,"upflicht":"Landkreis Emsland","KTR":null,"FSK":"033110014000010001__","bemerk":null,"beschreib":"Biotop (§ 30; Bröke; Typ: GNF,SE)","beschreib_lang":"Biotop (§ 30; Bröke; Typ: GNF,SE)","foto1":null,"foto2":null,"foto3":null,"foto4":null,"link1":null,"link2":null,"denkmal":"Nein","AIS_NR":null,"Nr_WR":null,"rwert":386991,"hwert":5838844.0},"geometry":{"type":"Point","coordinates":[815754.548985767643899,6925441.449003710411489]}},
{"type":"Feature","properties":{"ID_con":2372,"bw_id":"HAS_SON_4260","name":"Biotop (Nr.: 24.12/14; Haseschleife Wekenborg)","GEW":"HAS","stat_von":4260,"bauart":"Biotop","baujahr":null,"upflicht":"Landkreis Emsland","KTR":null,"FSK":"033110014000020002__","bemerk":null,"beschreib":"Biotop (§ 30;  Haseschleife Wekenborg, Typ: GMA)","beschreib_lang":"Biotop (§ 30;  Haseschleife Wekenborg, Typ: GMA)","foto1":null,"foto2":null,"foto3":null,"foto4":null,"link1":null,"link2":null,"denkmal":"Nein","AIS_NR":null,"Nr_WR":null,"rwert":386895,"hwert":5838796.0},"geometry":{"type":"Point","coordinates":[815598.350555403274484,6925358.557064319960773]}},
{"type":"Feature","properties":{"ID_con":1484,"bw_id":"HAS_SON_4385","name":"OW-Entn., Kirschner, Hase (A-005)","GEW":"HAS","stat_von":4385,"bauart":"Wasserrecht (Entnahme)","baujahr":null,"upflicht":"Kirschner","KTR":null,"FSK":"033110012000720006__","bemerk":"OW-Entn., Kirschner, Hase (A-005), erteilt am: 28.","beschreib":"Wasserrecht OW-Entn., Kirschner, Hase (A-005)","beschreib_lang":"Wasserrecht OW-Entn., Kirschner, Hase (A-005)","foto1":null,"foto2":null,"foto3":null,"foto4":null,"link1":null,"link2":null,"denkmal":"Nein","AIS_NR":null,"Nr_WR":"11/12954 (aktiv)","rwert":386766,"hwert":5838762.0},"geometry":{"type":"Point","coordinates":[815387.296149955363944,6925297.499692077748477]}},
{"type":"Feature","properties":{"ID_con":2373,"bw_id":"HAS_SON_4650","name":"Biotop (Nr.: 24.12/14; Haseschleife Wekenborg)","GEW":"HAS","stat_von":4650,"bauart":"Biotop","baujahr":null,"upflicht":"Landkreis Emsland","KTR":null,"FSK":"033110014000020002__","bemerk":null,"beschreib":"Biotop (§ 30; Haseschleife Wekenborg; GMA)","beschreib_lang":"Biotop (§ 30; Haseschleife Wekenborg; GMA)","foto1":null,"foto2":null,"foto3":null,"foto4":null,"link1":null,"link2":null,"denkmal":"Nein","AIS_NR":null,"Nr_WR":null,"rwert":386792,"hwert":5838601.0},"geometry":{"type":"Point","coordinates":[815436.259601043071598,6925032.813773988746107]}},
{"type":"Feature","properties":{"ID_con":1494,"bw_id":"HAS_SON_4890","name":"Schutzhütte Wekenborg","GEW":"HAS","stat_von":4890,"bauart":"Schutzhütte","baujahr":null,"upflicht":"Landkreis Emsland??","KTR":null,"FSK":"03311001400068______","bemerk":"Vertrag??","beschreib":"Schutzhütte beim Altarm Wekenborg mit Infotafel vom Landkreis","beschreib_lang":"Schutzhütte beim Altarm Wekenborg mit Infotafel vom Landkreis","foto1":"https://nlwkn.hannit-share.de/index.php/core/preview?fileId=11065810&x=1280&y=819&a=true","foto2":"https://nlwkn.hannit-share.de/index.php/core/preview?fileId=11065813&x=1280&y=819&a=true","foto3":null,"foto4":null,"link1":null,"link2":null,"denkmal":"Nein","AIS_NR":null,"Nr_WR":null,"rwert":386788,"hwert":5838400.0},"geometry":{"type":"Point","coordinates":[815437.369232600321993,6924700.980279616080225]}},
{"type":"Feature","properties":{"ID_con":1495,"bw_id":"HAS_SON_4895","name":"Infotafel LK Emsland rechts (Wekenborg)","GEW":"HAS","stat_von":4895,"bauart":"Infotafel","baujahr":"2021","upflicht":"Landkreis Emsland","KTR":null,"FSK":"03311001400068______","bemerk":"Vertrag??","beschreib":"Infotafel vom Landkreis beim Altarm Wekenborg","beschreib_lang":"Infotafel vom Landkreis beim Altarm Wekenborg","foto1":"https://nlwkn.hannit-share.de/index.php/core/preview?fileId=11065816&x=1280&y=819&a=true","foto2":"https://nlwkn.hannit-share.de/index.php/core/preview?fileId=11065819&x=1280&y=819&a=true","foto3":"https://nlwkn.hannit-share.de/index.php/core/preview?fileId=11065822&x=1280&y=819&a=true","foto4":null,"link1":null,"link2":null,"denkmal":"Nein","AIS_NR":null,"Nr_WR":null,"rwert":386792,"hwert":5838396.0},"geometry":{"type":"Point","coordinates":[815444.106488899327815,6924694.533304364420474]}},
{"type":"Feature","properties":{"ID_con":2374,"bw_id":"HAS_SON_6580","name":"Biotop (Nr.: 24.13/09; Auengewässer)","GEW":"HAS","stat_von":6580,"bauart":"Biotop","baujahr":null,"upflicht":"Landkreis Emsland","KTR":null,"FSK":"033218001000660005__","bemerk":null,"beschreib":"Biotop (§ 30 ; Auengewässer; SEN)","beschreib_lang":"Biotop (§ 30 ; Auengewässer; SEN)","foto1":null,"foto2":null,"foto3":null,"foto4":null,"link1":null,"link2":null,"denkmal":"Nein","AIS_NR":null,"Nr_WR":null,"rwert":387887,"hwert":5838892.0},"geometry":{"type":"Point","coordinates":[817227.72571497480385,6925554.854820193722844]}},
{"type":"Feature","properties":{"ID_con":1507,"bw_id":"HAS_SON_6975","name":"Infoschild LK Emsland","GEW":"HAS","stat_von":6975,"bauart":"Infotafel","baujahr":"2021","upflicht":null,"KTR":null,"FSK":"033219004000010013__","bemerk":null,"beschreib":"Infotafel vom Landkreis","beschreib_lang":null,"foto1":"https://nlwkn.hannit-share.de/index.php/core/preview?fileId=11065903&x=1280&y=819&a=true","foto2":null,"foto3":null,"foto4":null,"link1":null,"link2":null,"denkmal":"Nein","AIS_NR":null,"Nr_WR":null,"rwert":388310,"hwert":5838809.0},"geometry":{"type":"Point","coordinates":[817927.21655971778091,6925433.92789966147393]}},
{"type":"Feature","properties":{"ID_con":2375,"bw_id":"HAS_SON_7000","name":"Biotop (Nr.:  24.13/08; Heide im Haseknie)","GEW":"HAS","stat_von":7000,"bauart":"Biotop","baujahr":null,"upflicht":"Landkreis Emsland","KTR":null,"FSK":"033218001000600008__","bemerk":null,"beschreib":"Biotop (§ 3ß; Heide im Haseknie; HC,RS)","beschreib_lang":null,"foto1":null,"foto2":null,"foto3":null,"foto4":null,"link1":null,"link2":null,"denkmal":"Nein","AIS_NR":null,"Nr_WR":null,"rwert":388306,"hwert":5838871.0},"geometry":{"type":"Point","coordinates":[817918.28978998796083,6925536.094676541164517]}},
{"type":"Feature","properties":{"ID_con":2378,"bw_id":"HAS_SON_7405","name":"Biotop (Nr.: 24.13/08, Heide im Haseknie)","GEW":"HAS","stat_von":7405,"bauart":"Biotop","baujahr":null,"upflicht":"Landkreis Emsland","KTR":null,"FSK":"033218001000600008__","bemerk":null,"beschreib":"Biotop (§ 30; Heide im Haseknie, HC,RS)","beschreib_lang":null,"foto1":null,"foto2":null,"foto3":null,"foto4":null,"link1":null,"link2":null,"denkmal":"Nein","AIS_NR":null,"Nr_WR":null,"rwert":388206,"hwert":5839114.0},"geometry":{"type":"Point","coordinates":[817744.479227985953912,6925933.339724040590227]}},
{"type":"Feature","properties":{"ID_con":1508,"bw_id":"HAS_SON_7825","name":"Pegel Bokeloh","GEW":"HAS","stat_von":7825,"bauart":"Pegel","baujahr":null,"upflicht":"NLWKN, GB 3","KTR":null,"FSK":"033219004000130005__","bemerk":"HQ 100 = 227 cbm/s","beschreib":"Pegel Bokeloh des NLWKN (Siehe auch Pegel-Online : https://www.pegelonline.nlwkn.niedersachsen.de/Karte )","beschreib_lang":null,"foto1":"https://nlwkn.hannit-share.de/index.php/core/preview?fileId=11065909&x=1280&y=819&a=true","foto2":"https://nlwkn.hannit-share.de/index.php/core/preview?fileId=11065912&x=1280&y=819&a=true","foto3":"https://nlwkn.hannit-share.de/index.php/core/preview?fileId=11065915&x=1280&y=819&a=true","foto4":"https://nlwkn.hannit-share.de/index.php/core/preview?fileId=11065918&x=1280&y=819&a=true","link1":"https://nlwkn.hannit-share.de/index.php/core/preview?fileId=11065963&x=1280&y=819&a=true","link2":null,"denkmal":"Nein","AIS_NR":null,"Nr_WR":null,"rwert":388319,"hwert":5839536.0},"geometry":{"type":"Point","coordinates":[817914.569635299034417,6926634.11415030900389]}},
{"type":"Feature","properties":{"ID_con":1509,"bw_id":"HAS_SON_7930","name":"Infoschild Brücke Bokeloh (Nabu)","GEW":"HAS","stat_von":7930,"bauart":"Infotafel","baujahr":null,"upflicht":"Nabu","KTR":null,"FSK":"033218001000410007__","bemerk":null,"beschreib":"Infotafel beim Parkplatz Giese an der  Brücke Bokeloh (Nabu)","beschreib_lang":null,"foto1":"https://nlwkn.hannit-share.de/index.php/core/preview?fileId=11065921&x=1280&y=819&a=true","foto2":null,"foto3":null,"foto4":null,"link1":null,"link2":null,"denkmal":"Nein","AIS_NR":null,"Nr_WR":null,"rwert":388285,"hwert":5839659.0},"geometry":{"type":"Point","coordinates":[817853.941397365299053,6926835.843679633922875]}},
{"type":"Feature","properties":{"ID_con":1510,"bw_id":"HAS_SON_7970","name":"Bootsanleger Bokeloh","GEW":"HAS","stat_von":7970,"bauart":"Bootsanleger","baujahr":null,"upflicht":null,"KTR":null,"FSK":"033219002000010005__","bemerk":"Genehmigung vom 14.02.1993","beschreib":"Bootsanleger an der Brücke Bokeloh gegenüber von der Kirche","beschreib_lang":null,"foto1":"https://nlwkn.hannit-share.de/index.php/core/preview?fileId=11065924&x=1280&y=819&a=true","foto2":"https://nlwkn.hannit-share.de/index.php/core/preview?fileId=11065927&x=1280&y=819&a=true","foto3":"https://nlwkn.hannit-share.de/index.php/core/preview?fileId=11065930&x=1280&y=819&a=true","foto4":"https://nlwkn.hannit-share.de/index.php/core/preview?fileId=11065933&x=1280&y=819&a=true","link1":null,"link2":null,"denkmal":"Nein","AIS_NR":null,"Nr_WR":null,"rwert":388348,"hwert":5839677.0},"geometry":{"type":"Point","coordinates":[817956.990591148962267,6926867.940427511930466]}},
{"type":"Feature","properties":{"ID_con":1511,"bw_id":"HAS_SON_9145","name":"Infotafel Landkreis Emsland (Froschkraut)","GEW":"HAS","stat_von":9145,"bauart":"Infotafel","baujahr":"2020","upflicht":"Landkreis Emsland","KTR":null,"FSK":"033219001000350010__","bemerk":null,"beschreib":"Infotafel Landkreis Emsland (Froschkraut)","beschreib_lang":null,"foto1":"https://nlwkn.hannit-share.de/index.php/core/preview?fileId=11065936&x=1280&y=819&a=true","foto2":null,"foto3":null,"foto4":null,"link1":null,"link2":null,"denkmal":"Nein","AIS_NR":null,"Nr_WR":null,"rwert":389355,"hwert":5839877.0},"geometry":{"type":"Point","coordinates":[819607.539938052766956,6927236.029287557117641]}},
{"type":"Feature","properties":{"ID_con":1512,"bw_id":"HAS_SON_9180","name":"Stauung, Wehr Bokeloh, Hase km 9.18","GEW":"HAS","stat_von":9180,"bauart":"Wasserrecht (Stauung)","baujahr":null,"upflicht":"Wasser- und Bodenverband Hasetal-Haselünne","KTR":null,"FSK":"033219001000010018__","bemerk":"??endet 2022, Stauung, Wehr Bokeloh, Hase km 9.18,","beschreib":"Wasserrecht","beschreib_lang":null,"foto1":null,"foto2":null,"foto3":null,"foto4":null,"link1":null,"link2":null,"denkmal":"Nein","AIS_NR":null,"Nr_WR":"11/13205 (aktiv)","rwert":389376,"hwert":5839840.0},"geometry":{"type":"Point","coordinates":[819643.503298164810985,6927175.743020083755255]}},
{"type":"Feature","properties":{"ID_con":1513,"bw_id":"HAS_SON_9325","name":"Schöpfwerk Kamphausgraben","GEW":"HAS","stat_von":9325,"bauart":"Schöpfwerk","baujahr":null,"upflicht":"UHV 99??","KTR":null,"FSK":"03321900100011______","bemerk":null,"beschreib":"Schöpfwerk Kamphausgraben","beschreib_lang":null,"foto1":"https://nlwkn.hannit-share.de/index.php/core/preview?fileId=11065939&x=1280&y=819&a=true","foto2":"https://nlwkn.hannit-share.de/index.php/core/preview?fileId=11065942&x=1280&y=819&a=true","foto3":"https://nlwkn.hannit-share.de/index.php/core/preview?fileId=11065945&x=1280&y=819&a=true","foto4":"https://nlwkn.hannit-share.de/index.php/core/preview?fileId=11065948&x=1280&y=819&a=true","link1":null,"link2":null,"denkmal":"Nein","AIS_NR":null,"Nr_WR":null,"rwert":389491,"hwert":5839662.0},"geometry":{"type":"Point","coordinates":[819839.515386999468319,6926886.244889720343053]}},
{"type":"Feature","properties":{"ID_con":1514,"bw_id":"HAS_SON_9330","name":"Überfahrt Kamphausgraben","GEW":"HAS","stat_von":9330,"bauart":"Überfahrt","baujahr":null,"upflicht":"NLWKN","KTR":"MAAHA00100","FSK":"033219001000010021__","bemerk":null,"beschreib":"Überfahrt Kamphausgraben links","beschreib_lang":"Überfahrt Kamphausgraben links","foto1":"https://nlwkn.hannit-share.de/index.php/core/preview?fileId=11065951&x=1280&y=819&a=true","foto2":"https://nlwkn.hannit-share.de/index.php/core/preview?fileId=11065954&x=1280&y=819&a=true","foto3":"https://nlwkn.hannit-share.de/index.php/core/preview?fileId=11065957&x=1280&y=819&a=true","foto4":"https://nlwkn.hannit-share.de/index.php/core/preview?fileId=11065960&x=1280&y=819&a=true","link1":"https://nlwkn.hannit-share.de/index.php/core/preview?fileId=11065654&x=1280&y=819&a=true","link2":null,"denkmal":"Nein","AIS_NR":null,"Nr_WR":null,"rwert":389510,"hwert":5839755.0},"geometry":{"type":"Point","coordinates":[819867.322548326803371,6927040.463787316344678]}},
{"type":"Feature","properties":{"ID_con":1416,"bw_id":"HAS_SON_10550","name":"Messstelle (GW??)","GEW":"HAS","stat_von":10550,"bauart":"Messstelle","baujahr":null,"upflicht":"??","KTR":null,"FSK":"033221002000170005__","bemerk":null,"beschreib":"Messstelle (GW??)","beschreib_lang":null,"foto1":"https://nlwkn.hannit-share.de/index.php/core/preview?fileId=11065111&x=1280&y=819&a=true","foto2":null,"foto3":null,"foto4":null,"link1":null,"link2":null,"denkmal":"Nein","AIS_NR":null,"Nr_WR":null,"rwert":390235,"hwert":5840399.0},"geometry":{"type":"Point","coordinates":[821037.154865548713133,6928130.628410702571273]}},
{"type":"Feature","properties":{"ID_con":1417,"bw_id":"HAS_SON_11675","name":"Bootsanleger Dörgener Zeltplatz (Rolfes)","GEW":"HAS","stat_von":11675,"bauart":"Bootsanleger","baujahr":null,"upflicht":"Amt f. Wirtschaftsförderung LK Emsland","KTR":null,"FSK":"033221006000950011__","bemerk":"Genehmigung vom 22.06.2004 (Amt f. Wirtschaftsförd","beschreib":"Bootsanleger Dörgener Zeltplatz (Rolfes)","beschreib_lang":null,"foto1":"https://nlwkn.hannit-share.de/index.php/core/preview?fileId=11065120&x=1280&y=819&a=true","foto2":"https://nlwkn.hannit-share.de/index.php/core/preview?fileId=11065123&x=1280&y=819&a=true","foto3":"https://nlwkn.hannit-share.de/index.php/core/preview?fileId=11065126&x=1280&y=819&a=true","foto4":"https://nlwkn.hannit-share.de/index.php/core/preview?fileId=11065129&x=1280&y=819&a=true","link1":null,"link2":null,"denkmal":"Nein","AIS_NR":null,"Nr_WR":null,"rwert":389972,"hwert":5839439.0},"geometry":{"type":"Point","coordinates":[820639.794397066580132,6926536.158161072991788]}},
{"type":"Feature","properties":{"ID_con":1418,"bw_id":"HAS_SON_12720","name":"Kompostierungsanlage Helte","GEW":"HAS","stat_von":12720,"bauart":"Lagerplatz","baujahr":null,"upflicht":"NLWKN","KTR":"MAAHA00100","FSK":"033219002000300001__","bemerk":"!!Pachvertrag!!","beschreib":"Kompostierungsanlage Helte. Gepachtet von Herrn Abeln??","beschreib_lang":"Kompostierungsanlage Helte. Gepachtet von Herrn Abeln??","foto1":"https://nlwkn.hannit-share.de/index.php/core/preview?fileId=12745056&x=1280&y=819&a=true","foto2":"https://nlwkn.hannit-share.de/index.php/core/preview?fileId=12745059&x=1280&y=819&a=true","foto3":"https://nlwkn.hannit-share.de/index.php/core/preview?fileId=12745060&x=1280&y=819&a=true","foto4":"https://nlwkn.hannit-share.de/index.php/core/preview?fileId=12745058&x=1280&y=819&a=true","link1":"https://nlwkn.hannit-share.de/index.php/core/preview?fileId=12745057&x=1280&y=819&a=true","link2":null,"denkmal":"Nein","AIS_NR":null,"Nr_WR":null,"rwert":389177,"hwert":5838922.0},"geometry":{"type":"Point","coordinates":[819350.250619704136625,6925653.115633992478251]}},
{"type":"Feature","properties":{"ID_con":2359,"bw_id":"HAS_SON_12830","name":"Furt in naturnaher Bauweise","GEW":"HAS","stat_von":12830,"bauart":"Furt","baujahr":"2022","upflicht":"NLWKN","KTR":"MAAHA00100","FSK":"033219003000010009__","bemerk":"FGE Akz.: 62615-22-041","beschreib":"Furt in naturnaher Bauweise in Kombination mit  ökologischer Aufwertung des Mündungsbereiches. Umgesetzt in 2022 mit FGE-Fördermitteln (ca. 68.000 €). Die Sohllage der Furt liegt zwischen 11,74 und 11,78 m NN.","beschreib_lang":"Furt in naturnaher Bauweise mit ökologischer Aufwertung des Mündungsbereiches des Kamphausgrabens. Umgesetzt in 2022 durch die Fa. Otto (Hoptsten)  mit FGE-Fördermitteln (ca. 68.000 €). Die Sohllage der Furt liegt zwischen 11,74 und 11,78 m NN. Der Mittelwasserstand an der Furt liegt bei 11,665 m NN, MNW bei 11,215 m NN und MHW bei 13,345 m NN","foto1":"https://nlwkn.hannit-share.de/index.php/core/preview?fileId=11065132&x=1280&y=819&a=true","foto2":"https://nlwkn.hannit-share.de/index.php/core/preview?fileId=11065135&x=1280&y=819&a=true","foto3":"https://nlwkn.hannit-share.de/index.php/core/preview?fileId=11065138&x=1280&y=819&a=true","foto4":"https://nlwkn.hannit-share.de/index.php/core/preview?fileId=11065141&x=1280&y=819&a=true","link1":null,"link2":null,"denkmal":"Nein","AIS_NR":0,"Nr_WR":null,"rwert":389585,"hwert":5838546.0},"geometry":{"type":"Point","coordinates":[820035.967047075042501,6925047.910708919167519]}},
{"type":"Feature","properties":{"ID_con":1420,"bw_id":"HAS_SON_15470","name":"Betriebshof Lehrte","GEW":"HAS","stat_von":15470,"bauart":"Betriebsgebäude","baujahr":null,"upflicht":"NLWKN","KTR":"MDW738A010","FSK":"033223004000220002__","bemerk":"AIS NR fehlt??","beschreib":"NLWKN, Betriebsstelle Meppen, Betriebshof Lehrte (Kreyenborg 1)","beschreib_lang":"NLWKN, Betriebsstelle Meppen, Betriebshof Lehrte (Kreyenborg 1)","foto1":null,"foto2":null,"foto3":null,"foto4":null,"link1":null,"link2":null,"denkmal":"Nein","AIS_NR":null,"Nr_WR":null,"rwert":390960,"hwert":5837353.0},"geometry":{"type":"Point","coordinates":[822343.407107488717884,6923130.548390842042863]}},
{"type":"Feature","properties":{"ID_con":2654,"bw_id":"HAS_SON_15500","name":"Neubau Betriebshof Lehrte","GEW":"HAS","stat_von":15500,"bauart":"Betriebsgebäude","baujahr":"2028","upflicht":"NLWKN","KTR":null,"FSK":null,"bemerk":null,"beschreib":"Betriebshofneubau","beschreib_lang":"Betriebshofneubau","foto1":null,"foto2":null,"foto3":null,"foto4":null,"link1":null,"link2":null,"denkmal":"Nein","AIS_NR":0,"Nr_WR":null,"rwert":391719,"hwert":5836238.0},"geometry":{"type":"Point","coordinates":[823633.338732246658765,6921319.10228505730629]}},
{"type":"Feature","properties":{"ID_con":1421,"bw_id":"HAS_SON_15570","name":"Bootsanleger BH Lehrte (mit Böschungstreppe)","GEW":"HAS","stat_von":15570,"bauart":"Bootsanleger","baujahr":null,"upflicht":null,"KTR":null,"FSK":"033223004000010001__","bemerk":"Genehmigung vom 05.05.1997","beschreib":"Bootsanleger BH Lehrte (mit Böschungstreppe)","beschreib_lang":null,"foto1":"https://nlwkn.hannit-share.de/index.php/core/preview?fileId=11065153&x=1280&y=819&a=true","foto2":"https://nlwkn.hannit-share.de/index.php/core/preview?fileId=11065156&x=1280&y=819&a=true","foto3":null,"foto4":null,"link1":null,"link2":null,"denkmal":"Nein","AIS_NR":null,"Nr_WR":null,"rwert":390985,"hwert":5837477.0},"geometry":{"type":"Point","coordinates":[822379.983065541367978,6923336.055321304127574]}},
{"type":"Feature","properties":{"ID_con":1422,"bw_id":"HAS_SON_16440","name":"Teichanschluss","GEW":"HAS","stat_von":16440,"bauart":"Teichanschluss","baujahr":null,"upflicht":null,"KTR":null,"FSK":"033221007000060014__","bemerk":null,"beschreib":"Teichanschluss","beschreib_lang":null,"foto1":null,"foto2":null,"foto3":null,"foto4":null,"link1":null,"link2":null,"denkmal":"Nein","AIS_NR":null,"Nr_WR":null,"rwert":390459,"hwert":5838153.0},"geometry":{"type":"Point","coordinates":[821489.259745648945682,6924431.976036904379725]}},
{"type":"Feature","properties":{"ID_con":1425,"bw_id":"HAS_SON_18000","name":"Überfahrt rechtsseitig  Mündung Mittelradde","GEW":"HAS","stat_von":18000,"bauart":"Überfahrt","baujahr":null,"upflicht":"Landkreis Emsland??","KTR":null,"FSK":"033221005000720021__","bemerk":null,"beschreib":"Überfahrt rechtsseitig  Mündung Mittelradde","beschreib_lang":null,"foto1":"https://nlwkn.hannit-share.de/index.php/core/preview?fileId=11065174&x=1280&y=819&a=true","foto2":"https://nlwkn.hannit-share.de/index.php/core/preview?fileId=11065177&x=1280&y=819&a=true","foto3":null,"foto4":null,"link1":null,"link2":null,"denkmal":"Nein","AIS_NR":null,"Nr_WR":null,"rwert":391571,"hwert":5839059.0},"geometry":{"type":"Point","coordinates":[823286.435947076883167,6925968.202730947174132]}},
{"type":"Feature","properties":{"ID_con":1426,"bw_id":"HAS_SON_18350","name":"Überfahrt rechtsseitig Bleichholter Graben","GEW":"HAS","stat_von":18350,"bauart":"Überfahrt","baujahr":null,"upflicht":"Stadt Haselünne","KTR":null,"FSK":"033221005000720011__","bemerk":null,"beschreib":"Überfahrt rechtsseitig Bleichholter Graben","beschreib_lang":null,"foto1":"https://nlwkn.hannit-share.de/index.php/core/preview?fileId=11065186&x=1280&y=819&a=true","foto2":"https://nlwkn.hannit-share.de/index.php/core/preview?fileId=11065189&x=1280&y=819&a=true","foto3":null,"foto4":null,"link1":null,"link2":null,"denkmal":"Nein","AIS_NR":null,"Nr_WR":null,"rwert":391832,"hwert":5838800.0},"geometry":{"type":"Point","coordinates":[823725.610885912319645,6925550.335057669319212]}},
{"type":"Feature","properties":{"ID_con":2100,"bw_id":"HAS_SON_18360","name":"Infotafel LK Emsland","GEW":"HAS","stat_von":18360,"bauart":"Infotafel","baujahr":"2020","upflicht":"Landkreis Emsland","KTR":null,"FSK":"033222006002670008__","bemerk":null,"beschreib":"Infotafel LK Emsland","beschreib_lang":null,"foto1":"https://nlwkn.hannit-share.de/index.php/core/preview?fileId=11065192&x=1280&y=819&a=true","foto2":"https://nlwkn.hannit-share.de/index.php/core/preview?fileId=11065195&x=1280&y=819&a=true","foto3":null,"foto4":null,"link1":null,"link2":null,"denkmal":"Nein","AIS_NR":null,"Nr_WR":null,"rwert":391819,"hwert":5838792.0},"geometry":{"type":"Point","coordinates":[823704.502018332947046,6925536.655499105341733]}},
{"type":"Feature","properties":{"ID_con":1427,"bw_id":"HAS_SON_18830","name":"beidseitiger Kolk beim Altarmanschluss Lahre / Lehrte","GEW":"HAS","stat_von":18830,"bauart":"Kolk beidseitig","baujahr":null,"upflicht":"NLWKN","KTR":null,"FSK":"033222006002670009__","bemerk":null,"beschreib":"beidseitiger Kolk beim Altarmanschluss Lahre / Lehrte","beschreib_lang":"beidseitiger Kolk beim Altarmanschluss Lahre / Lehrte","foto1":null,"foto2":null,"foto3":null,"foto4":null,"link1":null,"link2":null,"denkmal":"Nein","AIS_NR":null,"Nr_WR":null,"rwert":391965,"hwert":5838453.0},"geometry":{"type":"Point","coordinates":[823957.242590620648116,6924982.557344742119312]}},
{"type":"Feature","properties":{"ID_con":2101,"bw_id":"HAS_SON_19365","name":"Infotafel LK Emsland","GEW":"HAS","stat_von":19365,"bauart":"Infotafel","baujahr":"2020","upflicht":"Landkreis Emsland","KTR":null,"FSK":"033222009000560012__","bemerk":null,"beschreib":"Infotafel LK Emsland","beschreib_lang":null,"foto1":"https://nlwkn.hannit-share.de/index.php/core/preview?fileId=11065198&x=1280&y=819&a=true","foto2":null,"foto3":null,"foto4":null,"link1":null,"link2":null,"denkmal":"Nein","AIS_NR":null,"Nr_WR":null,"rwert":392050,"hwert":5838217.0},"geometry":{"type":"Point","coordinates":[824105.779990353737958,6924596.222186652943492]}},
{"type":"Feature","properties":{"ID_con":1429,"bw_id":"HAS_SON_19380","name":"Überfahrt Sautmannshausener Graben","GEW":"HAS","stat_von":19380,"bauart":"Überfahrt","baujahr":null,"upflicht":"Landkreis Emsland??","KTR":null,"FSK":"033222009000580002__","bemerk":null,"beschreib":"Überfahrt Sautmannshausener Graben","beschreib_lang":null,"foto1":"https://nlwkn.hannit-share.de/index.php/core/preview?fileId=11065201&x=1280&y=819&a=true","foto2":"https://nlwkn.hannit-share.de/index.php/core/preview?fileId=11065204&x=1280&y=819&a=true","foto3":"https://nlwkn.hannit-share.de/index.php/core/preview?fileId=11065207&x=1280&y=819&a=true","foto4":null,"link1":null,"link2":null,"denkmal":"Nein","AIS_NR":null,"Nr_WR":null,"rwert":392170,"hwert":5838092.0},"geometry":{"type":"Point","coordinates":[824307.866755070863292,6924394.342803565785289]}},
{"type":"Feature","properties":{"ID_con":2102,"bw_id":"HAS_SON_20485","name":"Infotafel Landkreis Emsland","GEW":"HAS","stat_von":20485,"bauart":"Infotafel","baujahr":"2020","upflicht":"Landkreis Emsland","KTR":null,"FSK":"033222009000900027__","bemerk":null,"beschreib":"Infotafel Landkreis Emsland","beschreib_lang":null,"foto1":"https://nlwkn.hannit-share.de/index.php/core/preview?fileId=11065210&x=1280&y=819&a=true","foto2":null,"foto3":null,"foto4":null,"link1":null,"link2":null,"denkmal":"Nein","AIS_NR":null,"Nr_WR":null,"rwert":392278,"hwert":5837984.0},"geometry":{"type":"Point","coordinates":[824489.572294996469282,6924220.076569688506424]}},
{"type":"Feature","properties":{"ID_con":1430,"bw_id":"HAS_SON_20610","name":"Überfahrt zum Cafe Biberburg","GEW":"HAS","stat_von":20610,"bauart":"Überfahrt","baujahr":null,"upflicht":"Landkreis Emsland??","KTR":null,"FSK":"033222009000410002__","bemerk":null,"beschreib":"Überfahrt zum Cafe Biberburg","beschreib_lang":null,"foto1":null,"foto2":null,"foto3":null,"foto4":null,"link1":null,"link2":null,"denkmal":"Nein","AIS_NR":null,"Nr_WR":null,"rwert":392383,"hwert":5837899.0},"geometry":{"type":"Point","coordinates":[824665.495346318697557,6924083.651695495471358]}},
{"type":"Feature","properties":{"ID_con":1431,"bw_id":"HAS_SON_20830","name":"Furt Lahre","GEW":"HAS","stat_von":20830,"bauart":"Furt","baujahr":"2016","upflicht":"NLWKN","KTR":"MAAHA00100","FSK":"033222009000900027__","bemerk":null,"beschreib":"Furt Lahre","beschreib_lang":"Furt Lahre","foto1":"https://nlwkn.hannit-share.de/index.php/core/preview?fileId=11065213&x=1280&y=819&a=true","foto2":"https://nlwkn.hannit-share.de/index.php/core/preview?fileId=11065216&x=1280&y=819&a=true","foto3":"https://nlwkn.hannit-share.de/index.php/core/preview?fileId=11065219&x=1280&y=819&a=true","foto4":"https://nlwkn.hannit-share.de/index.php/core/preview?fileId=11065222&x=1280&y=819&a=true","link1":null,"link2":null,"denkmal":"Nein","AIS_NR":null,"Nr_WR":null,"rwert":392485,"hwert":5837672.0},"geometry":{"type":"Point","coordinates":[824841.63499418029096,6923712.814904724247754]}},
{"type":"Feature","properties":{"ID_con":1432,"bw_id":"HAS_SON_21235","name":"Furt Hudenerfähr (Verbandsgraben Nr. 62)","GEW":"HAS","stat_von":21235,"bauart":"Furt","baujahr":"2017","upflicht":"NLWKN","KTR":"MAAHA00100","FSK":"03322300200036______","bemerk":null,"beschreib":"Furt Hudenerfähr Verbandsgraben Nr. 62, linksseitig im Zuge der struktiurverbessernden Maßnahmen Hudenerfähr umgesetzt","beschreib_lang":"Furt Hudenerfähr Verbandsgraben Nr. 62, linksseitig im Zuge der struktiurverbessernden Maßnahmen Hudenerfähr umgesetzt","foto1":"https://nlwkn.hannit-share.de/index.php/core/preview?fileId=11065228&x=1280&y=819&a=true","foto2":"https://nlwkn.hannit-share.de/index.php/core/preview?fileId=11065231&x=1280&y=819&a=true","foto3":"https://nlwkn.hannit-share.de/index.php/core/preview?fileId=11065234&x=1280&y=819&a=true","foto4":"https://nlwkn.hannit-share.de/index.php/core/preview?fileId=11065237&x=1280&y=819&a=true","link1":null,"link2":null,"denkmal":"Nein","AIS_NR":null,"Nr_WR":null,"rwert":392770,"hwert":5837451.0},"geometry":{"type":"Point","coordinates":[825318.728155113407411,6923358.544358333572745]}},
{"type":"Feature","properties":{"ID_con":1433,"bw_id":"HAS_SON_21236","name":"Alte Überfahrt (ergänzt durch Furt)","GEW":"HAS","stat_von":21236,"bauart":"Überfahrt","baujahr":null,"upflicht":"NLWKN??","KTR":"MAAHA00100","FSK":"03322300200036______","bemerk":null,"beschreib":"Alte Überfahrt (ergänzt durch Furt)","beschreib_lang":"Alte Überfahrt (ergänzt durch Furt)","foto1":"https://nlwkn.hannit-share.de/index.php/core/preview?fileId=11065240&x=1280&y=819&a=true","foto2":"https://nlwkn.hannit-share.de/index.php/core/preview?fileId=11065243&x=1280&y=819&a=true","foto3":"https://nlwkn.hannit-share.de/index.php/core/preview?fileId=11065246&x=1280&y=819&a=true","foto4":null,"link1":null,"link2":null,"denkmal":"Nein","AIS_NR":null,"Nr_WR":null,"rwert":392765,"hwert":5837446.0},"geometry":{"type":"Point","coordinates":[825310.680177080794238,6923350.113143966533244]}},
{"type":"Feature","properties":{"ID_con":1434,"bw_id":"HAS_SON_21370","name":"Furt Stadtmarkgraben","GEW":"HAS","stat_von":21370,"bauart":"Furt","baujahr":"2017","upflicht":"NLWKN","KTR":"MAAHA00100","FSK":"033224003001620002__","bemerk":null,"beschreib":"Furt Stadtmarkgraben rechtsseitig","beschreib_lang":"Furt Stadtmarkgraben rechtsseitig","foto1":"https://nlwkn.hannit-share.de/index.php/core/preview?fileId=11065249&x=1280&y=819&a=true","foto2":"https://nlwkn.hannit-share.de/index.php/core/preview?fileId=11065252&x=1280&y=819&a=true","foto3":"https://nlwkn.hannit-share.de/index.php/core/preview?fileId=11065255&x=1280&y=819&a=true","foto4":"https://nlwkn.hannit-share.de/index.php/core/preview?fileId=11065258&x=1280&y=819&a=true","link1":null,"link2":null,"denkmal":"Nein","AIS_NR":null,"Nr_WR":null,"rwert":392890,"hwert":5837371.0},"geometry":{"type":"Point","coordinates":[825519.124488495639525,6923230.909156120382249]}},
{"type":"Feature","properties":{"ID_con":1435,"bw_id":"HAS_SON_21960","name":"Infotafel Hudenerfähr (alt)","GEW":"HAS","stat_von":21960,"bauart":"Infotafel","baujahr":null,"upflicht":null,"KTR":null,"FSK":"03322500200018______","bemerk":null,"beschreib":"Infotafel Hudenerfähr (alt)","beschreib_lang":null,"foto1":"https://nlwkn.hannit-share.de/index.php/core/preview?fileId=11065273&x=1280&y=819&a=true","foto2":"https://nlwkn.hannit-share.de/index.php/core/preview?fileId=11065276&x=1280&y=819&a=true","foto3":null,"foto4":null,"link1":null,"link2":null,"denkmal":"Nein","AIS_NR":null,"Nr_WR":null,"rwert":393068,"hwert":5836809.0},"geometry":{"type":"Point","coordinates":[825832.385248968028463,6922310.176204457879066]}},
{"type":"Feature","properties":{"ID_con":2563,"bw_id":"HAS_SON_22030","name":"Infoschild Strukturverbessernde Maßnahmen Hudenerfähr","GEW":"HAS","stat_von":22030,"bauart":"Infotafel","baujahr":"2018","upflicht":"NLWKN","KTR":null,"FSK":"03322500200018______","bemerk":null,"beschreib":"Infoschild Strukturverbessernde Maßnahmen Hudenerfähr","beschreib_lang":"Infoschild Strukturverbessernde Maßnahmen Hudenerfähr","foto1":"https://nlwkn.hannit-share.de/index.php/core/preview?fileId=11065279&x=1280&y=819&a=true","foto2":null,"foto3":null,"foto4":null,"link1":null,"link2":null,"denkmal":"Nein","AIS_NR":null,"Nr_WR":null,"rwert":393041,"hwert":5836781.0},"geometry":{"type":"Point","coordinates":[825788.965150035917759,6922263.006697759963572]}},
{"type":"Feature","properties":{"ID_con":2067,"bw_id":"HAS_SON_22105","name":"Überfahrt","GEW":"HAS","stat_von":22105,"bauart":"Überfahrt","baujahr":null,"upflicht":"NLWKN??","KTR":null,"FSK":"03322300200001______","bemerk":null,"beschreib":"Überfahrt","beschreib_lang":null,"foto1":"https://nlwkn.hannit-share.de/index.php/core/preview?fileId=11065282&x=1280&y=819&a=true","foto2":null,"foto3":null,"foto4":null,"link1":null,"link2":null,"denkmal":"Nein","AIS_NR":null,"Nr_WR":null,"rwert":393068,"hwert":5836674.0},"geometry":{"type":"Point","coordinates":[825837.262117547099479,6922087.469269764609635]}},
{"type":"Feature","properties":{"ID_con":2603,"bw_id":"HAS_SON_22600","name":"Bootslipanlage mit mobilem Bootssteg (Bootsanleger)","GEW":"HAS","stat_von":22600,"bauart":"Bootsanleger","baujahr":"2025","upflicht":"Kajak Verleih Hasetour","KTR":null,"FSK":"033225004000380002__","bemerk":"Fotos, Akz, Vertrag nacharbeiten.","beschreib":"Bootslipanlage mit mobilem Bootssteg.","beschreib_lang":"Bootslipanlage mit mobilem Bootssteg._x000d_\nDie in der Hase befindlichen Anlagen sind spätestens zum 01.11. aus dem Gewässer zu entfernen, hochwassersicher zu lagern und frühestens ab dem 31.03 wiedereinzusetzen. Bei entsprechender Hochwasserlage sind die Anlagen bereits vorher zu entnehmen._x000d_\nDurch entsprechende Maßnahmen (Beschilderung, Einzäunung) ist sicherzustellen, dass die Anlagen ausschließlich von erfahrenen Wassersportlern benutzt werden.","foto1":"https://nlwkn.hannit-share.de/index.php/core/preview?fileId=11497486&x=1280&y=819&a=true","foto2":"https://nlwkn.hannit-share.de/index.php/core/preview?fileId=11497488&x=1280&y=819&a=true","foto3":"https://nlwkn.hannit-share.de/index.php/core/preview?fileId=11497487&x=1280&y=819&a=true","foto4":"https://nlwkn.hannit-share.de/index.php/core/preview?fileId=11497489&x=1280&y=819&a=true","link1":null,"link2":null,"denkmal":"Nein","AIS_NR":0,"Nr_WR":null,"rwert":394122,"hwert":5835507.0},"geometry":{"type":"Point","coordinates":[827613.442453785566613,6920200.504562345333397]}},
{"type":"Feature","properties":{"ID_con":1436,"bw_id":"HAS_SON_22605","name":"Überfahrt Altarm Huden / Schullenriedengraben","GEW":"HAS","stat_von":22605,"bauart":"Überfahrt","baujahr":null,"upflicht":"NLWKN??","KTR":"MAAHA00100","FSK":"03322400400183______","bemerk":null,"beschreib":"Überfahrt Altarm Huden / Schullenriedengraben","beschreib_lang":"Überfahrt Altarm Huden / Schullenriedengraben","foto1":"https://nlwkn.hannit-share.de/index.php/core/preview?fileId=11065285&x=1280&y=819&a=true","foto2":"https://nlwkn.hannit-share.de/index.php/core/preview?fileId=11065288&x=1280&y=819&a=true","foto3":null,"foto4":null,"link1":null,"link2":null,"denkmal":"Nein","AIS_NR":null,"Nr_WR":null,"rwert":393533,"hwert":5836677.0},"geometry":{"type":"Point","coordinates":[826602.350960643496364,6922109.220844089053571]}},
{"type":"Feature","properties":{"ID_con":2068,"bw_id":"HAS_SON_22750","name":"Überfahrt","GEW":"HAS","stat_von":22750,"bauart":"Überfahrt","baujahr":null,"upflicht":"NLWKN??","KTR":null,"FSK":"033226001001010006__","bemerk":null,"beschreib":"Überfahrt","beschreib_lang":null,"foto1":null,"foto2":null,"foto3":null,"foto4":null,"link1":null,"link2":null,"denkmal":"Nein","AIS_NR":0,"Nr_WR":null,"rwert":393597,"hwert":5836518.0},"geometry":{"type":"Point","coordinates":[826713.383806066936813,6921849.234553828835487]}},
{"type":"Feature","properties":{"ID_con":1437,"bw_id":"HAS_SON_23670","name":"Betriebsgebäude (Schafstall Bückelte)","GEW":"HAS","stat_von":23670,"bauart":"Betriebsgebäude","baujahr":null,"upflicht":"NLWKN","KTR":null,"FSK":"033225004000370003__","bemerk":null,"beschreib":"Betriebsgebäude Schafstall Bückelte (incl. Kanuverleih), Tönnjesstraße 2, 49740 Haselünne","beschreib_lang":"Betriebsgebäude Schafstall Bückelte (incl. Kanuverleih), Tönnjesstraße 2, 49740 Haselünne","foto1":null,"foto2":null,"foto3":null,"foto4":null,"link1":null,"link2":null,"denkmal":"Nein","AIS_NR":null,"Nr_WR":null,"rwert":394142,"hwert":5835477.0},"geometry":{"type":"Point","coordinates":[827647.418755705817603,6920151.742753540165722]}},
{"type":"Feature","properties":{"ID_con":1438,"bw_id":"HAS_SON_24220","name":"Überfahrt Mündung Bawinkler Bach","GEW":"HAS","stat_von":24220,"bauart":"Überfahrt","baujahr":null,"upflicht":"Stadt Haselünne","KTR":null,"FSK":"033225003000370004__","bemerk":null,"beschreib":"Überfahrt Mündung Bawinkler Bach","beschreib_lang":null,"foto1":"https://nlwkn.hannit-share.de/index.php/core/preview?fileId=11065291&x=1280&y=819&a=true","foto2":null,"foto3":null,"foto4":null,"link1":null,"link2":null,"denkmal":"Nein","AIS_NR":null,"Nr_WR":null,"rwert":393651,"hwert":5835523.0},"geometry":{"type":"Point","coordinates":[826837.977835167665035,6920209.977438876405358]}},
{"type":"Feature","properties":{"ID_con":2416,"bw_id":"HAS_SON_24530","name":"Zeltplatz Altarm Blanke","GEW":"HAS","stat_von":24530,"bauart":"Zeltplatz","baujahr":null,"upflicht":"Blanke, Heinrich","KTR":null,"FSK":"033226001000370021__","bemerk":null,"beschreib":"Zeltplatz Altarm Blanke","beschreib_lang":"Zeltplatz Altarm Blanke","foto1":null,"foto2":null,"foto3":null,"foto4":null,"link1":null,"link2":null,"denkmal":"Nein","AIS_NR":null,"Nr_WR":null,"rwert":393955,"hwert":5835588.0},"geometry":{"type":"Point","coordinates":[827335.793190978933126,6920328.108462892472744]}},
{"type":"Feature","properties":{"ID_con":1440,"bw_id":"HAS_SON_24845","name":"Hasealtarm Blanke,Schüttsteine","GEW":"HAS","stat_von":24845,"bauart":"Böschungssicherung","baujahr":null,"upflicht":"NLWKN","KTR":"MBUHA02007","FSK":"033226001001010001__","bemerk":"Kann der Kostenträger entfallen??","beschreib":"Hasealtarm Blanke,Schüttsteine","beschreib_lang":"Hasealtarm Blanke,Schüttsteine","foto1":null,"foto2":null,"foto3":null,"foto4":null,"link1":null,"link2":null,"denkmal":"Nein","AIS_NR":null,"Nr_WR":null,"rwert":394266,"hwert":5835600.0},"geometry":{"type":"Point","coordinates":[827847.032436680630781,6920359.046530152671039]}},
{"type":"Feature","properties":{"ID_con":1441,"bw_id":"HAS_SON_25020","name":"Infotafel NLWKN Bootsanleger Bückelte","GEW":"HAS","stat_von":25020,"bauart":"Infotafel","baujahr":null,"upflicht":"NLWKN","KTR":null,"FSK":"033225004000350002__","bemerk":null,"beschreib":"Infotafel NLWKN Bootsanleger Bückelte","beschreib_lang":"Infotafel NLWKN Bootsanleger Bückelte","foto1":"https://nlwkn.hannit-share.de/index.php/core/preview?fileId=11065309&x=1280&y=819&a=true","foto2":null,"foto3":null,"foto4":null,"link1":null,"link2":null,"denkmal":"Nein","AIS_NR":null,"Nr_WR":null,"rwert":394252,"hwert":5835419.0},"geometry":{"type":"Point","coordinates":[827830.461170756723732,6920060.024143582209945]}},
{"type":"Feature","properties":{"ID_con":1442,"bw_id":"HAS_SON_25025","name":"Schutzhütte","GEW":"HAS","stat_von":25025,"bauart":"Schutzhütte","baujahr":null,"upflicht":"Landkreis Emsland??","KTR":null,"FSK":"033225004000350002__","bemerk":null,"beschreib":"Schutzhütte","beschreib_lang":null,"foto1":"https://nlwkn.hannit-share.de/index.php/core/preview?fileId=11065312&x=1280&y=819&a=true","foto2":"https://nlwkn.hannit-share.de/index.php/core/preview?fileId=11065315&x=1280&y=819&a=true","foto3":null,"foto4":null,"link1":null,"link2":null,"denkmal":"Nein","AIS_NR":null,"Nr_WR":null,"rwert":394256,"hwert":5835414.0},"geometry":{"type":"Point","coordinates":[827837.220383431762457,6920051.921007504686713]}},
{"type":"Feature","properties":{"ID_con":1443,"bw_id":"HAS_SON_25070","name":"Bootsanleger Bückelte","GEW":"HAS","stat_von":25070,"bauart":"Bootsanleger","baujahr":null,"upflicht":"Landkreis Emsland??","KTR":null,"FSK":"033225004000380001__","bemerk":"Genehmigung vom 14.02.1993","beschreib":"Bootsanleger Bückelte","beschreib_lang":null,"foto1":"https://nlwkn.hannit-share.de/index.php/core/preview?fileId=11065318&x=1280&y=819&a=true","foto2":"https://nlwkn.hannit-share.de/index.php/core/preview?fileId=11065321&x=1280&y=819&a=true","foto3":"https://nlwkn.hannit-share.de/index.php/core/preview?fileId=11065324&x=1280&y=819&a=true","foto4":"https://nlwkn.hannit-share.de/index.php/core/preview?fileId=11065327&x=1280&y=819&a=true","link1":null,"link2":null,"denkmal":"Nein","AIS_NR":null,"Nr_WR":null,"rwert":394275,"hwert":5835367.0},"geometry":{"type":"Point","coordinates":[827870.156295685563236,6919975.086183570325375]}},
{"type":"Feature","properties":{"ID_con":1444,"bw_id":"HAS_SON_28160","name":"Viehtritt Uferabbruch","GEW":"HAS","stat_von":28160,"bauart":"Uferabbruch","baujahr":null,"upflicht":"NLWKN","KTR":null,"FSK":"033226004000690013__","bemerk":null,"beschreib":"Viehtritt Uferabbruch","beschreib_lang":null,"foto1":"https://nlwkn.hannit-share.de/index.php/core/preview?fileId=11065354&x=1280&y=819&a=true","foto2":null,"foto3":null,"foto4":null,"link1":null,"link2":null,"denkmal":"Nein","AIS_NR":null,"Nr_WR":null,"rwert":394734,"hwert":5834252.0},"geometry":{"type":"Point","coordinates":[828664.899793504155241,6918152.76866961736232]}},
{"type":"Feature","properties":{"ID_con":1446,"bw_id":"HAS_SON_30375","name":"Überfahrt Lotter Beeke","GEW":"HAS","stat_von":30375,"bauart":"Überfahrt","baujahr":null,"upflicht":"NLWKN??","KTR":"MAAHA00100","FSK":"033213022000720002__","bemerk":null,"beschreib":"Einfach Überfahrt mit Bohlenbelag und Schrammbord (ohne Geländer aber mit Absperrschranke)","beschreib_lang":"Einfach Überfahrt mit Bohlenbelag und Schrammbord (ohne Geländer aber mit Absperrschranke)","foto1":"https://nlwkn.hannit-share.de/index.php/core/preview?fileId=11065357&x=1280&y=819&a=true","foto2":null,"foto3":null,"foto4":null,"link1":null,"link2":null,"denkmal":"Nein","AIS_NR":null,"Nr_WR":null,"rwert":395959,"hwert":5834217.0},"geometry":{"type":"Point","coordinates":[830681.016377461608499,6918138.419078052043915]}},
{"type":"Feature","properties":{"ID_con":1447,"bw_id":"HAS_SON_31160","name":"OW- Entnahme, Hase, Beregnung (Schröder)","GEW":"HAS","stat_von":31160,"bauart":"Wasserrecht (Entnahme)","baujahr":null,"upflicht":"Schröder","KTR":null,"FSK":"033226003000680014__","bemerk":"OW-Entnahme aus der Hase zur landwirtschaftlichen","beschreib":"OW- Entnahme, Hase, Beregnung (Schröder)","beschreib_lang":null,"foto1":null,"foto2":null,"foto3":null,"foto4":null,"link1":null,"link2":null,"denkmal":"Nein","AIS_NR":null,"Nr_WR":"100061856 (aktiv)","rwert":395917,"hwert":5834961.0},"geometry":{"type":"Point","coordinates":[830585.802492628921755,6919363.804882573895156]}},
{"type":"Feature","properties":{"ID_con":1448,"bw_id":"HAS_SON_31300","name":"Kompostierungsanlage Hamm","GEW":"HAS","stat_von":31300,"bauart":"Lagerplatz","baujahr":null,"upflicht":"NLWKN","KTR":"MAAHA00100","FSK":"033226003000740007__","bemerk":null,"beschreib":"Kompostierungsanlage Hamm","beschreib_lang":"Kompostierungsanlage Hamm","foto1":null,"foto2":null,"foto3":null,"foto4":null,"link1":null,"link2":null,"denkmal":"Nein","AIS_NR":null,"Nr_WR":null,"rwert":395800,"hwert":5835370.0},"geometry":{"type":"Point","coordinates":[830378.944937790511176,6920034.205910564400256]}},
{"type":"Feature","properties":{"ID_con":1449,"bw_id":"HAS_SON_31390","name":"Überfahrt rechtsseitig Haselünne (Muhne) Kläranlage","GEW":"HAS","stat_von":31390,"bauart":"Überfahrt","baujahr":null,"upflicht":"??NLWKN","KTR":"MAAHA00100","FSK":"033213022000730003__","bemerk":null,"beschreib":"Überfahrt rechtsseitig Haselünne (Muhne) Kläranlage","beschreib_lang":"Überfahrt rechtsseitig Haselünne (Muhne) Kläranlage","foto1":"https://nlwkn.hannit-share.de/index.php/core/preview?fileId=11065360&x=1280&y=819&a=true","foto2":"https://nlwkn.hannit-share.de/index.php/core/preview?fileId=11065363&x=1280&y=819&a=true","foto3":"https://nlwkn.hannit-share.de/index.php/core/preview?fileId=11065366&x=1280&y=819&a=true","foto4":null,"link1":null,"link2":null,"denkmal":"Nein","AIS_NR":null,"Nr_WR":null,"rwert":396069,"hwert":5835146.0},"geometry":{"type":"Point","coordinates":[830829.361228033318184,6919674.25049885828048]}},
{"type":"Feature","properties":{"ID_con":1450,"bw_id":"HAS_SON_32550","name":"Bootsanleger Muhne","GEW":"HAS","stat_von":32550,"bauart":"Bootsanleger","baujahr":null,"upflicht":"Stadt Haselünne","KTR":null,"FSK":"033213020001560017__","bemerk":"Genehmigung vom 04.03.2009 (Stadt Haselünne)","beschreib":"Bootsanleger Jugenzeltplatz Muhne. Die Verkehrssicherungspflicht liegt bei der Stadt Haelünne. Die zum Bootsanleger gehörende Steganlage ist spätestens bis zum 15.11 eines jeden Jahres zu entnehmen und mindestens bis zum 31.03 hochwasserfrei zu lagern.","beschreib_lang":"Bootsanleger Jugenzeltplatz Muhne. Die Verkehrssicherungspflicht liegt bei der Stadt Haelünne. Die zum Bootsanleger gehörende Steganlage ist spätestens bis zum 15.11 eines jeden Jahres zu entnehmen und mindestens bis zum 31.03 hochwasserfrei zu lagern. Bei entsprechender Hochwasserlage ist die Anlage jedoch vorher zu entnehmen bzw. erst später einzusetzen.","foto1":"https://nlwkn.hannit-share.de/index.php/core/preview?fileId=11065387&x=1280&y=819&a=true","foto2":null,"foto3":null,"foto4":null,"link1":null,"link2":null,"denkmal":"Nein","AIS_NR":null,"Nr_WR":null,"rwert":396873,"hwert":5835955.0},"geometry":{"type":"Point","coordinates":[832123.875952182221226,6921036.743492629379034]}},
{"type":"Feature","properties":{"ID_con":1451,"bw_id":"HAS_SON_32570","name":"Jugendzeltplatz Muhne","GEW":"HAS","stat_von":32570,"bauart":"Zeltplatz","baujahr":null,"upflicht":"Stadt Haselünne","KTR":null,"FSK":"033213020001320018__","bemerk":null,"beschreib":"Jugendzeltplatz Muhne (Lagerfeuerplatz, Grillplatz, Fußballfeld, Tennisplatz)","beschreib_lang":"Jugendzeltplatz Muhne (Lagerfeuerplatz, Grillplatz, Fußballfeld, Tennisplatz)","foto1":"https://nlwkn.hannit-share.de/index.php/core/preview?fileId=11065390&x=1280&y=819&a=true","foto2":"https://nlwkn.hannit-share.de/index.php/core/preview?fileId=11065393&x=1280&y=819&a=true","foto3":"https://nlwkn.hannit-share.de/index.php/core/preview?fileId=11065396&x=1280&y=819&a=true","foto4":null,"link1":null,"link2":null,"denkmal":"Nein","AIS_NR":null,"Nr_WR":null,"rwert":396986,"hwert":5835962.0},"geometry":{"type":"Point","coordinates":[832309.563761738245375,6921052.23294876050204]}},
{"type":"Feature","properties":{"ID_con":1884,"bw_id":"HAS_SON_33280","name":"Böschungstreppe uh Brücke Piusweg","GEW":"HAS","stat_von":33280,"bauart":"Böschungstreppe","baujahr":null,"upflicht":"Stadt Haselünne","KTR":null,"FSK":"033213012003670004__","bemerk":null,"beschreib":"Böschungstreppe uh Brücke Piusweg","beschreib_lang":null,"foto1":"https://nlwkn.hannit-share.de/index.php/core/preview?fileId=11065399&x=1280&y=819&a=true","foto2":null,"foto3":null,"foto4":null,"link1":null,"link2":null,"denkmal":"Nein","AIS_NR":null,"Nr_WR":null,"rwert":397299,"hwert":5836563.0},"geometry":{"type":"Point","coordinates":[832803.731146449106745,6922054.541407321579754]}},
{"type":"Feature","properties":{"ID_con":1452,"bw_id":"HAS_SON_33695","name":"Pegel Haselünne","GEW":"HAS","stat_von":33695,"bauart":"Pegel","baujahr":null,"upflicht":"NLWKN, GB 3","KTR":null,"FSK":"033213020001560017__","bemerk":"HQ 100 Abfluss = 200 cbm/s","beschreib":"Pegel Haselünne des NLWKN (Siehe auch Pegel-Online : https://www.pegelonline.nlwkn.niedersachsen.de/Karte )","beschreib_lang":null,"foto1":"https://nlwkn.hannit-share.de/index.php/core/preview?fileId=11065408&x=1280&y=819&a=true","foto2":null,"foto3":null,"foto4":null,"link1":null,"link2":null,"denkmal":"Nein","AIS_NR":null,"Nr_WR":null,"rwert":397667,"hwert":5836768.0},"geometry":{"type":"Point","coordinates":[833402.233996353927068,6922405.514658297412097]}},
{"type":"Feature","properties":{"ID_con":1453,"bw_id":"HAS_SON_33705","name":"Böschungstreppe uh Aussichtsplattform","GEW":"HAS","stat_von":33705,"bauart":"Böschungstreppe","baujahr":null,"upflicht":"NLWKN","KTR":null,"FSK":"033213020001560017__","bemerk":null,"beschreib":"Böschungstreppe unterhalb Aussichtsplattform rechts (Pegel Haselünne)","beschreib_lang":null,"foto1":"https://nlwkn.hannit-share.de/index.php/core/preview?fileId=11065411&x=1280&y=819&a=true","foto2":"https://nlwkn.hannit-share.de/index.php/core/preview?fileId=11065414&x=1280&y=819&a=true","foto3":"https://nlwkn.hannit-share.de/index.php/core/preview?fileId=11065417&x=1280&y=819&a=true","foto4":"https://nlwkn.hannit-share.de/index.php/core/preview?fileId=11065420&x=1280&y=819&a=true","link1":null,"link2":null,"denkmal":"Nein","AIS_NR":null,"Nr_WR":null,"rwert":397666,"hwert":5836775.0},"geometry":{"type":"Point","coordinates":[833400.346278901095502,6922417.028439553454518]}},
{"type":"Feature","properties":{"ID_con":1881,"bw_id":"HAS_SON_33710","name":"Infotafel Hasebrücke Haselünne","GEW":"HAS","stat_von":33710,"bauart":"Infotafel","baujahr":null,"upflicht":"Heimatverein Haselünne","KTR":null,"FSK":"033213016002860016__","bemerk":null,"beschreib":"Infotafel Hasebrücke Haselünne","beschreib_lang":null,"foto1":"https://nlwkn.hannit-share.de/index.php/core/preview?fileId=11065423&x=1280&y=819&a=true","foto2":"https://nlwkn.hannit-share.de/index.php/core/preview?fileId=11065426&x=1280&y=819&a=true","foto3":null,"foto4":null,"link1":null,"link2":null,"denkmal":"Nein","AIS_NR":null,"Nr_WR":null,"rwert":397666,"hwert":5836795.0},"geometry":{"type":"Point","coordinates":[833399.654789247782901,6922450.024075958877802]}},
{"type":"Feature","properties":{"ID_con":1454,"bw_id":"HAS_SON_33715","name":"Aussichtsplattform auf ehemaligem Brückenwiderlager","GEW":"HAS","stat_von":33715,"bauart":"Aussichtsplattform","baujahr":null,"upflicht":null,"KTR":null,"FSK":"033213020001470021__","bemerk":null,"beschreib":"Aussichtsplattform auf ehemaligem Brückenwiderlager","beschreib_lang":null,"foto1":"https://nlwkn.hannit-share.de/index.php/core/preview?fileId=11065429&x=1280&y=819&a=true","foto2":"https://nlwkn.hannit-share.de/index.php/core/preview?fileId=11065432&x=1280&y=819&a=true","foto3":"https://nlwkn.hannit-share.de/index.php/core/preview?fileId=11065435&x=1280&y=819&a=true","foto4":"https://nlwkn.hannit-share.de/index.php/core/preview?fileId=11065438&x=1280&y=819&a=true","link1":null,"link2":null,"denkmal":"Nein","AIS_NR":null,"Nr_WR":null,"rwert":397677,"hwert":5836776.0},"geometry":{"type":"Point","coordinates":[833418.41441115620546,6922419.059457691386342]}},
{"type":"Feature","properties":{"ID_con":1455,"bw_id":"HAS_SON_33730","name":"Böschungstreppe uh Brücke B213 rechts","GEW":"HAS","stat_von":33730,"bauart":"Böschungstreppe","baujahr":null,"upflicht":"??","KTR":null,"FSK":"033213018000080032__","bemerk":null,"beschreib":"Böschungstreppe uh Brücke B213 rechts","beschreib_lang":null,"foto1":"https://nlwkn.hannit-share.de/index.php/core/preview?fileId=11065441&x=1280&y=819&a=true","foto2":"https://nlwkn.hannit-share.de/index.php/core/preview?fileId=11065444&x=1280&y=819&a=true","foto3":"https://nlwkn.hannit-share.de/index.php/core/preview?fileId=11065447&x=1280&y=819&a=true","foto4":"https://nlwkn.hannit-share.de/index.php/core/preview?fileId=11065450&x=1280&y=819&a=true","link1":null,"link2":null,"denkmal":"Nein","AIS_NR":null,"Nr_WR":null,"rwert":397692,"hwert":5836783.0},"geometry":{"type":"Point","coordinates":[833442.857964415918104,6922431.12772691808641]}},
{"type":"Feature","properties":{"ID_con":1456,"bw_id":"HAS_SON_33770","name":"Böschungstreppe oh Brücke B213","GEW":"HAS","stat_von":33770,"bauart":"Böschungstreppe","baujahr":null,"upflicht":"NLSTBV??","KTR":null,"FSK":"033213018000080032__","bemerk":null,"beschreib":"Böschungstreppe oh Brücke B213","beschreib_lang":null,"foto1":"https://nlwkn.hannit-share.de/index.php/core/preview?fileId=11065453&x=1280&y=819&a=true","foto2":"https://nlwkn.hannit-share.de/index.php/core/preview?fileId=11065456&x=1280&y=819&a=true","foto3":null,"foto4":null,"link1":null,"link2":null,"denkmal":"Nein","AIS_NR":null,"Nr_WR":null,"rwert":397727,"hwert":5836796.0},"geometry":{"type":"Point","coordinates":[833500.008390556904487,6922453.787514240480959]}},
{"type":"Feature","properties":{"ID_con":1457,"bw_id":"HAS_SON_33795","name":"Vermessungspunkt rechts","GEW":"HAS","stat_von":33795,"bauart":"Vermessungspunkt","baujahr":null,"upflicht":null,"KTR":null,"FSK":"033213018000080028__","bemerk":null,"beschreib":"Vermessungspunkt rechts","beschreib_lang":null,"foto1":"https://nlwkn.hannit-share.de/index.php/core/preview?fileId=11065459&x=1280&y=819&a=true","foto2":"https://nlwkn.hannit-share.de/index.php/core/preview?fileId=11065462&x=1280&y=819&a=true","foto3":"https://nlwkn.hannit-share.de/index.php/core/preview?fileId=11065465&x=1280&y=819&a=true","foto4":null,"link1":null,"link2":null,"denkmal":"Nein","AIS_NR":null,"Nr_WR":null,"rwert":397751,"hwert":5836800.0},"geometry":{"type":"Point","coordinates":[833539.36721234919969,6922461.217921385541558]}},
{"type":"Feature","properties":{"ID_con":1459,"bw_id":"HAS_SON_34070","name":"Bootsanleger (mit Böschungstreppe) Haselünne Stadtmitte","GEW":"HAS","stat_von":34070,"bauart":"Bootsanleger","baujahr":null,"upflicht":null,"KTR":null,"FSK":"033213018000080028__","bemerk":"Genehmigung vom 18.05.2000","beschreib":"Bootsanlager (mit Böschungstreppe) Haselünne Stadtmitte","beschreib_lang":null,"foto1":"https://nlwkn.hannit-share.de/index.php/core/preview?fileId=11065480&x=1280&y=819&a=true","foto2":"https://nlwkn.hannit-share.de/index.php/core/preview?fileId=11065483&x=1280&y=819&a=true","foto3":"https://nlwkn.hannit-share.de/index.php/core/preview?fileId=11065486&x=1280&y=819&a=true","foto4":"https://nlwkn.hannit-share.de/index.php/core/preview?fileId=11065489&x=1280&y=819&a=true","link1":null,"link2":null,"denkmal":"Nein","AIS_NR":null,"Nr_WR":null,"rwert":398023,"hwert":5836856.0},"geometry":{"type":"Point","coordinates":[833985.07158068777062,6922563.014185518026352]}},
{"type":"Feature","properties":{"ID_con":1460,"bw_id":"HAS_SON_34370","name":"Spielplatz HWRB - Haselünne","GEW":"HAS","stat_von":34370,"bauart":"Spielplatz","baujahr":"2021","upflicht":"Stadt Haselünne","KTR":null,"FSK":"033213018000010034__","bemerk":null,"beschreib":"Spielplatz HWRB - Haselünne","beschreib_lang":null,"foto1":"https://nlwkn.hannit-share.de/index.php/core/preview?fileId=11065501&x=1280&y=819&a=true","foto2":null,"foto3":null,"foto4":null,"link1":null,"link2":null,"denkmal":"Nein","AIS_NR":null,"Nr_WR":null,"rwert":398242,"hwert":5836634.0},"geometry":{"type":"Point","coordinates":[834353.119995379238389,6922204.319574476219714]}},
{"type":"Feature","properties":{"ID_con":1461,"bw_id":"HAS_SON_34600","name":"Hochwasserrückhaltebecken Haselünne","GEW":"HAS","stat_von":34600,"bauart":"Hochwasserrückhaltebecken","baujahr":"1972-1974","upflicht":"NLWKN","KTR":"MBBHA00100","FSK":"033213018000010034__","bemerk":"Normalstau bei 15,15 m NN","beschreib":"Hochwasserrückhaltebecken Haselünne (Vorwarnung ab 330 cm WS am Pegel Haselünne, Füllung ab 360 cm WS). Die Steuerung erfolgt gemäß Betriebsplan. Der Normalwasserstand im See (Dauerstau) am Auslaussbauwerk soll 15,15 m NN betragen.","beschreib_lang":"Hochwasserrückhaltebecken Haselünne","foto1":"https://nlwkn.hannit-share.de/index.php/core/preview?fileId=11065504&x=1280&y=819&a=true","foto2":"https://nlwkn.hannit-share.de/index.php/core/preview?fileId=11065507&x=1280&y=819&a=true","foto3":"https://nlwkn.hannit-share.de/index.php/core/preview?fileId=11065510&x=1280&y=819&a=true","foto4":"https://nlwkn.hannit-share.de/index.php/core/preview?fileId=11065513&x=1280&y=819&a=true","link1":null,"link2":null,"denkmal":"Nein","AIS_NR":648,"Nr_WR":null,"rwert":398545,"hwert":5836370.0},"geometry":{"type":"Point","coordinates":[834860.804758073063567,6921779.224716387689114]}},
{"type":"Feature","properties":{"ID_con":1462,"bw_id":"HAS_SON_34620","name":"Infotafel HWRB-Haselünne","GEW":"HAS","stat_von":34620,"bauart":"Infotafel","baujahr":null,"upflicht":"NLWKN","KTR":null,"FSK":"033213018000030004__","bemerk":null,"beschreib":"Infotafel HWRB-Haselünne","beschreib_lang":"Infotafel HWRB-Haselünne","foto1":"https://nlwkn.hannit-share.de/index.php/core/preview?fileId=11065516&x=1280&y=819&a=true","foto2":"https://nlwkn.hannit-share.de/index.php/core/preview?fileId=11065519&x=1280&y=819&a=true","foto3":null,"foto4":null,"link1":null,"link2":null,"denkmal":"Nein","AIS_NR":null,"Nr_WR":null,"rwert":398301,"hwert":5836365.0},"geometry":{"type":"Point","coordinates":[834459.455651445081457,6921762.583693471737206]}},
{"type":"Feature","properties":{"ID_con":1464,"bw_id":"HAS_SON_36230","name":"Bootsanleger Polle (beim Rückhaltebecken)","GEW":"HAS","stat_von":36230,"bauart":"Bootsanleger","baujahr":null,"upflicht":null,"KTR":null,"FSK":"033210006001290001__","bemerk":"Genehmigung vom 11.07.2000 (Ulrich Dröge, Poller s","beschreib":"Bootsanleger Polle (beim Rückhaltebecken)","beschreib_lang":null,"foto1":"https://nlwkn.hannit-share.de/index.php/core/preview?fileId=11065552&x=1280&y=819&a=true","foto2":"https://nlwkn.hannit-share.de/index.php/core/preview?fileId=11065555&x=1280&y=819&a=true","foto3":"https://nlwkn.hannit-share.de/index.php/core/preview?fileId=11065558&x=1280&y=819&a=true","foto4":"https://nlwkn.hannit-share.de/index.php/core/preview?fileId=11065561&x=1280&y=819&a=true","link1":null,"link2":null,"denkmal":"Nein","AIS_NR":null,"Nr_WR":null,"rwert":398419,"hwert":5835002.0},"geometry":{"type":"Point","coordinates":[834700.384858731296845,6919518.478785288520157]}},
{"type":"Feature","properties":{"ID_con":2384,"bw_id":"HAS_SON_37100","name":"Bockweide (im HWRB)","GEW":"HAS","stat_von":37100,"bauart":"Pachfläche","baujahr":null,"upflicht":"NLWKN","KTR":null,"FSK":"033213018000010034__","bemerk":null,"beschreib":"Bockweide im HWRB - Haselünne. Verpachtet zur Schafbeweidung an Anton Tietze","beschreib_lang":"Bockweide im HWRB - Haselünne. Verpachtet zur Schafbeweidung an Anton Tietze","foto1":null,"foto2":null,"foto3":null,"foto4":null,"link1":null,"link2":null,"denkmal":"Nein","AIS_NR":null,"Nr_WR":null,"rwert":398919,"hwert":5835633.0},"geometry":{"type":"Point","coordinates":[835501.412126336828806,6920576.338232593610883]}},
{"type":"Feature","properties":{"ID_con":1465,"bw_id":"HAS_SON_37580","name":"Betriebspegel Einlassbauwerk HWRB-Haselünne (binnen)","GEW":"HAS","stat_von":37580,"bauart":"Betriebspegel","baujahr":null,"upflicht":"NLWKN","KTR":null,"FSK":"033214009000640001__","bemerk":null,"beschreib":"Betriebspegel Einlassbauwerk HWRB-Haselünne (binnen)","beschreib_lang":null,"foto1":"https://nlwkn.hannit-share.de/index.php/core/preview?fileId=11065564&x=1280&y=819&a=true","foto2":null,"foto3":null,"foto4":null,"link1":null,"link2":null,"denkmal":"Nein","AIS_NR":null,"Nr_WR":null,"rwert":399324,"hwert":5835856.0},"geometry":{"type":"Point","coordinates":[836160.194224991719238,6920957.99776173196733]}},
{"type":"Feature","properties":{"ID_con":1466,"bw_id":"HAS_SON_37585","name":"Betriebspegel Einlassbauwerk HWRB - Haselünne (haseseitig)","GEW":"HAS","stat_von":37585,"bauart":"Pegel","baujahr":null,"upflicht":"NLWKN","KTR":null,"FSK":"033214009000800001__","bemerk":null,"beschreib":"Betriebspegel Einlassbauwerk HWRB (haseseitig)","beschreib_lang":null,"foto1":"https://nlwkn.hannit-share.de/index.php/core/preview?fileId=11065567&x=1280&y=819&a=true","foto2":null,"foto3":null,"foto4":null,"link1":null,"link2":null,"denkmal":"Nein","AIS_NR":null,"Nr_WR":null,"rwert":399350,"hwert":5835839.0},"geometry":{"type":"Point","coordinates":[836203.552977138198912,6920930.842345984652638]}},
{"type":"Feature","properties":{"ID_con":1467,"bw_id":"HAS_SON_37790","name":"Campingplatz Holt","GEW":"HAS","stat_von":37790,"bauart":"Zeltplatz","baujahr":null,"upflicht":"Heinz-Richard Holt (Familiencampingplatz Haselünne)","KTR":null,"FSK":"033214009000620008__","bemerk":null,"beschreib":"Familiencampingplatz Haselünne","beschreib_lang":"amiliencampingplatz Haselünne","foto1":null,"foto2":null,"foto3":null,"foto4":null,"link1":null,"link2":null,"denkmal":"Nein","AIS_NR":null,"Nr_WR":null,"rwert":399426,"hwert":5836058.0},"geometry":{"type":"Point","coordinates":[836321.166113615268841,6921294.678529055789113]}},
{"type":"Feature","properties":{"ID_con":1468,"bw_id":"HAS_SON_38520","name":"Lagerplatz Andrup (incl. Pflanzenkläranlage)","GEW":"HAS","stat_von":38520,"bauart":"Lagerplatz","baujahr":null,"upflicht":"NLWKN","KTR":"MAAHA00100","FSK":"033210009001230021__","bemerk":null,"beschreib":"Lagerplatz Andrup links","beschreib_lang":"Lagerplatz Andrup links","foto1":"https://nlwkn.hannit-share.de/index.php/core/preview?fileId=11065588&x=1280&y=819&a=true","foto2":"https://nlwkn.hannit-share.de/index.php/core/preview?fileId=11065591&x=1280&y=819&a=true","foto3":null,"foto4":null,"link1":null,"link2":null,"denkmal":"Nein","AIS_NR":1090,"Nr_WR":null,"rwert":400173,"hwert":5836282.0},"geometry":{"type":"Point","coordinates":[837542.799596542376094,6921689.535753180272877]}},
{"type":"Feature","properties":{"ID_con":1470,"bw_id":"HAS_SON_38920","name":"Furt Andrup","GEW":"HAS","stat_von":38920,"bauart":"Furt","baujahr":null,"upflicht":"NLWKN","KTR":"MAAHA00100","FSK":"03321400900006______","bemerk":null,"beschreib":"Furt Andrup","beschreib_lang":"Furt Andrup","foto1":"https://nlwkn.hannit-share.de/index.php/core/preview?fileId=11065594&x=1280&y=819&a=true","foto2":null,"foto3":null,"foto4":null,"link1":null,"link2":null,"denkmal":"Nein","AIS_NR":null,"Nr_WR":null,"rwert":400259,"hwert":5836690.0},"geometry":{"type":"Point","coordinates":[837670.572248243493959,6922365.53064454253763]}},
{"type":"Feature","properties":{"ID_con":1471,"bw_id":"HAS_SON_39015","name":"Überfahrt Lager Bach","GEW":"HAS","stat_von":39015,"bauart":"Überfahrt","baujahr":null,"upflicht":"Landkreis Emsland??","KTR":"MAAHA00100","FSK":"033210009001230027__","bemerk":null,"beschreib":"Überfahrt Lager Bach (Überfahrt mit Bohlenbelag und Geländer). Der Bohlenbelag soll 2025 erneuert werden.","beschreib_lang":"Überfahrt Lager Bach (Überfahrt mit Bohlenbelag und Geländer). Der Bohlenbelag soll 2025 erneuert werden.","foto1":"https://nlwkn.hannit-share.de/index.php/core/preview?fileId=11065612&x=1280&y=819&a=true","foto2":"https://nlwkn.hannit-share.de/index.php/core/preview?fileId=11065615&x=1280&y=819&a=true","foto3":"https://nlwkn.hannit-share.de/index.php/core/preview?fileId=11065618&x=1280&y=819&a=true","foto4":"https://nlwkn.hannit-share.de/index.php/core/preview?fileId=11065621&x=1280&y=819&a=true","link1":null,"link2":null,"denkmal":"Nein","AIS_NR":null,"Nr_WR":null,"rwert":400319,"hwert":5836775.0},"geometry":{"type":"Point","coordinates":[837766.452725176117383,6922507.790948879905045]}},
{"type":"Feature","properties":{"ID_con":1472,"bw_id":"HAS_SON_39250","name":"Stillgelegte Sandentnahmestelle (See)","GEW":"HAS","stat_von":39250,"bauart":"See","baujahr":null,"upflicht":null,"KTR":null,"FSK":"033210009000530006__","bemerk":null,"beschreib":"Stillgelegte Sandentnahmestelle (See)","beschreib_lang":null,"foto1":"https://nlwkn.hannit-share.de/index.php/core/preview?fileId=11065624&x=1280&y=819&a=true","foto2":"https://nlwkn.hannit-share.de/index.php/core/preview?fileId=11065627&x=1280&y=819&a=true","foto3":null,"foto4":null,"link1":null,"link2":null,"denkmal":"Nein","AIS_NR":null,"Nr_WR":null,"rwert":400410,"hwert":5836890.0},"geometry":{"type":"Point","coordinates":[837912.346197647741064,6922700.594396405853331]}},
{"type":"Feature","properties":{"ID_con":1474,"bw_id":"HAS_SON_39490","name":"Furt (Auslauf Flutmulde Andrup)","GEW":"HAS","stat_von":39490,"bauart":"Furt","baujahr":null,"upflicht":"NLWKN","KTR":"MAAHA00100","FSK":"033214006000020010__","bemerk":null,"beschreib":"Furt Auslauf Flutmulde Andrup","beschreib_lang":"Furt Auslauf Flutmulde Andrup","foto1":"https://nlwkn.hannit-share.de/index.php/core/preview?fileId=11065633&x=1280&y=819&a=true","foto2":"https://nlwkn.hannit-share.de/index.php/core/preview?fileId=11065636&x=1280&y=819&a=true","foto3":null,"foto4":null,"link1":null,"link2":null,"denkmal":"Nein","AIS_NR":null,"Nr_WR":null,"rwert":400529,"hwert":5837126.0},"geometry":{"type":"Point","coordinates":[838100.262642559944652,6923093.98476580157876]}},
{"type":"Feature","properties":{"ID_con":1475,"bw_id":"HAS_SON_39790","name":"Furt (Einlauf Flutmulde Andrup)","GEW":"HAS","stat_von":39790,"bauart":"Furt","baujahr":null,"upflicht":"NLWKN","KTR":"MAAHA00100","FSK":"033214006000020010__","bemerk":null,"beschreib":"Furt Einlauf Flutmulde Andrup","beschreib_lang":"Furt Einlauf Flutmulde Andrup","foto1":"https://nlwkn.hannit-share.de/index.php/core/preview?fileId=11065639&x=1280&y=819&a=true","foto2":null,"foto3":null,"foto4":null,"link1":null,"link2":null,"denkmal":"Nein","AIS_NR":null,"Nr_WR":null,"rwert":400782,"hwert":5837276.0},"geometry":{"type":"Point","coordinates":[838511.638845229288563,6923349.996191305108368]}},
{"type":"Feature","properties":{"ID_con":1476,"bw_id":"HAS_SON_39835","name":"Betriebsgebäude (Schafstall Andrup)","GEW":"HAS","stat_von":39835,"bauart":"Betriebsgebäude","baujahr":null,"upflicht":"NLWKN","KTR":"MAAHA00100","FSK":"033214006000020007__","bemerk":"AIS ID 513 löschen??","beschreib":"Schafstall Andrup links","beschreib_lang":"Schafstall Andrup links","foto1":"https://nlwkn.hannit-share.de/index.php/core/preview?fileId=11065642&x=1280&y=819&a=true","foto2":"https://nlwkn.hannit-share.de/index.php/core/preview?fileId=11065645&x=1280&y=819&a=true","foto3":"https://nlwkn.hannit-share.de/index.php/core/preview?fileId=11065648&x=1280&y=819&a=true","foto4":"https://nlwkn.hannit-share.de/index.php/core/preview?fileId=11065651&x=1280&y=819&a=true","link1":"https://nlwkn.hannit-share.de/index.php/core/preview?fileId=11060039&x=1280&y=819&a=true","link2":"https://nlwkn.hannit-share.de/index.php/core/preview?fileId=11065657&x=1280&y=819&a=true","denkmal":"Nein","AIS_NR":623,"Nr_WR":null,"rwert":400865,"hwert":5837257.0},"geometry":{"type":"Point","coordinates":[838648.887288460275158,6923321.435025406070054]}},
{"type":"Feature","properties":{"ID_con":1477,"bw_id":"HAS_SON_39895","name":"Absturzbauwerk Auslauf Altarm Wehlage","GEW":"HAS","stat_von":39895,"bauart":"Absturzbauwerk","baujahr":null,"upflicht":null,"KTR":null,"FSK":"033214006000030023__","bemerk":null,"beschreib":"Absturzbauwerk Auslauf Altarm Wehlage","beschreib_lang":null,"foto1":null,"foto2":null,"foto3":null,"foto4":null,"link1":null,"link2":null,"denkmal":"Nein","AIS_NR":null,"Nr_WR":null,"rwert":400840,"hwert":5837357.0},"geometry":{"type":"Point","coordinates":[838604.388007873552851,6923485.596744123846292]}},
{"type":"Feature","properties":{"ID_con":1478,"bw_id":"HAS_SON_42550","name":"Furt Großer Kanal / Bookhofer Graben","GEW":"HAS","stat_von":42550,"bauart":"Furt","baujahr":"2016","upflicht":"NLWKN","KTR":"MAAHA00100","FSK":"033209005001070020__","bemerk":null,"beschreib":"Furt Großer Kanal / Bookhofer Graben","beschreib_lang":"Furt Großer Kanal / Bookhofer Graben","foto1":"https://nlwkn.hannit-share.de/index.php/core/preview?fileId=11065678&x=1280&y=819&a=true","foto2":"https://nlwkn.hannit-share.de/index.php/core/preview?fileId=11065681&x=1280&y=819&a=true","foto3":"https://nlwkn.hannit-share.de/index.php/core/preview?fileId=11065684&x=1280&y=819&a=true","foto4":"https://nlwkn.hannit-share.de/index.php/core/preview?fileId=11065687&x=1280&y=819&a=true","link1":null,"link2":null,"denkmal":"Nein","AIS_NR":null,"Nr_WR":null,"rwert":402728,"hwert":5838067.0},"geometry":{"type":"Point","coordinates":[841688.633771530352533,6924720.055061986669898]}},
{"type":"Feature","properties":{"ID_con":1479,"bw_id":"HAS_SON_42580","name":"Gehölzentwicklung Mündung Bookhofer Graben","GEW":"HAS","stat_von":42580,"bauart":"Gehölzentwicklung","baujahr":null,"upflicht":null,"KTR":null,"FSK":"033209005001070020__","bemerk":null,"beschreib":"Gehölzentwicklung Mündung Bookhofer Graben","beschreib_lang":null,"foto1":null,"foto2":null,"foto3":null,"foto4":null,"link1":null,"link2":null,"denkmal":"Nein","AIS_NR":null,"Nr_WR":null,"rwert":402728,"hwert":5838067.0},"geometry":{"type":"Point","coordinates":[841688.633771530352533,6924720.055061986669898]}},
{"type":"Feature","properties":{"ID_con":1480,"bw_id":"HAS_SON_42740","name":"OW- Entnahme, Hase, Beregnung (E2), Beelmann","GEW":"HAS","stat_von":42740,"bauart":"Wasserrecht (Entnahme)","baujahr":null,"upflicht":"Beelmann","KTR":null,"FSK":"033209005001070020__","bemerk":"OW- Entnahme, Hase E I, Beregnung (56300 m³/a), er","beschreib":"OW- Entnahme, Hase, Beregnung (E2), Beelmann","beschreib_lang":null,"foto1":null,"foto2":null,"foto3":null,"foto4":null,"link1":null,"link2":null,"denkmal":"Nein","AIS_NR":null,"Nr_WR":"100024435 (aktiv)","rwert":402834,"hwert":5838417.0},"geometry":{"type":"Point","coordinates":[841851.634341624914669,6925301.175691062584519]}},
{"type":"Feature","properties":{"ID_con":1481,"bw_id":"HAS_SON_43410","name":"Sohlgleite Südradde","GEW":"HAS","stat_von":43410,"bauart":"Sohlgleite","baujahr":"2015 / 2016","upflicht":"NLWKN","KTR":"MAAHA00100","FSK":"03323102100001______","bemerk":null,"beschreib":"Die Sohlgleite im Mündungsbereich der Südradde wurde in 2015/16 durch den Betriebshof Lehrte im Auftrag des Angelsportvereins / Unterhaltungsverband gebaut. Es wurden Fördermittel nach Richtlinie FGE (Kleinmaßnahmen) verwandt.","beschreib_lang":"Die Sohlgleite im Mündungsbereich der Südradde wurde in 2015/16 durch den Betriebshof Lehrte im Auftrag des Angelsportvereins / Unterhaltungsverband gebaut. Es wurden Fördermittel nach Richtlinie FGE (Kleinmaßnahmen) verwandt.","foto1":"https://nlwkn.hannit-share.de/index.php/core/preview?fileId=11065711&x=1280&y=819&a=true","foto2":"https://nlwkn.hannit-share.de/index.php/core/preview?fileId=11065714&x=1280&y=819&a=true","foto3":"https://nlwkn.hannit-share.de/index.php/core/preview?fileId=11065717&x=1280&y=819&a=true","foto4":"https://nlwkn.hannit-share.de/index.php/core/preview?fileId=11065720&x=1280&y=819&a=true","link1":null,"link2":null,"denkmal":"Nein","AIS_NR":null,"Nr_WR":null,"rwert":403431,"hwert":5838498.0},"geometry":{"type":"Point","coordinates":[842831.861209743656218,6925454.466998342424631]}},
{"type":"Feature","properties":{"ID_con":1482,"bw_id":"HAS_SON_43415","name":"Überfahrt Südradde","GEW":"HAS","stat_von":43415,"bauart":"Überfahrt","baujahr":null,"upflicht":"NLWKN","KTR":"MAAHA00100","FSK":"03323102100039______","bemerk":null,"beschreib":"Überfahrt Mündung Südradde (Überfahrt mit Holzbohlenbelag und Schrammbord, ohne Geländer). Der Holzbohlenbelag soll 2025 erneuert werden. In 2025 soll die Überfahrt mit einem Geländer versehen werden.","beschreib_lang":"Überfahrt Mündung Südradde (Überfahrt mit Holzbohlenbelag und Schrammbord, ohne Geländer). Der Holzbohlenbelag soll 2025 erneuert werden. In 2025 soll die Überfahrt mit einem Geländer versehen werden.","foto1":"https://nlwkn.hannit-share.de/index.php/core/preview?fileId=11065723&x=1280&y=819&a=true","foto2":"https://nlwkn.hannit-share.de/index.php/core/preview?fileId=11065726&x=1280&y=819&a=true","foto3":"https://nlwkn.hannit-share.de/index.php/core/preview?fileId=11373958&x=1280&y=819&a=true","foto4":null,"link1":null,"link2":null,"denkmal":"Nein","AIS_NR":null,"Nr_WR":null,"rwert":403432,"hwert":5838466.0},"geometry":{"type":"Point","coordinates":[842834.5526532237418,6925401.685142359696329]}},
{"type":"Feature","properties":{"ID_con":1483,"bw_id":"HAS_SON_43650","name":"OW- Entnahme, Hase, Beregnung (E1), Beelmann","GEW":"HAS","stat_von":43650,"bauart":"Wasserrecht (Entnahme)","baujahr":null,"upflicht":"Beelmann","KTR":null,"FSK":"03323102100039______","bemerk":"linksseitig??. OW- Entnahme, Hase E I, Beregnung (","beschreib":"OW- Entnahme, Hase, Beregnung (E1), Beelmann","beschreib_lang":null,"foto1":null,"foto2":null,"foto3":null,"foto4":null,"link1":null,"link2":null,"denkmal":"Nein","AIS_NR":null,"Nr_WR":"100024435 (aktiv)","rwert":403650,"hwert":5838417.0},"geometry":{"type":"Point","coordinates":[843195.059153267531656,6925327.94226370099932]}},
{"type":"Feature","properties":{"ID_con":1485,"bw_id":"HAS_SON_44300","name":"OW- Entnahme, Hase, Beregnung (E3), Beelmann","GEW":"HAS","stat_von":44300,"bauart":"Wasserrecht (Entnahme)","baujahr":null,"upflicht":"Beelmann","KTR":null,"FSK":"03323102100039______","bemerk":"OW- Entnahme, Hase E I, Beregnung (56300 m³/a), er","beschreib":"OW- Entnahme, Hase, Beregnung (E3), Beelmann","beschreib_lang":null,"foto1":null,"foto2":null,"foto3":null,"foto4":null,"link1":null,"link2":null,"denkmal":"Nein","AIS_NR":null,"Nr_WR":"100024435 (aktiv)","rwert":404297,"hwert":5838358.0},"geometry":{"type":"Point","coordinates":[844262.167822008137591,6925251.629095184616745]}},
{"type":"Feature","properties":{"ID_con":1486,"bw_id":"HAS_SON_44895","name":"OW- Entnahme, Hase, Beregnung (E 1), Duisen","GEW":"HAS","stat_von":44895,"bauart":"Wasserrecht (Entnahme)","baujahr":null,"upflicht":"Duisen","KTR":null,"FSK":"03323102000043______","bemerk":"??Flurstück prüfen, Tel. :","beschreib":"OW-Entnahme E1 (5500 m³/a)","beschreib_lang":null,"foto1":null,"foto2":null,"foto3":null,"foto4":null,"link1":null,"link2":null,"denkmal":"Nein","AIS_NR":null,"Nr_WR":"100014314","rwert":404890,"hwert":5838298.0},"geometry":{"type":"Point","coordinates":[845240.387471561087295,6925171.783041057176888]}},
{"type":"Feature","properties":{"ID_con":1487,"bw_id":"HAS_SON_45140","name":"Schutzhütte (privat) auf Böschungsoberkante","GEW":"HAS","stat_von":45140,"bauart":"Schutzhütte","baujahr":null,"upflicht":null,"KTR":null,"FSK":"03323102000047______","bemerk":null,"beschreib":"Schutzhütte (privat) auf Böschungsoberkante","beschreib_lang":null,"foto1":"https://nlwkn.hannit-share.de/index.php/core/preview?fileId=11065738&x=1280&y=819&a=true","foto2":null,"foto3":null,"foto4":null,"link1":null,"link2":null,"denkmal":"Nein","AIS_NR":null,"Nr_WR":null,"rwert":405132,"hwert":5838269.0},"geometry":{"type":"Point","coordinates":[845639.733088855748065,6925131.713576829060912]}},
{"type":"Feature","properties":{"ID_con":2210,"bw_id":"HAS_SON_45575","name":"Böschungstreppe (Hasetal-Touristik)","GEW":"HAS","stat_von":45575,"bauart":"Böschungstreppe","baujahr":"2022","upflicht":"Hasetal-Touristik GmbH","KTR":null,"FSK":"03323101900171______","bemerk":"!!Bilder nach Fertigstellung ergänzen; !! Vertrag","beschreib":"Böschungstreppe (Hasetal-Touristik)","beschreib_lang":null,"foto1":"https://nlwkn.hannit-share.de/index.php/core/preview?fileId=11065741&x=1280&y=819&a=true","foto2":"https://nlwkn.hannit-share.de/index.php/core/preview?fileId=11065744&x=1280&y=819&a=true","foto3":null,"foto4":null,"link1":null,"link2":null,"denkmal":"Nein","AIS_NR":null,"Nr_WR":null,"rwert":405483,"hwert":5838005.0},"geometry":{"type":"Point","coordinates":[846226.035499728168361,6924707.28175101429224]}},
{"type":"Feature","properties":{"ID_con":1488,"bw_id":"HAS_SON_45690","name":"Pegel Herzlake (mit Böschungstreppe u. Schrägpegel)","GEW":"HAS","stat_von":45690,"bauart":"Pegel","baujahr":null,"upflicht":"NLWKN, GB 3","KTR":null,"FSK":"03323100700127______","bemerk":null,"beschreib":"Pegel Herzlake des NLWKN (Siehe auch Pegel-Online : https://www.pegelonline.nlwkn.niedersachsen.de/Karte )","beschreib_lang":null,"foto1":"https://nlwkn.hannit-share.de/index.php/core/preview?fileId=11065750&x=1280&y=819&a=true","foto2":"https://nlwkn.hannit-share.de/index.php/core/preview?fileId=11065753&x=1280&y=819&a=true","foto3":"https://nlwkn.hannit-share.de/index.php/core/preview?fileId=11065756&x=1280&y=819&a=true","foto4":"https://nlwkn.hannit-share.de/index.php/core/preview?fileId=11065759&x=1280&y=819&a=true","link1":null,"link2":null,"denkmal":"Nein","AIS_NR":null,"Nr_WR":null,"rwert":405513,"hwert":5837883.0},"geometry":{"type":"Point","coordinates":[846279.320516088744625,6924506.904807170853019]}},
{"type":"Feature","properties":{"ID_con":2653,"bw_id":"HAS_SON_45745","name":"Restaurant \"Alter Hase\" Terassenüberbau","GEW":"HAS","stat_von":45745,"bauart":"Terassenübergau","baujahr":"2018","upflicht":"Betreiber Restaurant \"Alter Hase\", Theresa Leigers","KTR":null,"FSK":"03323101900171______","bemerk":null,"beschreib":"Restaurant \"Alter Hase\" Terassenüberbau","beschreib_lang":"Überbau mit einer Terasse in drei Abschnitten auf die vorhandene Hochwasserschutzmauer der Hase.","foto1":null,"foto2":null,"foto3":null,"foto4":null,"link1":null,"link2":null,"denkmal":"Nein","AIS_NR":0,"Nr_WR":null,"rwert":405454,"hwert":5837985.0},"geometry":{"type":"Point","coordinates":[846178.933499807259068,6924673.346021751873195]}},
{"type":"Feature","properties":{"ID_con":2147,"bw_id":"HAS_SON_45895","name":"Slipanlage Herzlake","GEW":"HAS","stat_von":45895,"bauart":"Bootsanleger","baujahr":null,"upflicht":null,"KTR":null,"FSK":"03323101800001______","bemerk":null,"beschreib":"Slipanlage Herzlake","beschreib_lang":null,"foto1":"https://nlwkn.hannit-share.de/index.php/core/preview?fileId=11065765&x=1280&y=819&a=true","foto2":"https://nlwkn.hannit-share.de/index.php/core/preview?fileId=11065768&x=1280&y=819&a=true","foto3":"https://nlwkn.hannit-share.de/index.php/core/preview?fileId=11065771&x=1280&y=819&a=true","foto4":"https://nlwkn.hannit-share.de/index.php/core/preview?fileId=11065774&x=1280&y=819&a=true","link1":null,"link2":null,"denkmal":"Nein","AIS_NR":0,"Nr_WR":null,"rwert":405642,"hwert":5837724.0},"geometry":{"type":"Point","coordinates":[846496.754180797608569,6924248.640907128341496]}},
{"type":"Feature","properties":{"ID_con":1490,"bw_id":"HAS_SON_45910","name":"Bootsanleger Herzlake","GEW":"HAS","stat_von":45910,"bauart":"Bootsanleger","baujahr":"1993??","upflicht":null,"KTR":null,"FSK":"03323101800001______","bemerk":"Genehmigung vom 05.03.1993","beschreib":"Bootsanleger Herzlake","beschreib_lang":null,"foto1":"https://nlwkn.hannit-share.de/index.php/core/preview?fileId=11065777&x=1280&y=819&a=true","foto2":"https://nlwkn.hannit-share.de/index.php/core/preview?fileId=11065780&x=1280&y=819&a=true","foto3":null,"foto4":null,"link1":null,"link2":null,"denkmal":"Nein","AIS_NR":null,"Nr_WR":null,"rwert":405644,"hwert":5837710.0},"geometry":{"type":"Point","coordinates":[846500.493073776480742,6924225.601554398424923]}},
{"type":"Feature","properties":{"ID_con":1491,"bw_id":"HAS_SON_46110","name":"OW- Entnahme, Hase, A50 sonstige Beregnung oder Berieselung","GEW":"HAS","stat_von":46110,"bauart":"Wasserrecht (Entnahme)","baujahr":null,"upflicht":"Gemeinde Herzlake","KTR":null,"FSK":"03323101800001______","bemerk":"?? Recht abgelaufen, OW-Entn., Gemeinde Herzlake,","beschreib":"OW- Entnahme, Hase, A50 sonstige Beregnung oder Berieselung","beschreib_lang":null,"foto1":"https://nlwkn.hannit-share.de/index.php/core/preview?fileId=11065783&x=1280&y=819&a=true","foto2":"https://nlwkn.hannit-share.de/index.php/core/preview?fileId=11065786&x=1280&y=819&a=true","foto3":"https://nlwkn.hannit-share.de/index.php/core/preview?fileId=11065789&x=1280&y=819&a=true","foto4":"https://nlwkn.hannit-share.de/index.php/core/preview?fileId=11065792&x=1280&y=819&a=true","link1":null,"link2":null,"denkmal":"Nein","AIS_NR":null,"Nr_WR":"11/4531 (aktiv)","rwert":405736,"hwert":5837531.0},"geometry":{"type":"Point","coordinates":[846657.643401248031296,6923933.155239904299378]}},
{"type":"Feature","properties":{"ID_con":1492,"bw_id":"HAS_SON_48220","name":"OW- Entnahme, Hase, Beregnung (E 8)","GEW":"HAS","stat_von":48220,"bauart":"Wasserrecht (Entnahme)","baujahr":null,"upflicht":"Duisen","KTR":null,"FSK":"033232005000840011__","bemerk":"??Flurstück prüfen, OW-Entnahme E8 (5500 m³/a), er","beschreib":"OW- Entnahme, Hase, Beregnung (E 8)","beschreib_lang":null,"foto1":null,"foto2":null,"foto3":null,"foto4":null,"link1":null,"link2":null,"denkmal":"Nein","AIS_NR":null,"Nr_WR":"100014314","rwert":407640,"hwert":5837837.0},"geometry":{"type":"Point","coordinates":[849782.288953409646638,6924498.339600826613605]}},
{"type":"Feature","properties":{"ID_con":1493,"bw_id":"HAS_SON_48425","name":"Überfahrt (Nördlicher Hahnenmoorschloot)","GEW":"HAS","stat_von":48425,"bauart":"Überfahrt","baujahr":null,"upflicht":null,"KTR":null,"FSK":"033232005000840011__","bemerk":null,"beschreib":"Überfahrt (Nördlicher Hahnenmoorschloot)","beschreib_lang":null,"foto1":"https://nlwkn.hannit-share.de/index.php/core/preview?fileId=11065798&x=1280&y=819&a=true","foto2":"https://nlwkn.hannit-share.de/index.php/core/preview?fileId=11065801&x=1280&y=819&a=true","foto3":"https://nlwkn.hannit-share.de/index.php/core/preview?fileId=11065804&x=1280&y=819&a=true","foto4":"https://nlwkn.hannit-share.de/index.php/core/preview?fileId=11065807&x=1280&y=819&a=true","link1":null,"link2":null,"denkmal":"Nein","AIS_NR":null,"Nr_WR":null,"rwert":407838,"hwert":5837803.0},"geometry":{"type":"Point","coordinates":[850109.302726869820617,6924448.420541185885668]}},
{"type":"Feature","properties":{"ID_con":1496,"bw_id":"HAS_SON_48985","name":"OW- Entnahme, Hase, Beregnung (E 9)","GEW":"HAS","stat_von":48985,"bauart":"Wasserrecht (Entnahme)","baujahr":null,"upflicht":"Duisen","KTR":null,"FSK":"033232005000840011__","bemerk":"??Flurstück prüfen, ??Im Wasserrecht falscher Hoch","beschreib":"OW- Entnahme, Hase, Beregnung (E 9)","beschreib_lang":null,"foto1":"https://nlwkn.hannit-share.de/index.php/core/preview?fileId=11065825&x=1280&y=819&a=true","foto2":"https://nlwkn.hannit-share.de/index.php/core/preview?fileId=11065828&x=1280&y=819&a=true","foto3":null,"foto4":null,"link1":null,"link2":null,"denkmal":"Nein","AIS_NR":null,"Nr_WR":"100014314","rwert":408378,"hwert":5837875.0},"geometry":{"type":"Point","coordinates":[850996.035976441344246,6924584.061663278378546]}},
{"type":"Feature","properties":{"ID_con":1497,"bw_id":"HAS_SON_49165","name":"Schöpfwerk Graben Einhaus I","GEW":"HAS","stat_von":49165,"bauart":"Schöpfwerk","baujahr":null,"upflicht":null,"KTR":null,"FSK":"03323101000031______","bemerk":null,"beschreib":"Schöpfwerk Graben Einhaus I","beschreib_lang":null,"foto1":null,"foto2":null,"foto3":null,"foto4":null,"link1":null,"link2":null,"denkmal":"Nein","AIS_NR":null,"Nr_WR":null,"rwert":408509,"hwert":5837998.0},"geometry":{"type":"Point","coordinates":[851207.890977897448465,6924791.120854880660772]}},
{"type":"Feature","properties":{"ID_con":1498,"bw_id":"HAS_SON_49300","name":"Totholzeinbau Mündung Hahnenmoorkanal","GEW":"HAS","stat_von":49300,"bauart":"Strukturaufwertung","baujahr":null,"upflicht":"NLWKN","KTR":null,"FSK":"033232005000840011__","bemerk":null,"beschreib":"Totholzeinbau Mündung Hahnenmoorkanal","beschreib_lang":"Totholzeinbau Mündung Hahnenmoorkanal","foto1":"https://nlwkn.hannit-share.de/index.php/core/preview?fileId=11065834&x=1280&y=819&a=true","foto2":null,"foto3":null,"foto4":null,"link1":null,"link2":null,"denkmal":"Nein","AIS_NR":null,"Nr_WR":null,"rwert":408597,"hwert":5838096.0},"geometry":{"type":"Point","coordinates":[851349.73675638041459,6924955.587435709312558]}},
{"type":"Feature","properties":{"ID_con":1499,"bw_id":"HAS_SON_49435","name":"OW- Entnahme, Hase, Beregnung (E 12)","GEW":"HAS","stat_von":49435,"bauart":"Wasserrecht (Entnahme)","baujahr":null,"upflicht":"Duisen","KTR":null,"FSK":"033232005000840011__","bemerk":"OW-Entnahme E12 (4725 m³/a), erteilt am 20.02.2012","beschreib":"OW- Entnahme, Hase, Beregnung (E 12)","beschreib_lang":null,"foto1":null,"foto2":null,"foto3":null,"foto4":null,"link1":null,"link2":null,"denkmal":"Nein","AIS_NR":null,"Nr_WR":"100014314","rwert":408672,"hwert":5838213.0},"geometry":{"type":"Point","coordinates":[851469.59873373247683,6925151.011026916094124]}},
{"type":"Feature","properties":{"ID_con":1500,"bw_id":"HAS_SON_49710","name":"OW- Entnahme, Hase, Beregnung (E 11)","GEW":"HAS","stat_von":49710,"bauart":"Wasserrecht (Entnahme)","baujahr":null,"upflicht":"Duisen","KTR":null,"FSK":"033232005000840011__","bemerk":"OW-Entnahme E11 (4725 m³/a), erteilt am 20.02.2012","beschreib":"OW- Entnahme, Hase, Beregnung (E 11)","beschreib_lang":null,"foto1":null,"foto2":null,"foto3":null,"foto4":null,"link1":null,"link2":null,"denkmal":"Nein","AIS_NR":null,"Nr_WR":"100014314","rwert":408633,"hwert":5838483.0},"geometry":{"type":"Point","coordinates":[851397.047363954014145,6925595.437959262169898]}},
{"type":"Feature","properties":{"ID_con":1501,"bw_id":"HAS_SON_50235","name":"OW- Entnahme, Hase, Beregnung (E 10)","GEW":"HAS","stat_von":50235,"bauart":"Wasserrecht (Entnahme)","baujahr":null,"upflicht":"Duisen","KTR":null,"FSK":"033232004002870025__","bemerk":"??Flurstück prüfen, OW-Entnahme E10 (4725 m³/a), e","beschreib":"OW- Entnahme, Hase, Beregnung (E 10)","beschreib_lang":null,"foto1":null,"foto2":null,"foto3":null,"foto4":null,"link1":null,"link2":null,"denkmal":"Nein","AIS_NR":null,"Nr_WR":"100014314","rwert":408521,"hwert":5837916.0},"geometry":{"type":"Point","coordinates":[851230.182878893101588,6924656.163036997430027]}},
{"type":"Feature","properties":{"ID_con":1502,"bw_id":"HAS_SON_50495","name":"OW- Entnahme, Hase, Beregnung (E 13)","GEW":"HAS","stat_von":50495,"bauart":"Wasserrecht (Entnahme)","baujahr":null,"upflicht":"Duisen","KTR":null,"FSK":"033232004002870025__","bemerk":"OW-Entnahme E13 (4725 m³/a), erteilt am 20.02.2012","beschreib":"OW- Entnahme, Hase, Beregnung (E 13)","beschreib_lang":null,"foto1":null,"foto2":null,"foto3":null,"foto4":null,"link1":null,"link2":null,"denkmal":"Nein","AIS_NR":null,"Nr_WR":"100014314","rwert":408630,"hwert":5839222.0},"geometry":{"type":"Point","coordinates":[851369.266837826929986,6926815.189129769802094]}},
{"type":"Feature","properties":{"ID_con":1503,"bw_id":"HAS_SON_50640","name":"OW- Entnahme, Hase, Beregnung (A-001)","GEW":"HAS","stat_von":50640,"bauart":"Wasserrecht (Entnahme)","baujahr":null,"upflicht":"Pott","KTR":null,"FSK":"033232004001480011__","bemerk":null,"beschreib":"OW- Entnahme, Hase, Beregnung (A-001)","beschreib_lang":null,"foto1":null,"foto2":null,"foto3":null,"foto4":null,"link1":null,"link2":null,"denkmal":"Nein","AIS_NR":null,"Nr_WR":"100014834","rwert":408663,"hwert":5839360.0},"geometry":{"type":"Point","coordinates":[851419.343724540434778,6927044.024382275529206]}},
{"type":"Feature","properties":{"ID_con":1504,"bw_id":"HAS_SON_51220","name":"Bootsrampe (Pflaster)  (Slipanlage)","GEW":"HAS","stat_von":51220,"bauart":"Bootsrampe","baujahr":null,"upflicht":"NLWKN","KTR":"MAAHA00100","FSK":"033232004002870025__","bemerk":null,"beschreib":"Bootsrampe (Böschungspflaster)","beschreib_lang":"Bootsrampe (Böschungspflaster)","foto1":"https://nlwkn.hannit-share.de/index.php/core/preview?fileId=11065882&x=1280&y=819&a=true","foto2":null,"foto3":null,"foto4":null,"link1":null,"link2":null,"denkmal":"Nein","AIS_NR":null,"Nr_WR":null,"rwert":409161,"hwert":5839610.0},"geometry":{"type":"Point","coordinates":[852231.749476690543815,6927472.133941586129367]}},
{"type":"Feature","properties":{"ID_con":1505,"bw_id":"HAS_SON_51350","name":"Schöpfwerk Westrumer Poldergraben","GEW":"HAS","stat_von":51350,"bauart":"Schöpfwerk","baujahr":null,"upflicht":null,"KTR":null,"FSK":"033232003000450004__","bemerk":null,"beschreib":"Schöpfwerk Westrumer Poldergraben","beschreib_lang":null,"foto1":"https://nlwkn.hannit-share.de/index.php/core/preview?fileId=11065885&x=1280&y=819&a=true","foto2":"https://nlwkn.hannit-share.de/index.php/core/preview?fileId=11065888&x=1280&y=819&a=true","foto3":"https://nlwkn.hannit-share.de/index.php/core/preview?fileId=11065891&x=1280&y=819&a=true","foto4":"https://nlwkn.hannit-share.de/index.php/core/preview?fileId=11065894&x=1280&y=819&a=true","link1":null,"link2":null,"denkmal":"Nein","AIS_NR":null,"Nr_WR":null,"rwert":409265,"hwert":5839703.0},"geometry":{"type":"Point","coordinates":[852400.166938609443605,6927628.875447450205684]}},
{"type":"Feature","properties":{"ID_con":1506,"bw_id":"HAS_SON_52450","name":"Pegel Westrum","GEW":"HAS","stat_von":52450,"bauart":"Pegel","baujahr":null,"upflicht":"NLWKN, GB 3","KTR":null,"FSK":"033234057001640013__","bemerk":null,"beschreib":"Pegel Westrum","beschreib_lang":null,"foto1":"https://nlwkn.hannit-share.de/index.php/core/preview?fileId=11065897&x=1280&y=819&a=true","foto2":"https://nlwkn.hannit-share.de/index.php/core/preview?fileId=11065900&x=1280&y=819&a=true","foto3":null,"foto4":null,"link1":null,"link2":null,"denkmal":"Nein","AIS_NR":null,"Nr_WR":null,"rwert":410140,"hwert":5840042.0},"geometry":{"type":"Point","coordinates":[853830.891270181280561,6928215.382767174392939]}},
{"type":"Feature","properties":{"ID_con":1538,"bw_id":"HRK_SON_5","name":"aufgebockter Schlepper August","GEW":"HRK","stat_von":5,"bauart":"Schlepper August","baujahr":"2020","upflicht":"Stadt Haren","KTR":null,"FSK":"033103003002660001__","bemerk":null,"beschreib":"aufgebockter Schlepper August vor der Schleuse I rechtsseitig","beschreib_lang":"Der Dampfschlepper AUGUST wurde 1910 auf der Werft Wiemann in Berlin-Brandenburg gebaut. Es hat eine Länge von 23,83 m, eine Breite von 5,23 m und einen Tiefgang von 1,80 m. Im Jahre 1910 erwarb Otto Schöning den Schlepper von der Firma Lenkering aus Emden. Im Krieg wurde das Fahrzeug schwer beschädigt und erst 1948 wieder in Dienst gestellt. Im Jahre 1961 wurde die Dampfmaschine durch einen Dieselmotor mit 375 PS ersetzt. Seit 1980 gehört es zum Ensemble des Schifffahrtsmuseums.","foto1":"https://nlwkn.hannit-share.de/index.php/core/preview?fileId=11063248&x=1280&y=819&a=true","foto2":"https://nlwkn.hannit-share.de/index.php/core/preview?fileId=11063251&x=1280&y=819&a=true","foto3":"https://nlwkn.hannit-share.de/index.php/core/preview?fileId=11063254&x=1280&y=819&a=true","foto4":"https://nlwkn.hannit-share.de/index.php/core/preview?fileId=11063257&x=1280&y=819&a=true","link1":null,"link2":null,"denkmal":"Nein","AIS_NR":null,"Nr_WR":null,"rwert":381830,"hwert":5850159.0},"geometry":{"type":"Point","coordinates":[806805.319659539731219,6943932.395144325681031]}},
{"type":"Feature","properties":{"ID_con":1515,"bw_id":"HRK_SON_10","name":"Bootsanleger 1 uh Schleuse I","GEW":"HRK","stat_von":10,"bauart":"Bootsanleger","baujahr":null,"upflicht":"NLWKN","KTR":"MBLEN20200","FSK":"033103003002700004__","bemerk":null,"beschreib":"Bootsanleger 1 uh Schleuse I","beschreib_lang":"Bootsanleger 1 uh Schleuse I","foto1":"https://nlwkn.hannit-share.de/index.php/core/preview?fileId=11062933&x=1280&y=819&a=true","foto2":"https://nlwkn.hannit-share.de/index.php/core/preview?fileId=11062936&x=1280&y=819&a=true","foto3":"https://nlwkn.hannit-share.de/index.php/core/preview?fileId=11062939&x=1280&y=819&a=true","foto4":"https://nlwkn.hannit-share.de/index.php/core/preview?fileId=11062942&x=1280&y=819&a=true","link1":null,"link2":null,"denkmal":"Nein","AIS_NR":null,"Nr_WR":null,"rwert":381826,"hwert":5850172.0},"geometry":{"type":"Point","coordinates":[806798.197369707166217,6943953.735756944864988]}},
{"type":"Feature","properties":{"ID_con":1527,"bw_id":"HRK_SON_15","name":"Bootsanleger Amisia","GEW":"HRK","stat_von":15,"bauart":"Bootsanleger","baujahr":"1976","upflicht":"Stadt Haren","KTR":null,"FSK":"033103003002700004__","bemerk":null,"beschreib":"Bootsanleger Amisia","beschreib_lang":null,"foto1":"https://nlwkn.hannit-share.de/index.php/core/preview?fileId=11063086&x=1280&y=819&a=true","foto2":"https://nlwkn.hannit-share.de/index.php/core/preview?fileId=11063089&x=1280&y=819&a=true","foto3":"https://nlwkn.hannit-share.de/index.php/core/preview?fileId=11063092&x=1280&y=819&a=true","foto4":"https://nlwkn.hannit-share.de/index.php/core/preview?fileId=11063095&x=1280&y=819&a=true","link1":null,"link2":null,"denkmal":"Nein","AIS_NR":null,"Nr_WR":null,"rwert":381819,"hwert":5850196.0},"geometry":{"type":"Point","coordinates":[806785.683013632660732,6943993.149442799389362]}},
{"type":"Feature","properties":{"ID_con":1533,"bw_id":"HRK_SON_25","name":"Bootsanleger 2 uh Schleuse I","GEW":"HRK","stat_von":25,"bauart":"Bootsanleger","baujahr":null,"upflicht":"??","KTR":null,"FSK":"033103003002700004__","bemerk":null,"beschreib":"Bootsanleger 2 uh Schleuse I","beschreib_lang":null,"foto1":"https://nlwkn.hannit-share.de/index.php/core/preview?fileId=11063164&x=1280&y=819&a=true","foto2":"https://nlwkn.hannit-share.de/index.php/core/preview?fileId=11063167&x=1280&y=819&a=true","foto3":"https://nlwkn.hannit-share.de/index.php/core/preview?fileId=11063170&x=1280&y=819&a=true","foto4":"https://nlwkn.hannit-share.de/index.php/core/preview?fileId=11063173&x=1280&y=819&a=true","link1":null,"link2":null,"denkmal":"Nein","AIS_NR":null,"Nr_WR":null,"rwert":381820,"hwert":5850170.0},"geometry":{"type":"Point","coordinates":[806788.378252187045291,6943950.185969921760261]}},
{"type":"Feature","properties":{"ID_con":1537,"bw_id":"HRK_SON_45","name":"Infotafel Schleuse I","GEW":"HRK","stat_von":45,"bauart":"Infotafel","baujahr":"2005","upflicht":"NLWKN","KTR":null,"FSK":"03310304600142______","bemerk":null,"beschreib":"Infotafel Schleuse I","beschreib_lang":null,"foto1":"https://nlwkn.hannit-share.de/index.php/core/preview?fileId=11063242&x=1280&y=819&a=true","foto2":null,"foto3":null,"foto4":null,"link1":null,"link2":null,"denkmal":"Nein","AIS_NR":null,"Nr_WR":null,"rwert":381797,"hwert":5850162.0},"geometry":{"type":"Point","coordinates":[806750.751787386834621,6943936.027028813958168]}},
{"type":"Feature","properties":{"ID_con":1539,"bw_id":"HRK_SON_60","name":"Betriebsgebäude (Schleusenwärterhaus)","GEW":"HRK","stat_von":60,"bauart":"Betriebsgebäude","baujahr":"1988","upflicht":"NLWKN","KTR":"MBLEN20200","FSK":"033103003002690002__","bemerk":null,"beschreib":"Betriebsgebäude (Schleusenwärterhaus)","beschreib_lang":"Betriebsgebäude (Schleusenwärterhaus)","foto1":"https://nlwkn.hannit-share.de/index.php/core/preview?fileId=11063260&x=1280&y=819&a=true","foto2":"https://nlwkn.hannit-share.de/index.php/core/preview?fileId=11063263&x=1280&y=819&a=true","foto3":"https://nlwkn.hannit-share.de/index.php/core/preview?fileId=11063266&x=1280&y=819&a=true","foto4":"https://nlwkn.hannit-share.de/index.php/core/preview?fileId=11063269&x=1280&y=819&a=true","link1":null,"link2":null,"denkmal":"Nein","AIS_NR":null,"Nr_WR":null,"rwert":381782,"hwert":5850164.0},"geometry":{"type":"Point","coordinates":[806725.922602082719095,6943938.730297761037946]}},
{"type":"Feature","properties":{"ID_con":1519,"bw_id":"HRK_SON_115","name":"Bootssteg oberhalb Schleuse I Rechts","GEW":"HRK","stat_von":115,"bauart":"Bootssteg","baujahr":null,"upflicht":"NLWKN","KTR":"MDDEN20200","FSK":"033103003002700004__","bemerk":null,"beschreib":"Bootssteg oh Schleuse I Rechts","beschreib_lang":"Bootssteg oh Schleuse I Rechts","foto1":"https://nlwkn.hannit-share.de/index.php/core/preview?fileId=11062993&x=1280&y=819&a=true","foto2":"https://nlwkn.hannit-share.de/index.php/core/preview?fileId=11062996&x=1280&y=819&a=true","foto3":"https://nlwkn.hannit-share.de/index.php/core/preview?fileId=11062999&x=1280&y=819&a=true","foto4":"https://nlwkn.hannit-share.de/index.php/core/preview?fileId=11063002&x=1280&y=819&a=true","link1":null,"link2":null,"denkmal":"Nein","AIS_NR":null,"Nr_WR":null,"rwert":381731,"hwert":5850146.0},"geometry":{"type":"Point","coordinates":[806642.501055988599546,6943906.902106666006148]}},
{"type":"Feature","properties":{"ID_con":1526,"bw_id":"HRK_SON_145","name":"Bootssteg 1 oh Schleuse I","GEW":"HRK","stat_von":145,"bauart":"Bootsanleger","baujahr":null,"upflicht":"Schifffahrtsmuseum Haren","KTR":null,"FSK":"033103003002700004__","bemerk":null,"beschreib":"Bootssteg oh Schleuse I (Schiffahrtsmuseum) für Museumsschiff \"Haren\". Das Streckenboot HAREN wurde im Jahre 1953 auf der Kriegerwerft in Berlin für das WSA Meppen gebaut. Es hat eine Länge von 14,71 m, eine Breite von 3,04 m und einen Tiefgang von 0,85m","beschreib_lang":"Das Streckenboot HAREN wurde im Jahre 1953 auf der Kriegerwerft in Berlin für das WSA Meppen gebaut. Es hat eine Länge von 14,71 m, eine Breite von 3,04 m und einen Tiefgang von 0,85m.Die Maschine leistet 95 PS._x000d_\n2003 konnte das Schifffahrtsmuseum die HAREN vom WSA erwerben. Es wird für Emstouren mit bis zu 10 Personen und im Rahmen des Püntkerpatentes eingesetzt","foto1":"https://nlwkn.hannit-share.de/index.php/core/preview?fileId=11063077&x=1280&y=819&a=true","foto2":"https://nlwkn.hannit-share.de/index.php/core/preview?fileId=11063080&x=1280&y=819&a=true","foto3":"https://nlwkn.hannit-share.de/index.php/core/preview?fileId=11063083&x=1280&y=819&a=true","foto4":null,"link1":null,"link2":null,"denkmal":"Nein","AIS_NR":null,"Nr_WR":null,"rwert":381695,"hwert":5850164.0},"geometry":{"type":"Point","coordinates":[806582.37987664854154,6943935.221531100571156]}},
{"type":"Feature","properties":{"ID_con":1528,"bw_id":"HRK_SON_175","name":"Bootssteg 2 oberhalb Schleuse I","GEW":"HRK","stat_von":175,"bauart":"Bootsanleger","baujahr":null,"upflicht":"Schifffahrtsmuseum Haren","KTR":null,"FSK":"033103003002700004__","bemerk":null,"beschreib":"Bootssteg oh Schleuse I (Schiffahrtsmuseum) links für Bereisungsboot \"Meppen\". Das Bereisungsboot MEPPEN wurde 1933 auf der Werft Ewald Berninghaus in Köln-Deutz gebaut. Es hat eine Länge von 21,23 m, eine Breite von4,23 m und einen Tiefgang von 0,90 m.","beschreib_lang":"Das Bereisungsboot MEPPEN wurde 1933 auf der Werft Ewald Berninghaus in Köln-Deutz gebaut. Es hat eine Länge von 21,23 m, eine Breite von4,23 m und einen Tiefgang von 0,90 m. Ausgerüstet ist die MEPPEN mit zwei Maschinen von jeweils 80 PS. Das Boot wurde insbesondere vom WSA für Inspektionsreisen auf der Ems eingesetzt. Es ist zugelassen für 24 Personen und wurde dem Schifffahrtsmuseum im Jahre 2011 vom WSA überlassen. Seit 2012 wird die MEPPEN als Attraktion für Fahrten auf der Ems im Rahmen des Püntkerpatentes eingesetzt.","foto1":"https://nlwkn.hannit-share.de/index.php/core/preview?fileId=11063107&x=1280&y=819&a=true","foto2":"https://nlwkn.hannit-share.de/index.php/core/preview?fileId=11063110&x=1280&y=819&a=true","foto3":"https://nlwkn.hannit-share.de/index.php/core/preview?fileId=11063113&x=1280&y=819&a=true","foto4":"https://nlwkn.hannit-share.de/index.php/core/preview?fileId=11063116&x=1280&y=819&a=true","link1":null,"link2":null,"denkmal":"Nein","AIS_NR":null,"Nr_WR":null,"rwert":381665,"hwert":5850162.0},"geometry":{"type":"Point","coordinates":[806532.962935475748964,6943930.703051467426121]}},
{"type":"Feature","properties":{"ID_con":1529,"bw_id":"HRK_SON_195","name":"Bootssteg 3 oberhalb Schleuse I (Dampfschlepper August)","GEW":"HRK","stat_von":195,"bauart":"Bootsanleger","baujahr":null,"upflicht":"Schifffahrtsmuseum Haren","KTR":null,"FSK":"033103003002700004__","bemerk":null,"beschreib":"Bootssteg oh Schleuse I (Schiffahrtsmuseum) links für Dampfschlepper August","beschreib_lang":"Der Dampfschlepper August wurde 2022 auf einen neuen festen landseitigen Stellplatz uh. der Schleuse I gestellt._x000d_\nDer Dampfschlepper AUGUST wurde 1910 auf der Werft Wiemann in Berlin-Brandenburg gebaut. Es hat eine Länge von 23,83 m, eine Breite von 5,23 m und einen Tiefgang von 1,80 m. Im Jahre 1910 erwarb Otto Schöning den Schlepper von der Firma Lenkering aus Emden. Im Krieg wurde das Fahrzeug schwer beschädigt und erst 1948 wieder in Dienst gestellt. Im Jahre 1961 wurde die Dampfmaschine durch einen Dieselmotor mit 375 PS ersetzt. Seit 1980 gehört es zum Ensemble des Schifffahrtsmuseums.","foto1":"https://nlwkn.hannit-share.de/index.php/core/preview?fileId=11063137&x=1280&y=819&a=true","foto2":"https://nlwkn.hannit-share.de/index.php/core/preview?fileId=11063140&x=1280&y=819&a=true","foto3":"https://nlwkn.hannit-share.de/index.php/core/preview?fileId=11063143&x=1280&y=819&a=true","foto4":null,"link1":null,"link2":null,"denkmal":"Nein","AIS_NR":null,"Nr_WR":null,"rwert":381646,"hwert":5850159.0},"geometry":{"type":"Point","coordinates":[806501.73535925487522,6943924.974292847327888]}},
{"type":"Feature","properties":{"ID_con":1532,"bw_id":"HRK_SON_245","name":"Bootssteg 4 oberhalb Schleuse I (Thea Angela)","GEW":"HRK","stat_von":245,"bauart":"Bootsanleger","baujahr":null,"upflicht":"Schifffahrtsmuseum Haren","KTR":null,"FSK":"033103003002700004__","bemerk":null,"beschreib":"Bootssteg oh Schleuse I (Schiffahrtsmuseum) links für Museumsschiff Thea Angela. Die \"THEA-ANGELA\" wurde 1929 auf der Werft \"Wolthuis & Sohn\" in Veendam (NL) als eisernes Schleppschiff gebaut: Länge: 34 m, Breite: 6,02 m, Höhe: 1,95 m.","beschreib_lang":"Die \"THEA-ANGELA\" wurde 1929 auf der Werft \"Wolthuis & Sohn\" in Veendam (NL) als eisernes Schleppschiff gebaut: Länge: 34 m, Breite: 6,02 m, Höhe: 1,95 m. Auftraggeber war der Schiffer Rudolf Schepers aus Haren (Ems). \"Thea\" war der Name seiner Ehefrau, \"Angela\" der seiner Mutter._x000d_\n_x000d_\nNach verschiedenen Umbauten und der Motorisierung erhielt das Schiff die Fahrterlaubnis für das Watt sowie für Jade und Weser. Seine Hauptfunktion bestand in der Versorgung der Ostfriesischen Inseln mit Baumaterial für unterschiedlichste Zwecke._x000d_\n_x000d_\nIm Jahre 1991 gelang es dem Heimatverein Haren (Ems) e.V., das Wattmotorschiff vor dem Abwracken zu retten. Im Innern dieses Museumsschiffes findet man:","foto1":"https://nlwkn.hannit-share.de/index.php/core/preview?fileId=11063158&x=1280&y=819&a=true","foto2":"https://nlwkn.hannit-share.de/index.php/core/preview?fileId=11063161&x=1280&y=819&a=true","foto3":null,"foto4":null,"link1":null,"link2":null,"denkmal":"Nein","AIS_NR":null,"Nr_WR":null,"rwert":381598,"hwert":5850154.0},"geometry":{"type":"Point","coordinates":[806422.740969043574296,6943914.766634619794786]}},
{"type":"Feature","properties":{"ID_con":1628,"bw_id":"VEC_SON_101855","name":"Böschungstreppe mit Schrägpegel uw Wehr","GEW":"VEC","stat_von":101855,"bauart":"Pegel","baujahr":"1968","upflicht":"NLWKN","KTR":null,"FSK":"033147019001110007__","bemerk":null,"beschreib":"Pegel  (mit Böschungstreppe u. Schrägpegel)  im Unterwasser des Wehres Neuenhaus. Siehe auch Pegel-Online NLWKN : https://www.pegelonline.nlwkn.niedersachsen.de/Karte )","beschreib_lang":null,"foto1":"https://nlwkn.hannit-share.de/index.php/core/preview?fileId=11056319&x=1280&y=819&a=true","foto2":"https://nlwkn.hannit-share.de/index.php/core/preview?fileId=11056322&x=1280&y=819&a=true","foto3":"https://nlwkn.hannit-share.de/index.php/core/preview?fileId=11056295&x=1280&y=819&a=true","foto4":"https://nlwkn.hannit-share.de/index.php/core/preview?fileId=11056328&x=1280&y=819&a=true","link1":null,"link2":null,"denkmal":"Nein","AIS_NR":null,"Nr_WR":null,"rwert":361886,"hwert":5819401.0},"geometry":{"type":"Point","coordinates":[775336.856500450638123,6892361.178145465441048]}},
{"type":"Feature","properties":{"ID_con":2648,"bw_id":"VEC_SON_101895","name":"Regenmesser am Wehr rechts","GEW":"VEC","stat_von":101895,"bauart":"Regenmesser","baujahr":"2022","upflicht":"NLWKN","KTR":null,"FSK":null,"bemerk":null,"beschreib":"Regenmesser am Wehr rechts","beschreib_lang":"Regenmesser am Wehr rechts","foto1":null,"foto2":null,"foto3":null,"foto4":null,"link1":null,"link2":null,"denkmal":"Nein","AIS_NR":null,"Nr_WR":null,"rwert":361929,"hwert":5819428.0},"geometry":{"type":"Point","coordinates":[775406.090686707640998,6892407.536339593119919]}},
{"type":"Feature","properties":{"ID_con":1629,"bw_id":"VEC_SON_101900","name":"Betriebsgebäude (Steuerhaus Vechtewehr Neuenhaus)","GEW":"VEC","stat_von":101900,"bauart":"Betriebsgebäude","baujahr":"1968","upflicht":"NLWKN","KTR":null,"FSK":"033146010001520072__","bemerk":null,"beschreib":"Betriebsgebäude (Steuerhaus Vechtewehr Neuenhaus) mit hydraulischer Anlage und Fernüberwachung","beschreib_lang":"Betriebsgebäude (Steuerhaus Vechtewehr Neuenhaus)","foto1":"https://nlwkn.hannit-share.de/index.php/core/preview?fileId=11056331&x=1280&y=819&a=true","foto2":"https://nlwkn.hannit-share.de/index.php/core/preview?fileId=11056334&x=1280&y=819&a=true","foto3":"https://nlwkn.hannit-share.de/index.php/core/preview?fileId=11056325&x=1280&y=819&a=true","foto4":"https://nlwkn.hannit-share.de/index.php/core/preview?fileId=11056340&x=1280&y=819&a=true","link1":"https://nlwkn.hannit-share.de/index.php/core/preview?fileId=11056877&x=1280&y=819&a=true","link2":"https://nlwkn.hannit-share.de/index.php/core/preview?fileId=11056346&x=1280&y=819&a=true","denkmal":"Nein","AIS_NR":658,"Nr_WR":null,"rwert":361934,"hwert":5819404.0},"geometry":{"type":"Point","coordinates":[775415.394950556335971,6892368.331028299406171]}},
{"type":"Feature","properties":{"ID_con":1630,"bw_id":"VEC_SON_101905","name":"Böschungstreppe oh Wehr Neuenhaus rechts","GEW":"VEC","stat_von":101905,"bauart":"Böschungstreppe","baujahr":null,"upflicht":"NLWKN","KTR":null,"FSK":"033146010000720017__","bemerk":null,"beschreib":"Böschungstreppe oberhalb Wehr Neuenhaus rechts","beschreib_lang":null,"foto1":"https://nlwkn.hannit-share.de/index.php/core/preview?fileId=11056349&x=1280&y=819&a=true","foto2":"https://nlwkn.hannit-share.de/index.php/core/preview?fileId=11056352&x=1280&y=819&a=true","foto3":"https://nlwkn.hannit-share.de/index.php/core/preview?fileId=11056337&x=1280&y=819&a=true","foto4":"https://nlwkn.hannit-share.de/index.php/core/preview?fileId=11056358&x=1280&y=819&a=true","link1":null,"link2":null,"denkmal":"Nein","AIS_NR":null,"Nr_WR":null,"rwert":361936,"hwert":5819421.0},"geometry":{"type":"Point","coordinates":[775417.887853161082603,6892396.358080041594803]}},
{"type":"Feature","properties":{"ID_con":1631,"bw_id":"VEC_SON_101925","name":"Böschungstreppe mit Schrägpegel oh Wehr Neuenhaus links","GEW":"VEC","stat_von":101925,"bauart":"Pegel","baujahr":"1968","upflicht":"NLWKN","KTR":null,"FSK":"033147019001110004__","bemerk":null,"beschreib":"Böschungstreppe mit Schrägpegel oberhalb Wehr Neuenhaus links","beschreib_lang":null,"foto1":"https://nlwkn.hannit-share.de/index.php/core/preview?fileId=11056361&x=1280&y=819&a=true","foto2":"https://nlwkn.hannit-share.de/index.php/core/preview?fileId=11056364&x=1280&y=819&a=true","foto3":"https://nlwkn.hannit-share.de/index.php/core/preview?fileId=11056355&x=1280&y=819&a=true","foto4":"https://nlwkn.hannit-share.de/index.php/core/preview?fileId=11056370&x=1280&y=819&a=true","link1":null,"link2":null,"denkmal":"Nein","AIS_NR":null,"Nr_WR":null,"rwert":361954,"hwert":5819382.0},"geometry":{"type":"Point","coordinates":[775449.193226770730689,6892333.106864579953253]}},
{"type":"Feature","properties":{"ID_con":1632,"bw_id":"VEC_SON_101950","name":"Kläranlage Neuenhaus","GEW":"VEC","stat_von":101950,"bauart":"Kläranlage","baujahr":null,"upflicht":null,"KTR":null,"FSK":"033147019001110021__","bemerk":null,"beschreib":"Kläranlage Neuenhaus","beschreib_lang":null,"foto1":"https://nlwkn.hannit-share.de/index.php/core/preview?fileId=11056373&x=1280&y=819&a=true","foto2":"https://nlwkn.hannit-share.de/index.php/core/preview?fileId=11056376&x=1280&y=819&a=true","foto3":"https://nlwkn.hannit-share.de/index.php/core/preview?fileId=11056367&x=1280&y=819&a=true","foto4":null,"link1":null,"link2":null,"denkmal":"Nein","AIS_NR":null,"Nr_WR":null,"rwert":361971,"hwert":5819342.0},"geometry":{"type":"Point","coordinates":[775478.90519683167804,6892268.166536971926689]}},
{"type":"Feature","properties":{"ID_con":2483,"bw_id":"VEC_SON_101960","name":"Bootsanleger oh. Wehr Neuenhaus","GEW":"VEC","stat_von":101960,"bauart":"Bootsanleger","baujahr":null,"upflicht":"Stadt Neuenhaus??","KTR":null,"FSK":"033147019001110004__","bemerk":null,"beschreib":"Bootsanleger oh. Wehr Neuenhaus","beschreib_lang":null,"foto1":"https://nlwkn.hannit-share.de/index.php/core/preview?fileId=11056382&x=1280&y=819&a=true","foto2":"https://nlwkn.hannit-share.de/index.php/core/preview?fileId=11056385&x=1280&y=819&a=true","foto3":"https://nlwkn.hannit-share.de/index.php/core/preview?fileId=11056379&x=1280&y=819&a=true","foto4":null,"link1":null,"link2":null,"denkmal":"Nein","AIS_NR":null,"Nr_WR":null,"rwert":361989,"hwert":5819382.0},"geometry":{"type":"Point","coordinates":[775506.561729076551273,6892334.727275150828063]}},
{"type":"Feature","properties":{"ID_con":2506,"bw_id":"VEC_SON_102700","name":"Kilometerstein","GEW":"VEC","stat_von":102700,"bauart":"Kilometerstein","baujahr":null,"upflicht":"NLWKN","KTR":null,"FSK":"033147019000740026__","bemerk":null,"beschreib":"Kilometerstein","beschreib_lang":null,"foto1":"https://nlwkn.hannit-share.de/index.php/core/preview?fileId=11056403&x=1280&y=819&a=true","foto2":"https://nlwkn.hannit-share.de/index.php/core/preview?fileId=11056409&x=1280&y=819&a=true","foto3":null,"foto4":null,"link1":null,"link2":null,"denkmal":"Nein","AIS_NR":0,"Nr_WR":null,"rwert":362625,"hwert":5819674.0},"geometry":{"type":"Point","coordinates":[776535.612043811590411,6892843.932114413008094]}},
{"type":"Feature","properties":{"ID_con":2427,"bw_id":"VEC_SON_103550","name":"Biotop (GB-NOH 3407/029)","GEW":"VEC","stat_von":103550,"bauart":"Biotop","baujahr":null,"upflicht":"Landkreis Grafschaft Bentheim","KTR":null,"FSK":null,"bemerk":"Gebietsnummer der landesweiten Biotopkartierung (3506019)","beschreib":"Biotop (GB-NOH 3407/029) linksseitig auf dem Gebiet der Stadt Neuenhaus (Altarm) mit direkter Verbindung zur Vechte über Kastendurchlass (ID: 599)","beschreib_lang":null,"foto1":null,"foto2":null,"foto3":null,"foto4":null,"link1":null,"link2":null,"denkmal":"Nein","AIS_NR":0,"Nr_WR":null,"rwert":363111,"hwert":5819164.0},"geometry":{"type":"Point","coordinates":[777355.632000665762462,6892028.24170258641243]}},
{"type":"Feature","properties":{"ID_con":2428,"bw_id":"VEC_SON_103750","name":"Biotop (GB-NOH 3407/063)","GEW":"VEC","stat_von":103750,"bauart":"Biotop","baujahr":null,"upflicht":"Landkreis Grafschaft Bentheim","KTR":null,"FSK":null,"bemerk":"Gebietsnummer der landesweiten Biotopkartierung (3506019)","beschreib":"Biotop (GB-NOH 3407/063) linksseitig (Altarm) auf dem Gebiet der Stadt Neuenhaus mit direkter Verbindung zur Vechte über Rohrdurchlass (ID: 600)","beschreib_lang":null,"foto1":null,"foto2":null,"foto3":null,"foto4":null,"link1":null,"link2":null,"denkmal":"Nein","AIS_NR":null,"Nr_WR":null,"rwert":363166,"hwert":5818950.0},"geometry":{"type":"Point","coordinates":[777455.576029140269384,6891679.140031715855002]}},
{"type":"Feature","properties":{"ID_con":2443,"bw_id":"VEC_SON_103915","name":"Biotop (GB-NOH 3407/030)","GEW":"VEC","stat_von":103915,"bauart":"Biotop","baujahr":null,"upflicht":"Landrkeis Grafschaft Bentheim","KTR":null,"FSK":"033147010001020004__","bemerk":null,"beschreib":"Biotop (B-NOH 3407/030), Gemeinde Neuenhaus linkseitig mit Verbindung über Kastendurchlass zur Vechte (ID1: 601 )","beschreib_lang":null,"foto1":null,"foto2":null,"foto3":null,"foto4":null,"link1":null,"link2":null,"denkmal":"Nein","AIS_NR":0,"Nr_WR":null,"rwert":363278,"hwert":5818797.0},"geometry":{"type":"Point","coordinates":[777646.139749634428881,6891432.889893832616508]}},
{"type":"Feature","properties":{"ID_con":1633,"bw_id":"VEC_SON_106175","name":"Auskolkung unterhalb Wehr Grasdorf","GEW":"VEC","stat_von":106175,"bauart":"Auskolkung","baujahr":null,"upflicht":"NLWKN","KTR":null,"FSK":"033147011000010017__","bemerk":null,"beschreib":"Auskolkung rechts (unterhalb Wehr Grasdorf)","beschreib_lang":"Auskolkung rechts (unterhalb Wehr Grasdorf)","foto1":null,"foto2":null,"foto3":null,"foto4":null,"link1":null,"link2":null,"denkmal":"Nein","AIS_NR":null,"Nr_WR":null,"rwert":364642,"hwert":5817122.0},"geometry":{"type":"Point","coordinates":[779957.476497133611701,6888743.450223719701171]}},
{"type":"Feature","properties":{"ID_con":1634,"bw_id":"VEC_SON_106325","name":"Böschungstreppe mit Schrägpegel uh Wehr Grasdorf","GEW":"VEC","stat_von":106325,"bauart":"Böschungstreppe","baujahr":"1967","upflicht":"NLWKN","KTR":null,"FSK":"033147011000010017__","bemerk":null,"beschreib":"Böschungstreppe mit Schrägpegel unterhalb Wehr Grasdorf","beschreib_lang":null,"foto1":"https://nlwkn.hannit-share.de/index.php/core/preview?fileId=11056433&x=1280&y=819&a=true","foto2":"https://nlwkn.hannit-share.de/index.php/core/preview?fileId=11056436&x=1280&y=819&a=true","foto3":null,"foto4":null,"link1":null,"link2":null,"denkmal":"Nein","AIS_NR":null,"Nr_WR":null,"rwert":364731,"hwert":5816999.0},"geometry":{"type":"Point","coordinates":[780108.855409553856589,6888545.459168251603842]}},
{"type":"Feature","properties":{"ID_con":1635,"bw_id":"VEC_SON_106370","name":"Betriebsgebäude (Steuerung Wehr Grasdorf)","GEW":"VEC","stat_von":106370,"bauart":"Betriebsgebäude","baujahr":"1967","upflicht":"NLWKN","KTR":null,"FSK":"033147011000230006__","bemerk":null,"beschreib":"Betriebsgebäude (Steuerung Wehr Grasdorf)","beschreib_lang":"Betriebsgebäude (Steuerung Wehr Grasdorf)","foto1":"https://nlwkn.hannit-share.de/index.php/core/preview?fileId=11056454&x=1280&y=819&a=true","foto2":"https://nlwkn.hannit-share.de/index.php/core/preview?fileId=11056457&x=1280&y=819&a=true","foto3":"https://nlwkn.hannit-share.de/index.php/core/preview?fileId=11056388&x=1280&y=819&a=true","foto4":"https://nlwkn.hannit-share.de/index.php/core/preview?fileId=11056463&x=1280&y=819&a=true","link1":null,"link2":null,"denkmal":"Nein","AIS_NR":659,"Nr_WR":null,"rwert":364739,"hwert":5816952.0},"geometry":{"type":"Point","coordinates":[780124.086822539567947,6888468.626141554675996]}},
{"type":"Feature","properties":{"ID_con":1636,"bw_id":"VEC_SON_106390","name":"Böschungstreppe mit Schrägpegel oh Wehr Grasdorf","GEW":"VEC","stat_von":106390,"bauart":"Böschungstreppe","baujahr":"1967","upflicht":null,"KTR":null,"FSK":"033147011000230006__","bemerk":null,"beschreib":"Böschungstreppe mit Schrägpegel oberhalb Wehr Grasdorf","beschreib_lang":null,"foto1":"https://nlwkn.hannit-share.de/index.php/core/preview?fileId=11056466&x=1280&y=819&a=true","foto2":"https://nlwkn.hannit-share.de/index.php/core/preview?fileId=11056469&x=1280&y=819&a=true","foto3":"https://nlwkn.hannit-share.de/index.php/core/preview?fileId=11056460&x=1280&y=819&a=true","foto4":"https://nlwkn.hannit-share.de/index.php/core/preview?fileId=11056475&x=1280&y=819&a=true","link1":null,"link2":null,"denkmal":"Nein","AIS_NR":null,"Nr_WR":null,"rwert":364763,"hwert":5816939.0},"geometry":{"type":"Point","coordinates":[780163.994875068427064,6888448.361723881214857]}},
{"type":"Feature","properties":{"ID_con":1637,"bw_id":"VEC_SON_108975","name":"Betriebspegel Brücke De-Wilde-Straße","GEW":"VEC","stat_von":108975,"bauart":"Pegel","baujahr":null,"upflicht":"NLWKN, GB 3","KTR":null,"FSK":"033151024000650009__","bemerk":null,"beschreib":"An der Brücke de Wilde Straße wurde in 2017 ein Betriebspegel im Zuge des Stauniederlegungsverfahrens für das Wehr Grasdorf eingerichtet. der Pegelnullpunkt liegt bei 14,271 m NN. Der Pegel wird durch den GB 3 betrieben.","beschreib_lang":"An der Brücke de Wilde Straße wurde in 2017 ein Betriebspegel im Zuge des Stauniederlegungsverfahrens für das Wehr Grasdorf eingerichtet. der Pegelnullpunkt liegt bei 14,271 m NN. Der Pegel wird durch den GB 3 betrieben. Hier werden auch regelmäßig ADCP-Messungen durchgeführt.","foto1":"https://nlwkn.hannit-share.de/index.php/core/preview?fileId=11056484&x=1280&y=819&a=true","foto2":"https://nlwkn.hannit-share.de/index.php/core/preview?fileId=11056487&x=1280&y=819&a=true","foto3":null,"foto4":null,"link1":null,"link2":null,"denkmal":"Nein","AIS_NR":null,"Nr_WR":null,"rwert":365702,"hwert":5814832.0},"geometry":{"type":"Point","coordinates":[781796.925514457165264,6885030.810771169140935]}},
{"type":"Feature","properties":{"ID_con":1534,"bw_id":"HRK_SON_260","name":"Bootssteg 5 oberhalb Schleuse I (Emspünte Haren I)","GEW":"HRK","stat_von":260,"bauart":"Bootsanleger","baujahr":null,"upflicht":"Schifffahrtsmuseum Haren","KTR":null,"FSK":"033103003002700004__","bemerk":null,"beschreib":"Bootssteg oh Schleuse I (Schiffahrtsmuseum) links Emspünte Haren I.","beschreib_lang":null,"foto1":"https://nlwkn.hannit-share.de/index.php/core/preview?fileId=11063188&x=1280&y=819&a=true","foto2":"https://nlwkn.hannit-share.de/index.php/core/preview?fileId=11063191&x=1280&y=819&a=true","foto3":null,"foto4":null,"link1":null,"link2":null,"denkmal":"Nein","AIS_NR":null,"Nr_WR":null,"rwert":381582,"hwert":5850155.0},"geometry":{"type":"Point","coordinates":[806396.302127601811662,6943915.774515426717699]}},
{"type":"Feature","properties":{"ID_con":1535,"bw_id":"HRK_SON_275","name":"Bootssteg 6 oberhalb Schleuse I (Emspünte Haren I)","GEW":"HRK","stat_von":275,"bauart":"Bootsanleger","baujahr":null,"upflicht":"Schifffahrtsmuseum Haren","KTR":null,"FSK":"033103003002700004__","bemerk":null,"beschreib":"Bootssteg oh Schleuse I (Schiffahrtsmuseum) links (Bootssteg 6 (Emspünte Haren I)","beschreib_lang":null,"foto1":"https://nlwkn.hannit-share.de/index.php/core/preview?fileId=11063215&x=1280&y=819&a=true","foto2":null,"foto3":null,"foto4":null,"link1":null,"link2":null,"denkmal":"Nein","AIS_NR":null,"Nr_WR":null,"rwert":381565,"hwert":5850153.0},"geometry":{"type":"Point","coordinates":[806368.334241384523921,6943911.779990464448929]}},
{"type":"Feature","properties":{"ID_con":1536,"bw_id":"HRK_SON_315","name":"Bootssteg 7 oberhalb Schleuse I (Spitzpünte Helene)","GEW":"HRK","stat_von":315,"bauart":"Bootsanleger","baujahr":null,"upflicht":"Schifffahrtsmuseum Haren","KTR":null,"FSK":"033103003002700004__","bemerk":null,"beschreib":"Bootssteg oh Schleuse I links für das Museumsschiff \"Helene\". Die Spitzpünte \"HELENE\" wurde im Jahre 1890 bei der Werft Sibum in Haren (Ems) gebaut. Sie war für die \"Große Fahrt\" ausgelegt und hatte eine Ladefähigkeit von 220 Tonnen.","beschreib_lang":"Die Spitzpünte \"HELENE\" wurde im Jahre 1890 bei der Werft Sibum in Haren (Ems) gebaut. Sie war für die \"Große Fahrt\" ausgelegt und hatte eine Ladefähigkeit von 220 Tonnen. Das von der Lehrlingswerkstatt der Meyer-Werft (Papenburg) in Eisen nachgebaute Museumsschiff ist insgesamt 40 m lang und 6,20 m breit; die Toppmastschonertakelung erreicht eine Höhe von 30 m.","foto1":"https://nlwkn.hannit-share.de/index.php/core/preview?fileId=11063218&x=1280&y=819&a=true","foto2":"https://nlwkn.hannit-share.de/index.php/core/preview?fileId=11063221&x=1280&y=819&a=true","foto3":"https://nlwkn.hannit-share.de/index.php/core/preview?fileId=11063224&x=1280&y=819&a=true","foto4":"https://nlwkn.hannit-share.de/index.php/core/preview?fileId=11063227&x=1280&y=819&a=true","link1":null,"link2":null,"denkmal":"Nein","AIS_NR":null,"Nr_WR":null,"rwert":381527,"hwert":5850149.0},"geometry":{"type":"Point","coordinates":[806305.798929282347672,6943903.629047223366797]}},
{"type":"Feature","properties":{"ID_con":1547,"bw_id":"HRK_SON_980","name":"Bootsanleger Aldi Haren","GEW":"HRK","stat_von":980,"bauart":"Bootsanleger","baujahr":null,"upflicht":"Stadt Haren","KTR":null,"FSK":"03310301600131______","bemerk":null,"beschreib":"Bootsanleger Aldi Haren","beschreib_lang":null,"foto1":"https://nlwkn.hannit-share.de/index.php/core/preview?fileId=11063365&x=1280&y=819&a=true","foto2":"https://nlwkn.hannit-share.de/index.php/core/preview?fileId=11063368&x=1280&y=819&a=true","foto3":"https://nlwkn.hannit-share.de/index.php/core/preview?fileId=11063407&x=1280&y=819&a=true","foto4":"https://nlwkn.hannit-share.de/index.php/core/preview?fileId=11063410&x=1280&y=819&a=true","link1":null,"link2":null,"denkmal":"Nein","AIS_NR":null,"Nr_WR":null,"rwert":380970,"hwert":5850395.0},"geometry":{"type":"Point","coordinates":[805376.842469678958878,6944287.956961174495518]}},
{"type":"Feature","properties":{"ID_con":1530,"bw_id":"HRK_SON_2225","name":"Steganlage","GEW":"HRK","stat_von":2225,"bauart":"Steg","baujahr":null,"upflicht":null,"KTR":null,"FSK":"033103014000020002__","bemerk":null,"beschreib":"Steganlage","beschreib_lang":null,"foto1":"https://nlwkn.hannit-share.de/index.php/core/preview?fileId=11063401&x=1280&y=819&a=true","foto2":"https://nlwkn.hannit-share.de/index.php/core/preview?fileId=11063404&x=1280&y=819&a=true","foto3":null,"foto4":null,"link1":null,"link2":null,"denkmal":"Nein","AIS_NR":null,"Nr_WR":null,"rwert":379991,"hwert":5851134.0},"geometry":{"type":"Point","coordinates":[803731.344768018228933,6945470.465248113498092]}},
{"type":"Feature","properties":{"ID_con":2143,"bw_id":"HRK_SON_2226","name":"Treppe Außenböschung","GEW":"HRK","stat_von":2226,"bauart":"Böschungstreppe","baujahr":null,"upflicht":null,"KTR":null,"FSK":"03310301400001______","bemerk":null,"beschreib":"Treppe Außenböschung","beschreib_lang":null,"foto1":null,"foto2":null,"foto3":null,"foto4":null,"link1":null,"link2":null,"denkmal":"Nein","AIS_NR":0,"Nr_WR":null,"rwert":379996,"hwert":5851143.0},"geometry":{"type":"Point","coordinates":[803739.228210408939049,6945485.55845963396132]}},
{"type":"Feature","properties":{"ID_con":1531,"bw_id":"HRK_SON_2415","name":"Steganlage","GEW":"HRK","stat_von":2415,"bauart":"Steg","baujahr":null,"upflicht":null,"KTR":null,"FSK":"033103014000020002__","bemerk":null,"beschreib":"Steganlage","beschreib_lang":null,"foto1":"https://nlwkn.hannit-share.de/index.php/core/preview?fileId=11063146&x=1280&y=819&a=true","foto2":"https://nlwkn.hannit-share.de/index.php/core/preview?fileId=11063149&x=1280&y=819&a=true","foto3":null,"foto4":null,"link1":null,"link2":null,"denkmal":"Nein","AIS_NR":null,"Nr_WR":null,"rwert":379833,"hwert":5851213.1},"geometry":{"type":"Point","coordinates":[803467.376910482416861,6945594.845318417064846]}},
{"type":"Feature","properties":{"ID_con":2127,"bw_id":"HRK_SON_2680","name":"Schaltschrank","GEW":"HRK","stat_von":2680,"bauart":"Schaltschrank","baujahr":null,"upflicht":"Stadt Haren / NLWKN","KTR":"MDWEN20100","FSK":"033103021000010001__","bemerk":null,"beschreib":"Schaltschrank","beschreib_lang":null,"foto1":null,"foto2":null,"foto3":null,"foto4":null,"link1":null,"link2":null,"denkmal":"Nein","AIS_NR":null,"Nr_WR":null,"rwert":379586,"hwert":5851337.0},"geometry":{"type":"Point","coordinates":[803054.692109578871168,6945789.676817331463099]}},
{"type":"Feature","properties":{"ID_con":1540,"bw_id":"HRK_SON_6725","name":"Bootsanleger uh Schleuse 68","GEW":"HRK","stat_von":6725,"bauart":"Bootsanleger","baujahr":null,"upflicht":"NLWKN","KTR":"MBLEN20300","FSK":"03310302800025______","bemerk":null,"beschreib":"Bootsanleger uh Schleuse 68 rechts","beschreib_lang":"Bootsanleger uh Schleuse 68 rechts","foto1":"https://nlwkn.hannit-share.de/index.php/core/preview?fileId=11063152&x=1280&y=819&a=true","foto2":"https://nlwkn.hannit-share.de/index.php/core/preview?fileId=11063155&x=1280&y=819&a=true","foto3":"https://nlwkn.hannit-share.de/index.php/core/preview?fileId=11063287&x=1280&y=819&a=true","foto4":"https://nlwkn.hannit-share.de/index.php/core/preview?fileId=11063290&x=1280&y=819&a=true","link1":null,"link2":null,"denkmal":"Nein","AIS_NR":null,"Nr_WR":null,"rwert":377500,"hwert":5854665.0},"geometry":{"type":"Point","coordinates":[799473.390564145520329,6951210.573877886869013]}},
{"type":"Feature","properties":{"ID_con":1541,"bw_id":"HRK_SON_6780","name":"Infotafel Schleuse 68","GEW":"HRK","stat_von":6780,"bauart":"Infotafel","baujahr":"2006","upflicht":"NLWKN","KTR":null,"FSK":"03173600300002______","bemerk":null,"beschreib":"Infotafel Schleuse 68","beschreib_lang":"Infotafel Schleuse 68","foto1":"https://nlwkn.hannit-share.de/index.php/core/preview?fileId=11063281&x=1280&y=819&a=true","foto2":null,"foto3":null,"foto4":null,"link1":null,"link2":null,"denkmal":"Nein","AIS_NR":null,"Nr_WR":null,"rwert":377460,"hwert":5854706.0},"geometry":{"type":"Point","coordinates":[799405.623245937516913,6951276.7710304511711]}},
{"type":"Feature","properties":{"ID_con":2376,"bw_id":"HRK_SON_6900","name":"Lagerplatz Schleuse 68","GEW":"HRK","stat_von":6800,"bauart":"Lagerplatz","baujahr":null,"upflicht":"NLWKN","KTR":null,"FSK":"03173600300002______","bemerk":null,"beschreib":"NLWKN, Betriebshof Georgsdorf, Lagerplatz Schleuse 68","beschreib_lang":"NLWKN, Betriebshof Georgsdorf, Lagerplatz Schleuse 68","foto1":"https://nlwkn.hannit-share.de/index.php/core/preview?fileId=11063293&x=1280&y=819&a=true","foto2":"https://nlwkn.hannit-share.de/index.php/core/preview?fileId=11063284&x=1280&y=819&a=true","foto3":null,"foto4":"https://nlwkn.hannit-share.de/index.php/core/preview?fileId=11063332&x=1280&y=819&a=true","link1":null,"link2":null,"denkmal":"Nein","AIS_NR":null,"Nr_WR":null,"rwert":377348,"hwert":5854750.0},"geometry":{"type":"Point","coordinates":[799218.830008562654257,6951344.916606525890529]}},
{"type":"Feature","properties":{"ID_con":1542,"bw_id":"HRK_SON_6840","name":"Bootsanleger oberhalb Schleuse 68","GEW":"HRK","stat_von":6840,"bauart":"Bootsanleger","baujahr":null,"upflicht":"NLWKN","KTR":"MBLEN20300","FSK":"03173600300002______","bemerk":null,"beschreib":"Bootsanleger oh Schleuse 68 rechts","beschreib_lang":"Bootsanleger oh Schleuse 68 rechts","foto1":"https://nlwkn.hannit-share.de/index.php/core/preview?fileId=11063296&x=1280&y=819&a=true","foto2":"https://nlwkn.hannit-share.de/index.php/core/preview?fileId=11063299&x=1280&y=819&a=true","foto3":"https://nlwkn.hannit-share.de/index.php/core/preview?fileId=11063302&x=1280&y=819&a=true","foto4":"https://nlwkn.hannit-share.de/index.php/core/preview?fileId=11063305&x=1280&y=819&a=true","link1":null,"link2":null,"denkmal":"Nein","AIS_NR":null,"Nr_WR":null,"rwert":377393,"hwert":5854699.0},"geometry":{"type":"Point","coordinates":[799295.274340722942725,6951262.375788149423897]}},
{"type":"Feature","properties":{"ID_con":1543,"bw_id":"HRK_SON_6860","name":"Betriebsanleger/-hafen (schwimmendes Bootshaus im Kanalstich)","GEW":"HRK","stat_von":6860,"bauart":"Betriebsanleger/-hafen (schwimmendes Bootshaus)","baujahr":"2003-2004","upflicht":"NLWKN","KTR":"MDDEN20100","FSK":"031736031000250015__","bemerk":null,"beschreib":"schwimmendes Bootshaus im Kanalstich links","beschreib_lang":"schwimmendes Bootshaus im Kanalstich links","foto1":"https://nlwkn.hannit-share.de/index.php/core/preview?fileId=11063308&x=1280&y=819&a=true","foto2":"https://nlwkn.hannit-share.de/index.php/core/preview?fileId=11063311&x=1280&y=819&a=true","foto3":"https://nlwkn.hannit-share.de/index.php/core/preview?fileId=11063314&x=1280&y=819&a=true","foto4":"https://nlwkn.hannit-share.de/index.php/core/preview?fileId=11063317&x=1280&y=819&a=true","link1":null,"link2":null,"denkmal":"Nein","AIS_NR":null,"Nr_WR":null,"rwert":377388,"hwert":5854757.0},"geometry":{"type":"Point","coordinates":[799284.592543904087506,6951358.181527247652411]}},
{"type":"Feature","properties":{"ID_con":1544,"bw_id":"HRK_SON_6900","name":"Bootsanleger LKG II (Betriebsanleger)","GEW":"HRK","stat_von":6900,"bauart":"Bootsanleger","baujahr":"2003-2004","upflicht":"NLWKN","KTR":"MDDEN20100","FSK":"03173600300002______","bemerk":null,"beschreib":"Bootsanleger LKG I oberhalb Schleuse 68","beschreib_lang":"Bootsanleger LKG I oberhalb Schleuse 68","foto1":"https://nlwkn.hannit-share.de/index.php/core/preview?fileId=11063323&x=1280&y=819&a=true","foto2":"https://nlwkn.hannit-share.de/index.php/core/preview?fileId=11063326&x=1280&y=819&a=true","foto3":"https://nlwkn.hannit-share.de/index.php/core/preview?fileId=11063329&x=1280&y=819&a=true","foto4":null,"link1":null,"link2":null,"denkmal":"Nein","AIS_NR":null,"Nr_WR":null,"rwert":377345,"hwert":5854737.0},"geometry":{"type":"Point","coordinates":[799214.419594020349905,6951323.270098223350942]}},
{"type":"Feature","properties":{"ID_con":1545,"bw_id":"HRK_SON_6960","name":"Schutzhütte mit Bank","GEW":"HRK","stat_von":6960,"bauart":"Schutzhütte","baujahr":null,"upflicht":"Stadt Haren??","KTR":null,"FSK":"03173600300002______","bemerk":null,"beschreib":"Schutzhütte mit Bank","beschreib_lang":null,"foto1":"https://nlwkn.hannit-share.de/index.php/core/preview?fileId=11063353&x=1280&y=819&a=true","foto2":"https://nlwkn.hannit-share.de/index.php/core/preview?fileId=11063356&x=1280&y=819&a=true","foto3":"https://nlwkn.hannit-share.de/index.php/core/preview?fileId=11063359&x=1280&y=819&a=true","foto4":"https://nlwkn.hannit-share.de/index.php/core/preview?fileId=11063362&x=1280&y=819&a=true","link1":null,"link2":null,"denkmal":"Nein","AIS_NR":null,"Nr_WR":null,"rwert":377287,"hwert":5854758.0},"geometry":{"type":"Point","coordinates":[799117.76112324395217,6951355.601966306567192]}},
{"type":"Feature","properties":{"ID_con":1546,"bw_id":"HRK_SON_7160","name":"Grundwassermessstelle Amprion","GEW":"HRK","stat_von":7160,"bauart":"Grundwassermessstelle","baujahr":"2021","upflicht":"Amprion GmbH","KTR":null,"FSK":"031736003000010001__","bemerk":null,"beschreib":"Grundwassermessstelle Amprion","beschreib_lang":null,"foto1":null,"foto2":null,"foto3":null,"foto4":null,"link1":null,"link2":null,"denkmal":"Nein","AIS_NR":null,"Nr_WR":null,"rwert":377097,"hwert":5854823.0},"geometry":{"type":"Point","coordinates":[798801.27492750773672,6951455.229996149428189]}},
{"type":"Feature","properties":{"ID_con":1516,"bw_id":"HRK_SON_10835","name":"Bootsanleger uh Schleuse III","GEW":"HRK","stat_von":10835,"bauart":"Bootsanleger","baujahr":null,"upflicht":"NLWKN","KTR":"MBLEN20400","FSK":"031726021001430001__","bemerk":null,"beschreib":"Bootsanleger uh Schleuse III links","beschreib_lang":"Bootsanleger uh Schleuse III links","foto1":"https://nlwkn.hannit-share.de/index.php/core/preview?fileId=11062900&x=1280&y=819&a=true","foto2":"https://nlwkn.hannit-share.de/index.php/core/preview?fileId=11062903&x=1280&y=819&a=true","foto3":"https://nlwkn.hannit-share.de/index.php/core/preview?fileId=11062906&x=1280&y=819&a=true","foto4":"https://nlwkn.hannit-share.de/index.php/core/preview?fileId=11062909&x=1280&y=819&a=true","link1":null,"link2":null,"denkmal":"Nein","AIS_NR":null,"Nr_WR":null,"rwert":373591,"hwert":5855925.0},"geometry":{"type":"Point","coordinates":[792964.093155524111353,6953130.268917762674391]}},
{"type":"Feature","properties":{"ID_con":1517,"bw_id":"HRK_SON_10870","name":"Infotafel Schleuse III","GEW":"HRK","stat_von":10870,"bauart":"Infotafel","baujahr":null,"upflicht":"NLWKN","KTR":null,"FSK":"031726021001430001__","bemerk":"Tafel umstellen??","beschreib":"Infotafel Schleuse III","beschreib_lang":"Infotafel Schleuse III","foto1":"https://nlwkn.hannit-share.de/index.php/core/preview?fileId=11062912&x=1280&y=819&a=true","foto2":"https://nlwkn.hannit-share.de/index.php/core/preview?fileId=11062915&x=1280&y=819&a=true","foto3":"https://nlwkn.hannit-share.de/index.php/core/preview?fileId=11062918&x=1280&y=819&a=true","foto4":"https://nlwkn.hannit-share.de/index.php/core/preview?fileId=11062921&x=1280&y=819&a=true","link1":null,"link2":null,"denkmal":"Nein","AIS_NR":null,"Nr_WR":null,"rwert":373562,"hwert":5855943.0},"geometry":{"type":"Point","coordinates":[792915.417496729409322,6953158.818605720996857]}},
{"type":"Feature","properties":{"ID_con":1518,"bw_id":"HRK_SON_10930","name":"Bootsanleger oh Schleuse III rechts","GEW":"HRK","stat_von":10930,"bauart":"Bootsanleger","baujahr":null,"upflicht":"NLWKN","KTR":"MBLEN20400","FSK":"031726021001430001__","bemerk":null,"beschreib":"Bootsanleger oh Schleuse III rechts","beschreib_lang":"Bootsanleger oh Schleuse III rechts","foto1":"https://nlwkn.hannit-share.de/index.php/core/preview?fileId=11062924&x=1280&y=819&a=true","foto2":"https://nlwkn.hannit-share.de/index.php/core/preview?fileId=11062927&x=1280&y=819&a=true","foto3":"https://nlwkn.hannit-share.de/index.php/core/preview?fileId=11062930&x=1280&y=819&a=true","foto4":null,"link1":null,"link2":null,"denkmal":"Nein","AIS_NR":null,"Nr_WR":null,"rwert":373504,"hwert":5855948.0},"geometry":{"type":"Point","coordinates":[792819.403112176340073,6953164.588572832755744]}},
{"type":"Feature","properties":{"ID_con":2474,"bw_id":"HRK_SON_11180","name":"Rastplatz Hinterm Busch (Pflasterfläche, Pavillion, Sitzgelegenheiten)","GEW":"HRK","stat_von":11180,"bauart":"Rastplatz / Wartehäuschen","baujahr":"2013 / 2022","upflicht":"Stadt Haren","KTR":null,"FSK":"03172602400039______","bemerk":null,"beschreib":"Rastplatz Hinterm Busch, Bereich K202/B408 nördlich des Haren-Rütenbrock-Kanals. Im Einzelnen: Pflasterfläche, Pavillon, Sitzgelegenheiten, Fahrradanlehnbügeln,  Aufstellen von Mülleimern,  Aufstellen einer Informationstafel","beschreib_lang":null,"foto1":"https://nlwkn.hannit-share.de/index.php/core/preview?fileId=11062954&x=1280&y=819&a=true","foto2":"https://nlwkn.hannit-share.de/index.php/core/preview?fileId=11062957&x=1280&y=819&a=true","foto3":"https://nlwkn.hannit-share.de/index.php/core/preview?fileId=11062960&x=1280&y=819&a=true","foto4":"https://nlwkn.hannit-share.de/index.php/core/preview?fileId=11062963&x=1280&y=819&a=true","link1":null,"link2":null,"denkmal":"Nein","AIS_NR":0,"Nr_WR":null,"rwert":373297,"hwert":5856095.0},"geometry":{"type":"Point","coordinates":[792471.146443435922265,6953399.02529916446656]}},
{"type":"Feature","properties":{"ID_con":1520,"bw_id":"HRK_SON_13360","name":"Bootsanleger uh Grenzschleuse links","GEW":"HRK","stat_von":13360,"bauart":"Bootsanleger","baujahr":null,"upflicht":"NLWKN","KTR":"MBLEN20500","FSK":"031726023000470001__","bemerk":null,"beschreib":"Bootsanleger uh Grenzschleuse links","beschreib_lang":"Bootsanleger uh Grenzschleuse links","foto1":"https://nlwkn.hannit-share.de/index.php/core/preview?fileId=11063029&x=1280&y=819&a=true","foto2":"https://nlwkn.hannit-share.de/index.php/core/preview?fileId=11063032&x=1280&y=819&a=true","foto3":"https://nlwkn.hannit-share.de/index.php/core/preview?fileId=11063035&x=1280&y=819&a=true","foto4":null,"link1":null,"link2":null,"denkmal":"Nein","AIS_NR":null,"Nr_WR":null,"rwert":371346,"hwert":5857079.0},"geometry":{"type":"Point","coordinates":[789205.426864490495063,6954943.254282823763788]}},
{"type":"Feature","properties":{"ID_con":1521,"bw_id":"HRK_SON_13420","name":"Infotafel Grenzschleuse","GEW":"HRK","stat_von":13420,"bauart":"Infotafel","baujahr":"2006","upflicht":"NLWKN","KTR":null,"FSK":"031726023000470001__","bemerk":null,"beschreib":"Infotafel Grenzschleuse","beschreib_lang":"Infotafel Grenzschleuse","foto1":"https://nlwkn.hannit-share.de/index.php/core/preview?fileId=11063038&x=1280&y=819&a=true","foto2":null,"foto3":null,"foto4":null,"link1":null,"link2":null,"denkmal":"Nein","AIS_NR":null,"Nr_WR":null,"rwert":371300,"hwert":5857107.0},"geometry":{"type":"Point","coordinates":[789128.202996486215852,6954987.599409035407007]}},
{"type":"Feature","properties":{"ID_con":1522,"bw_id":"HRK_SON_13425","name":"Grenzschleuse Betriebsgebäude","GEW":"HRK","stat_von":13425,"bauart":"Betriebgebäude","baujahr":null,"upflicht":"NLWKN","KTR":"MBLEN20500","FSK":"03172602300044______","bemerk":null,"beschreib":"Grenzschleuse Betriebsgebäude links","beschreib_lang":"Grenzschleuse Betriebsgebäude links","foto1":"https://nlwkn.hannit-share.de/index.php/core/preview?fileId=11063041&x=1280&y=819&a=true","foto2":"https://nlwkn.hannit-share.de/index.php/core/preview?fileId=11063044&x=1280&y=819&a=true","foto3":"https://nlwkn.hannit-share.de/index.php/core/preview?fileId=11063047&x=1280&y=819&a=true","foto4":"https://nlwkn.hannit-share.de/index.php/core/preview?fileId=11063050&x=1280&y=819&a=true","link1":null,"link2":null,"denkmal":"Nein","AIS_NR":null,"Nr_WR":null,"rwert":371293,"hwert":5857112.0},"geometry":{"type":"Point","coordinates":[789116.418986887205392,6954995.571614075452089]}},
{"type":"Feature","properties":{"ID_con":1523,"bw_id":"HRK_SON_13450","name":"Bootsanleger oh Grenzschleuse rechts","GEW":"HRK","stat_von":13450,"bauart":"Bootsanleger","baujahr":null,"upflicht":"NLWKN","KTR":"MBLEN20500","FSK":"031726023000450001__","bemerk":null,"beschreib":"Bootsanleger oh Grenzschleuse rechts","beschreib_lang":"Bootsanleger oh Grenzschleuse rechts","foto1":"https://nlwkn.hannit-share.de/index.php/core/preview?fileId=11063053&x=1280&y=819&a=true","foto2":"https://nlwkn.hannit-share.de/index.php/core/preview?fileId=11063056&x=1280&y=819&a=true","foto3":null,"foto4":null,"link1":null,"link2":null,"denkmal":"Nein","AIS_NR":null,"Nr_WR":null,"rwert":371258,"hwert":5857104.0},"geometry":{"type":"Point","coordinates":[789058.949002175009809,6954980.78089464455843]}},
{"type":"Feature","properties":{"ID_con":1524,"bw_id":"HRK_SON_13460","name":"Schutzhütte Grenzschleuse","GEW":"HRK","stat_von":13460,"bauart":"Schutzhütte","baujahr":null,"upflicht":"??","KTR":null,"FSK":"03172602300001______","bemerk":null,"beschreib":"Schutzhütte Grenzschleuse","beschreib_lang":null,"foto1":"https://nlwkn.hannit-share.de/index.php/core/preview?fileId=11063059&x=1280&y=819&a=true","foto2":"https://nlwkn.hannit-share.de/index.php/core/preview?fileId=11063062&x=1280&y=819&a=true","foto3":"https://nlwkn.hannit-share.de/index.php/core/preview?fileId=11063065&x=1280&y=819&a=true","foto4":"https://nlwkn.hannit-share.de/index.php/core/preview?fileId=11063068&x=1280&y=819&a=true","link1":null,"link2":null,"denkmal":"Nein","AIS_NR":null,"Nr_WR":null,"rwert":371263,"hwert":5857136.0},"geometry":{"type":"Point","coordinates":[789065.802809209679253,6955033.996673931367695]}},
{"type":"Feature","properties":{"ID_con":1525,"bw_id":"HRK_SON_13475","name":"Grenze zu den Niederlanden","GEW":"HRK","stat_von":13475,"bauart":"Grenze","baujahr":null,"upflicht":null,"KTR":null,"FSK":"031726023000450001__","bemerk":null,"beschreib":"Grenze zu den Niederlanden","beschreib_lang":null,"foto1":"https://nlwkn.hannit-share.de/index.php/core/preview?fileId=11063071&x=1280&y=819&a=true","foto2":"https://nlwkn.hannit-share.de/index.php/core/preview?fileId=11063074&x=1280&y=819&a=true","foto3":null,"foto4":null,"link1":null,"link2":null,"denkmal":"Nein","AIS_NR":null,"Nr_WR":null,"rwert":371241,"hwert":5857120.0},"geometry":{"type":"Point","coordinates":[789030.16096305323299,6955006.529524164274335]}},
{"type":"Feature","properties":{"ID_con":2138,"bw_id":"KOR_SON_465","name":"Böschungstreppe mit Geländer uh Brücke Stadtring","GEW":"KOR","stat_von":465,"bauart":"Böschungstreppe","baujahr":null,"upflicht":"Stadt Nordhorn","KTR":null,"FSK":"033151006000010096__","bemerk":null,"beschreib":"Böschungstreppe mit Geländer uh Brücke Stadtring","beschreib_lang":"Böschungstreppe mit Geländer uh Brücke Stadtring","foto1":null,"foto2":null,"foto3":null,"foto4":null,"link1":null,"link2":null,"denkmal":"Nein","AIS_NR":null,"Nr_WR":null,"rwert":368215,"hwert":5811282.0},"geometry":{"type":"Point","coordinates":[786068.496318091754802,6879316.296842525713146]}},
{"type":"Feature","properties":{"ID_con":2139,"bw_id":"KOR_SON_495","name":"Böschungstreppe mit Geländer oh. Brücke Stadtring","GEW":"KOR","stat_von":495,"bauart":"Böschungstreppe","baujahr":null,"upflicht":null,"KTR":null,"FSK":"033151006000010088__","bemerk":null,"beschreib":"Böschungstreppe mit Geländer oh. Brücke Stadtring","beschreib_lang":null,"foto1":"https://nlwkn.hannit-share.de/index.php/core/preview?fileId=11062219&x=1280&y=819&a=true","foto2":null,"foto3":null,"foto4":null,"link1":null,"link2":null,"denkmal":"Nein","AIS_NR":0,"Nr_WR":null,"rwert":368243,"hwert":5811271.0},"geometry":{"type":"Point","coordinates":[786114.802632347797044,6879299.482130796648562]}},
{"type":"Feature","properties":{"ID_con":2632,"bw_id":"KOR_SON_1040","name":"Böschungstreppe","GEW":"KOR","stat_von":1040,"bauart":"Böschungstreppe","baujahr":"??","upflicht":"Stadt Nordhorn","KTR":null,"FSK":"033151016001530010__","bemerk":"Zuständigkeit??","beschreib":"Böschungstreppe links unterhalb Kornmühlenwehr","beschreib_lang":"Böschungstreppe links unterhalb Kornmühlenwehr","foto1":"https://nlwkn.hannit-share.de/index.php/core/preview?fileId=12044108&x=1280&y=819&a=true","foto2":"https://nlwkn.hannit-share.de/index.php/core/preview?fileId=12044125&x=1280&y=819&a=true","foto3":"https://nlwkn.hannit-share.de/index.php/core/preview?fileId=12044124&x=1280&y=819&a=true","foto4":"https://nlwkn.hannit-share.de/index.php/core/preview?fileId=12044123&x=1280&y=819&a=true","link1":null,"link2":null,"denkmal":"Nein","AIS_NR":null,"Nr_WR":null,"rwert":368706,"hwert":5811063.0},"geometry":{"type":"Point","coordinates":[786881.625114847207442,6878978.573544305749238]}},
{"type":"Feature","properties":{"ID_con":2632,"bw_id":"KOR_SON_1040","name":"Böschungstreppe","GEW":"KOR","stat_von":1040,"bauart":"Böschungstreppe","baujahr":"??","upflicht":"Stadt Nordhorn","KTR":null,"FSK":"033151016001530010__","bemerk":"Zuständigkeit??","beschreib":"Böschungstreppe links unterhalb Kornmühlenwehr","beschreib_lang":"Böschungstreppe links unterhalb Kornmühlenwehr","foto1":"https://nlwkn.hannit-share.de/index.php/core/preview?fileId=12044108&x=1280&y=819&a=true","foto2":"https://nlwkn.hannit-share.de/index.php/core/preview?fileId=12044125&x=1280&y=819&a=true","foto3":"https://nlwkn.hannit-share.de/index.php/core/preview?fileId=12044124&x=1280&y=819&a=true","foto4":"https://nlwkn.hannit-share.de/index.php/core/preview?fileId=12044123&x=1280&y=819&a=true","link1":null,"link2":null,"denkmal":"Nein","AIS_NR":null,"Nr_WR":null,"rwert":368706,"hwert":5811063.0},"geometry":{"type":"Point","coordinates":[786881.625114847207442,6878978.573544305749238]}},
{"type":"Feature","properties":{"ID_con":2646,"bw_id":"KOR_SON_1065","name":"Schuppen bei der Kornmühle","GEW":"KOR","stat_von":1065,"bauart":"Lagerschuppen","baujahr":"1901-1950","upflicht":"Stadt Nordhorn","KTR":"MBGVE00800","FSK":"033151016001100005__","bemerk":null,"beschreib":"Denkmalgeschützter Schuppen bei der Kornmühle","beschreib_lang":"Denkmalgeschützter Schuppen (ID: 36079332) bei der Kornmühle","foto1":null,"foto2":null,"foto3":null,"foto4":null,"link1":null,"link2":null,"denkmal":"Ja","AIS_NR":null,"Nr_WR":null,"rwert":368721,"hwert":5811123.0},"geometry":{"type":"Point","coordinates":[786903.548223091987893,6879077.667180445976555]}},
{"type":"Feature","properties":{"ID_con":1548,"bw_id":"KOR_SON_1080","name":"Betriebsgebäude (Wehrsteuerung Kornmühle)","GEW":"KOR","stat_von":1080,"bauart":"Betriebsgebäude","baujahr":"1988","upflicht":"NLWKN","KTR":"MBGVE00800","FSK":"033151016001100005__","bemerk":null,"beschreib":"Betriebsgebäude Kornmühlenwehr Nordhorn mit Steuereinrichtungen und Hydraulik","beschreib_lang":null,"foto1":"https://nlwkn.hannit-share.de/index.php/core/preview?fileId=11062193&x=1280&y=819&a=true","foto2":"https://nlwkn.hannit-share.de/index.php/core/preview?fileId=11062196&x=1280&y=819&a=true","foto3":"https://nlwkn.hannit-share.de/index.php/core/preview?fileId=11062199&x=1280&y=819&a=true","foto4":"https://nlwkn.hannit-share.de/index.php/core/preview?fileId=11062202&x=1280&y=819&a=true","link1":null,"link2":null,"denkmal":"Nein","AIS_NR":1185,"Nr_WR":null,"rwert":368735,"hwert":5811099.0},"geometry":{"type":"Point","coordinates":[786927.508938190992922,6879038.906495437957346]}},
{"type":"Feature","properties":{"ID_con":2436,"bw_id":"KOR_SON_1081","name":"Sägemühle Nordhorn","GEW":"KOR","stat_von":1081,"bauart":"Sonstige Gebäude","baujahr":"1873","upflicht":"Stadt Nordhorn","KTR":"MBGVE00800","FSK":"033151016001140036__","bemerk":null,"beschreib":"Ehemalige Korn- und Sägemühle an der Vechte in Nordhorn (hier die Sägemühle). Die Gebäude wurden vermutlich im frühen 18. Jahrhundert errichtet. Heute werden die sanierten Bauten für kulturelle Veranstaltungen genutzt.","beschreib_lang":"Ehemalige Korn- und Sägemühle an der Vechte in Nordhorn (hier die Sägemühle). Die Gebäude wurden vermutlich im frühen 18. Jahrhundert errichtet. Heute werden die sanierten Bauten für kulturelle Veranstaltungen genutzt._x000d_\n_x000d_\nNebengebäude des Kornmühlenkomplexes auf der anderen Seite des Mühlgrabens, ehemalige Sägemühle. Auf der Mauer des Wehrs stehender eingeschossiger Fachwerkbau mit Satteldach, großes Eingangstor, rückwärtig Anbau mit Pultdach. Erbaut 1873._x000d_\n_x000d_\nAn der Erhaltung des Nebengebäudes besteht aufgrund seiner geschichtlichen Bedeutung ein öffentliches Interesse.","foto1":"https://nlwkn.hannit-share.de/index.php/core/preview?fileId=7627575&x=1280&y=819&a=true","foto2":"https://nlwkn.hannit-share.de/index.php/core/preview?fileId=11062207&x=1280&y=819&a=true","foto3":"https://nlwkn.hannit-share.de/index.php/core/preview?fileId=11062210&x=1280&y=819&a=true","foto4":"https://nlwkn.hannit-share.de/index.php/core/preview?fileId=11062213&x=1280&y=819&a=true","link1":null,"link2":null,"denkmal":"Ja","AIS_NR":null,"Nr_WR":null,"rwert":368740,"hwert":5811078.0},"geometry":{"type":"Point","coordinates":[786936.609788386733271,6879004.673155552707613]}},
{"type":"Feature","properties":{"ID_con":2447,"bw_id":"NAK_SON_0","name":"Absperrdamm und Querung der Rammelbecke","GEW":"NAK","stat_von":0,"bauart":"Absperrdamm u. Querung","baujahr":"1961","upflicht":"NLWKN; UHV 114??","KTR":null,"FSK":"033151010000880009__","bemerk":null,"beschreib":"Absperrdamm und Querung der Rammelbecke. 1961 wurde der Kanal auf niederländischer Seite zugeschüttet.","beschreib_lang":null,"foto1":"https://nlwkn.hannit-share.de/index.php/core/preview?fileId=11061971&x=1280&y=819&a=true","foto2":null,"foto3":null,"foto4":null,"link1":null,"link2":null,"denkmal":"Nein","AIS_NR":null,"Nr_WR":null,"rwert":367438,"hwert":5807321.0},"geometry":{"type":"Point","coordinates":[784971.670736973988824,6872786.051641155965626]}},
{"type":"Feature","properties":{"ID_con":1549,"bw_id":"NAK_SON_155","name":"Altes Zollhaus","GEW":"NAK","stat_von":155,"bauart":"Gebäude","baujahr":"2017/19","upflicht":"Stadt Nordhorn","KTR":null,"FSK":"033151010003390052__","bemerk":null,"beschreib":"Das rund 115 Jahre alte Baudenkmal war in allerletzter Minute vor dem Verfall gerettet worden und ist nun ein Ort der Begegnung.","beschreib_lang":"Das rund 115 Jahre alte Baudenkmal war in allerletzter Minute vor dem Verfall gerettet worden und ist nun ein Ort der Begegnung._x000d_\nDer Zollschuppen ist eines jener Bauwerke, mit dem der preußische Staat Ende des 19. Jahrhunderts seine Westgrenze besser sichern wollte. Wohl schon seit 1898 sei im Zuge des Ausbaus der linksemsischen Kanäle die Errichtung einer Zollabfertigung an der Grenze in Frensdorferhaar geplant worden. In den Jahren 1904/05 wurde der Schuppen fertiggestellt und in Betrieb genommen. Als Zollstation hatte er eigentlich schon vor dem Zweiten Weltkrieg ausgedient. Nach 1945 fristete er ein Schattendasein, wurde schließlich als „Partybude“ in private Hände verkauft und fiel spätestens Mitte der 1980er-Jahre in einen Dornröschenschlaf als Lagerschuppen._x000d_\nDie Restaurierung dieses Baudenkmals ist buchstäblich in allerletzter Minute gelungen.. Sie konnte erst nach mehrjährigen Verhandlungen und Abstimmungen überhaupt beginnen._x000d_\nKniffelige Grundstücksfragen und Wegerechte, die strengen Auflagen des Naturschutzes und nicht zuletzt der Zustand des Gebäudes, der viel schlechter war als anfangs erwartet, waren große Herausforderungen gewesen. _x000d_\nDie Sanierungskosten für das Bauwerk belaufen sich auf rund 280.000 Euro. Sie wurden aus verschiedenen Zuschussprogrammen gefördert, unter anderem mit 114.000 Euro aus dem Leader-Programm der EU.","foto1":"https://nlwkn.hannit-share.de/index.php/core/preview?fileId=11062004&x=1280&y=819&a=true","foto2":"https://nlwkn.hannit-share.de/index.php/core/preview?fileId=11061974&x=1280&y=819&a=true","foto3":"https://nlwkn.hannit-share.de/index.php/core/preview?fileId=11061977&x=1280&y=819&a=true","foto4":"https://nlwkn.hannit-share.de/index.php/core/preview?fileId=11061980&x=1280&y=819&a=true","link1":null,"link2":null,"denkmal":"Ja","AIS_NR":null,"Nr_WR":null,"rwert":367559,"hwert":5807416.0},"geometry":{"type":"Point","coordinates":[785165.348610879154876,6872947.132851231843233]}},
{"type":"Feature","properties":{"ID_con":1550,"bw_id":"NAK_SON_210","name":"Schutzhütte oh Schleuse Frensdorfer Haar","GEW":"NAK","stat_von":210,"bauart":"Schutzhütte","baujahr":"2021 ??","upflicht":"Stadt Nordhorn","KTR":null,"FSK":"033151010000710105__","bemerk":null,"beschreib":"Schutzhütte (Raststation) oberhalb Schleuse Frensdorfer-Haar","beschreib_lang":null,"foto1":"https://nlwkn.hannit-share.de/index.php/core/preview?fileId=11062004&x=1280&y=819&a=true","foto2":"https://nlwkn.hannit-share.de/index.php/core/preview?fileId=11062007&x=1280&y=819&a=true","foto3":"https://nlwkn.hannit-share.de/index.php/core/preview?fileId=11062010&x=1280&y=819&a=true","foto4":"https://nlwkn.hannit-share.de/index.php/core/preview?fileId=11062013&x=1280&y=819&a=true","link1":null,"link2":null,"denkmal":"Nein","AIS_NR":null,"Nr_WR":null,"rwert":367625,"hwert":5807438.0},"geometry":{"type":"Point","coordinates":[785272.306860536686145,6872986.11181106697768]}},
{"type":"Feature","properties":{"ID_con":1876,"bw_id":"NAK_SON_290","name":"Infotafel Grenzschleuse NAK","GEW":"NAK","stat_von":290,"bauart":"Infotafel","baujahr":"2004","upflicht":"NLWKN","KTR":null,"FSK":"033151010000710105__","bemerk":null,"beschreib":"Infotafel Grenzschleuse NAK","beschreib_lang":"Infotafel Grenzschleuse NAK","foto1":"https://nlwkn.hannit-share.de/index.php/core/preview?fileId=11062061&x=1280&y=819&a=true","foto2":null,"foto3":null,"foto4":null,"link1":null,"link2":null,"denkmal":"Nein","AIS_NR":null,"Nr_WR":null,"rwert":367659,"hwert":5807511.0},"geometry":{"type":"Point","coordinates":[785324.693259051418863,6873107.286321337334812]}},
{"type":"Feature","properties":{"ID_con":1551,"bw_id":"NAK_SON_295","name":"Böschungstreppe Schleuse Frensdorfer Haar","GEW":"NAK","stat_von":295,"bauart":"Böschungstreppe","baujahr":null,"upflicht":"NLWKN","KTR":null,"FSK":"033151010000710105__","bemerk":null,"beschreib":"Böschungstreppe Schleuse Frensdorfer Haar","beschreib_lang":"Böschungstreppe Schleuse Frensdorfer Haar","foto1":"https://nlwkn.hannit-share.de/index.php/core/preview?fileId=11062082&x=1280&y=819&a=true","foto2":null,"foto3":null,"foto4":null,"link1":null,"link2":null,"denkmal":"Nein","AIS_NR":null,"Nr_WR":null,"rwert":367633,"hwert":5807531.0},"geometry":{"type":"Point","coordinates":[785281.295548663823865,6873138.926956874318421]}},
{"type":"Feature","properties":{"ID_con":1875,"bw_id":"NAK_SON_300","name":"Böschungstreppe links uh Brücke","GEW":"NAK","stat_von":300,"bauart":"Böschungstreppe","baujahr":null,"upflicht":"NLWKN","KTR":null,"FSK":"033151010000710105__","bemerk":null,"beschreib":"Böschungstreppe links uh Brücke","beschreib_lang":"Böschungstreppe links uh Brücke","foto1":"https://nlwkn.hannit-share.de/index.php/core/preview?fileId=11062097&x=1280&y=819&a=true","foto2":null,"foto3":null,"foto4":null,"link1":null,"link2":null,"denkmal":"Nein","AIS_NR":null,"Nr_WR":null,"rwert":367656,"hwert":5807525.0},"geometry":{"type":"Point","coordinates":[785319.171291729784571,6873130.105420535430312]}},
{"type":"Feature","properties":{"ID_con":1552,"bw_id":"NAK_SON_315","name":"Böschungstreppe uh Schleuse (untere Böschung)","GEW":"NAK","stat_von":315,"bauart":"Böschungstreppe","baujahr":null,"upflicht":null,"KTR":null,"FSK":"033151010000710105__","bemerk":null,"beschreib":"Böschungstreppe uh Schleuse (untere Böschung)","beschreib_lang":null,"foto1":"https://nlwkn.hannit-share.de/index.php/core/preview?fileId=11061983&x=1280&y=819&a=true","foto2":"https://nlwkn.hannit-share.de/index.php/core/preview?fileId=11062100&x=1280&y=819&a=true","foto3":"https://nlwkn.hannit-share.de/index.php/core/preview?fileId=11062103&x=1280&y=819&a=true","foto4":"https://nlwkn.hannit-share.de/index.php/core/preview?fileId=11062106&x=1280&y=819&a=true","link1":null,"link2":null,"denkmal":"Nein","AIS_NR":null,"Nr_WR":null,"rwert":367663,"hwert":5807537.0},"geometry":{"type":"Point","coordinates":[785330.090244393795729,6873150.08697035163641]}},
{"type":"Feature","properties":{"ID_con":2244,"bw_id":"NAK_SON_1815","name":"Trafohaus Brücke Nürnberger Weg","GEW":"NAK","stat_von":1815,"bauart":"Trafostation","baujahr":null,"upflicht":"??","KTR":null,"FSK":"033151051000010002__","bemerk":"Vertrag suchen??","beschreib":"Trafohaus Brücke Nürnberger Weg","beschreib_lang":null,"foto1":"https://nlwkn.hannit-share.de/index.php/core/preview?fileId=11061983&x=1280&y=819&a=true","foto2":"https://nlwkn.hannit-share.de/index.php/core/preview?fileId=11061986&x=1280&y=819&a=true","foto3":"https://nlwkn.hannit-share.de/index.php/core/preview?fileId=11061989&x=1280&y=819&a=true","foto4":null,"link1":null,"link2":null,"denkmal":"Nein","AIS_NR":null,"Nr_WR":null,"rwert":368320,"hwert":5808887.0},"geometry":{"type":"Point","coordinates":[786345.347905169473961,6875392.506509190425277]}},
{"type":"Feature","properties":{"ID_con":2208,"bw_id":"NAK_SON_1945","name":"Bootsanlger Ludwig-Povel-Schule","GEW":"NAK","stat_von":1945,"bauart":"Bootsanleger","baujahr":"2021","upflicht":"Stadt Nordhorn","KTR":null,"FSK":"03315105100002______","bemerk":"Vertrag??","beschreib":"Bootsanlger Ludwig-Povel-Schule","beschreib_lang":null,"foto1":"https://nlwkn.hannit-share.de/index.php/core/preview?fileId=11062016&x=1280&y=819&a=true","foto2":"https://nlwkn.hannit-share.de/index.php/core/preview?fileId=11061995&x=1280&y=819&a=true","foto3":"https://nlwkn.hannit-share.de/index.php/core/preview?fileId=11061998&x=1280&y=819&a=true","foto4":"https://nlwkn.hannit-share.de/index.php/core/preview?fileId=11062001&x=1280&y=819&a=true","link1":null,"link2":null,"denkmal":"Nein","AIS_NR":0,"Nr_WR":null,"rwert":368358,"hwert":5809004.0},"geometry":{"type":"Point","coordinates":[786402.381129217450507,6875586.041350993327796]}},
{"type":"Feature","properties":{"ID_con":2231,"bw_id":"NAK_SON_2710","name":"Böschungstreppe","GEW":"NAK","stat_von":2710,"bauart":"Böschungstreppe","baujahr":null,"upflicht":null,"KTR":null,"FSK":"033151052000690003__","bemerk":null,"beschreib":"Böschungstreppe","beschreib_lang":null,"foto1":"https://nlwkn.hannit-share.de/index.php/core/preview?fileId=11062016&x=1280&y=819&a=true","foto2":"https://nlwkn.hannit-share.de/index.php/core/preview?fileId=11062019&x=1280&y=819&a=true","foto3":null,"foto4":null,"link1":null,"link2":null,"denkmal":"Nein","AIS_NR":0,"Nr_WR":null,"rwert":368801,"hwert":5809619.0},"geometry":{"type":"Point","coordinates":[787100.184533329214901,6876614.070991705171764]}},
{"type":"Feature","properties":{"ID_con":2232,"bw_id":"NAK_SON_2715","name":"Steganlage (Privat)","GEW":"NAK","stat_von":2715,"bauart":"Steg","baujahr":null,"upflicht":"??","KTR":null,"FSK":"033151052000680001__","bemerk":null,"beschreib":"Steganlage (Privat)","beschreib_lang":null,"foto1":"https://nlwkn.hannit-share.de/index.php/core/preview?fileId=11062022&x=1280&y=819&a=true","foto2":"https://nlwkn.hannit-share.de/index.php/core/preview?fileId=11062025&x=1280&y=819&a=true","foto3":"https://nlwkn.hannit-share.de/index.php/core/preview?fileId=11062028&x=1280&y=819&a=true","foto4":null,"link1":null,"link2":null,"denkmal":"Nein","AIS_NR":0,"Nr_WR":null,"rwert":368790,"hwert":5809636.0},"geometry":{"type":"Point","coordinates":[787081.445848122471943,6876641.471268702298403]}},
{"type":"Feature","properties":{"ID_con":2105,"bw_id":"NAK_SON_2810","name":"Klukkert-Hafen","GEW":"NAK","stat_von":2810,"bauart":"Hafen","baujahr":"1904/2006","upflicht":"Stadt Nordhorn","KTR":null,"FSK":"033151057001940007__","bemerk":null,"beschreib":"Der Nino-Klukkert-Hafen, auch Klukkert-Hafen oder Nino-Hafen genannt, liegt am Nordhorn-Almelo-Kanal an der Augustastraße auf der Höhe der Kanalbrücke Gildehauser Weg in Nordhorn (Landkreis Grafschaft Bentheim in Niedersachsen).","beschreib_lang":"Der Nino-Klukkert-Hafen, auch Klukkert-Hafen oder Nino-Hafen genannt, liegt am Nordhorn-Almelo-Kanal an der Augustastraße auf der Höhe der Kanalbrücke Gildehauser Weg in Nordhorn (Landkreis Grafschaft Bentheim in Niedersachsen)._x000d_\n_x000d_\nDer Hafen wurde am 30. Juni 1904 – einige Jahre nach dem Bau des Kanals – eröffnet, weil man sich vorher noch nicht darüber im Klaren war, wo der endgültige Standort sein sollte._x000d_\n_x000d_\nEnde der 1990er Jahre wurden Pläne zur Reaktivierung des Kanalnetzes (Kanalvision) entwickelt; in diesen Rahmen wurde auch der Nino-Klukkert-Hafen eingebunden. Mit einer Spende der Niedersächsischen Sparkassenstiftung (135 000 €) sowie einer finanziellen Beteiligung von Bund, Land, Landkreis und Stadt (265 000 €) wurde unter anderem das Areal von Wildwuchs befreit und das Hafenbecken gereinigt und restauriert. Der Nino-Klukkert-Hafen wurde am 6. Mai 2006 durch den damaligen niedersächsischen Ministerpräsidenten Christian Wulff zum zweiten Mal eröffnet. Neuer Bestandteil war eine Slipanlage. Mit dieser Schrägrampe können Boote ins Wasser gebracht werden.","foto1":"https://nlwkn.hannit-share.de/index.php/core/preview?fileId=11062037&x=1280&y=819&a=true","foto2":"https://nlwkn.hannit-share.de/index.php/core/preview?fileId=11062034&x=1280&y=819&a=true","foto3":null,"foto4":null,"link1":null,"link2":null,"denkmal":"Ja","AIS_NR":null,"Nr_WR":null,"rwert":368838,"hwert":5809717.0},"geometry":{"type":"Point","coordinates":[787156.437750671757385,6876776.423469558358192]}},
{"type":"Feature","properties":{"ID_con":2225,"bw_id":"NAK_SON_2815","name":"Infotafel Wasserstadt","GEW":"NAK","stat_von":2815,"bauart":"Infotafel","baujahr":null,"upflicht":"Stadt Nordhorn","KTR":null,"FSK":"033151057001940007__","bemerk":null,"beschreib":"Infotafel Wasserstadt","beschreib_lang":null,"foto1":"https://nlwkn.hannit-share.de/index.php/core/preview?fileId=11062037&x=1280&y=819&a=true","foto2":"https://nlwkn.hannit-share.de/index.php/core/preview?fileId=11062040&x=1280&y=819&a=true","foto3":"https://nlwkn.hannit-share.de/index.php/core/preview?fileId=11062043&x=1280&y=819&a=true","foto4":null,"link1":null,"link2":null,"denkmal":"Nein","AIS_NR":0,"Nr_WR":null,"rwert":368872,"hwert":5809696.0},"geometry":{"type":"Point","coordinates":[787212.980026008561254,6876743.468668824061751]}},
{"type":"Feature","properties":{"ID_con":2240,"bw_id":"NAK_SON_2890","name":"Revisionsschacht TW-Längsverlegung","GEW":"NAK","stat_von":2890,"bauart":"Revisionsschacht","baujahr":null,"upflicht":null,"KTR":null,"FSK":"033151057001940007__","bemerk":null,"beschreib":"Revisionsschacht TW-Längsverlegung","beschreib_lang":null,"foto1":"https://nlwkn.hannit-share.de/index.php/core/preview?fileId=11062046&x=1280&y=819&a=true","foto2":"https://nlwkn.hannit-share.de/index.php/core/preview?fileId=11062049&x=1280&y=819&a=true","foto3":"https://nlwkn.hannit-share.de/index.php/core/preview?fileId=11062052&x=1280&y=819&a=true","foto4":"https://nlwkn.hannit-share.de/index.php/core/preview?fileId=11062055&x=1280&y=819&a=true","link1":null,"link2":null,"denkmal":"Nein","AIS_NR":null,"Nr_WR":null,"rwert":368922,"hwert":5809758.0},"geometry":{"type":"Point","coordinates":[787292.076357864425518,6876847.34577713906765]}},
{"type":"Feature","properties":{"ID_con":2234,"bw_id":"NAK_SON_2975","name":"Feuerlöschentnahmestelle","GEW":"NAK","stat_von":2975,"bauart":"Steg","baujahr":null,"upflicht":"TFS Global Hanger","KTR":null,"FSK":"033151057001940007__","bemerk":null,"beschreib":"Feuerlöschentnahmestelle","beschreib_lang":null,"foto1":"https://nlwkn.hannit-share.de/index.php/core/preview?fileId=11062064&x=1280&y=819&a=true","foto2":"https://nlwkn.hannit-share.de/index.php/core/preview?fileId=11062067&x=1280&y=819&a=true","foto3":"https://nlwkn.hannit-share.de/index.php/core/preview?fileId=11062070&x=1280&y=819&a=true","foto4":null,"link1":null,"link2":null,"denkmal":"Nein","AIS_NR":0,"Nr_WR":null,"rwert":368967,"hwert":5809824.0},"geometry":{"type":"Point","coordinates":[787362.819806390209123,6876957.56552819442004]}},
{"type":"Feature","properties":{"ID_con":2235,"bw_id":"NAK_SON_3000","name":"Schaltschrank","GEW":"NAK","stat_von":3000,"bauart":"Schaltschrank","baujahr":"2020","upflicht":"Stadt Nordhorn?","KTR":null,"FSK":"033151057001940007__","bemerk":null,"beschreib":"Schaltschrank","beschreib_lang":null,"foto1":"https://nlwkn.hannit-share.de/index.php/core/preview?fileId=11062073&x=1280&y=819&a=true","foto2":"https://nlwkn.hannit-share.de/index.php/core/preview?fileId=11062076&x=1280&y=819&a=true","foto3":"https://nlwkn.hannit-share.de/index.php/core/preview?fileId=11062079&x=1280&y=819&a=true","foto4":null,"link1":null,"link2":null,"denkmal":"Nein","AIS_NR":0,"Nr_WR":null,"rwert":368987,"hwert":5809846.0},"geometry":{"type":"Point","coordinates":[787394.581835487508215,6876994.524296998046339]}},
{"type":"Feature","properties":{"ID_con":1553,"bw_id":"NAK_SON_3280","name":"OW-Entn.,Nordhorn-Almelo-Kanal,Nordhorn","GEW":"NAK","stat_von":3280,"bauart":"Wasserrecht (Entnahme)","baujahr":null,"upflicht":"NINO AG - Konkursverwaltung","KTR":null,"FSK":"033151057001940005__","bemerk":"A-002 (aktiv, real), OW-Entn.,Nordhorn-Almelo-Kana","beschreib":"OW-Entn.,Nordhorn-Almelo-Kanal,Nordhorn","beschreib_lang":null,"foto1":null,"foto2":null,"foto3":null,"foto4":null,"link1":null,"link2":null,"denkmal":"Nein","AIS_NR":null,"Nr_WR":"11/13682 (aktiv)","rwert":369143,"hwert":5810078.0},"geometry":{"type":"Point","coordinates":[787639.703836646396667,6877381.876127833500504]}},
{"type":"Feature","properties":{"ID_con":2487,"bw_id":"NAK_SON_3560","name":"Steganlage","GEW":"NAK","stat_von":3560,"bauart":"Steg","baujahr":"2021","upflicht":"Seenpark Nordhorn??","KTR":null,"FSK":"033151008000520001__","bemerk":"Position prüfen ; widerrechtlich","beschreib":"widerrechtlich errichtete Steganlage","beschreib_lang":null,"foto1":"https://nlwkn.hannit-share.de/index.php/core/preview?fileId=11557006&x=1280&y=819&a=true","foto2":null,"foto3":null,"foto4":null,"link1":null,"link2":null,"denkmal":"Nein","AIS_NR":null,"Nr_WR":null,"rwert":369269,"hwert":5810291.0},"geometry":{"type":"Point","coordinates":[787836.588859463459812,6877736.763506748713553]}},
{"type":"Feature","properties":{"ID_con":2377,"bw_id":"PCK_SON_2140","name":"Werkhalle Betriebshof Georgsdorf","GEW":"PCK","stat_von":2140,"bauart":"Betriebsgebäude","baujahr":"2019","upflicht":"NLWKN","KTR":null,"FSK":"033123011000060040__","bemerk":null,"beschreib":"NLWKN, Betriebshof Georgsdorf, Werkhalle","beschreib_lang":"NLWKN, Betriebshof Georgsdorf, Werkhalle","foto1":null,"foto2":null,"foto3":null,"foto4":null,"link1":null,"link2":null,"denkmal":"Nein","AIS_NR":null,"Nr_WR":null,"rwert":367115,"hwert":5825978.0},"geometry":{"type":"Point","coordinates":[783615.104177203960717,6903414.185120697133243]}},
{"type":"Feature","properties":{"ID_con":1560,"bw_id":"PCK_SON_2200","name":"Betriebshof Georgsdorf","GEW":"PCK","stat_von":2200,"bauart":"Betriebsgebäude","baujahr":"1996","upflicht":"NLWKN","KTR":null,"FSK":"033123011000060040__","bemerk":null,"beschreib":"NLWKN Betriebshof Georgsdorf","beschreib_lang":"NLWKN Betriebshof Georgsdorf","foto1":null,"foto2":null,"foto3":null,"foto4":null,"link1":null,"link2":null,"denkmal":"Nein","AIS_NR":null,"Nr_WR":null,"rwert":367094,"hwert":5826031.0},"geometry":{"type":"Point","coordinates":[783578.268885129946284,6903500.458494372665882]}},
{"type":"Feature","properties":{"ID_con":1561,"bw_id":"PCK_SON_2270","name":"Lagerplatte (mit Pflanzenkläranlage)","GEW":"PCK","stat_von":2270,"bauart":"Lagerplatz","baujahr":"2004","upflicht":null,"KTR":"M1151","FSK":"033123011000060037__","bemerk":null,"beschreib":"Lagerplatte mit Pflanzenkläranlage (Kompostierungsanlage)","beschreib_lang":null,"foto1":null,"foto2":null,"foto3":null,"foto4":null,"link1":null,"link2":null,"denkmal":"Nein","AIS_NR":null,"Nr_WR":null,"rwert":367031,"hwert":5826097.0},"geometry":{"type":"Point","coordinates":[783471.910867729573511,6903606.24506816919893]}},
{"type":"Feature","properties":{"ID_con":2607,"bw_id":"PCK_SON_3030","name":"Trafostation am Unterhaltungsweg","GEW":"PCK","stat_von":3030,"bauart":"Trafostation","baujahr":null,"upflicht":"??","KTR":null,"FSK":"033123011000120023__","bemerk":null,"beschreib":"Trafostation am Unterhaltungsweg","beschreib_lang":"Trafostation am Unterhaltungsweg","foto1":"https://nlwkn.hannit-share.de/index.php/core/preview?fileId=11546857&x=1280&y=819&a=true","foto2":"https://nlwkn.hannit-share.de/index.php/core/preview?fileId=11546858&x=1280&y=819&a=true","foto3":"https://nlwkn.hannit-share.de/index.php/core/preview?fileId=11546860&x=1280&y=819&a=true","foto4":"https://nlwkn.hannit-share.de/index.php/core/preview?fileId=11546859&x=1280&y=819&a=true","link1":null,"link2":null,"denkmal":"Nein","AIS_NR":0,"Nr_WR":null,"rwert":366274,"hwert":5826251.0},"geometry":{"type":"Point","coordinates":[782222.411357706878334,6903825.680197364650667]}},
{"type":"Feature","properties":{"ID_con":1562,"bw_id":"PCK_SON_4345","name":"historische Ölpumpe","GEW":"PCK","stat_von":4345,"bauart":"Sonstiges","baujahr":"2019","upflicht":"Gemeinde Hoogstede","KTR":null,"FSK":"033124007000170094__","bemerk":"Am Coevorden-Piccardie-Kanal, Ecke Deilmannstraße","beschreib":"historische Ölpumpe","beschreib_lang":null,"foto1":"https://nlwkn.hannit-share.de/index.php/core/preview?fileId=11061512&x=1280&y=819&a=true","foto2":"https://nlwkn.hannit-share.de/index.php/core/preview?fileId=11061515&x=1280&y=819&a=true","foto3":"https://nlwkn.hannit-share.de/index.php/core/preview?fileId=11061518&x=1280&y=819&a=true","foto4":null,"link1":null,"link2":null,"denkmal":"Nein","AIS_NR":null,"Nr_WR":null,"rwert":365278,"hwert":5827065.0},"geometry":{"type":"Point","coordinates":[780550.653171333950013,6905120.273044303059578]}},
{"type":"Feature","properties":{"ID_con":2383,"bw_id":"PCK_SON_4795","name":"Brückenreste (ehemalige Brücke Brookdiek?)","GEW":"PCK","stat_von":4795,"bauart":"Fundamentreste","baujahr":null,"upflicht":"NLWKN","KTR":null,"FSK":"033124007000170094__","bemerk":"!! Fotos","beschreib":"Im Abflussquerschnitt des Kanals befinden sich Brückenreste aus Klinkermauerwerk. Die Mauerreste gehören vermutlich zu einer hier ehemals vorhandenen Drehbrücke. Zum Einen handelt es sich um Reste des Königsstuhls, zum Anderen um Reste eines Pfeilers.","beschreib_lang":"Im Abflussquerschnitt des Kanals befinden sich Brückenreste aus Klinkermauerwerk. Die Mauerreste gehören vermutlich zu einer hier ehemals vorhandenen Drehbrücke. Zum Einen handelt es sich um Reste des Königsstuhls, zum Anderen um Reste eines Pfeilers.","foto1":"https://nlwkn.hannit-share.de/index.php/core/preview?fileId=11061521&x=1280&y=819&a=true","foto2":null,"foto3":null,"foto4":null,"link1":null,"link2":null,"denkmal":"Nein","AIS_NR":null,"Nr_WR":null,"rwert":365006,"hwert":5827428.0},"geometry":{"type":"Point","coordinates":[780087.633385324734263,6905705.376902282238007]}},
{"type":"Feature","properties":{"ID_con":1563,"bw_id":"PCK_SON_6800","name":"Bienenunterstand","GEW":"PCK","stat_von":6800,"bauart":"Bienenunterstand","baujahr":"2020","upflicht":"Emmrich, Harald","KTR":null,"FSK":"033125007001300111__","bemerk":null,"beschreib":"Bienenunterstand","beschreib_lang":null,"foto1":null,"foto2":null,"foto3":null,"foto4":null,"link1":null,"link2":null,"denkmal":"Nein","AIS_NR":null,"Nr_WR":null,"rwert":363714,"hwert":5828964.0},"geometry":{"type":"Point","coordinates":[777895.994404565077275,6908174.870536129921675]}},
{"type":"Feature","properties":{"ID_con":1564,"bw_id":"PCK_SON_6860","name":"Schutzhütte Bathorn (linksseitig)","GEW":"PCK","stat_von":6860,"bauart":"Schutzhütte","baujahr":"2006","upflicht":null,"KTR":null,"FSK":"033125007001300111__","bemerk":null,"beschreib":"Schutzhütte Bathorn (linksseitig)","beschreib_lang":null,"foto1":"https://nlwkn.hannit-share.de/index.php/core/preview?fileId=11061536&x=1280&y=819&a=true","foto2":"https://nlwkn.hannit-share.de/index.php/core/preview?fileId=11061539&x=1280&y=819&a=true","foto3":null,"foto4":null,"link1":null,"link2":null,"denkmal":"Nein","AIS_NR":null,"Nr_WR":null,"rwert":363670,"hwert":5828996.0},"geometry":{"type":"Point","coordinates":[777822.263959235628136,6908225.53459744155407]}},
{"type":"Feature","properties":{"ID_con":2121,"bw_id":"PCK_SON_6920","name":"Infotafel Lager Bathorn","GEW":"PCK","stat_von":6920,"bauart":"Infotafel","baujahr":"2020","upflicht":"??","KTR":null,"FSK":"033125007001300111__","bemerk":null,"beschreib":"Infotafel Lager Bathorn","beschreib_lang":null,"foto1":"https://nlwkn.hannit-share.de/index.php/core/preview?fileId=11061542&x=1280&y=819&a=true","foto2":"https://nlwkn.hannit-share.de/index.php/core/preview?fileId=11061545&x=1280&y=819&a=true","foto3":"https://nlwkn.hannit-share.de/index.php/core/preview?fileId=11061548&x=1280&y=819&a=true","foto4":"https://nlwkn.hannit-share.de/index.php/core/preview?fileId=11061968&x=1280&y=819&a=true","link1":null,"link2":null,"denkmal":"Nein","AIS_NR":null,"Nr_WR":null,"rwert":363654,"hwert":5829069.0},"geometry":{"type":"Point","coordinates":[777792.638894631760195,6908344.990385347977281]}},
{"type":"Feature","properties":{"ID_con":2382,"bw_id":"PCK_SON_7345","name":"Brückenreste (ehem. Brücke Böbbeldiek?)","GEW":"PCK","stat_von":7345,"bauart":"Fundamentreste","baujahr":null,"upflicht":"NLWKN","KTR":null,"FSK":"033125007001300111__","bemerk":"!!Fotos","beschreib":"Im Abflussquerschnitt des Kanals befinden sich Brückenreste aus Klinkermauerwerk. Die Mauerreste gehören vermutlich zu einer hier ehemals vorhandenen Drehbrücke. Zum Einen handelt es sich um Reste des Königsstuhls, zum Anderen um Reste eines Pfeilers.","beschreib_lang":"Im Abflussquerschnitt des Kanals befinden sich Brückenreste aus Klinkermauerwerk. Die Mauerreste gehören vermutlich zu einer hier ehemals vorhandenen Drehbrücke. Zum Einen handelt es sich um Reste des Königsstuhls, zum Anderen um Reste eines Pfeilers.","foto1":"https://nlwkn.hannit-share.de/index.php/core/preview?fileId=11061554&x=1280&y=819&a=true","foto2":null,"foto3":null,"foto4":null,"link1":null,"link2":null,"denkmal":"Nein","AIS_NR":null,"Nr_WR":null,"rwert":363401,"hwert":5829410.0},"geometry":{"type":"Point","coordinates":[777361.449999368400313,6908894.812222991138697]}},
{"type":"Feature","properties":{"ID_con":1565,"bw_id":"PCK_SON_7905","name":"Infotafel Schleuse I","GEW":"PCK","stat_von":7905,"bauart":"Infotafel","baujahr":"2004","upflicht":"NLWKN","KTR":null,"FSK":"033127004000790009__","bemerk":null,"beschreib":"Infotafel Schleuse I","beschreib_lang":"Infotafel Schleuse I","foto1":"https://nlwkn.hannit-share.de/index.php/core/preview?fileId=11061575&x=1280&y=819&a=true","foto2":"https://nlwkn.hannit-share.de/index.php/core/preview?fileId=11061578&x=1280&y=819&a=true","foto3":"https://nlwkn.hannit-share.de/index.php/core/preview?fileId=11061581&x=1280&y=819&a=true","foto4":"https://nlwkn.hannit-share.de/index.php/core/preview?fileId=11061551&x=1280&y=819&a=true","link1":null,"link2":null,"denkmal":"Nein","AIS_NR":null,"Nr_WR":null,"rwert":363008,"hwert":5829799.0},"geometry":{"type":"Point","coordinates":[776698.025992698967457,6909517.223197799175978]}},
{"type":"Feature","properties":{"ID_con":1566,"bw_id":"PCK_SON_9335","name":"Schutzhütte (rechtsseitig)","GEW":"PCK","stat_von":9335,"bauart":"Schutzhütte","baujahr":null,"upflicht":"??","KTR":null,"FSK":"033127004000170016__","bemerk":null,"beschreib":"Schutzhütte (rechtsseitig)","beschreib_lang":null,"foto1":null,"foto2":null,"foto3":null,"foto4":null,"link1":null,"link2":null,"denkmal":"Nein","AIS_NR":null,"Nr_WR":null,"rwert":361840,"hwert":5830627.0},"geometry":{"type":"Point","coordinates":[774740.976790632936172,6910826.582891541533172]}},
{"type":"Feature","properties":{"ID_con":2606,"bw_id":"PCK_SON_11390","name":"Kunstobjekt bei Brücke Brookstraße","GEW":"PCK","stat_von":11390,"bauart":"Kunstobjekt","baujahr":null,"upflicht":"??","KTR":null,"FSK":"033128004000180022__","bemerk":null,"beschreib":"Kunstobjekt bei Brücke Brookstraße an Kanalaufweitung (Bestandteil des offenen Museums „Kunstwegen“","beschreib_lang":"Kunstobjekt bei Brücke Brookstraße an Kanalaufweitung (Bestandteil des offenen Museums „Kunstwegen“","foto1":"https://nlwkn.hannit-share.de/index.php/core/preview?fileId=11546116&x=1280&y=819&a=true","foto2":"https://nlwkn.hannit-share.de/index.php/core/preview?fileId=11546115&x=1280&y=819&a=true","foto3":"https://nlwkn.hannit-share.de/index.php/core/preview?fileId=11546117&x=1280&y=819&a=true","foto4":"https://nlwkn.hannit-share.de/index.php/core/preview?fileId=11546897&x=1280&y=819&a=true","link1":null,"link2":null,"denkmal":"Nein","AIS_NR":null,"Nr_WR":null,"rwert":359916,"hwert":5831200.0},"geometry":{"type":"Point","coordinates":[771553.137351548648439,6911679.995249829255044]}},
{"type":"Feature","properties":{"ID_con":1554,"bw_id":"PCK_SON_11445","name":"Schutzhütte Kleinringe (linksseitig)","GEW":"PCK","stat_von":11445,"bauart":"Schutzhütte","baujahr":null,"upflicht":"??","KTR":null,"FSK":"033128004000180022__","bemerk":null,"beschreib":"Schutzhütte Kleinringe (linksseitig)","beschreib_lang":null,"foto1":"https://nlwkn.hannit-share.de/index.php/core/preview?fileId=11061455&x=1280&y=819&a=true","foto2":null,"foto3":null,"foto4":null,"link1":null,"link2":null,"denkmal":"Nein","AIS_NR":null,"Nr_WR":null,"rwert":359861,"hwert":5831192.0},"geometry":{"type":"Point","coordinates":[771463.149489206727594,6911664.217700689099729]}},
{"type":"Feature","properties":{"ID_con":2609,"bw_id":"PCK_SON_12800","name":"Fremdbebauung links bei Brücke Höftestraße","GEW":"PCK","stat_von":12800,"bauart":"Fremdbebauung auf Landeseigentum","baujahr":null,"upflicht":"NLWKN","KTR":null,"FSK":"033128005000200013__","bemerk":"Vorgang einleiten","beschreib":"Fremdbebauung links bei Brücke Höftestraße","beschreib_lang":"Fremdbebauung links bei Brücke Höftestraße","foto1":"https://nlwkn.hannit-share.de/index.php/core/preview?fileId=11546927&x=1280&y=819&a=true","foto2":null,"foto3":null,"foto4":null,"link1":null,"link2":null,"denkmal":"Nein","AIS_NR":null,"Nr_WR":null,"rwert":358593,"hwert":5831558.0},"geometry":{"type":"Point","coordinates":[769362.417374522075988,6912206.817691282369196]}},
{"type":"Feature","properties":{"ID_con":2123,"bw_id":"PCK_SON_14620","name":"Schutzhütte Brücke Hahnenberger Diek","GEW":"PCK","stat_von":14620,"bauart":"Schutzhütte","baujahr":null,"upflicht":"??","KTR":null,"FSK":"033129007000250014__","bemerk":null,"beschreib":"Schutzhütte Brücke Hahnenberger Diek","beschreib_lang":null,"foto1":"https://nlwkn.hannit-share.de/index.php/core/preview?fileId=11061470&x=1280&y=819&a=true","foto2":null,"foto3":null,"foto4":null,"link1":null,"link2":null,"denkmal":"Nein","AIS_NR":0,"Nr_WR":null,"rwert":356880,"hwert":5832117.0},"geometry":{"type":"Point","coordinates":[766520.893156303674914,6913045.355255770497024]}},
{"type":"Feature","properties":{"ID_con":1555,"bw_id":"PCK_SON_16245","name":"Entnahme, Emsland-Stärke GmbH,Emlichheim","GEW":"PCK","stat_von":16245,"bauart":"Wasserrecht (Entnahme)","baujahr":null,"upflicht":"Emsland-Stärke GmbH","KTR":null,"FSK":"033129008000640001__","bemerk":"A-001 (aktiv, real) , OW-Ent., Emsland-Stärke GmbH","beschreib":"Entnahme, Emsland-Stärke GmbH,Emlichheim","beschreib_lang":null,"foto1":"https://nlwkn.hannit-share.de/index.php/core/preview?fileId=11061476&x=1280&y=819&a=true","foto2":null,"foto3":null,"foto4":null,"link1":null,"link2":null,"denkmal":"Nein","AIS_NR":null,"Nr_WR":"11/3358 (aktiv)","rwert":355383,"hwert":5832174.0},"geometry":{"type":"Point","coordinates":[764058.218717910116538,6913066.531522952951491]}},
{"type":"Feature","properties":{"ID_con":1556,"bw_id":"PCK_SON_16585","name":"Schutzhütte (rechtsseitig) an Kanalaufweitung","GEW":"PCK","stat_von":16585,"bauart":"Schutzhütte","baujahr":null,"upflicht":"??","KTR":null,"FSK":"033129019000070015__","bemerk":null,"beschreib":"Schutzhütte (rechtsseitig) an Kanalaufweitung","beschreib_lang":null,"foto1":"https://nlwkn.hannit-share.de/index.php/core/preview?fileId=11061485&x=1280&y=819&a=true","foto2":"https://nlwkn.hannit-share.de/index.php/core/preview?fileId=11061488&x=1280&y=819&a=true","foto3":null,"foto4":null,"link1":null,"link2":null,"denkmal":"Nein","AIS_NR":null,"Nr_WR":null,"rwert":354950,"hwert":5832228.0},"geometry":{"type":"Point","coordinates":[763344.069381818990223,6913134.310552350245416]}},
{"type":"Feature","properties":{"ID_con":1557,"bw_id":"PCK_SON_17485","name":"Entnahme,  Sportanlage - SG Emlichheim","GEW":"PCK","stat_von":17485,"bauart":"Wasserrecht (Entnahme)","baujahr":null,"upflicht":"Gemeinde Emlichheim","KTR":null,"FSK":"033129019001340066__","bemerk":"A-001 (aktiv, real) , OW-Entnahme - Sportanlage -","beschreib":"Entnahme,  Sportanlage - SG Emlichheim","beschreib_lang":null,"foto1":null,"foto2":null,"foto3":null,"foto4":null,"link1":null,"link2":null,"denkmal":"Nein","AIS_NR":null,"Nr_WR":"11/13042 (aktiv)","rwert":354222,"hwert":5832172.0},"geometry":{"type":"Point","coordinates":[762150.557782590272836,6913006.318126920610666]}},
{"type":"Feature","properties":{"ID_con":1558,"bw_id":"PCK_SON_18100","name":"Schutzhütte (linksseitig)","GEW":"PCK","stat_von":18100,"bauart":"Schutzhütte","baujahr":null,"upflicht":"??","KTR":null,"FSK":"033129019001340066__","bemerk":null,"beschreib":"Schutzhütte (linksseitig)","beschreib_lang":null,"foto1":null,"foto2":null,"foto3":null,"foto4":null,"link1":null,"link2":null,"denkmal":"Nein","AIS_NR":null,"Nr_WR":null,"rwert":353500,"hwert":5832464.0},"geometry":{"type":"Point","coordinates":[760949.774172328761779,6913451.704111782833934]}},
{"type":"Feature","properties":{"ID_con":2466,"bw_id":"PCK_SON_19065","name":"Schleusenwärterhaus","GEW":"PCK","stat_von":19065,"bauart":"Schleusenwärterhaus","baujahr":"1895","upflicht":"Eigentümer","KTR":null,"FSK":"033129019000010022__","bemerk":null,"beschreib":"ehemaliges Schleusenwärterhaus. Das Gebäude steht unter Denkmalschutz","beschreib_lang":null,"foto1":"https://nlwkn.hannit-share.de/index.php/core/preview?fileId=11061491&x=1280&y=819&a=true","foto2":"https://nlwkn.hannit-share.de/index.php/core/preview?fileId=11061494&x=1280&y=819&a=true","foto3":null,"foto4":null,"link1":null,"link2":null,"denkmal":"Ja","AIS_NR":0,"Nr_WR":null,"rwert":352689,"hwert":5832995.0},"geometry":{"type":"Point","coordinates":[759590.740399943431839,6914286.249562559649348]}},
{"type":"Feature","properties":{"ID_con":1559,"bw_id":"PCK_SON_20880","name":"Schutzhütte (linksseitig)","GEW":"PCK","stat_von":20880,"bauart":"Schutzhütte","baujahr":null,"upflicht":"??","KTR":null,"FSK":"033131106000410003__","bemerk":null,"beschreib":"Schutzhütte (linksseitig)","beschreib_lang":null,"foto1":"https://nlwkn.hannit-share.de/index.php/core/preview?fileId=11061506&x=1280&y=819&a=true","foto2":"https://nlwkn.hannit-share.de/index.php/core/preview?fileId=11061509&x=1280&y=819&a=true","foto3":null,"foto4":null,"link1":null,"link2":null,"denkmal":"Nein","AIS_NR":null,"Nr_WR":null,"rwert":351032,"hwert":5833735.0},"geometry":{"type":"Point","coordinates":[756830.4730850859778,6915422.549554264172912]}},
{"type":"Feature","properties":{"ID_con":2640,"bw_id":"PCK_SON_22885","name":"ehemaliges Dükerbauwerk mit Brücke","GEW":"PCK","stat_von":22885,"bauart":"Düker","baujahr":"1904","upflicht":"NLWKN","KTR":null,"FSK":"033131104000290001__","bemerk":"Im Betriebsplan vorhanden?? Hier müssen noch Infos gefunden werden!!","beschreib":"Ehemaliges Dükerbauwerk mit Brücke. Das Bauwerk steht aber weiterhin unter Denkmalschutz (ID:36052678). Der Düker scheint stillgelegt zu sein.","beschreib_lang":"Ehemaliges Dükerbauwerk mit Brücke. Das Bauwerk steht aber weiterhin unter Denkmalschutz (ID:36052678). Der Düker scheint stillgelegt zu sein.","foto1":null,"foto2":null,"foto3":null,"foto4":null,"link1":null,"link2":null,"denkmal":"Ja","AIS_NR":null,"Nr_WR":null,"rwert":349747,"hwert":5835275.0},"geometry":{"type":"Point","coordinates":[754640.408059803885408,6917895.405669379979372]}},
{"type":"Feature","properties":{"ID_con":1567,"bw_id":"SHK_SON_445","name":"Steganlage (Privat) mit Bank rechts","GEW":"SHK","stat_von":445,"bauart":"Steg","baujahr":null,"upflicht":null,"KTR":null,"FSK":"033118041000010636__","bemerk":"!!Löschen!!","beschreib":"Steganlage (Privat) mit Bank rechts","beschreib_lang":null,"foto1":null,"foto2":null,"foto3":null,"foto4":null,"link1":null,"link2":null,"denkmal":"Nein","AIS_NR":null,"Nr_WR":null,"rwert":371222,"hwert":5842449.0},"geometry":{"type":"Point","coordinates":[789641.263080146280117,6930745.410246973857284]}},
{"type":"Feature","properties":{"ID_con":2537,"bw_id":"SHK_EIN_2300","name":"Freie Einmündung?? Graben","GEW":"SHK","stat_von":2300,"bauart":"freie Grabeneinmündung","baujahr":null,"upflicht":"Gemeinde Twist??","KTR":null,"FSK":"03311805000029______","bemerk":null,"beschreib":"freie Grabeneinmündung","beschreib_lang":null,"foto1":null,"foto2":null,"foto3":null,"foto4":null,"link1":null,"link2":null,"denkmal":"Nein","AIS_NR":0,"Nr_WR":null,"rwert":369579,"hwert":5842995.0},"geometry":{"type":"Point","coordinates":[786911.036200634087436,6931574.655752683989704]}},
{"type":"Feature","properties":{"ID_con":1613,"bw_id":"SNK_SON_50","name":"Schutzhütte","GEW":"SNK","stat_von":50,"bauart":"Schutzhütte","baujahr":null,"upflicht":"??Schützenverein Bookholt e.V.","KTR":null,"FSK":"033151034000510010__","bemerk":null,"beschreib":"Schutzhütte","beschreib_lang":"Schutzhütte","foto1":"https://nlwkn.hannit-share.de/index.php/core/preview?fileId=11060393&x=1280&y=819&a=true","foto2":null,"foto3":null,"foto4":null,"link1":null,"link2":null,"denkmal":"Nein","AIS_NR":null,"Nr_WR":null,"rwert":368652,"hwert":5813781.0},"geometry":{"type":"Point","coordinates":[786674.23165555705782,6883436.545902699232101]}},
{"type":"Feature","properties":{"ID_con":2437,"bw_id":"SNK_SON_1039","name":"Pegelmesstation Nordhorn (oh Schleuse I SNK)","GEW":"SNK","stat_von":1039,"bauart":"Pegel","baujahr":"2015/2016","upflicht":"NLWKN","KTR":"MAAVE10100","FSK":"033151032000800009__","bemerk":null,"beschreib":"Pegelmesstation Nordhorn (oh Schleuse I SNK, solarbetrieben mit Akkus)","beschreib_lang":"Pegelmesstation Nordhorn (oh Schleuse I SNK, solarbetrieben mit Akkus)","foto1":"https://nlwkn.hannit-share.de/index.php/core/preview?fileId=11059901&x=1280&y=819&a=true","foto2":null,"foto3":null,"foto4":null,"link1":null,"link2":null,"denkmal":"Nein","AIS_NR":null,"Nr_WR":null,"rwert":369483,"hwert":5814331.0},"geometry":{"type":"Point","coordinates":[788010.958596781594679,6884375.81762064807117]}},
{"type":"Feature","properties":{"ID_con":2074,"bw_id":"SNK_SON_1040","name":"Steg","GEW":"SNK","stat_von":1040,"bauart":"Steg","baujahr":null,"upflicht":"??","KTR":null,"FSK":"033151032000800009__","bemerk":null,"beschreib":"Steg","beschreib_lang":"Steg","foto1":"https://nlwkn.hannit-share.de/index.php/core/preview?fileId=11059904&x=1280&y=819&a=true","foto2":null,"foto3":null,"foto4":null,"link1":null,"link2":null,"denkmal":"Nein","AIS_NR":null,"Nr_WR":null,"rwert":369485,"hwert":5814331.0},"geometry":{"type":"Point","coordinates":[788014.233784661162645,6884375.904954064637423]}},
{"type":"Feature","properties":{"ID_con":1571,"bw_id":"SNK_SON_1085","name":"ehem. Schleusenwärterhaus Schleuse I","GEW":"SNK","stat_von":1085,"bauart":"Schleusenwärterhaus","baujahr":"1904","upflicht":"Nykamp, Andreas","KTR":null,"FSK":"033151032001740080__","bemerk":null,"beschreib":"Ehemaliges Wärterhaus zu Schleuse I des 1871-1904 erbauten Süd-Nord-Kanals. Eingeschossiger Backsteinbau mit Risalit unter Satteldach. Fenster verändert, rechts später Anbau hinzugefügt.","beschreib_lang":"Ehemaliges Wärterhaus zu Schleuse I des 1871-1904 erbauten Süd-Nord-Kanals. Eingeschossiger Backsteinbau mit Risalit unter Satteldach. Fenster verändert, rechts später Anbau hinzugefügt._x000d_\n_x000d_\nAn der Erhaltung des Schleusenwärterhauses besteht aufgrund seiner geschichtlichen Bedeutung ein öffentliches Interesse.","foto1":"https://nlwkn.hannit-share.de/index.php/core/preview?fileId=11059907&x=1280&y=819&a=true","foto2":"https://nlwkn.hannit-share.de/index.php/core/preview?fileId=11059910&x=1280&y=819&a=true","foto3":"https://nlwkn.hannit-share.de/index.php/core/preview?fileId=11059913&x=1280&y=819&a=true","foto4":null,"link1":null,"link2":null,"denkmal":"Ja","AIS_NR":null,"Nr_WR":null,"rwert":369511,"hwert":5814374.0},"geometry":{"type":"Point","coordinates":[788054.938618060201406,6884447.633203904144466]}},
{"type":"Feature","properties":{"ID_con":1572,"bw_id":"SNK_SON_1090","name":"Insektenhotel mit Infotafel","GEW":"SNK","stat_von":1090,"bauart":"Insektenhotel","baujahr":"2020","upflicht":"Biotop-Fonds der Jägerschaften Emsland – Grafschaft Bentheim e.V. ??","KTR":null,"FSK":"033151032000800003__","bemerk":null,"beschreib":"Insektenhotel mit Infotafel","beschreib_lang":"Insektenhotel mit Infotafel","foto1":"https://nlwkn.hannit-share.de/index.php/core/preview?fileId=11059916&x=1280&y=819&a=true","foto2":"https://nlwkn.hannit-share.de/index.php/core/preview?fileId=11059919&x=1280&y=819&a=true","foto3":"https://nlwkn.hannit-share.de/index.php/core/preview?fileId=11059922&x=1280&y=819&a=true","foto4":"https://nlwkn.hannit-share.de/index.php/core/preview?fileId=11061584&x=1280&y=819&a=true","link1":null,"link2":null,"denkmal":"Nein","AIS_NR":null,"Nr_WR":null,"rwert":369531,"hwert":5814352.0},"geometry":{"type":"Point","coordinates":[788088.648742363788188,6884412.38885623216629]}},
{"type":"Feature","properties":{"ID_con":1573,"bw_id":"SNK_SON_1115","name":"Holztor","GEW":"SNK","stat_von":1115,"bauart":"Tor","baujahr":null,"upflicht":"NLWKN","KTR":null,"FSK":"033151032001640080__","bemerk":null,"beschreib":"Holztor","beschreib_lang":"Holztor","foto1":"https://nlwkn.hannit-share.de/index.php/core/preview?fileId=11059940&x=1280&y=819&a=true","foto2":null,"foto3":null,"foto4":null,"link1":null,"link2":null,"denkmal":"Nein","AIS_NR":null,"Nr_WR":null,"rwert":369536,"hwert":5814380.0},"geometry":{"type":"Point","coordinates":[788095.61759838659782,6884458.574810148216784]}},
{"type":"Feature","properties":{"ID_con":1574,"bw_id":"SNK_SON_1116","name":"Schutzhütte bei Schleuse I","GEW":"SNK","stat_von":1116,"bauart":"Schutzhütte","baujahr":null,"upflicht":null,"KTR":null,"FSK":"033151032000800002__","bemerk":null,"beschreib":"Schutzhütte bei Schleuse I","beschreib_lang":"Schutzhütte bei Schleuse I","foto1":"https://nlwkn.hannit-share.de/index.php/core/preview?fileId=11059943&x=1280&y=819&a=true","foto2":"https://nlwkn.hannit-share.de/index.php/core/preview?fileId=11059946&x=1280&y=819&a=true","foto3":"https://nlwkn.hannit-share.de/index.php/core/preview?fileId=11059949&x=1280&y=819&a=true","foto4":null,"link1":null,"link2":null,"denkmal":"Nein","AIS_NR":null,"Nr_WR":null,"rwert":369566,"hwert":5814355.0},"geometry":{"type":"Point","coordinates":[788145.834234064794146,6884418.841554651036859]}},
{"type":"Feature","properties":{"ID_con":2075,"bw_id":"SNK_SON_3745","name":"Kunstobjekt oh Schleuse II rechts","GEW":"SNK","stat_von":3745,"bauart":"Kunst","baujahr":null,"upflicht":"Stadt Nordhorn??","KTR":null,"FSK":"033151030004200031__","bemerk":null,"beschreib":"Kunstobjekt oh Schleuse II rechts","beschreib_lang":"Kunstobjekt oh Schleuse II rechts","foto1":"https://nlwkn.hannit-share.de/index.php/core/preview?fileId=1060204&x=1280&y=819&a=true","foto2":"https://nlwkn.hannit-share.de/index.php/core/preview?fileId=11060207&x=1280&y=819&a=true","foto3":"https://nlwkn.hannit-share.de/index.php/core/preview?fileId=11060210&x=1280&y=819&a=true","foto4":null,"link1":null,"link2":null,"denkmal":"Nein","AIS_NR":null,"Nr_WR":null,"rwert":370832,"hwert":5816648.0},"geometry":{"type":"Point","coordinates":[790120.149449844262563,6888239.181750255636871]}},
{"type":"Feature","properties":{"ID_con":1600,"bw_id":"SNK_SON_3795","name":"ehem. Schleusenwärterhaus Schleuse II","GEW":"SNK","stat_von":3795,"bauart":"Schleusenwärterhaus","baujahr":null,"upflicht":"Schlagelambers, Andrea","KTR":null,"FSK":"033149004000730001__","bemerk":null,"beschreib":"ehem. Schleusenwärterhaus Schleuse II","beschreib_lang":"ehem. Schleusenwärterhaus Schleuse II","foto1":"https://nlwkn.hannit-share.de/index.php/core/preview?fileId=11060204&x=1280&y=819&a=true","foto2":"https://nlwkn.hannit-share.de/index.php/core/preview?fileId=11060216&x=1280&y=819&a=true","foto3":"https://nlwkn.hannit-share.de/index.php/core/preview?fileId=11060219&x=1280&y=819&a=true","foto4":null,"link1":null,"link2":null,"denkmal":"Ja","AIS_NR":null,"Nr_WR":null,"rwert":370809,"hwert":5816715.0},"geometry":{"type":"Point","coordinates":[790079.573937926325016,6888348.234128477051854]}},
{"type":"Feature","properties":{"ID_con":1601,"bw_id":"SNK_SON_3800","name":"Schutzhütte bei Schleuse II","GEW":"SNK","stat_von":3800,"bauart":"Schutzhütte","baujahr":null,"upflicht":"??","KTR":null,"FSK":"033151030004200031__","bemerk":null,"beschreib":"Schutzhütte bei Schleuse II","beschreib_lang":"Schutzhütte bei Schleuse II","foto1":"https://nlwkn.hannit-share.de/index.php/core/preview?fileId=11060222&x=1280&y=819&a=true","foto2":"https://nlwkn.hannit-share.de/index.php/core/preview?fileId=11060225&x=1280&y=819&a=true","foto3":"https://nlwkn.hannit-share.de/index.php/core/preview?fileId=11060228&x=1280&y=819&a=true","foto4":"https://nlwkn.hannit-share.de/index.php/core/preview?fileId=11060231&x=1280&y=819&a=true","link1":null,"link2":null,"denkmal":"Nein","AIS_NR":null,"Nr_WR":null,"rwert":370861,"hwert":5816694.0},"geometry":{"type":"Point","coordinates":[790165.677959484630264,6888315.991429074667394]}},
{"type":"Feature","properties":{"ID_con":1614,"bw_id":"SNK_SON_5060","name":"alte Böschungstreppe","GEW":"SNK","stat_von":5060,"bauart":"Böschungstreppe","baujahr":"2006","upflicht":"UHV 114","KTR":null,"FSK":"033148016002740110__","bemerk":null,"beschreib":"Für den Einbau von Absperrtafeln an der Mündung Klausheider Graben wurde eine Böschungstreppe angelegt (Siehe SNK_EIN_SON_5065).","beschreib_lang":"Für den Einbau von Absperrtafeln an der Mündung Klausheider Graben wurde eine Böschungstreppe angelegt (Siehe SNK_EIN_SON_5065).","foto1":"https://nlwkn.hannit-share.de/index.php/core/preview?fileId=11060381&x=1280&y=819&a=true","foto2":null,"foto3":null,"foto4":null,"link1":null,"link2":null,"denkmal":"Nein","AIS_NR":null,"Nr_WR":null,"rwert":370967,"hwert":5817897.0},"geometry":{"type":"Point","coordinates":[790287.462933009024709,6890296.755704742856324]}},
{"type":"Feature","properties":{"ID_con":1615,"bw_id":"SNK_SON_5070","name":"altes Brückenfundament im Kanal","GEW":"SNK","stat_von":5070,"bauart":"Bauwerksrest","baujahr":null,"upflicht":"NLWKN","KTR":null,"FSK":"033148016002750110__","bemerk":"!!Eignet sich die Stelle zur touristischen Aufwertung z.B. durch Anlage einer Aussichtsplattform mit Infotafel","beschreib":"Bauwerksrest (Brückenfundament) im Kanal links","beschreib_lang":"Bauwerksrest (Brückenfundament) im Kanal links","foto1":"https://nlwkn.hannit-share.de/index.php/core/preview?fileId=11060384&x=1280&y=819&a=true","foto2":"https://nlwkn.hannit-share.de/index.php/core/preview?fileId=11060387&x=1280&y=819&a=true","foto3":"https://nlwkn.hannit-share.de/index.php/core/preview?fileId=11060390&x=1280&y=819&a=true","foto4":null,"link1":null,"link2":null,"denkmal":"Nein","AIS_NR":null,"Nr_WR":null,"rwert":370952,"hwert":5817903.0},"geometry":{"type":"Point","coordinates":[790262.621785945957527,6890305.964342632330954]}},
{"type":"Feature","properties":{"ID_con":1568,"bw_id":"SNK_SON_5955","name":"Tor","GEW":"SNK","stat_von":5955,"bauart":"Tor","baujahr":null,"upflicht":"??","KTR":null,"FSK":"03315402000027______","bemerk":null,"beschreib":"Tor mit Überwegung zum Kanalseitengraben","beschreib_lang":"Tor mit Überwegung zum Kanalseitengraben","foto1":"https://nlwkn.hannit-share.de/index.php/core/preview?fileId=11060396&x=1280&y=819&a=true","foto2":null,"foto3":null,"foto4":null,"link1":null,"link2":null,"denkmal":"Nein","AIS_NR":null,"Nr_WR":null,"rwert":370844,"hwert":5818758.0},"geometry":{"type":"Point","coordinates":[790048.69704643834848,6891706.099982000887394]}},
{"type":"Feature","properties":{"ID_con":1616,"bw_id":"SNK_SON_6155","name":"Überfahrt (Seitengraben) mit Absperrung","GEW":"SNK","stat_von":6155,"bauart":"Überfahrt","baujahr":null,"upflicht":"??","KTR":null,"FSK":"033154012000040012__","bemerk":null,"beschreib":"Überfahrt (Seitengraben) mit Absperrung","beschreib_lang":"Überfahrt (Seitengraben) mit Absperrung","foto1":"https://nlwkn.hannit-share.de/index.php/core/preview?fileId=11060399&x=1280&y=819&a=true","foto2":null,"foto3":null,"foto4":null,"link1":null,"link2":null,"denkmal":"Nein","AIS_NR":null,"Nr_WR":null,"rwert":370910,"hwert":5818948.0},"geometry":{"type":"Point","coordinates":[790148.672474058577791,6892021.171163852326572]}},
{"type":"Feature","properties":{"ID_con":1617,"bw_id":"SNK_SON_7320","name":"Trafostation am U-Weg","GEW":"SNK","stat_von":7320,"bauart":"Trafostation","baujahr":null,"upflicht":"??","KTR":null,"FSK":"033154012000040008__","bemerk":null,"beschreib":"Trafostation am U-Weg","beschreib_lang":"Trafostation am U-Weg","foto1":"https://nlwkn.hannit-share.de/index.php/core/preview?fileId=11060402&x=1280&y=819&a=true","foto2":"https://nlwkn.hannit-share.de/index.php/core/preview?fileId=11060405&x=1280&y=819&a=true","foto3":"https://nlwkn.hannit-share.de/index.php/core/preview?fileId=11060408&x=1280&y=819&a=true","foto4":"https://nlwkn.hannit-share.de/index.php/core/preview?fileId=11060411&x=1280&y=819&a=true","link1":null,"link2":null,"denkmal":"Nein","AIS_NR":null,"Nr_WR":null,"rwert":370655,"hwert":5820077.0},"geometry":{"type":"Point","coordinates":[789681.815966432448477,6893865.565075625665486]}},
{"type":"Feature","properties":{"ID_con":2146,"bw_id":"SNK_SON_7355","name":"Infotafel (Infostein) Schleuse III","GEW":"SNK","stat_von":7355,"bauart":"Infotafel (Infostein)","baujahr":null,"upflicht":null,"KTR":null,"FSK":"033154012000040012__","bemerk":null,"beschreib":"Infotafel (Infostein) Schleuse III","beschreib_lang":null,"foto1":"https://nlwkn.hannit-share.de/index.php/core/preview?fileId=11060414&x=1280&y=819&a=true","foto2":"https://nlwkn.hannit-share.de/index.php/core/preview?fileId=11060417&x=1280&y=819&a=true","foto3":null,"foto4":null,"link1":null,"link2":null,"denkmal":"Nein","AIS_NR":null,"Nr_WR":null,"rwert":370672,"hwert":5820114.0},"geometry":{"type":"Point","coordinates":[789708.086239536642097,6893927.117474539205432]}},
{"type":"Feature","properties":{"ID_con":2449,"bw_id":"SNK_SON_7490","name":"ehemaliges Schleusenwärterhaus bei Schleuse III","GEW":"SNK","stat_von":7490,"bauart":"Schleusenwärterhaus","baujahr":null,"upflicht":"Hund, Werner","KTR":null,"FSK":"033154013000730003__","bemerk":null,"beschreib":"ehemaliges Schleusenwärterhaus","beschreib_lang":null,"foto1":null,"foto2":null,"foto3":null,"foto4":null,"link1":null,"link2":null,"denkmal":"Ja","AIS_NR":null,"Nr_WR":null,"rwert":370575,"hwert":5820204.0},"geometry":{"type":"Point","coordinates":[789545.150513218715787,6894070.834829784929752]}},
{"type":"Feature","properties":{"ID_con":1618,"bw_id":"SNK_SON_7875","name":"Schutzhütte (rechtsseitig)","GEW":"SNK","stat_von":7875,"bauart":"Schutzhütte","baujahr":null,"upflicht":"??","KTR":null,"FSK":"033154013000010016__","bemerk":null,"beschreib":"Schutzhütte (rechtsseitig)","beschreib_lang":null,"foto1":"https://nlwkn.hannit-share.de/index.php/core/preview?fileId=11060423&x=1280&y=819&a=true","foto2":"https://nlwkn.hannit-share.de/index.php/core/preview?fileId=11060426&x=1280&y=819&a=true","foto3":"https://nlwkn.hannit-share.de/index.php/core/preview?fileId=11060429&x=1280&y=819&a=true","foto4":"https://nlwkn.hannit-share.de/index.php/core/preview?fileId=11060432&x=1280&y=819&a=true","link1":null,"link2":null,"denkmal":"Nein","AIS_NR":null,"Nr_WR":null,"rwert":370444,"hwert":5820576.0},"geometry":{"type":"Point","coordinates":[789314.22991950425785,6894676.608878505416214]}},
{"type":"Feature","properties":{"ID_con":1570,"bw_id":"SNK_SON_10395","name":"Schutzhütte (rechtsseitig)","GEW":"SNK","stat_von":10395,"bauart":"Schutzhütte","baujahr":null,"upflicht":"??","KTR":null,"FSK":"03315401900069______","bemerk":null,"beschreib":"Schutzhütte (rechtsseitig)","beschreib_lang":null,"foto1":"https://nlwkn.hannit-share.de/index.php/core/preview?fileId=11059898&x=1280&y=819&a=true","foto2":null,"foto3":null,"foto4":null,"link1":null,"link2":null,"denkmal":"Nein","AIS_NR":null,"Nr_WR":null,"rwert":370105,"hwert":5823067.0},"geometry":{"type":"Point","coordinates":[788649.958077397430316,6898757.544918807223439]}},
{"type":"Feature","properties":{"ID_con":1575,"bw_id":"SNK_SON_11825","name":"private Steganlage??","GEW":"SNK","stat_von":11825,"bauart":"Steg","baujahr":null,"upflicht":"??","KTR":null,"FSK":"033121014001050102__","bemerk":null,"beschreib":"private Steganlage??","beschreib_lang":null,"foto1":"https://nlwkn.hannit-share.de/index.php/core/preview?fileId=11059961&x=1280&y=819&a=true","foto2":"https://nlwkn.hannit-share.de/index.php/core/preview?fileId=11059964&x=1280&y=819&a=true","foto3":null,"foto4":null,"link1":null,"link2":null,"denkmal":"Nein","AIS_NR":null,"Nr_WR":null,"rwert":370012,"hwert":5824468.0},"geometry":{"type":"Point","coordinates":[788436.307723062811419,6901057.911686322651803]}},
{"type":"Feature","properties":{"ID_con":2623,"bw_id":"SNK_SON_12370","name":"Trafokasten","GEW":"SNK","stat_von":12370,"bauart":"Trafokasten","baujahr":"??","upflicht":"Westnetz??","KTR":null,"FSK":"033121014001090101__","bemerk":null,"beschreib":"Trafokasten","beschreib_lang":"Trafokasten","foto1":"https://nlwkn.hannit-share.de/index.php/core/preview?fileId=11656445&x=1280&y=819&a=true","foto2":"https://nlwkn.hannit-share.de/index.php/core/preview?fileId=11656446&x=1280&y=819&a=true","foto3":null,"foto4":null,"link1":null,"link2":null,"denkmal":"Nein","AIS_NR":0,"Nr_WR":null,"rwert":370035,"hwert":5825015.0},"geometry":{"type":"Point","coordinates":[788450.194001798285171,6901958.825946600176394]}},
{"type":"Feature","properties":{"ID_con":1577,"bw_id":"SNK_SON_13020","name":"Schutzhütte rechts","GEW":"SNK","stat_von":13020,"bauart":"Schutzhütte","baujahr":null,"upflicht":"??","KTR":null,"FSK":"033121014001150100__","bemerk":null,"beschreib":"Schutzhütte rechts","beschreib_lang":null,"foto1":null,"foto2":null,"foto3":null,"foto4":null,"link1":null,"link2":null,"denkmal":"Nein","AIS_NR":null,"Nr_WR":null,"rwert":370045,"hwert":5825661.0},"geometry":{"type":"Point","coordinates":[788438.424780459376052,6903022.172769130207598]}},
{"type":"Feature","properties":{"ID_con":2672,"bw_id":"SNK_SON_13275","name":"Löschwasserentnahmestelle \"Neues Land\"","GEW":"SNK","stat_von":13275,"bauart":"Löschwasserentnahme","baujahr":"2026","upflicht":"Samtgemeinde Neuenhaus / Gemeinde Georgsdorf","KTR":null,"FSK":"033121014001140100__","bemerk":"!! Infos / Bilder nacharbeiten !!","beschreib":"Löschwasserentnahmestelle \"Neues Land\", Ausführung eines frostfreien Sauganschlusses nach DIN 14244 aus verzinkten Stahl über eine unterirdische Saugleitung bis in den SNK mit einem Saugkorb","beschreib_lang":"Löschwasserentnahmestelle \"Neues Land\", Ausführung eines frostfreien Sauganschlusses nach DIN 14244 aus verzinkten Stahl über eine unterirdische Saugleitung bis in den SNK mit einem Saugkorb","foto1":"https://nlwkn.hannit-share.de/index.php/core/preview?fileId=12714790&x=1280&y=819&a=true","foto2":"https://nlwkn.hannit-share.de/index.php/core/preview?fileId=12714791&x=1280&y=819&a=true","foto3":"https://nlwkn.hannit-share.de/index.php/core/preview?fileId=12714792&x=1280&y=819&a=true","foto4":"https://nlwkn.hannit-share.de/index.php/core/preview?fileId=12714793&x=1280&y=819&a=true","link1":null,"link2":null,"denkmal":"Nein","AIS_NR":0,"Nr_WR":null,"rwert":370033,"hwert":5825919.0},"geometry":{"type":"Point","coordinates":[788407.469418748631142,6903446.192438643425703]}},
{"type":"Feature","properties":{"ID_con":1576,"bw_id":"SNK_SON_13575","name":"Schutzhütte rechts","GEW":"SNK","stat_von":13575,"bauart":"Schutzhütte","baujahr":null,"upflicht":"??","KTR":null,"FSK":"033121008000530026__","bemerk":null,"beschreib":"Schutzhütte rechts","beschreib_lang":null,"foto1":null,"foto2":null,"foto3":null,"foto4":null,"link1":null,"link2":null,"denkmal":"Nein","AIS_NR":null,"Nr_WR":null,"rwert":369975,"hwert":5826218.0},"geometry":{"type":"Point","coordinates":[788299.208189356839284,6903935.692770957946777]}},
{"type":"Feature","properties":{"ID_con":2253,"bw_id":"SNK_SON_14240","name":"Sitzgruppe (Bänke)","GEW":"SNK","stat_von":14240,"bauart":"Sitzgruppe","baujahr":null,"upflicht":"Gemeinde Georgsdorf","KTR":null,"FSK":"033121009000530029__","bemerk":null,"beschreib":"Sitzgruppe (Bänke)","beschreib_lang":null,"foto1":"https://nlwkn.hannit-share.de/index.php/core/preview?fileId=11532874&x=1280&y=819&a=true","foto2":null,"foto3":null,"foto4":null,"link1":null,"link2":null,"denkmal":"Nein","AIS_NR":0,"Nr_WR":null,"rwert":369309,"hwert":5826134.0},"geometry":{"type":"Point","coordinates":[787209.610134073183872,6903768.230021962895989]}},
{"type":"Feature","properties":{"ID_con":1578,"bw_id":"SNK_SON_15810","name":"Schutzhütte (linksseitig)","GEW":"SNK","stat_von":15810,"bauart":"Schutzhütte","baujahr":null,"upflicht":"??","KTR":null,"FSK":"033121010000670007__","bemerk":null,"beschreib":"Schutzhütte (linksseitig)","beschreib_lang":null,"foto1":null,"foto2":null,"foto3":null,"foto4":null,"link1":null,"link2":null,"denkmal":"Nein","AIS_NR":null,"Nr_WR":null,"rwert":369208,"hwert":5827585.0},"geometry":{"type":"Point","coordinates":[786980.059211894054897,6906151.92742068041116]}},
{"type":"Feature","properties":{"ID_con":1579,"bw_id":"SNK_SON_17060","name":"Schachtdeckel mit Pflasterung","GEW":"SNK","stat_von":17060,"bauart":"Schachtdeckel","baujahr":null,"upflicht":null,"KTR":null,"FSK":"033121004000150022__","bemerk":"Vertrag??","beschreib":"Schachtdeckel mit Pflasterung","beschreib_lang":null,"foto1":"https://nlwkn.hannit-share.de/index.php/core/preview?fileId=11059982&x=1280&y=819&a=true","foto2":null,"foto3":null,"foto4":null,"link1":null,"link2":null,"denkmal":"Nein","AIS_NR":null,"Nr_WR":null,"rwert":369223,"hwert":5828830.0},"geometry":{"type":"Point","coordinates":[786949.95203772187233,6908202.245946981012821]}},
{"type":"Feature","properties":{"ID_con":1580,"bw_id":"SNK_SON_18290","name":"Steganlage (Privat)","GEW":"SNK","stat_von":18290,"bauart":"Steg","baujahr":null,"upflicht":"??","KTR":null,"FSK":"033120007000010035__","bemerk":"?? Prüfen ob Anlage vorhanden??","beschreib":"Steganlage (Privat)","beschreib_lang":null,"foto1":null,"foto2":null,"foto3":null,"foto4":null,"link1":null,"link2":null,"denkmal":"Nein","AIS_NR":null,"Nr_WR":null,"rwert":369780,"hwert":5829831.0},"geometry":{"type":"Point","coordinates":[787820.943162817275152,6909875.098554210737348]}},
{"type":"Feature","properties":{"ID_con":1581,"bw_id":"SNK_SON_18645","name":"Trafokasten","GEW":"SNK","stat_von":18645,"bauart":"Trafostation","baujahr":null,"upflicht":"??","KTR":null,"FSK":"033120007000010035__","bemerk":null,"beschreib":"Trafokasten","beschreib_lang":null,"foto1":"https://nlwkn.hannit-share.de/index.php/core/preview?fileId=11060015&x=1280&y=819&a=true","foto2":"https://nlwkn.hannit-share.de/index.php/core/preview?fileId=11060018&x=1280&y=819&a=true","foto3":"https://nlwkn.hannit-share.de/index.php/core/preview?fileId=11060021&x=1280&y=819&a=true","foto4":"https://nlwkn.hannit-share.de/index.php/core/preview?fileId=11060024&x=1280&y=819&a=true","link1":null,"link2":null,"denkmal":"Nein","AIS_NR":null,"Nr_WR":null,"rwert":370041,"hwert":5830074.0},"geometry":{"type":"Point","coordinates":[788239.083747325348668,6910286.751864899881184]}},
{"type":"Feature","properties":{"ID_con":1582,"bw_id":"SNK_SON_18680","name":"Schutzhütte","GEW":"SNK","stat_von":18680,"bauart":"Schutzhütte","baujahr":null,"upflicht":"??","KTR":null,"FSK":"033120003000610062__","bemerk":null,"beschreib":"Schutzhütte","beschreib_lang":null,"foto1":"https://nlwkn.hannit-share.de/index.php/core/preview?fileId=11060027&x=1280&y=819&a=true","foto2":"https://nlwkn.hannit-share.de/index.php/core/preview?fileId11060030&x=1280&y=819&a=true","foto3":"https://nlwkn.hannit-share.de/index.php/core/preview?fileId=11060033&x=1280&y=819&a=true","foto4":"https://nlwkn.hannit-share.de/index.php/core/preview?fileId=11060036&x=1280&y=819&a=true","link1":"https://nlwkn.hannit-share.de/index.php/core/preview?fileId=11060039&x=1280&y=819&a=true","link2":"https://nlwkn.hannit-share.de/index.php/core/preview?fileId=11060042&x=1280&y=819&a=true","denkmal":"Nein","AIS_NR":null,"Nr_WR":null,"rwert":370064,"hwert":5830098.0},"geometry":{"type":"Point","coordinates":[788275.820349319837987,6910327.287204809486866]}},
{"type":"Feature","properties":{"ID_con":1583,"bw_id":"SNK_SON_19275","name":"Schaltschränke","GEW":"SNK","stat_von":19275,"bauart":"Schaltschrank","baujahr":null,"upflicht":"??","KTR":null,"FSK":"033120004000170051__","bemerk":null,"beschreib":"Schaltschränke","beschreib_lang":null,"foto1":"https://nlwkn.hannit-share.de/index.php/core/preview?fileId=11060045&x=1280&y=819&a=true","foto2":null,"foto3":null,"foto4":null,"link1":null,"link2":null,"denkmal":"Nein","AIS_NR":null,"Nr_WR":null,"rwert":370531,"hwert":5830478.0},"geometry":{"type":"Point","coordinates":[789026.489436260308139,6910973.596460801549256]}},
{"type":"Feature","properties":{"ID_con":1815,"bw_id":"SNK_SON_19280","name":"Schaltschränke","GEW":"SNK","stat_von":19280,"bauart":"Schaltschrank","baujahr":null,"upflicht":"EWE","KTR":null,"FSK":"033120004000170051__","bemerk":null,"beschreib":"Schaltschränke","beschreib_lang":null,"foto1":"https://nlwkn.hannit-share.de/index.php/core/preview?fileId=11060048&x=1280&y=819&a=true","foto2":"https://nlwkn.hannit-share.de/index.php/core/preview?fileId=11060051&x=1280&y=819&a=true","foto3":null,"foto4":null,"link1":null,"link2":null,"denkmal":"Nein","AIS_NR":null,"Nr_WR":null,"rwert":370501,"hwert":5830501.0},"geometry":{"type":"Point","coordinates":[788976.19632686523255,6911010.169096377678216]}},
{"type":"Feature","properties":{"ID_con":1816,"bw_id":"SNK_SON_19300","name":"Museumseisenbahn (Torfbahn)","GEW":"SNK","stat_von":19300,"bauart":"Tourismus (Museumseisenbahn)","baujahr":null,"upflicht":null,"KTR":null,"FSK":"033120004000170051__","bemerk":null,"beschreib":"Museumseisenbahn (Torfbahn)","beschreib_lang":null,"foto1":"https://nlwkn.hannit-share.de/index.php/core/preview?fileId=11060054&x=1280&y=819&a=true","foto2":"https://nlwkn.hannit-share.de/index.php/core/preview?fileId=11060057&x=1280&y=819&a=true","foto3":"https://nlwkn.hannit-share.de/index.php/core/preview?fileId=11060060&x=1280&y=819&a=true","foto4":null,"link1":null,"link2":null,"denkmal":"Nein","AIS_NR":null,"Nr_WR":null,"rwert":370516,"hwert":5830515.0},"geometry":{"type":"Point","coordinates":[789000.231523167109117,6911033.884094321168959]}},
{"type":"Feature","properties":{"ID_con":1585,"bw_id":"SNK_SON_19325","name":"Schachtdeckel","GEW":"SNK","stat_von":19325,"bauart":"Schachtdeckel (Dükerung??)","baujahr":null,"upflicht":null,"KTR":null,"FSK":"033120004000170051__","bemerk":null,"beschreib":"Schachtdeckel (Dükerung??)","beschreib_lang":null,"foto1":"https://nlwkn.hannit-share.de/index.php/core/preview?fileId=11060063&x=1280&y=819&a=true","foto2":"https://nlwkn.hannit-share.de/index.php/core/preview?fileId=11060066&x=1280&y=819&a=true","foto3":"https://nlwkn.hannit-share.de/index.php/core/preview?fileId=11060069&x=1280&y=819&a=true","foto4":null,"link1":null,"link2":null,"denkmal":"Nein","AIS_NR":null,"Nr_WR":null,"rwert":370536,"hwert":5830534.0},"geometry":{"type":"Point","coordinates":[789032.26414575916715,6911066.053131188265979]}},
{"type":"Feature","properties":{"ID_con":1586,"bw_id":"SNK_SON_22140","name":"Böschungstreppe privat inks","GEW":"SNK","stat_von":22140,"bauart":"Böschungstreppe","baujahr":null,"upflicht":"??","KTR":null,"FSK":"033118013000090018__","bemerk":"Vertrag??","beschreib":"Böschungstreppe privat inks","beschreib_lang":null,"foto1":"https://nlwkn.hannit-share.de/index.php/core/preview?fileId=11060093&x=1280&y=819&a=true","foto2":"https://nlwkn.hannit-share.de/index.php/core/preview?fileId=11060096&x=1280&y=819&a=true","foto3":null,"foto4":null,"link1":null,"link2":null,"denkmal":"Nein","AIS_NR":null,"Nr_WR":null,"rwert":371272,"hwert":5833122.0},"geometry":{"type":"Point","coordinates":[790129.326724175713025,6915362.030692360363901]}},
{"type":"Feature","properties":{"ID_con":1587,"bw_id":"SNK_SON_22350","name":"Steganlage Privat)","GEW":"SNK","stat_von":22350,"bauart":"Steg","baujahr":null,"upflicht":null,"KTR":null,"FSK":"033118010000040019__","bemerk":null,"beschreib":"Steganlage Privat)","beschreib_lang":null,"foto1":"https://nlwkn.hannit-share.de/index.php/core/preview?fileId=11060099&x=1280&y=819&a=true","foto2":"https://nlwkn.hannit-share.de/index.php/core/preview?fileId=11060102&x=1280&y=819&a=true","foto3":null,"foto4":null,"link1":null,"link2":null,"denkmal":"Nein","AIS_NR":null,"Nr_WR":null,"rwert":371307,"hwert":5833327.0},"geometry":{"type":"Point","coordinates":[790177.970848385593854,6915701.401279012672603]}},
{"type":"Feature","properties":{"ID_con":1588,"bw_id":"SNK_SON_22370","name":"Steg (Privat), Am Kanal West","GEW":"SNK","stat_von":22370,"bauart":"Steg","baujahr":null,"upflicht":"??","KTR":null,"FSK":"033118010000040019__","bemerk":null,"beschreib":"Steg (Privat), Am Kanal West","beschreib_lang":null,"foto1":"https://nlwkn.hannit-share.de/index.php/core/preview?fileId=11060105&x=1280&y=819&a=true","foto2":null,"foto3":null,"foto4":null,"link1":null,"link2":null,"denkmal":"Nein","AIS_NR":null,"Nr_WR":null,"rwert":371287,"hwert":5833349.0},"geometry":{"type":"Point","coordinates":[790144.136367570026778,6915736.789099350571632]}},
{"type":"Feature","properties":{"ID_con":1589,"bw_id":"SNK_SON_22585","name":"Pegel Twist (Brücke Reiners)","GEW":"SNK","stat_von":22585,"bauart":"Pegel","baujahr":null,"upflicht":"NLWKN","KTR":"MAAEN10100","FSK":"033118010000040019__","bemerk":"Baujahr??","beschreib":"Pegel Brücke Reiners (Pegelmessstation Twist, Solarbetrieben mit Akkus)","beschreib_lang":null,"foto1":"https://nlwkn.hannit-share.de/index.php/core/preview?fileId=11060108&x=1280&y=819&a=true","foto2":"https://nlwkn.hannit-share.de/index.php/core/preview?fileId=11060111&x=1280&y=819&a=true","foto3":"https://nlwkn.hannit-share.de/index.php/core/preview?fileId=11060114&x=1280&y=819&a=true","foto4":"https://nlwkn.hannit-share.de/index.php/core/preview?fileId=11060117&x=1280&y=819&a=true","link1":null,"link2":null,"denkmal":"Nein","AIS_NR":null,"Nr_WR":null,"rwert":371291,"hwert":5833565.0},"geometry":{"type":"Point","coordinates":[790141.339613807271235,6916092.956647709943354]}},
{"type":"Feature","properties":{"ID_con":1590,"bw_id":"SNK_SON_22845","name":"Fundamentrest (Zulauf??)","GEW":"SNK","stat_von":22845,"bauart":"Fundamentreste","baujahr":null,"upflicht":null,"KTR":null,"FSK":"033118010000040019__","bemerk":"Sieht aus wie ein Einlaufbauwerk ; Prüfen!!","beschreib":"Sieht aus wie ein Einlaufbauwerk ; Prüfen!!","beschreib_lang":"Sieht aus wie ein Einlaufbauwerk ; Prüfen!!","foto1":"https://nlwkn.hannit-share.de/index.php/core/preview?fileId=11060126&x=1280&y=819&a=true","foto2":null,"foto3":null,"foto4":null,"link1":null,"link2":null,"denkmal":"Nein","AIS_NR":null,"Nr_WR":null,"rwert":371304,"hwert":5833827.0},"geometry":{"type":"Point","coordinates":[790151.343474489636719,6916525.350244455039501]}},
{"type":"Feature","properties":{"ID_con":2564,"bw_id":"SNK_SON_23905","name":"Übersichtstafel Gemeinde Twist","GEW":"SNK","stat_von":23905,"bauart":"Infotafel","baujahr":"2004","upflicht":"2plus GmbH Werbe - u. Handelskontor (Twist)","KTR":null,"FSK":"033118023001010019__","bemerk":null,"beschreib":"Infotafel Gemeinde Twist (2plus GmbH Werbe - u. Handelskontor)","beschreib_lang":null,"foto1":"https://nlwkn.hannit-share.de/index.php/core/preview?fileId=11060141&x=1280&y=819&a=true","foto2":"https://nlwkn.hannit-share.de/index.php/core/preview?fileId=11060144&x=1280&y=819&a=true","foto3":"https://nlwkn.hannit-share.de/index.php/core/preview?fileId=11060147&x=1280&y=819&a=true","foto4":null,"link1":null,"link2":null,"denkmal":"Nein","AIS_NR":null,"Nr_WR":null,"rwert":371289,"hwert":5834876.0},"geometry":{"type":"Point","coordinates":[790081.14014285360463,6918253.888686927966774]}},
{"type":"Feature","properties":{"ID_con":2584,"bw_id":"SNK_SON_24300","name":"Wildblumenwiese (Jägerschaft Twist, Herr Ströer)","GEW":"SNK","stat_von":24300,"bauart":"Wildblumenwiese","baujahr":"2024","upflicht":"Jägerschaft Twist","KTR":null,"FSK":"033118023000960007__","bemerk":"Originalvertrag einscannen, Akz. anlegen, Vertrag endet am 31.03.2029","beschreib":"Wildblumenwiese (Jägerschaft Twist, Herr Ströer)","beschreib_lang":"Die Untere Naturschutzbehörde des Landkreises Emsland hatte ein Förderprogramm Wildblumenwiesen aufgelegt. Privatpersonen, Vereine und Verbände sowie Kommunen des Landkreises Emsland konnten einen Antrag auf zertifiziertes Regio-Saatgut stellen. Das Saatgut wurde vom Landkreis bereitgestellt. Die Jägerschaft Twist (Herr Ströer) hatte hier eine Wildblumenwiese angelegt","foto1":"https://nlwkn.hannit-share.de/index.php/core/preview?fileId=11060150&x=1280&y=819&a=true","foto2":"https://nlwkn.hannit-share.de/index.php/core/preview?fileId=11060153&x=1280&y=819&a=true","foto3":"https://nlwkn.hannit-share.de/index.php/core/preview?fileId=11060156&x=1280&y=819&a=true","foto4":"https://nlwkn.hannit-share.de/index.php/core/preview?fileId=11060159&x=1280&y=819&a=true","link1":null,"link2":null,"denkmal":"Nein","AIS_NR":null,"Nr_WR":null,"rwert":371285,"hwert":5835279.0},"geometry":{"type":"Point","coordinates":[790057.059118611039594,6918918.125434283167124]}},
{"type":"Feature","properties":{"ID_con":1591,"bw_id":"SNK_SON_25100","name":"Lagerplatz Rühlertwist (ohne Pflanzenkläranlage)","GEW":"SNK","stat_von":25100,"bauart":"Lagerplatz, Betriebsgelände","baujahr":null,"upflicht":"NLWKN","KTR":null,"FSK":"033118032000130013__","bemerk":"mit Strom??","beschreib":"Lagerplatz Rühlertwist","beschreib_lang":null,"foto1":"https://nlwkn.hannit-share.de/index.php/core/preview?fileId=11060162&x=1280&y=819&a=true","foto2":"https://nlwkn.hannit-share.de/index.php/core/preview?fileId=11060165&x=1280&y=819&a=true","foto3":"https://nlwkn.hannit-share.de/index.php/core/preview?fileId=11060168&x=1280&y=819&a=true","foto4":"https://nlwkn.hannit-share.de/index.php/core/preview?fileId=11060171&x=1280&y=819&a=true","link1":null,"link2":null,"denkmal":"Nein","AIS_NR":null,"Nr_WR":null,"rwert":371180,"hwert":5836018.0},"geometry":{"type":"Point","coordinates":[789852.239073801320046,6920132.052815295755863]}},
{"type":"Feature","properties":{"ID_con":1592,"bw_id":"SNK_SON_26400","name":"Infotafel Moorlandschaften","GEW":"SNK","stat_von":26400,"bauart":"Infotafel","baujahr":null,"upflicht":null,"KTR":null,"FSK":"033118036000010324__","bemerk":null,"beschreib":"Infotafel Moorlandschaften","beschreib_lang":null,"foto1":"https://nlwkn.hannit-share.de/index.php/core/preview?fileId=11060174&x=1280&y=819&a=true","foto2":"https://nlwkn.hannit-share.de/index.php/core/preview?fileId=11060177&x=1280&y=819&a=true","foto3":null,"foto4":null,"link1":null,"link2":null,"denkmal":"Nein","AIS_NR":null,"Nr_WR":null,"rwert":371212,"hwert":5837353.0},"geometry":{"type":"Point","coordinates":[789846.812259447644465,6922335.130940233357251]}},
{"type":"Feature","properties":{"ID_con":1593,"bw_id":"SNK_SON_27420","name":"Schöpfwerk Südlicher Annaveenschloot","GEW":"SNK","stat_von":27420,"bauart":"Schöpfwerk","baujahr":null,"upflicht":null,"KTR":null,"FSK":"033118036000010371__","bemerk":null,"beschreib":"Schöpfwerk Südlicher Annaveenschloot","beschreib_lang":null,"foto1":"https://nlwkn.hannit-share.de/index.php/core/preview?fileId=11563370&x=1280&y=819&a=true","foto2":"https://nlwkn.hannit-share.de/index.php/core/preview?fileId=11563368&x=1280&y=819&a=true","foto3":"https://nlwkn.hannit-share.de/index.php/core/preview?fileId=11563369&x=1280&y=819&a=true","foto4":"https://nlwkn.hannit-share.de/index.php/core/preview?fileId=11563371&x=1280&y=819&a=true","link1":null,"link2":null,"denkmal":"Nein","AIS_NR":null,"Nr_WR":null,"rwert":371252,"hwert":5838378.0},"geometry":{"type":"Point","coordinates":[789868.031519363634288,6924027.713923525065184]}},
{"type":"Feature","properties":{"ID_con":1594,"bw_id":"SNK_SON_28000","name":"Wald Provinzialmoor","GEW":"SNK","stat_von":28000,"bauart":"Wald","baujahr":null,"upflicht":null,"KTR":null,"FSK":"033118036000010247__","bemerk":null,"beschreib":"Wald Provinzialmoor","beschreib_lang":null,"foto1":null,"foto2":null,"foto3":null,"foto4":null,"link1":null,"link2":null,"denkmal":"Nein","AIS_NR":null,"Nr_WR":null,"rwert":371488,"hwert":5838962.0},"geometry":{"type":"Point","coordinates":[790231.043615884264,6925001.527237000875175]}},
{"type":"Feature","properties":{"ID_con":2209,"bw_id":"SNK_SON_29850","name":"Verteilerkasten (Kompaktstation Westnetz)","GEW":"SNK","stat_von":29850,"bauart":"Verteilerkasten","baujahr":"2019","upflicht":"Westnetz (innogy)","KTR":null,"FSK":"033118041000010832__","bemerk":null,"beschreib":"Verteilerkasten (Kompaktstation Westnetz)","beschreib_lang":null,"foto1":"https://nlwkn.hannit-share.de/index.php/core/preview?fileId=11986846&x=1280&y=819&a=true","foto2":null,"foto3":null,"foto4":null,"link1":null,"link2":null,"denkmal":"Nein","AIS_NR":null,"Nr_WR":null,"rwert":371531,"hwert":5840791.0},"geometry":{"type":"Point","coordinates":[790222.330313548678532,6928021.765623250976205]}},
{"type":"Feature","properties":{"ID_con":2494,"bw_id":"SNK_SON_30900","name":"Sitzbank","GEW":"SNK","stat_von":30900,"bauart":"Sitzbank","baujahr":null,"upflicht":"??","KTR":null,"FSK":"033118041000010583__","bemerk":"prüfen ob rechtmäßig","beschreib":"Sitzbank","beschreib_lang":null,"foto1":"https://nlwkn.hannit-share.de/index.php/core/preview?fileId=11060180&x=1280&y=819&a=true","foto2":null,"foto3":null,"foto4":null,"link1":null,"link2":null,"denkmal":"Nein","AIS_NR":null,"Nr_WR":null,"rwert":371628,"hwert":5841834.0},"geometry":{"type":"Point","coordinates":[790336.71411372628063,6929747.74295009393245]}},
{"type":"Feature","properties":{"ID_con":2497,"bw_id":"SNK_SON_31260","name":"Sitzbank","GEW":"SNK","stat_von":31260,"bauart":"Sitzbank","baujahr":null,"upflicht":"??","KTR":null,"FSK":"033118041000010583__","bemerk":null,"beschreib":"Sitzbank","beschreib_lang":null,"foto1":"https://nlwkn.hannit-share.de/index.php/core/preview?fileId=11060183&x=1280&y=819&a=true","foto2":null,"foto3":null,"foto4":null,"link1":null,"link2":null,"denkmal":"Nein","AIS_NR":null,"Nr_WR":null,"rwert":371663,"hwert":5842195.0},"geometry":{"type":"Point","coordinates":[790378.664112816099077,6930345.280922682024539]}},
{"type":"Feature","properties":{"ID_con":2470,"bw_id":"SNK_SON_31625","name":"Sitzgruppe bei Brücke Reiners (am Infoschild)","GEW":"SNK","stat_von":31625,"bauart":"Sitzgruppe","baujahr":null,"upflicht":"Gemeinde Twist??","KTR":null,"FSK":"033118041000010583__","bemerk":"!!Vertrag!!","beschreib":"Sitzgruppe bei Brücke Reiners (am Infoschild)","beschreib_lang":null,"foto1":"https://nlwkn.hannit-share.de/index.php/core/preview?fileId=11060186&x=1280&y=819&a=true","foto2":null,"foto3":null,"foto4":null,"link1":null,"link2":null,"denkmal":"Nein","AIS_NR":0,"Nr_WR":null,"rwert":371700,"hwert":5842557.0},"geometry":{"type":"Point","coordinates":[790423.870444719330408,6930944.601334447041154]}},
{"type":"Feature","properties":{"ID_con":1595,"bw_id":"SNK_SON_31630","name":"Infotafel Drehbrücke Ströer und LEK-Historie","GEW":"SNK","stat_von":31630,"bauart":"Infotafel","baujahr":null,"upflicht":"NLWKN??","KTR":null,"FSK":"033118041000010583__","bemerk":null,"beschreib":"Infotafel Drehbrücke Ströer und LEK-Historie","beschreib_lang":null,"foto1":"https://nlwkn.hannit-share.de/index.php/core/preview?fileId=11060189&x=1280&y=819&a=true","foto2":null,"foto3":null,"foto4":null,"link1":null,"link2":null,"denkmal":"Nein","AIS_NR":null,"Nr_WR":null,"rwert":371699,"hwert":5842563.0},"geometry":{"type":"Point","coordinates":[790421.962543072528206,6930954.464903256855905]}},
{"type":"Feature","properties":{"ID_con":1596,"bw_id":"SNK_SON_32600","name":"nicht genehmigte Entnahmestelle","GEW":"SNK","stat_von":32600,"bauart":"Entnahmestelle (nicht genehmigt)","baujahr":null,"upflicht":"??","KTR":null,"FSK":"033118045000010030__","bemerk":null,"beschreib":"nicht genehmigte Entnahmestelle","beschreib_lang":null,"foto1":"https://nlwkn.hannit-share.de/index.php/core/preview?fileId=11060192&x=1280&y=819&a=true","foto2":"https://nlwkn.hannit-share.de/index.php/core/preview?fileId=11060195&x=1280&y=819&a=true","foto3":null,"foto4":null,"link1":null,"link2":null,"denkmal":"Nein","AIS_NR":null,"Nr_WR":null,"rwert":371745,"hwert":5843526.0},"geometry":{"type":"Point","coordinates":[790455.878106749732979,6932546.723263851366937]}},
{"type":"Feature","properties":{"ID_con":1597,"bw_id":"SNK_SON_34840","name":"Schutzhütte","GEW":"SNK","stat_von":34840,"bauart":"Schutzhütte","baujahr":null,"upflicht":"??","KTR":null,"FSK":"033102030000140143__","bemerk":null,"beschreib":"Schutzhütte","beschreib_lang":null,"foto1":"https://nlwkn.hannit-share.de/index.php/core/preview?fileId=11060201&x=1280&y=819&a=true","foto2":null,"foto3":null,"foto4":null,"link1":null,"link2":null,"denkmal":"Nein","AIS_NR":null,"Nr_WR":null,"rwert":371979,"hwert":5845761.0},"geometry":{"type":"Point","coordinates":[790744.342477066675201,6936248.906845826655626]}},
{"type":"Feature","properties":{"ID_con":1598,"bw_id":"SNK_SON_34845","name":"Infotafel bei Brücke","GEW":"SNK","stat_von":34845,"bauart":"Infotafel","baujahr":null,"upflicht":"NLWKN??","KTR":null,"FSK":"033102030000140143__","bemerk":null,"beschreib":"Infotafel bei Brücke","beschreib_lang":"Infotafel bei Brücke","foto1":null,"foto2":null,"foto3":null,"foto4":null,"link1":null,"link2":null,"denkmal":"Nein","AIS_NR":null,"Nr_WR":null,"rwert":371979,"hwert":5845764.0},"geometry":{"type":"Point","coordinates":[790744.212146957172081,6936253.863678057678044]}},
{"type":"Feature","properties":{"ID_con":1599,"bw_id":"SNK_SON_34990","name":"Betriebsgebäude (Stützpunkt Wesuwer Moor)","GEW":"SNK","stat_von":34990,"bauart":"Betriebsgebäude","baujahr":null,"upflicht":"NLWKN","KTR":null,"FSK":"033102030000140152__","bemerk":"Bourtanger Str. 1, 49733 Haren (Ems)","beschreib":"NLWKN, Betriebshof Georgsdorf, Stützpunkt Wesuwer Moor (Bourtanger Straße 1, 49733 Haren (Ems))","beschreib_lang":"NLWKN, Betriebshof Georgsdorf, Stützpunkt Wesuwer Moor","foto1":"https://nlwkn.hannit-share.de/index.php/core/preview?fileId=12279122&x=1280&y=819&a=true","foto2":"https://nlwkn.hannit-share.de/index.php/core/preview?fileId=12279120&x=1280&y=819&a=true","foto3":"https://nlwkn.hannit-share.de/index.php/core/preview?fileId=12279123&x=1280&y=819&a=true","foto4":"https://nlwkn.hannit-share.de/index.php/core/preview?fileId=12279121&x=1280&y=819&a=true","link1":null,"link2":null,"denkmal":"Nein","AIS_NR":null,"Nr_WR":null,"rwert":372017,"hwert":5845884.0},"geometry":{"type":"Point","coordinates":[790801.632217673584819,6936453.794246666133404]}},
{"type":"Feature","properties":{"ID_con":2256,"bw_id":"SNK_SON_37205","name":"Sitzgruppe (Bürgerverein Fehndorf)","GEW":"SNK","stat_von":37205,"bauart":"Sitzgruppe","baujahr":"2022","upflicht":"Bürgerverein Fehndorf (Stadt Haren)","KTR":null,"FSK":"031737042000370054__","bemerk":null,"beschreib":"Sitzgruppe (Bürgerverein Fehndorf)","beschreib_lang":null,"foto1":null,"foto2":null,"foto3":null,"foto4":null,"link1":null,"link2":null,"denkmal":"Nein","AIS_NR":null,"Nr_WR":null,"rwert":372247,"hwert":5848103.0},"geometry":{"type":"Point","coordinates":[791084.467776519828476,6940131.140010120347142]}},
{"type":"Feature","properties":{"ID_con":1602,"bw_id":"SNK_SON_38090","name":"Steg","GEW":"SNK","stat_von":38090,"bauart":"Steg","baujahr":null,"upflicht":"?","KTR":null,"FSK":"031737038000490097__","bemerk":"Anlage wurde auf Veranlassung UWB (Az. 671/209/202","beschreib":"Steg","beschreib_lang":null,"foto1":null,"foto2":null,"foto3":null,"foto4":null,"link1":null,"link2":null,"denkmal":"Nein","AIS_NR":null,"Nr_WR":null,"rwert":372312,"hwert":5848989.0},"geometry":{"type":"Point","coordinates":[791153.205559109221213,6941598.725980024784803]}},
{"type":"Feature","properties":{"ID_con":1603,"bw_id":"SNK_SON_38155","name":"Schutzhütte??","GEW":"SNK","stat_von":38155,"bauart":"Schutzhütte","baujahr":null,"upflicht":"??","KTR":null,"FSK":"031737038000490097__","bemerk":null,"beschreib":"Schutzhütte??","beschreib_lang":null,"foto1":null,"foto2":null,"foto3":null,"foto4":null,"link1":null,"link2":null,"denkmal":"Nein","AIS_NR":null,"Nr_WR":null,"rwert":372311,"hwert":5849054.0},"geometry":{"type":"Point","coordinates":[791148.734863515710458,6941706.152618718333542]}},
{"type":"Feature","properties":{"ID_con":1604,"bw_id":"SNK_SON_38395","name":"Kanalaufweitung","GEW":"SNK","stat_von":38395,"bauart":"Kanalaufweitung","baujahr":null,"upflicht":"NLWKN","KTR":null,"FSK":"031737038000490097__","bemerk":null,"beschreib":"Kanalaufweitung","beschreib_lang":"Kanalaufweitung","foto1":"https://nlwkn.hannit-share.de/index.php/core/preview?fileId=11060234&x=1280&y=819&a=true","foto2":null,"foto3":null,"foto4":null,"link1":null,"link2":null,"denkmal":"Nein","AIS_NR":null,"Nr_WR":null,"rwert":372358,"hwert":5849290.0},"geometry":{"type":"Point","coordinates":[791216.012549540144391,6942098.408981993794441]}},
{"type":"Feature","properties":{"ID_con":1605,"bw_id":"SNK_SON_38465","name":"Kunst","GEW":"SNK","stat_von":38465,"bauart":"Altes Torfschiff, Sitzbank, Infotafel","baujahr":null,"upflicht":"Stadt Haren","KTR":null,"FSK":"03173700700188______","bemerk":null,"beschreib":"Kunst","beschreib_lang":null,"foto1":"https://nlwkn.hannit-share.de/index.php/core/preview?fileId=11060237&x=1280&y=819&a=true","foto2":"https://nlwkn.hannit-share.de/index.php/core/preview?fileId=11060240&x=1280&y=819&a=true","foto3":"https://nlwkn.hannit-share.de/index.php/core/preview?fileId=11060243&x=1280&y=819&a=true","foto4":null,"link1":null,"link2":null,"denkmal":"Nein","AIS_NR":null,"Nr_WR":null,"rwert":372369,"hwert":5849359.0},"geometry":{"type":"Point","coordinates":[791231.16194126859773,6942212.978363015688956]}},
{"type":"Feature","properties":{"ID_con":1606,"bw_id":"SNK_SON_38525","name":"Infostand Altenberge","GEW":"SNK","stat_von":38525,"bauart":"Infostand","baujahr":null,"upflicht":"Stadt Haren","KTR":null,"FSK":"031737037001040083__","bemerk":null,"beschreib":"Infostand Altenberge","beschreib_lang":null,"foto1":"https://nlwkn.hannit-share.de/index.php/core/preview?fileId=11060246&x=1280&y=819&a=true","foto2":"https://nlwkn.hannit-share.de/index.php/core/preview?fileId=11060249&x=1280&y=819&a=true","foto3":"https://nlwkn.hannit-share.de/index.php/core/preview?fileId=11060252&x=1280&y=819&a=true","foto4":null,"link1":null,"link2":null,"denkmal":"Nein","AIS_NR":null,"Nr_WR":null,"rwert":372374,"hwert":5849418.0},"geometry":{"type":"Point","coordinates":[791236.848927455139346,6942310.753106974996626]}},
{"type":"Feature","properties":{"ID_con":1607,"bw_id":"SNK_SON_38615","name":"Steg","GEW":"SNK","stat_von":38615,"bauart":"Steg","baujahr":null,"upflicht":"??","KTR":null,"FSK":"031737037001040083__","bemerk":null,"beschreib":"Steg","beschreib_lang":null,"foto1":"https://nlwkn.hannit-share.de/index.php/core/preview?fileId=11060255&x=1280&y=819&a=true","foto2":null,"foto3":null,"foto4":null,"link1":null,"link2":null,"denkmal":"Nein","AIS_NR":null,"Nr_WR":null,"rwert":372376,"hwert":5849510.0},"geometry":{"type":"Point","coordinates":[791236.155580413760617,6942462.965621389448643]}},
{"type":"Feature","properties":{"ID_con":1608,"bw_id":"SNK_SON_39495","name":"Betriebsgebäude (Wehrsteuerung Fehndorf)","GEW":"SNK","stat_von":39495,"bauart":"Betriebsgebäude","baujahr":"1985/86","upflicht":"NLWKN","KTR":null,"FSK":"031737037001040083__","bemerk":null,"beschreib":"Betriebsgebäude (Wehrsteuerung) Wehr Fehndorf","beschreib_lang":"Betriebsgebäude (Wehrsteuerung) Wehr Fehndorf","foto1":"https://nlwkn.hannit-share.de/index.php/core/preview?fileId=11060279&x=1280&y=819&a=true","foto2":"https://nlwkn.hannit-share.de/index.php/core/preview?fileId=11060282&x=1280&y=819&a=true","foto3":"https://nlwkn.hannit-share.de/index.php/core/preview?fileId=11060285&x=1280&y=819&a=true","foto4":"https://nlwkn.hannit-share.de/index.php/core/preview?fileId=11060288&x=1280&y=819&a=true","link1":"https://nlwkn.hannit-share.de/index.php/core/preview?fileId=11056277&x=1280&y=819&a=true","link2":null,"denkmal":"Nein","AIS_NR":1183,"Nr_WR":null,"rwert":372451,"hwert":5850363.0},"geometry":{"type":"Point","coordinates":[791322.864385357243009,6943876.833321716636419]}},
{"type":"Feature","properties":{"ID_con":2649,"bw_id":"SNK_SON_41250","name":"Streuobswiese rechts vor Weinansbrücke (K 226, Lindloher Straße)","GEW":"SNK","stat_von":41250,"bauart":"Streuobstwiese","baujahr":null,"upflicht":"NLWKN","KTR":null,"FSK":"03173700200076______","bemerk":"Gibt es hierzu einen Vertrag für einen Bienenunterstand (Koop) ???","beschreib":"Streuobswiese rechts vor Weinansbrücke (K 226, Lindloher Straße)","beschreib_lang":"Streuobswiese rechts vor Weinansbrücke (K 226, Lindloher Straße)","foto1":null,"foto2":null,"foto3":null,"foto4":null,"link1":null,"link2":null,"denkmal":"Nein","AIS_NR":0,"Nr_WR":null,"rwert":372399,"hwert":5852068.0},"geometry":{"type":"Point","coordinates":[791163.033491054899059,6946694.865876655094326]}},
{"type":"Feature","properties":{"ID_con":1610,"bw_id":"SNK_SON_44625","name":"Betriebsgebäude (Wehrsteuerung Altenberge)","GEW":"SNK","stat_von":44625,"bauart":"Betriebsgebäude","baujahr":"1975","upflicht":"NLWKN","KTR":null,"FSK":"03172602100174______","bemerk":null,"beschreib":"Betriebsgebäude (Wehrsteuerung) Wehr Altenberge","beschreib_lang":"Betriebsgebäude (Wehrsteuerung) Wehr Altenberge","foto1":"https://nlwkn.hannit-share.de/index.php/core/preview?fileId=11060330&x=1280&y=819&a=true","foto2":"https://nlwkn.hannit-share.de/index.php/core/preview?fileId=11060333&x=1280&y=819&a=true","foto3":"https://nlwkn.hannit-share.de/index.php/core/preview?fileId=11060336&x=1280&y=819&a=true","foto4":"https://nlwkn.hannit-share.de/index.php/core/preview?fileId=11060339&x=1280&y=819&a=true","link1":null,"link2":null,"denkmal":"Nein","AIS_NR":1184,"Nr_WR":null,"rwert":373542,"hwert":5855072.0},"geometry":{"type":"Point","coordinates":[792919.955584695213474,6951715.913875618949533]}},
{"type":"Feature","properties":{"ID_con":1612,"bw_id":"SNK_SON_45385","name":"Krautsperre SNK","GEW":"SNK","stat_von":45385,"bauart":"Krautsperre","baujahr":null,"upflicht":"NLWKN","KTR":null,"FSK":"03172602100171______","bemerk":null,"beschreib":"Krautsperre vor Mündung in HRK","beschreib_lang":"Krautsperre vor Mündung in HRK","foto1":"https://nlwkn.hannit-share.de/index.php/core/preview?fileId=11060378&x=1280&y=819&a=true","foto2":null,"foto3":null,"foto4":null,"link1":null,"link2":null,"denkmal":"Nein","AIS_NR":null,"Nr_WR":null,"rwert":373373,"hwert":5855810.0},"geometry":{"type":"Point","coordinates":[792608.992490278207697,6952930.426211154088378]}},
{"type":"Feature","properties":{"ID_con":1619,"bw_id":"VBA_SON_20","name":"Bootsanleger (Beton)","GEW":"VBA","stat_von":20,"bauart":"Bootsanleger","baujahr":null,"upflicht":"Stadt Nordhorn","KTR":null,"FSK":"033151016000950002__","bemerk":null,"beschreib":"Bootsanleger links oberhalb des Einlaufes in den Borstenfischpass am Ölmühlenwehr","beschreib_lang":null,"foto1":"https://nlwkn.hannit-share.de/index.php/core/preview?fileId=11058080&x=1280&y=819&a=true","foto2":"https://nlwkn.hannit-share.de/index.php/core/preview?fileId=11058083&x=1280&y=819&a=true","foto3":"https://nlwkn.hannit-share.de/index.php/core/preview?fileId=11058086&x=1280&y=819&a=true","foto4":"https://nlwkn.hannit-share.de/index.php/core/preview?fileId=11058089&x=1280&y=819&a=true","link1":null,"link2":null,"denkmal":"Nein","AIS_NR":null,"Nr_WR":null,"rwert":368688,"hwert":5811344.0},"geometry":{"type":"Point","coordinates":[786839.874408600619063,6879438.80243319272995]}},
{"type":"Feature","properties":{"ID_con":1620,"bw_id":"VBA_SON_45","name":"Böschungstreppe","GEW":"VBA","stat_von":45,"bauart":"Böschungstreppe","baujahr":null,"upflicht":"Stephanswerk (Nr. 288)","KTR":null,"FSK":"03315101700568______","bemerk":null,"beschreib":"Böschungstreppe","beschreib_lang":null,"foto1":"https://nlwkn.hannit-share.de/index.php/core/preview?fileId=11058092&x=1280&y=819&a=true","foto2":"https://nlwkn.hannit-share.de/index.php/core/preview?fileId=11058095&x=1280&y=819&a=true","foto3":"https://nlwkn.hannit-share.de/index.php/core/preview?fileId=11058098&x=1280&y=819&a=true","foto4":null,"link1":null,"link2":null,"denkmal":"Nein","AIS_NR":null,"Nr_WR":null,"rwert":368718,"hwert":5811342.0},"geometry":{"type":"Point","coordinates":[786889.059356010751799,6879436.836823203600943]}},
{"type":"Feature","properties":{"ID_con":1622,"bw_id":"VBA_SON_65","name":"Steganlage (privat)","GEW":"VBA","stat_von":65,"bauart":"Steg","baujahr":null,"upflicht":"Katholische Kirchengemeinde St. Augustinus","KTR":null,"FSK":"03315101700570______","bemerk":null,"beschreib":"Steganlage (privat)","beschreib_lang":null,"foto1":"https://nlwkn.hannit-share.de/index.php/core/preview?fileId=11058101&x=1280&y=819&a=true","foto2":"https://nlwkn.hannit-share.de/index.php/core/preview?fileId=11058104&x=1280&y=819&a=true","foto3":null,"foto4":null,"link1":null,"link2":null,"denkmal":"Nein","AIS_NR":null,"Nr_WR":null,"rwert":368726,"hwert":5811320.0},"geometry":{"type":"Point","coordinates":[786903.114309771219268,6879401.092733727768064]}},
{"type":"Feature","properties":{"ID_con":1623,"bw_id":"VBK_SON_40","name":"Bootsanleger (fest)","GEW":"VBK","stat_von":40,"bauart":"Bootsanleger","baujahr":null,"upflicht":"Stadt Nordhorn??","KTR":null,"FSK":"033151067002390005__","bemerk":null,"beschreib":"Bootsanleger im Bereich der Mündung zum Ems-Vechte-Kanal","beschreib_lang":null,"foto1":"https://nlwkn.hannit-share.de/index.php/core/preview?fileId=11058017&x=1280&y=819&a=true","foto2":"https://nlwkn.hannit-share.de/index.php/core/preview?fileId=11058020&x=1280&y=819&a=true","foto3":"https://nlwkn.hannit-share.de/index.php/core/preview?fileId=11058023&x=1280&y=819&a=true","foto4":null,"link1":null,"link2":null,"denkmal":"Nein","AIS_NR":null,"Nr_WR":null,"rwert":369507,"hwert":5811712.0},"geometry":{"type":"Point","coordinates":[788164.239751260727644,6880078.414776912890375]}},
{"type":"Feature","properties":{"ID_con":1624,"bw_id":"VBK_SON_605","name":"Steg","GEW":"VBK","stat_von":605,"bauart":"Steg","baujahr":null,"upflicht":"Stadt Nordhorn??","KTR":null,"FSK":"033151013000270074__","bemerk":null,"beschreib":"Steg mit Böschungstreppe oh. Verbindungsschleuse","beschreib_lang":null,"foto1":"https://nlwkn.hannit-share.de/index.php/core/preview?fileId=11058026&x=1280&y=819&a=true","foto2":"https://nlwkn.hannit-share.de/index.php/core/preview?fileId=11058029&x=1280&y=819&a=true","foto3":null,"foto4":null,"link1":null,"link2":null,"denkmal":"Nein","AIS_NR":null,"Nr_WR":null,"rwert":369303,"hwert":5811195.0},"geometry":{"type":"Point","coordinates":[787852.865074509638362,6879221.255506737157702]}},
{"type":"Feature","properties":{"ID_con":1625,"bw_id":"VBK_SON_640","name":"Infotafel Verbindungsschleuse","GEW":"VBK","stat_von":640,"bauart":"Infotafel","baujahr":"2004","upflicht":"NLWKN","KTR":null,"FSK":"033151013000270064__","bemerk":null,"beschreib":"Infotafel Verbindungsschleuse","beschreib_lang":null,"foto1":"https://nlwkn.hannit-share.de/index.php/core/preview?fileId=11058032&x=1280&y=819&a=true","foto2":null,"foto3":null,"foto4":null,"link1":null,"link2":null,"denkmal":"Nein","AIS_NR":null,"Nr_WR":null,"rwert":369277,"hwert":5811169.0},"geometry":{"type":"Point","coordinates":[787811.447290300857276,6879177.463702982291579]}},
{"type":"Feature","properties":{"ID_con":1626,"bw_id":"VBK_SON_715","name":"Steg","GEW":"VBK","stat_von":715,"bauart":"Steg","baujahr":null,"upflicht":"Stadt Nordhorn??","KTR":null,"FSK":"033151013000270059__","bemerk":null,"beschreib":"Steg mit Böschungstreppe vor der Mündung zur Vechte","beschreib_lang":null,"foto1":"https://nlwkn.hannit-share.de/index.php/core/preview?fileId=11058035&x=1280&y=819&a=true","foto2":null,"foto3":null,"foto4":null,"link1":null,"link2":null,"denkmal":"Nein","AIS_NR":null,"Nr_WR":null,"rwert":369234,"hwert":5811108.0},"geometry":{"type":"Point","coordinates":[787743.733840835746378,6879075.507733650505543]}},
{"type":"Feature","properties":{"ID_con":1718,"bw_id":"VEC_SON_74730","name":"Biotop (G.Nr.: 3306002)","GEW":"VEC","stat_von":74730,"bauart":"Biotop","baujahr":null,"upflicht":"Landkreis Grafschaft Bentheim","KTR":null,"FSK":"03313112900031______","bemerk":null,"beschreib":"Biotop (G.Nr.: 3306002), rechtsseitig in der Gemeinde Laar ohne direkte Verbindung zur Vechte","beschreib_lang":"Biotop (G.Nr.: 3306002), rechtsseitig in der Gemeinde Laar ohne direkte Verbindung zur Vechte","foto1":null,"foto2":null,"foto3":null,"foto4":null,"link1":null,"link2":null,"denkmal":"Nein","AIS_NR":null,"Nr_WR":null,"rwert":346271,"hwert":5831610.0},"geometry":{"type":"Point","coordinates":[749115.49892476585228,6911678.724741888232529]}},
{"type":"Feature","properties":{"ID_con":2363,"bw_id":"VEC_SON_74840","name":"Biotop GB-NOH 3306/005","GEW":"VEC","stat_von":74840,"bauart":"Biotop","baujahr":null,"upflicht":"Landkreis Grafschaft Bentheim","KTR":null,"FSK":null,"bemerk":null,"beschreib":"Biotop GB-NOH 3306/005 rechtsseitg in der Gemeinde Laar ohne direkte Verbindung zur Vechte","beschreib_lang":"Biotop GB-NOH 3306/005 rechtsseitg in der Gemeinde Laar ohne direkte Verbindung zur Vechte","foto1":null,"foto2":null,"foto3":null,"foto4":null,"link1":null,"link2":null,"denkmal":"Nein","AIS_NR":null,"Nr_WR":null,"rwert":346430,"hwert":5831704.0},"geometry":{"type":"Point","coordinates":[749371.84238408098463,6911841.777385986410081]}},
{"type":"Feature","properties":{"ID_con":2419,"bw_id":"VEC_SON_75080","name":"Biotop (GB-NOH 3306/006)","GEW":"VEC","stat_von":75080,"bauart":"Biotop","baujahr":null,"upflicht":"Landkreis Grafschaft Bentheim","KTR":null,"FSK":null,"bemerk":null,"beschreib":"Biotop (GB-NOH 3306/006) rechtsseitig in der Gemeinde Laar ohne direkte Verbindung zur Vechte","beschreib_lang":"Biotop (GB-NOH 3306/006) rechtsseitig in der Gemeinde Laar ohne direkte Verbindung zur Vechte","foto1":null,"foto2":null,"foto3":null,"foto4":null,"link1":null,"link2":null,"denkmal":"Nein","AIS_NR":null,"Nr_WR":null,"rwert":346702,"hwert":5831650.0},"geometry":{"type":"Point","coordinates":[749821.47817489434965,6911766.930407178588212]}},
{"type":"Feature","properties":{"ID_con":1719,"bw_id":"VEC_SON_75300","name":"Gütemessstation (Pegel) Laar","GEW":"VEC","stat_von":75300,"bauart":"Gütemessstation und Pegel","baujahr":null,"upflicht":"NLWKN, GB 3","KTR":null,"FSK":"03313118000250001__","bemerk":null,"beschreib":"Gütemessstation Laar des NLWKN (Siehe auch Güte-Online NLWKN : https://www.gewaessergueteonline.nlwkn.niedersachsen.de/Karte )","beschreib_lang":null,"foto1":"https://nlwkn.hannit-share.de/index.php/core/preview?fileId=11057528&x=1280&y=819&a=true","foto2":"https://nlwkn.hannit-share.de/index.php/core/preview?fileId=11057531&x=1280&y=819&a=true","foto3":"https://nlwkn.hannit-share.de/index.php/core/preview?fileId=11058014&x=1280&y=819&a=true","foto4":"https://nlwkn.hannit-share.de/index.php/core/preview?fileId=11057537&x=1280&y=819&a=true","link1":null,"link2":null,"denkmal":"Nein","AIS_NR":null,"Nr_WR":null,"rwert":346874,"hwert":5831432.0},"geometry":{"type":"Point","coordinates":[750115.28009456989821,6911416.808538496494293]}},
{"type":"Feature","properties":{"ID_con":2192,"bw_id":"VEC_SON_75301","name":"Böschungstreppe, Pegel (Reste)","GEW":"VEC","stat_von":75301,"bauart":"Böschungstreppe","baujahr":null,"upflicht":"??","KTR":null,"FSK":"033131128000710001__","bemerk":"U-Pflicht klären, GB3 ansprechen","beschreib":"Böschungstreppe, Pegel (Reste)","beschreib_lang":null,"foto1":"https://nlwkn.hannit-share.de/index.php/core/preview?fileId=11057540&x=1280&y=819&a=true","foto2":"https://nlwkn.hannit-share.de/index.php/core/preview?fileId=11057543&x=1280&y=819&a=true","foto3":null,"foto4":null,"link1":null,"link2":null,"denkmal":"Nein","AIS_NR":0,"Nr_WR":null,"rwert":346898,"hwert":5831496.0},"geometry":{"type":"Point","coordinates":[750151.407411250518635,6911523.446209472604096]}},
{"type":"Feature","properties":{"ID_con":2193,"bw_id":"VEC_SON_75335","name":"Steganlage","GEW":"VEC","stat_von":75335,"bauart":"Steg","baujahr":null,"upflicht":"??","KTR":null,"FSK":"03313112700092______","bemerk":null,"beschreib":"Steganlage","beschreib_lang":null,"foto1":"https://nlwkn.hannit-share.de/index.php/core/preview?fileId=11057546&x=1280&y=819&a=true","foto2":null,"foto3":null,"foto4":null,"link1":null,"link2":null,"denkmal":"Nein","AIS_NR":null,"Nr_WR":null,"rwert":346918,"hwert":5831441.0},"geometry":{"type":"Point","coordinates":[750187.097046556184068,6911433.903363550081849]}},
{"type":"Feature","properties":{"ID_con":1720,"bw_id":"VEC_SON_75390","name":"Biotop (GB-NOH 3306/007)","GEW":"VEC","stat_von":75390,"bauart":"Biotop","baujahr":null,"upflicht":"Landkreis Grafschaft Bentheim","KTR":null,"FSK":"03313112600001______","bemerk":null,"beschreib":"Biotop (GB-NOH 3306/007) linksseitig in der Gemeinde Laar oberhalb der Brücke K 20 (Vechtestraße) ohne direkte Verbindung zur Vechte","beschreib_lang":"Biotop (GB-NOH 3306/007) linksseitig in der Gemeinde Laar oberhalb der Brücke K 20 (Vechtestraße) ohne direkte Verbindung zur Vechte","foto1":null,"foto2":null,"foto3":null,"foto4":null,"link1":null,"link2":null,"denkmal":"Nein","AIS_NR":null,"Nr_WR":null,"rwert":346998,"hwert":5831428.0},"geometry":{"type":"Point","coordinates":[750319.18652154924348,6911416.626325089484453]}},
{"type":"Feature","properties":{"ID_con":1721,"bw_id":"VEC_SON_75590","name":"Bootsanleger Laar","GEW":"VEC","stat_von":75590,"bauart":"Bootsanleger","baujahr":"2015","upflicht":"Samtgemeinde Emlichheim","KTR":null,"FSK":"03313112700092______","bemerk":"Insgesamt sechs Bootsanleger hat die Samtgemeinde","beschreib":"Bootsanleger Laar","beschreib_lang":null,"foto1":"https://nlwkn.hannit-share.de/index.php/core/preview?fileId=11057549&x=1280&y=819&a=true","foto2":null,"foto3":null,"foto4":null,"link1":null,"link2":null,"denkmal":"Nein","AIS_NR":null,"Nr_WR":null,"rwert":347160,"hwert":5831524.0},"geometry":{"type":"Point","coordinates":[750580.37226730491966,6911583.083892823196948]}},
{"type":"Feature","properties":{"ID_con":1879,"bw_id":"VEC_SON_75610","name":"Steganlage Laar","GEW":"VEC","stat_von":75610,"bauart":"Steg","baujahr":null,"upflicht":"Samtgemeinde Laar","KTR":null,"FSK":"03313112700092______","bemerk":null,"beschreib":"Steganlage Laar","beschreib_lang":null,"foto1":"https://nlwkn.hannit-share.de/index.php/core/preview?fileId=11057552&x=1280&y=819&a=true","foto2":"https://nlwkn.hannit-share.de/index.php/core/preview?fileId=11057555&x=1280&y=819&a=true","foto3":"https://nlwkn.hannit-share.de/index.php/core/preview?fileId=11057534&x=1280&y=819&a=true","foto4":"https://nlwkn.hannit-share.de/index.php/core/preview?fileId=11057561&x=1280&y=819&a=true","link1":null,"link2":null,"denkmal":"Nein","AIS_NR":null,"Nr_WR":null,"rwert":347179,"hwert":5831516.0},"geometry":{"type":"Point","coordinates":[750611.996708561433479,6911570.888966670259833]}},
{"type":"Feature","properties":{"ID_con":1722,"bw_id":"VEC_SON_75630","name":"Schwimmendes Bootshaus für Vechtezompe","GEW":"VEC","stat_von":75630,"bauart":"Bootsanleger","baujahr":null,"upflicht":null,"KTR":null,"FSK":"03313112700092______","bemerk":null,"beschreib":"Schwimmendes Bootshaus für Vechtezompe","beschreib_lang":null,"foto1":"https://nlwkn.hannit-share.de/index.php/core/preview?fileId=11057564&x=1280&y=819&a=true","foto2":"https://nlwkn.hannit-share.de/index.php/core/preview?fileId=11057567&x=1280&y=819&a=true","foto3":"https://nlwkn.hannit-share.de/index.php/core/preview?fileId=11057558&x=1280&y=819&a=true","foto4":"https://nlwkn.hannit-share.de/index.php/core/preview?fileId=11057573&x=1280&y=819&a=true","link1":null,"link2":null,"denkmal":"Nein","AIS_NR":null,"Nr_WR":null,"rwert":347203,"hwert":5831502.0},"geometry":{"type":"Point","coordinates":[750652.143575672642328,6911549.070613230578601]}},
{"type":"Feature","properties":{"ID_con":2635,"bw_id":"VEC_SON_76285","name":"Böschungssicherung (Uferabbruch)","GEW":"VEC","stat_von":76285,"bauart":"Böschungssicherung (Uferabbruch)","baujahr":"2025","upflicht":"NLWKN","KTR":"MABVE00100","FSK":"03313112700092______","bemerk":null,"beschreib":"Beseitigung eines Böschungsabbruches infolge des Hochwassers 2023/24 durch eine externe Beauftragung mit ingenieurbiologischer Bauweise","beschreib_lang":"Beseitigung eines Böschungsabbruches infolge des Hochwassers 2023/24 durch eine externe Beauftragung mit ingenieurbiologischer Bauweise","foto1":"https://nlwkn.hannit-share.de/index.php/core/preview?fileId=12109179&x=1280&y=819&a=true","foto2":"https://nlwkn.hannit-share.de/index.php/core/preview?fileId=12109167&x=1280&y=819&a=true","foto3":"https://nlwkn.hannit-share.de/index.php/core/preview?fileId=12109168&x=1280&y=819&a=true","foto4":"https://nlwkn.hannit-share.de/index.php/core/preview?fileId=12109162&x=1280&y=819&a=true","link1":null,"link2":null,"denkmal":"Nein","AIS_NR":null,"Nr_WR":null,"rwert":347788,"hwert":5831400.0},"geometry":{"type":"Point","coordinates":[751618.398710617097095,6911411.199796856380999]}},
{"type":"Feature","properties":{"ID_con":2176,"bw_id":"VEC_SON_77245","name":"Biotop (GB-NOH 3306/008)","GEW":"VEC","stat_von":77245,"bauart":"Biotop","baujahr":null,"upflicht":"Landkreis Grafschaft Bentheim","KTR":null,"FSK":"03313111400090______","bemerk":null,"beschreib":"Biotop (GB-NOH 3306/008)  linksseitig (Altarm Deichweg) in der Gemeinde Laar mit Verbindung zur Vechte über Kastendurchlass","beschreib_lang":"Kastendurchlass","foto1":"https://nlwkn.hannit-share.de/index.php/core/preview?fileId=11057582&x=1280&y=819&a=true","foto2":"https://nlwkn.hannit-share.de/index.php/core/preview?fileId=11057585&x=1280&y=819&a=true","foto3":null,"foto4":null,"link1":null,"link2":null,"denkmal":"Nein","AIS_NR":null,"Nr_WR":null,"rwert":348579,"hwert":5831023.0},"geometry":{"type":"Point","coordinates":[752937.043611741974019,6910830.88252021651715]}},
{"type":"Feature","properties":{"ID_con":1723,"bw_id":"VEC_SON_78010","name":"Bootsanleger rechts (Düshook)","GEW":"VEC","stat_von":78010,"bauart":"Bootsanleger","baujahr":"2015","upflicht":"Samtgemeinde Emlichheim","KTR":null,"FSK":"03313111400090______","bemerk":null,"beschreib":"Bootsanleger rechts (Düshook) der Samtgemeinde Emlichheim","beschreib_lang":null,"foto1":"https://nlwkn.hannit-share.de/index.php/core/preview?fileId=11057588&x=1280&y=819&a=true","foto2":null,"foto3":null,"foto4":null,"link1":null,"link2":null,"denkmal":"Nein","AIS_NR":null,"Nr_WR":null,"rwert":349213,"hwert":5831238.0},"geometry":{"type":"Point","coordinates":[753967.578681765939109,6911217.265478480607271]}},
{"type":"Feature","properties":{"ID_con":1724,"bw_id":"VEC_SON_78070","name":"Anleger Kurbelfähre \"Fähr Harm\"","GEW":"VEC","stat_von":78070,"bauart":"Bootsanleger","baujahr":null,"upflicht":"Samtgemeinde Emlichheim","KTR":null,"FSK":"03313111300071______","bemerk":null,"beschreib":"Anleger (beidseitig) Kurbelfähre \"Fähr Harm\"","beschreib_lang":null,"foto1":"https://nlwkn.hannit-share.de/index.php/core/preview?fileId=11057591&x=1280&y=819&a=true","foto2":"https://nlwkn.hannit-share.de/index.php/core/preview?fileId=11057594&x=1280&y=819&a=true","foto3":"https://nlwkn.hannit-share.de/index.php/core/preview?fileId=11057570&x=1280&y=819&a=true","foto4":"https://nlwkn.hannit-share.de/index.php/core/preview?fileId=11057600&x=1280&y=819&a=true","link1":null,"link2":null,"denkmal":"Nein","AIS_NR":null,"Nr_WR":null,"rwert":349278,"hwert":5831225.0},"geometry":{"type":"Point","coordinates":[754075.016497800825164,6911199.163429501466453]}},
{"type":"Feature","properties":{"ID_con":1725,"bw_id":"VEC_SON_78480","name":"Biotop (GB-NOH 3306/009)","GEW":"VEC","stat_von":78480,"bauart":"Biotop","baujahr":null,"upflicht":"Landkreis Grafschaft Bentheim","KTR":null,"FSK":"03313111500017______","bemerk":null,"beschreib":"Biotop (GB-NOH 3306/009) linksseitig in der Gemeinde Laar ohne direkte Verbindung zur Vechte","beschreib_lang":"Biotop (GB-NOH 3306/009) linksseitig in der Gemeinde Laar ohne direkte Verbindung zur Vechte","foto1":null,"foto2":null,"foto3":null,"foto4":null,"link1":null,"link2":null,"denkmal":"Nein","AIS_NR":null,"Nr_WR":null,"rwert":349588,"hwert":5830926.0},"geometry":{"type":"Point","coordinates":[754599.404151125228964,6910722.526844292879105]}},
{"type":"Feature","properties":{"ID_con":1726,"bw_id":"VEC_SON_79040","name":"Entnahmestelle Feldberegnung A-001","GEW":"VEC","stat_von":79040,"bauart":"Wasserrecht (Entnahme)","baujahr":null,"upflicht":"Breman","KTR":null,"FSK":"03313111300071______","bemerk":"A-001 (aktiv, real), Entnahmestelle 1, A45 landwir","beschreib":"Entnahmestelle Feldberegnung A-001","beschreib_lang":null,"foto1":null,"foto2":null,"foto3":null,"foto4":null,"link1":null,"link2":null,"denkmal":"Nein","AIS_NR":null,"Nr_WR":"100059907 (aktiv)","rwert":350147,"hwert":5830906.0},"geometry":{"type":"Point","coordinates":[755518.656718774349429,6910717.907613398507237]}},
{"type":"Feature","properties":{"ID_con":1727,"bw_id":"VEC_SON_79550","name":"Biotop (GB-NOH 3306/011)","GEW":"VEC","stat_von":79550,"bauart":"Biotop","baujahr":null,"upflicht":"Landkreis Grafschaft Bentheim","KTR":null,"FSK":"03313111300062______","bemerk":null,"beschreib":"Biotop (GB-NOH 3306/011) rechtsseitg Altarm (Echteler Straße) in der Gemeinde Laar mit Verbindung zur Vechte über Kastendurchlass","beschreib_lang":null,"foto1":"https://nlwkn.hannit-share.de/index.php/core/preview?fileId=11057609&x=1280&y=819&a=true","foto2":"https://nlwkn.hannit-share.de/index.php/core/preview?fileId=11057612&x=1280&y=819&a=true","foto3":null,"foto4":null,"link1":null,"link2":null,"denkmal":"Nein","AIS_NR":null,"Nr_WR":null,"rwert":350628,"hwert":5830742.0},"geometry":{"type":"Point","coordinates":[756317.021351644070819,6910472.125165068544447]}},
{"type":"Feature","properties":{"ID_con":2628,"bw_id":"VEC_SON_79960","name":"Vechteschaukel Laar/Echteler","GEW":"VEC","stat_von":79960,"bauart":"Vechteschaukel (Tourismus)","baujahr":"2025","upflicht":"Samtgemeinde Emlichheim","KTR":null,"FSK":"033130106000330001__","bemerk":"Fotos hinzufügen","beschreib":"Die Samtgemeinde Emlichheim hat im Rahmen einer LEADER-Förderung „Vechteschaukeln“ als touristisches Pausenhighlight entlang der Radwegeführung der Vechte in 2025 errichtet.","beschreib_lang":"Die Samtgemeinde Emlichheim hat im Rahmen einer LEADER-Förderung „Vechteschaukeln“ als touristisches Pausenhighlight entlang der Radwegeführung der Vechte in 2025 errichtet. Hierzu wurde in jeder Mitgliedgemeinde ein Standort ausgewählt. Die „Vechteschaukeln“ sollen dem Besucher zugleich als Rastplatz dienen und ebenfalls einen wunderschönen Ausblick auf die Vechte bieten._x000d_\nDie geplanten Vechteschaukeln sollen ganzjährlich zur Verfügung stehen.Da die Schaukeln dicht an der Vechte platziert werden sollen, befinden sich diese im Überschwemmungsgebiet. Im Falle eines Hochwasserereignisses können die Schaukeln einfach aus der Halterung ausgehangen werden. Somit wird kein_x000d_\nRückhaltevolumen aus der Überflutungsfläche entnommen. Zudem sind bis auf die Betonfundamente keine zusätzlichen Befestigungen oder Versiegelungen (z.B. Zuwegung) in diesen Bereichen geplant.","foto1":"https://nlwkn.hannit-share.de/index.php/core/preview?fileId=11823666&x=1280&y=819&a=true","foto2":"https://nlwkn.hannit-share.de/index.php/core/preview?fileId=11823652&x=1280&y=819&a=true","foto3":"https://nlwkn.hannit-share.de/index.php/core/preview?fileId=11823655&x=1280&y=819&a=true","foto4":"https://nlwkn.hannit-share.de/index.php/core/preview?fileId=11823653&x=1280&y=819&a=true","link1":null,"link2":null,"denkmal":"Nein","AIS_NR":null,"Nr_WR":null,"rwert":350892,"hwert":5830416.0},"geometry":{"type":"Point","coordinates":[756767.029297067201696,6909948.609913415275514]}},
{"type":"Feature","properties":{"ID_con":1728,"bw_id":"VEC_SON_79970","name":"Bootsanleger bei K 21 Echteler Straße","GEW":"VEC","stat_von":79970,"bauart":"Bootsanleger","baujahr":null,"upflicht":null,"KTR":null,"FSK":"033132102000360001__","bemerk":null,"beschreib":"Bootsanleger bei K 21 Echteler Straße","beschreib_lang":null,"foto1":"https://nlwkn.hannit-share.de/index.php/core/preview?fileId=11057615&x=1280&y=819&a=true","foto2":null,"foto3":null,"foto4":null,"link1":null,"link2":null,"denkmal":"Nein","AIS_NR":null,"Nr_WR":null,"rwert":350885,"hwert":5830370.0},"geometry":{"type":"Point","coordinates":[756757.839671192341484,6909872.514885644428432]}},
{"type":"Feature","properties":{"ID_con":1729,"bw_id":"VEC_SON_80025","name":"Entnahmestelle Feldberegnung A-002","GEW":"VEC","stat_von":80025,"bauart":"Wasserrecht (Entnahme)","baujahr":null,"upflicht":"Breman","KTR":null,"FSK":"033132102000360001__","bemerk":"A-002 (aktiv, real), Entnahmestelle 1, A45 landwir","beschreib":"Entnahmestelle Feldberegnung A-002","beschreib_lang":null,"foto1":null,"foto2":null,"foto3":null,"foto4":null,"link1":null,"link2":null,"denkmal":"Nein","AIS_NR":null,"Nr_WR":"100059907 (aktiv)","rwert":350934,"hwert":5830345.0},"geometry":{"type":"Point","coordinates":[756839.57584580918774,6909833.814648165367544]}},
{"type":"Feature","properties":{"ID_con":1730,"bw_id":"VEC_SON_82430","name":"Bootsanleger","GEW":"VEC","stat_von":82430,"bauart":"Bootsanleger (schwimmend)","baujahr":null,"upflicht":"Samtgemeinde Emlichheim","KTR":null,"FSK":"033129018000330004__","bemerk":null,"beschreib":"Schwimmender Bootsanleger","beschreib_lang":"Schwimmender Bootsanleger für Kanufahrer","foto1":"https://nlwkn.hannit-share.de/index.php/core/preview?fileId=11532466&x=1280&y=819&a=true","foto2":null,"foto3":null,"foto4":null,"link1":null,"link2":null,"denkmal":"Nein","AIS_NR":null,"Nr_WR":null,"rwert":353051,"hwert":5830102.0},"geometry":{"type":"Point","coordinates":[760328.796341303968802,6909539.382662093266845]}},
{"type":"Feature","properties":{"ID_con":2629,"bw_id":"VEC_SON_82530","name":"Vechteschaukel Emlichheim","GEW":"VEC","stat_von":82530,"bauart":"Vechteschaukel (Tourismus)","baujahr":"2025","upflicht":"Samtgemeinde Emlichheim","KTR":null,"FSK":"033129017003090017__","bemerk":"Fotos hinzufügen","beschreib":"Die Samtgemeinde Emlichheim hat im Rahmen einer LEADER-Förderung „Vechteschaukeln“ als touristisches Pausenhighlight entlang der Radwegeführung der Vechte in 2025 errichtet.","beschreib_lang":"Die Samtgemeinde Emlichheim hat im Rahmen einer LEADER-Förderung „Vechteschaukeln“ als touristisches Pausenhighlight entlang der Radwegeführung der Vechte in 2025 errichtet. Hierzu wurde in jeder Mitgliedgemeinde ein Standort ausgewählt. Die „Vechteschaukeln“ sollen dem Besucher zugleich als Rastplatz dienen und ebenfalls einen wunderschönen Ausblick auf die Vechte bieten._x000d_\nDie geplanten Vechteschaukeln sollen ganzjährlich zur Verfügung stehen.Da die Schaukeln dicht an der Vechte platziert werden sollen, befinden sich diese im Überschwemmungsgebiet. Im Falle eines Hochwasserereignisses können die Schaukeln einfach aus der Halterung ausgehangen werden. Somit wird kein_x000d_\nRückhaltevolumen aus der Überflutungsfläche entnommen. Zudem sind bis auf die Betonfundamente keine zusätzlichen Befestigungen oder Versiegelungen (z.B. Zuwegung) in diesen Bereichen geplant.","foto1":"https://nlwkn.hannit-share.de/index.php/core/preview?fileId=11823654&x=1280&y=819&a=true","foto2":"https://nlwkn.hannit-share.de/index.php/core/preview?fileId=11823656&x=1280&y=819&a=true","foto3":"https://nlwkn.hannit-share.de/index.php/core/preview?fileId=11823658&x=1280&y=819&a=true","foto4":"https://nlwkn.hannit-share.de/index.php/core/preview?fileId=11823657&x=1280&y=819&a=true","link1":null,"link2":null,"denkmal":"Nein","AIS_NR":null,"Nr_WR":null,"rwert":353129,"hwert":5830146.0},"geometry":{"type":"Point","coordinates":[760454.734311211854219,6909615.695836027152836]}},
{"type":"Feature","properties":{"ID_con":1731,"bw_id":"VEC_SON_84135","name":"Entnahmestelle Sportplatz Emlichheim","GEW":"VEC","stat_von":84135,"bauart":"Wasserrecht (Entnahme)","baujahr":null,"upflicht":"Samtgemeinde Emlichheim","KTR":null,"FSK":"033129016002210004__","bemerk":"A-001 (aktiv, real), OW-Entn., Samtgemeinde Emlich","beschreib":"Entnahmestelle Sportplatz Emlichheim","beschreib_lang":null,"foto1":null,"foto2":null,"foto3":null,"foto4":null,"link1":null,"link2":null,"denkmal":"Nein","AIS_NR":null,"Nr_WR":"11/3361 (aktiv)","rwert":354585,"hwert":5830076.0},"geometry":{"type":"Point","coordinates":[762849.636032335925847,6909572.202767610549927]}},
{"type":"Feature","properties":{"ID_con":1735,"bw_id":"VEC_SON_84320","name":"Biotop (GB-NOH 3307/002)","GEW":"VEC","stat_von":84320,"bauart":"Biotop","baujahr":null,"upflicht":"Landkreis Gafschaft Bentheim","KTR":null,"FSK":"033129011001080010__","bemerk":null,"beschreib":"Biotop (GB-NOH 3307/002) linksseitig in der Gemeinde Emlichheim mit abschnittsweiser Verbindung zur Böschungsoberkante der Vechte","beschreib_lang":"Biotop (GB-NOH 3307/002) linksseitig in der Gemeinde Emlichheim mit abschnittsweiser Verbindung zur Böschungsoberkante der Vechte","foto1":null,"foto2":null,"foto3":null,"foto4":null,"link1":null,"link2":null,"denkmal":"Nein","AIS_NR":null,"Nr_WR":null,"rwert":355673,"hwert":5830316.0},"geometry":{"type":"Point","coordinates":[764625.029492210480385,6910020.558989621698856]}},
{"type":"Feature","properties":{"ID_con":1732,"bw_id":"VEC_SON_84450","name":"Bootsanleger (Unterhalb Brücke 403 Emlichheim)","GEW":"VEC","stat_von":84450,"bauart":"Bootsanleger","baujahr":null,"upflicht":"Samtgemeinde Emlichheim","KTR":null,"FSK":"033129016001760002__","bemerk":null,"beschreib":"Bootsanleger (Unterhalb Brücke 403 Emlichheim)","beschreib_lang":null,"foto1":null,"foto2":null,"foto3":null,"foto4":null,"link1":null,"link2":null,"denkmal":"Nein","AIS_NR":null,"Nr_WR":null,"rwert":354862,"hwert":5830184.0},"geometry":{"type":"Point","coordinates":[763299.333901434205472,6909763.60823371168226]}},
{"type":"Feature","properties":{"ID_con":1733,"bw_id":"VEC_SON_84510","name":"Pegel Emlichheim","GEW":"VEC","stat_von":84510,"bauart":"Pegel","baujahr":null,"upflicht":"NLWKN, GB 3","KTR":null,"FSK":"033129016003680008__","bemerk":null,"beschreib":"Pegel Emlichheim (Siehe auch Pegelonline NLWKN : https://www.pegelonline.nlwkn.niedersachsen.de/Karte)","beschreib_lang":null,"foto1":"https://nlwkn.hannit-share.de/index.php/core/preview?fileId=11057624&x=1280&y=819&a=true","foto2":null,"foto3":null,"foto4":null,"link1":null,"link2":null,"denkmal":"Nein","AIS_NR":null,"Nr_WR":null,"rwert":354937,"hwert":5830187.0},"geometry":{"type":"Point","coordinates":[763422.377810613252223,6909772.218720491044223]}},
{"type":"Feature","properties":{"ID_con":1734,"bw_id":"VEC_SON_84535","name":"Bootsanleger (mit Böschungstreppe??)","GEW":"VEC","stat_von":84535,"bauart":"Bootsanleger","baujahr":null,"upflicht":"Samtgemeinde Emlichheim","KTR":null,"FSK":"033129016003680002__","bemerk":"!!Vertrag!! !!Akz!!","beschreib":"Bootsanleger (mit Böschungstreppe??). Insgesamt sechs Bootsanleger hat die Samtgemeinde Emlichheim gebaut.","beschreib_lang":null,"foto1":"https://nlwkn.hannit-share.de/index.php/core/preview?fileId=11057627&x=1280&y=819&a=true","foto2":null,"foto3":null,"foto4":null,"link1":null,"link2":null,"denkmal":"Nein","AIS_NR":null,"Nr_WR":null,"rwert":354943,"hwert":5830223.0},"geometry":{"type":"Point","coordinates":[763430.476027487777174,6909831.790941030718386]}},
{"type":"Feature","properties":{"ID_con":2421,"bw_id":"VEC_SON_85650","name":"Biotop (GB-NOH 3307/003)","GEW":"VEC","stat_von":85650,"bauart":"Biotop","baujahr":null,"upflicht":"Landkreis Grafschaft Bentheim","KTR":null,"FSK":null,"bemerk":null,"beschreib":"Biotop (GB-NOH 3307/003) linksseitig in der Gemeinde Emlichheim (Altarm (Wilminkweg),mit zweifacher Verbindung zur Vechte, über Kastendurchlass und über Rohrdurchlass","beschreib_lang":"Biotop (GB-NOH 3307/003) linksseitig in der Gemeinde Emlichheim (Altarm (Wilminkweg),mit zweifacher Verbindung zur Vechte, über Kastendurchlass und über Rohrdurchlass","foto1":null,"foto2":null,"foto3":null,"foto4":null,"link1":null,"link2":null,"denkmal":"Nein","AIS_NR":null,"Nr_WR":null,"rwert":356001,"hwert":5830402.0},"geometry":{"type":"Point","coordinates":[765159.637189791537821,6910178.126383163034916]}},
{"type":"Feature","properties":{"ID_con":2422,"bw_id":"VEC_SON_86550","name":"Biotop (GB-NOH 3307/005)","GEW":"VEC","stat_von":86550,"bauart":"Biotop","baujahr":null,"upflicht":"Landkreis Grafschaft Bentheim","KTR":null,"FSK":null,"bemerk":null,"beschreib":"Biotop (GB-NOH 3307/005) linksseitig in der Gemeinde Emlichheim ohne direkte Verbindung zur Vechte","beschreib_lang":"Biotop (GB-NOH 3307/005) linksseitig in der Gemeinde Emlichheim ohne direkte Verbindung zur Vechte","foto1":null,"foto2":null,"foto3":null,"foto4":null,"link1":null,"link2":null,"denkmal":"Nein","AIS_NR":null,"Nr_WR":null,"rwert":356491,"hwert":5830148.0},"geometry":{"type":"Point","coordinates":[765976.798773898161016,6909783.628648704849184]}},
{"type":"Feature","properties":{"ID_con":1736,"bw_id":"VEC_SON_87200","name":"??Entnahmestelle (A007)","GEW":"VEC","stat_von":87200,"bauart":"Wasserrecht (Entnahme)","baujahr":null,"upflicht":"Wesselink GbR","KTR":null,"FSK":"03312800700331______","bemerk":"??Entnahmestelle, A-007 (aktiv, real), Entnahmeste","beschreib":"??Entnahmestelle (A007)","beschreib_lang":null,"foto1":null,"foto2":null,"foto3":null,"foto4":null,"link1":null,"link2":null,"denkmal":"Nein","AIS_NR":null,"Nr_WR":"100059663 (aktiv)","rwert":357483,"hwert":5830302.0},"geometry":{"type":"Point","coordinates":[767598.852390652056783,6910085.073065999895334]}},
{"type":"Feature","properties":{"ID_con":2630,"bw_id":"VEC_SON_87700","name":"Vechteschaukel Hoogstede","GEW":"VEC","stat_von":87700,"bauart":"Vechteschaukel (Tourismus)","baujahr":"2025","upflicht":"Samtgemeinde Emlichheim","KTR":null,"FSK":"033126021000360001__","bemerk":"Fotos hinzufügen","beschreib":"Die Samtgemeinde Emlichheim hat im Rahmen einer LEADER-Förderung „Vechteschaukeln“ als touristisches Pausenhighlight entlang der Radwegeführung der Vechte in 2025 errichtet.","beschreib_lang":"Die Samtgemeinde Emlichheim hat im Rahmen einer LEADER-Förderung „Vechteschaukeln“ als touristisches Pausenhighlight entlang der Radwegeführung der Vechte in 2025 errichtet. Hierzu wurde in jeder Mitgliedgemeinde ein Standort ausgewählt. Die „Vechteschaukeln“ sollen dem Besucher zugleich als Rastplatz dienen und ebenfalls einen wunderschönen Ausblick auf die Vechte bieten._x000d_\nDie geplanten Vechteschaukeln sollen ganzjährlich zur Verfügung stehen.Da die Schaukeln dicht an der Vechte platziert werden sollen, befinden sich diese im Überschwemmungsgebiet. Im Falle eines Hochwasserereignisses können die Schaukeln einfach aus der Halterung ausgehangen werden. Somit wird kein_x000d_\nRückhaltevolumen aus der Überflutungsfläche entnommen. Zudem sind bis auf die Betonfundamente keine zusätzlichen Befestigungen oder Versiegelungen (z.B. Zuwegung) in diesen Bereichen geplant.","foto1":null,"foto2":null,"foto3":null,"foto4":null,"link1":null,"link2":null,"denkmal":"Nein","AIS_NR":null,"Nr_WR":null,"rwert":357424,"hwert":5829430.0},"geometry":{"type":"Point","coordinates":[767543.761892413487658,6908646.418876259587705]}},
{"type":"Feature","properties":{"ID_con":1737,"bw_id":"VEC_SON_87740","name":"Bootsanleger (Unterhalb Brücke Pappelweg, Ringe)","GEW":"VEC","stat_von":87740,"bauart":"Bootsanleger","baujahr":null,"upflicht":null,"KTR":null,"FSK":"033126021000350001__","bemerk":null,"beschreib":"Bootsanleger (Unterhalb Brücke Pappelweg, Ringe), Insgesamt sechs Bootsanleger hat die Samtgemeinde Emlichheim errichtet","beschreib_lang":null,"foto1":null,"foto2":null,"foto3":null,"foto4":null,"link1":null,"link2":null,"denkmal":"Nein","AIS_NR":null,"Nr_WR":null,"rwert":357472,"hwert":5829436.0},"geometry":{"type":"Point","coordinates":[767622.307065471191891,6908658.604612137190998]}},
{"type":"Feature","properties":{"ID_con":1738,"bw_id":"VEC_SON_87800","name":"Biotop (GB-NOH 3407/032)","GEW":"VEC","stat_von":87800,"bauart":"Biotop","baujahr":null,"upflicht":"Landkreis Grafschaft Bentheim","KTR":null,"FSK":"033126021000360002__","bemerk":null,"beschreib":"Biotop (GB-NOH 3407/032) linksseitig in der Gemeinde Hoogstede Altarm (Lambers-Heerspink) mit Verbindung zur Vechte über Kastendurchlass (ID:  748)","beschreib_lang":"Biotop (GB-NOH 3407/032) linksseitig in der Gemeinde Hoogstede Altarm (Lambers-Heerspink) mit Verbindung zur Vechte über Kastendurchlass (ID:  748)","foto1":null,"foto2":null,"foto3":null,"foto4":null,"link1":null,"link2":null,"denkmal":"Nein","AIS_NR":null,"Nr_WR":null,"rwert":357510,"hwert":5829336.0},"geometry":{"type":"Point","coordinates":[767689.508874129969627,6908495.788456572219729]}},
{"type":"Feature","properties":{"ID_con":1739,"bw_id":"VEC_SON_88315","name":"Entnahmestelle (A004, oberhalb Mündung Großringer A-Graben)), Feldberegnung; 4 Brunnen u. 7 Entnahmestellen Vechte","GEW":"VEC","stat_von":88315,"bauart":"Wasserrecht (Entnahme)","baujahr":null,"upflicht":"Wesselink GbR","KTR":null,"FSK":"03312800600296______","bemerk":"A-004 (aktiv, real), Entnahmestelle 4, A45 landwir","beschreib":"Entnahmestelle (A004, oberhalb Mündung Großringer A-Graben)), Feldberegnung; 4 Brunnen u. 7 Entnahmestellen Vechte","beschreib_lang":null,"foto1":null,"foto2":null,"foto3":null,"foto4":null,"link1":null,"link2":null,"denkmal":"Nein","AIS_NR":null,"Nr_WR":"100059663 (aktiv)","rwert":357977,"hwert":5829182.0},"geometry":{"type":"Point","coordinates":[768463.830754055990838,6908264.64322433527559]}},
{"type":"Feature","properties":{"ID_con":1740,"bw_id":"VEC_SON_88515","name":"Entnahmestelle (A006, Bahne), Feldberegnung; 4 Brunnen u. 7 Entnahmestellen Vechte","GEW":"VEC","stat_von":88515,"bauart":"Wasserrecht (Entnahme)","baujahr":null,"upflicht":"Wesselink GbR","KTR":null,"FSK":"03312602100064______","bemerk":"A-006 (aktiv, real), Entnahmestelle 6, A45 landwir","beschreib":"Entnahmestelle (A006, Bahne), Feldberegnung; 4 Brunnen u. 7 Entnahmestellen Vechte","beschreib_lang":null,"foto1":null,"foto2":null,"foto3":null,"foto4":null,"link1":null,"link2":null,"denkmal":"Nein","AIS_NR":null,"Nr_WR":"100059663 (aktiv)","rwert":358036,"hwert":5828967.0},"geometry":{"type":"Point","coordinates":[768570.989338044193573,6907913.506677124649286]}},
{"type":"Feature","properties":{"ID_con":1741,"bw_id":"VEC_SON_88760","name":"Entnahmestelle (A003, Unterhalb Altarm), Feldberegnung; 4 Brunnen u. 7 Entnahmestellen Vechte","GEW":"VEC","stat_von":88760,"bauart":"Wasserrecht (Entnahme)","baujahr":null,"upflicht":"Wesselink GbR","KTR":null,"FSK":"03312700800407______","bemerk":"A-003 (aktiv, real), Entnahmestelle 3, A45 landwir","beschreib":"Entnahmestelle (A003, Unterhalb Altarm), Feldberegnung; 4 Brunnen u. 7 Entnahmestellen Vechte","beschreib_lang":null,"foto1":null,"foto2":null,"foto3":null,"foto4":null,"link1":null,"link2":null,"denkmal":"Nein","AIS_NR":null,"Nr_WR":"100059663 (aktiv)","rwert":358259,"hwert":5828866.0},"geometry":{"type":"Point","coordinates":[768942.01643907930702,6907757.895561057142913]}},
{"type":"Feature","properties":{"ID_con":2423,"bw_id":"VEC_SON_88850","name":"Biotop (GB-NOH 3407/033)","GEW":"VEC","stat_von":88850,"bauart":"Biotop","baujahr":null,"upflicht":"Landkreis Grafschaft Bentheim","KTR":null,"FSK":"03312602100067______","bemerk":null,"beschreib":"Biotop (GB-NOH 3407/033) linksseitig in der Gemeinde Hoogstede ohne direkte Verbindung zur Vechte","beschreib_lang":"Biotop (GB-NOH 3407/033) linksseitig in der Gemeinde Hoogstede ohne direkte Verbindung zur Vechte","foto1":null,"foto2":null,"foto3":null,"foto4":null,"link1":null,"link2":null,"denkmal":"Nein","AIS_NR":null,"Nr_WR":null,"rwert":358314,"hwert":5828746.0},"geometry":{"type":"Point","coordinates":[769038.053196446388029,6907562.97319315187633]}},
{"type":"Feature","properties":{"ID_con":1742,"bw_id":"VEC_SON_88945","name":"Entnahmestelle (A005, gegenüber Mündung Altarm), Feldberegnung; 4 Brunnen u. 7 Entnahmestellen Vechte","GEW":"VEC","stat_von":88945,"bauart":"Wasserrecht (Entnahme)","baujahr":null,"upflicht":"Wesselink GbR","KTR":null,"FSK":"03312602200019______","bemerk":"A-005 (aktiv, real), Entnahmestelle 5, A45 landwir","beschreib":"Entnahmestelle (A005, gegenüber Mündung Altarm), Feldberegnung; 4 Brunnen u. 7 Entnahmestellen Vechte","beschreib_lang":null,"foto1":null,"foto2":null,"foto3":null,"foto4":null,"link1":null,"link2":null,"denkmal":"Nein","AIS_NR":null,"Nr_WR":"100059663 (aktiv)","rwert":358405,"hwert":5828733.0},"geometry":{"type":"Point","coordinates":[769188.107160154380836,6907545.916692877188325]}},
{"type":"Feature","properties":{"ID_con":1743,"bw_id":"VEC_SON_88985","name":"Entnahmestelle (A002, oberhalb Altarm), Feldberegnung; 4 Brunnen u. 7 Entnahmestellen Vechte","GEW":"VEC","stat_von":88985,"bauart":"Wasserrecht (Entnahme)","baujahr":null,"upflicht":"Wesselink GbR","KTR":null,"FSK":"03312700800407______","bemerk":"A-002 (aktiv, real), Entnahmestelle 2, A45 landwir","beschreib":"Entnahmestelle (A002, oberhalb Altarm), Feldberegnung; 4 Brunnen u. 7 Entnahmestellen Vechte","beschreib_lang":null,"foto1":null,"foto2":null,"foto3":null,"foto4":null,"link1":null,"link2":null,"denkmal":"Nein","AIS_NR":null,"Nr_WR":"100059663 (aktiv)","rwert":358469,"hwert":5828781.0},"geometry":{"type":"Point","coordinates":[769290.920052580651827,6907627.98970506247133]}},
{"type":"Feature","properties":{"ID_con":1744,"bw_id":"VEC_SON_89025","name":"Entnahmestelle (A001, Am Altarm Dönsberg)","GEW":"VEC","stat_von":89025,"bauart":"Wasserrecht (Entnahme)","baujahr":null,"upflicht":"Köster","KTR":null,"FSK":"03312700800407______","bemerk":"A-001 (aktiv, real), Beregnung, Johann Köster, Hoo","beschreib":"Entnahmestelle (A001, Am Altarm Dönsberg)","beschreib_lang":null,"foto1":null,"foto2":null,"foto3":null,"foto4":null,"link1":null,"link2":null,"denkmal":"Nein","AIS_NR":null,"Nr_WR":"11/12985 (aktiv)","rwert":358524,"hwert":5828812.0},"geometry":{"type":"Point","coordinates":[769379.764150773524307,6907681.646713884547353]}},
{"type":"Feature","properties":{"ID_con":1745,"bw_id":"VEC_SON_89430","name":"Entnahmestelle (A001, Unterhalb Mündung Leegraben)","GEW":"VEC","stat_von":89430,"bauart":"Wasserrecht (Entnahme)","baujahr":null,"upflicht":"Wesselink GbR","KTR":null,"FSK":"03312700800408______","bemerk":"A-001 (aktiv, real), Entnahmestelle 1, A45 landwir","beschreib":"Entnahmestelle (A001, Unterhalb Mündung Leegraben)","beschreib_lang":null,"foto1":null,"foto2":null,"foto3":null,"foto4":null,"link1":null,"link2":null,"denkmal":"Nein","AIS_NR":null,"Nr_WR":"100059663 (aktiv)","rwert":358800,"hwert":5828474.0},"geometry":{"type":"Point","coordinates":[769849.049687328515574,6907138.378458501771092]}},
{"type":"Feature","properties":{"ID_con":1746,"bw_id":"VEC_SON_89620","name":"Entnahme  A-001 (aktiv, real), Feldberegnung Toomsen GbR","GEW":"VEC","stat_von":89620,"bauart":"Wasserrecht (Entnahme)","baujahr":null,"upflicht":"Toomsen GbR","KTR":null,"FSK":"03312602200035______","bemerk":"A-001 (aktiv, real), Entnahmestelle 1, A45 landwir","beschreib":"Entnahme  A-001 (aktiv, real), Feldberegnung Toomsen GbR","beschreib_lang":null,"foto1":null,"foto2":null,"foto3":null,"foto4":null,"link1":null,"link2":null,"denkmal":"Nein","AIS_NR":null,"Nr_WR":"100059915 (aktiv)","rwert":358249,"hwert":5827822.0},"geometry":{"type":"Point","coordinates":[768975.340926204808056,6906038.898834763094783]}},
{"type":"Feature","properties":{"ID_con":1747,"bw_id":"VEC_SON_90100","name":"Entnahmestelle 2 (oberhalb Mündung Leegraben, Toomsen GbR)","GEW":"VEC","stat_von":90100,"bauart":"Wasserrecht (Entnahme)","baujahr":null,"upflicht":"Toomsen GbR","KTR":null,"FSK":"03312602300005______","bemerk":"A-001 (aktiv, real), Entnahmestelle 1A45 landwirts","beschreib":"Entnahmestelle 2 (oberhalb Mündung Leegraben, Toomsen GbR)","beschreib_lang":null,"foto1":null,"foto2":null,"foto3":null,"foto4":null,"link1":null,"link2":null,"denkmal":"Nein","AIS_NR":null,"Nr_WR":"100059915 (aktiv)","rwert":359267,"hwert":5828037.0},"geometry":{"type":"Point","coordinates":[770636.56884401163552,6906441.224626787006855]}},
{"type":"Feature","properties":{"ID_con":1748,"bw_id":"VEC_SON_90685","name":"Entnahmestelle 3 (oberhalb Mündung Bathorner Graben, Köster)","GEW":"VEC","stat_von":90685,"bauart":"Wasserrecht (Entnahme)","baujahr":null,"upflicht":"Köster","KTR":null,"FSK":"03312602300013______","bemerk":"A-003 (aktiv, real), Beregnung, Johann Köster, Hoo","beschreib":"Entnahmestelle 3 (oberhalb Mündung Bathorner Graben, Köster)","beschreib_lang":null,"foto1":null,"foto2":null,"foto3":null,"foto4":null,"link1":null,"link2":null,"denkmal":"Nein","AIS_NR":null,"Nr_WR":"11/12985 (aktiv)","rwert":359817,"hwert":5827887.0},"geometry":{"type":"Point","coordinates":[771546.700534480856732,6906220.353517328388989]}},
{"type":"Feature","properties":{"ID_con":1749,"bw_id":"VEC_SON_90930","name":"Entnahme A-004, Beregnung, Johann Köster, Hoogstede","GEW":"VEC","stat_von":90930,"bauart":"Wasserrecht (Entnahme)","baujahr":null,"upflicht":"Köster","KTR":null,"FSK":"03312602300013______","bemerk":"A-004 (aktiv, real), Beregnung, Johann Köster, Hoo","beschreib":"Entnahme A-004, Beregnung, Johann Köster, Hoogstede","beschreib_lang":null,"foto1":null,"foto2":null,"foto3":null,"foto4":null,"link1":null,"link2":null,"denkmal":"Nein","AIS_NR":null,"Nr_WR":"11/12985 (aktiv)","rwert":359961,"hwert":5827491.0},"geometry":{"type":"Point","coordinates":[771801.768747039139271,6905575.368868108838797]}},
{"type":"Feature","properties":{"ID_con":1750,"bw_id":"VEC_SON_91005","name":"Entnahme A-002, Beregnung, Johann Köster, Hoogstede","GEW":"VEC","stat_von":91005,"bauart":"Wasserrecht (Entnahme)","baujahr":null,"upflicht":"Köster","KTR":null,"FSK":"03312602300013______","bemerk":"A-001 (aktiv, real), Beregnung, Johann Köster, Hoo","beschreib":"Entnahme A-002, Beregnung, Johann Köster, Hoogstede","beschreib_lang":null,"foto1":null,"foto2":null,"foto3":null,"foto4":null,"link1":null,"link2":null,"denkmal":"Nein","AIS_NR":null,"Nr_WR":"11/12985 (aktiv)","rwert":359744,"hwert":5827560.0},"geometry":{"type":"Point","coordinates":[771442.254948235466145,6905678.688714826479554]}},
{"type":"Feature","properties":{"ID_con":2187,"bw_id":"VEC_SON_91275","name":"Böschungstreppe","GEW":"VEC","stat_von":91275,"bauart":"Böschungstreppe","baujahr":"2011","upflicht":"Landkreis Grafschaft Bentheim","KTR":null,"FSK":"03312602300051______","bemerk":null,"beschreib":"Böschungstreppe","beschreib_lang":null,"foto1":"https://nlwkn.hannit-share.de/index.php/core/preview?fileId=11057636&x=1280&y=819&a=true","foto2":"https://nlwkn.hannit-share.de/index.php/core/preview?fileId=11057639&x=1280&y=819&a=true","foto3":"https://nlwkn.hannit-share.de/index.php/core/preview?fileId=11057597&x=1280&y=819&a=true","foto4":"https://nlwkn.hannit-share.de/index.php/core/preview?fileId=11057645&x=1280&y=819&a=true","link1":null,"link2":null,"denkmal":"Nein","AIS_NR":0,"Nr_WR":null,"rwert":359686,"hwert":5827320.0},"geometry":{"type":"Point","coordinates":[771358.346586742904037,6905280.949954552575946]}},
{"type":"Feature","properties":{"ID_con":2184,"bw_id":"VEC_SON_91280","name":"Böschungstreppe","GEW":"VEC","stat_von":91280,"bauart":"Böschungstreppe","baujahr":"2011","upflicht":"Landkreis Grafschaft Bentheim","KTR":null,"FSK":"03312602300051______","bemerk":null,"beschreib":"Böschungstreppe","beschreib_lang":null,"foto1":"https://nlwkn.hannit-share.de/index.php/core/preview?fileId=11057651&x=1280&y=819&a=true","foto2":"https://nlwkn.hannit-share.de/index.php/core/preview?fileId=11057654&x=1280&y=819&a=true","foto3":null,"foto4":null,"link1":null,"link2":null,"denkmal":"Nein","AIS_NR":null,"Nr_WR":null,"rwert":359723,"hwert":5827361.0},"geometry":{"type":"Point","coordinates":[771417.157110234373249,6905350.175816408358514]}},
{"type":"Feature","properties":{"ID_con":2188,"bw_id":"VEC_SON_91290","name":"Bootsanleger","GEW":"VEC","stat_von":91290,"bauart":"Bootsanleger","baujahr":null,"upflicht":"Samtgemeinde Emlichheim","KTR":null,"FSK":"03312602300051______","bemerk":"!!Vertrag!! !!akz!!","beschreib":"Insgesamt sechs Bootsanleger hat die Samtgemeinde Emlichheim errichtet","beschreib_lang":null,"foto1":"https://nlwkn.hannit-share.de/index.php/core/preview?fileId=11057657&x=1280&y=819&a=true","foto2":"https://nlwkn.hannit-share.de/index.php/core/preview?fileId=11057660&x=1280&y=819&a=true","foto3":"https://nlwkn.hannit-share.de/index.php/core/preview?fileId=11057642&x=1280&y=819&a=true","foto4":"https://nlwkn.hannit-share.de/index.php/core/preview?fileId=11057666&x=1280&y=819&a=true","link1":null,"link2":null,"denkmal":"Nein","AIS_NR":null,"Nr_WR":null,"rwert":359713,"hwert":5827338.0},"geometry":{"type":"Point","coordinates":[771401.824059347971343,6905311.850030465982854]}},
{"type":"Feature","properties":{"ID_con":1751,"bw_id":"VEC_SON_91670","name":"Entnahme A-005, Beregnung, Johann Köster, Hoogstede","GEW":"VEC","stat_von":91670,"bauart":"Wasserrecht (Entnahme)","baujahr":null,"upflicht":"Köster","KTR":null,"FSK":"03312602300102______","bemerk":"A-005 (aktiv, real), Beregnung, Johann Köster, Hoo","beschreib":"Entnahme A-005, Beregnung, Johann Köster, Hoogstede","beschreib_lang":null,"foto1":null,"foto2":null,"foto3":null,"foto4":null,"link1":null,"link2":null,"denkmal":"Nein","AIS_NR":null,"Nr_WR":"11/12985 (aktiv)","rwert":360127,"hwert":5827394.0},"geometry":{"type":"Point","coordinates":[772078.860496983979829,6905423.548568797297776]}},
{"type":"Feature","properties":{"ID_con":2631,"bw_id":"VEC_SON_92530","name":"Vechtschaukel Hoogstede","GEW":"VEC","stat_von":92530,"bauart":"Vechteschaukel (Tourismus)","baujahr":"2025","upflicht":null,"KTR":null,"FSK":"03312602500059______","bemerk":"; ACHTUNG: Flurstück hat sich geändert durch Teilung","beschreib":"Die Samtgemeinde Emlichheim hat im Rahmen einer LEADER-Förderung „Vechteschaukeln“ als touristisches Pausenhighlight entlang der Radwegeführung der Vechte in 2025 errichtet.","beschreib_lang":"Die Samtgemeinde Emlichheim hat im Rahmen einer LEADER-Förderung „Vechteschaukeln“ als touristisches Pausenhighlight entlang der Radwegeführung der Vechte in 2025 errichtet. Hierzu wurde in jeder Mitgliedgemeinde ein Standort ausgewählt. Die „Vechteschaukeln“ sollen dem Besucher zugleich als Rastplatz dienen und ebenfalls einen wunderschönen Ausblick auf die Vechte bieten._x000d_\nDie geplanten Vechteschaukeln sollen ganzjährlich zur Verfügung stehen.Da die Schaukeln dicht an der Vechte platziert werden sollen, befinden sich diese im Überschwemmungsgebiet. Im Falle eines Hochwasserereignisses können die Schaukeln einfach aus der Halterung ausgehangen werden. Somit wird kein_x000d_\nRückhaltevolumen aus der Überflutungsfläche entnommen. Zudem sind bis auf die Betonfundamente keine zusätzlichen Befestigungen oder Versiegelungen (z.B. Zuwegung) in diesen Bereichen geplant.","foto1":"https://nlwkn.hannit-share.de/index.php/core/preview?fileId=11823663&x=1280&y=819&a=true","foto2":"https://nlwkn.hannit-share.de/index.php/core/preview?fileId=11823664&x=1280&y=819&a=true","foto3":"https://nlwkn.hannit-share.de/index.php/core/preview?fileId=11823667&x=1280&y=819&a=true","foto4":"https://nlwkn.hannit-share.de/index.php/core/preview?fileId=11823665&x=1280&y=819&a=true","link1":null,"link2":null,"denkmal":"Nein","AIS_NR":null,"Nr_WR":null,"rwert":360750,"hwert":5826742.0},"geometry":{"type":"Point","coordinates":[773132.166140441666357,6904379.82111715618521]}},
{"type":"Feature","properties":{"ID_con":1752,"bw_id":"VEC_SON_92540","name":"Bootsanleger Hoogstede","GEW":"VEC","stat_von":92540,"bauart":"Bootsanleger","baujahr":null,"upflicht":"Samtgemeinde Emlichheim","KTR":null,"FSK":"03312602500059______","bemerk":"!!Vertrag!! !!Akz!!","beschreib":"Insgesamt sechs Bootsanleger hat die Samtgemeinde Emlichheim errichtet","beschreib_lang":null,"foto1":null,"foto2":null,"foto3":null,"foto4":null,"link1":null,"link2":null,"denkmal":"Nein","AIS_NR":null,"Nr_WR":null,"rwert":360746,"hwert":5826719.0},"geometry":{"type":"Point","coordinates":[773126.67578131693881,6904341.784445129334927]}},
{"type":"Feature","properties":{"ID_con":1753,"bw_id":"VEC_SON_92760","name":"Zeltplatz (Pension Weuste)","GEW":"VEC","stat_von":92760,"bauart":"Zeltplatz","baujahr":null,"upflicht":null,"KTR":null,"FSK":"033125002001520010__","bemerk":null,"beschreib":"Zeltplatz (Pension Weuste)","beschreib_lang":null,"foto1":"https://nlwkn.hannit-share.de/index.php/core/preview?fileId=11057669&x=1280&y=819&a=true","foto2":null,"foto3":null,"foto4":null,"link1":null,"link2":null,"denkmal":"Nein","AIS_NR":null,"Nr_WR":null,"rwert":360969,"hwert":5826643.0},"geometry":{"type":"Point","coordinates":[773496.285110447439365,6904227.166440160013735]}},
{"type":"Feature","properties":{"ID_con":1754,"bw_id":"VEC_SON_94025","name":"Bootsanleger UW Vechtewehr Tinholt","GEW":"VEC","stat_von":94025,"bauart":"Bootsanleger","baujahr":"2015","upflicht":"Samtgemeinde Emlichheim","KTR":null,"FSK":"03312602600039______","bemerk":"!!Vertrag!! !!Akz!!","beschreib":"Insgesamt sechs Bootsanleger hat die Samtgemeinde Emlichheim errichtet","beschreib_lang":null,"foto1":"https://nlwkn.hannit-share.de/index.php/core/preview?fileId=11057672&x=1280&y=819&a=true","foto2":null,"foto3":null,"foto4":null,"link1":null,"link2":null,"denkmal":"Nein","AIS_NR":null,"Nr_WR":null,"rwert":360960,"hwert":5825467.0},"geometry":{"type":"Point","coordinates":[773536.412055786233395,6902291.762487588450313]}},
{"type":"Feature","properties":{"ID_con":1755,"bw_id":"VEC_SON_94040","name":"Böschungstreppe (Pegel UW) Wehr Tinholt","GEW":"VEC","stat_von":94040,"bauart":"Böschungstreppe","baujahr":null,"upflicht":"NLWKN","KTR":null,"FSK":"03312602600039______","bemerk":null,"beschreib":"Böschungstreppe (Pegel UW) Wehr Tinholt","beschreib_lang":null,"foto1":"https://nlwkn.hannit-share.de/index.php/core/preview?fileId=11057675&x=1280&y=819&a=true","foto2":"https://nlwkn.hannit-share.de/index.php/core/preview?fileId=11057678&x=1280&y=819&a=true","foto3":"https://nlwkn.hannit-share.de/index.php/core/preview?fileId=11057663&x=1280&y=819&a=true","foto4":"https://nlwkn.hannit-share.de/index.php/core/preview?fileId=11057684&x=1280&y=819&a=true","link1":null,"link2":null,"denkmal":"Nein","AIS_NR":null,"Nr_WR":null,"rwert":360969,"hwert":5825453.0},"geometry":{"type":"Point","coordinates":[773551.835372476372868,6902269.150818447582424]}},
{"type":"Feature","properties":{"ID_con":1756,"bw_id":"VEC_SON_94090","name":"Betriebsgebäude (Steuerung Wehr Tinholt)","GEW":"VEC","stat_von":94090,"bauart":"Betriebsgebäude","baujahr":"1965","upflicht":"NLWKN","KTR":null,"FSK":"03312602600039______","bemerk":null,"beschreib":"Betriebsgebäude Wehrhaus Tinholt (incl. Steuerung und Hydraulik)","beschreib_lang":"Betriebsgebäude Wehrhaus Tinholt (incl. Steuerung und Hydraulik)","foto1":"https://nlwkn.hannit-share.de/index.php/core/preview?fileId=11057693&x=1280&y=819&a=true","foto2":"https://nlwkn.hannit-share.de/index.php/core/preview?fileId=11057696&x=1280&y=819&a=true","foto3":"https://nlwkn.hannit-share.de/index.php/core/preview?fileId=11057681&x=1280&y=819&a=true","foto4":"https://nlwkn.hannit-share.de/index.php/core/preview?fileId=11057702&x=1280&y=819&a=true","link1":null,"link2":null,"denkmal":"Nein","AIS_NR":657,"Nr_WR":null,"rwert":360950,"hwert":5825405.0},"geometry":{"type":"Point","coordinates":[773522.894634524360299,6902189.293058655224741]}},
{"type":"Feature","properties":{"ID_con":1757,"bw_id":"VEC_SON_94120","name":"Böschungstreppe OW mit Schrägpegel Vechtewehr Tinholt","GEW":"VEC","stat_von":94120,"bauart":"Böschungstreppe","baujahr":null,"upflicht":"??","KTR":null,"FSK":"03312602600040______","bemerk":null,"beschreib":"Böschungstreppe im Oberwasser mit Schrägpegel Vechtewehr Tinholt","beschreib_lang":null,"foto1":"https://nlwkn.hannit-share.de/index.php/core/preview?fileId=11057705&x=1280&y=819&a=true","foto2":"https://nlwkn.hannit-share.de/index.php/core/preview?fileId=11057708&x=1280&y=819&a=true","foto3":"https://nlwkn.hannit-share.de/index.php/core/preview?fileId=11057699&x=1280&y=819&a=true","foto4":null,"link1":null,"link2":null,"denkmal":"Nein","AIS_NR":null,"Nr_WR":null,"rwert":360970,"hwert":5825377.0},"geometry":{"type":"Point","coordinates":[773557.023012850317173,6902144.163933163508773]}},
{"type":"Feature","properties":{"ID_con":1758,"bw_id":"VEC_SON_94170","name":"Bootsanleger OW Vechtewehr Tinholt","GEW":"VEC","stat_von":94170,"bauart":"Bootsanleger","baujahr":null,"upflicht":"Samtgemeinde Emlichheim","KTR":null,"FSK":"03312602600040______","bemerk":"!!Vertrag!! !!akz!!","beschreib":"Insgesamt sechs Bootsanleger hat die Samtgemeinde Emlichheim errichtet","beschreib_lang":null,"foto1":"https://nlwkn.hannit-share.de/index.php/core/preview?fileId=11057714&x=1280&y=819&a=true","foto2":null,"foto3":null,"foto4":null,"link1":null,"link2":null,"denkmal":"Nein","AIS_NR":null,"Nr_WR":null,"rwert":360970,"hwert":5825325.0},"geometry":{"type":"Point","coordinates":[773559.449507491313852,6902058.615693207830191]}},
{"type":"Feature","properties":{"ID_con":1759,"bw_id":"VEC_SON_94720","name":"Sportplatz (SV Esche)","GEW":"VEC","stat_von":94720,"bauart":"Sportplatz","baujahr":null,"upflicht":null,"KTR":null,"FSK":"033146008000620003__","bemerk":null,"beschreib":"Sportplatz (SV Esche)","beschreib_lang":null,"foto1":"https://nlwkn.hannit-share.de/index.php/core/preview?fileId=11057717&x=1280&y=819&a=true","foto2":"https://nlwkn.hannit-share.de/index.php/core/preview?fileId=11057720&x=1280&y=819&a=true","foto3":"https://nlwkn.hannit-share.de/index.php/core/preview?fileId=11057711&x=1280&y=819&a=true","foto4":"https://nlwkn.hannit-share.de/index.php/core/preview?fileId=11057726&x=1280&y=819&a=true","link1":null,"link2":null,"denkmal":"Nein","AIS_NR":null,"Nr_WR":null,"rwert":361206,"hwert":5822826.0},"geometry":{"type":"Point","coordinates":[774063.076707338448614,6897959.444755951873958]}},
{"type":"Feature","properties":{"ID_con":2218,"bw_id":"VEC_SON_94940","name":"Böschungstreppe (Privat)  (Holz)","GEW":"VEC","stat_von":94940,"bauart":"Böschungstreppe","baujahr":null,"upflicht":"Eigentümer","KTR":null,"FSK":"03314600100285______","bemerk":null,"beschreib":"Böschungstreppe (Privat)  (Holz)","beschreib_lang":null,"foto1":"https://nlwkn.hannit-share.de/index.php/core/preview?fileId=11057729&x=1280&y=819&a=true","foto2":null,"foto3":null,"foto4":null,"link1":null,"link2":null,"denkmal":"Nein","AIS_NR":null,"Nr_WR":null,"rwert":361117,"hwert":5824605.0},"geometry":{"type":"Point","coordinates":[773834.241263411124237,6900881.064678881317377]}},
{"type":"Feature","properties":{"ID_con":1760,"bw_id":"VEC_SON_95510","name":"Biotop (GB-NOH 3407/039)","GEW":"VEC","stat_von":95510,"bauart":"Biotop","baujahr":null,"upflicht":null,"KTR":null,"FSK":"03314600100294______","bemerk":null,"beschreib":"Biotop (GB-NOH 3407/039) in der Gemeinde Esche mit direkter Verbindung zur Vechte über Kastendurchlass (Einmündung Mühlengraben, ID: 770)","beschreib_lang":"Biotop (GB-NOH 3407/039) in der Gemeinde Esche mit direkter Verbindung zur Vechte über Kastendurchlass (Einmündung Mühlengraben, ID: 770)","foto1":null,"foto2":null,"foto3":null,"foto4":null,"link1":null,"link2":null,"denkmal":"Nein","AIS_NR":null,"Nr_WR":null,"rwert":360593,"hwert":5824326.0},"geometry":{"type":"Point","coordinates":[772987.500593325821683,6900397.627484802156687]}},
{"type":"Feature","properties":{"ID_con":2501,"bw_id":"VEC_SON_97160","name":"alter Kilometerstein","GEW":"VEC","stat_von":97160,"bauart":"Kilometerstein","baujahr":null,"upflicht":"NLWKN","KTR":null,"FSK":"03314600800173______","bemerk":null,"beschreib":"alter Kilometerstein neben U-Weg","beschreib_lang":null,"foto1":"https://nlwkn.hannit-share.de/index.php/core/preview?fileId=11057735&x=1280&y=819&a=true","foto2":"https://nlwkn.hannit-share.de/index.php/core/preview?fileId=11057738&x=1280&y=819&a=true","foto3":null,"foto4":null,"link1":null,"link2":null,"denkmal":"Nein","AIS_NR":null,"Nr_WR":null,"rwert":361136,"hwert":5823073.0},"geometry":{"type":"Point","coordinates":[773936.763014533440582,6898362.336423828266561]}},
{"type":"Feature","properties":{"ID_con":2426,"bw_id":"VEC_SON_97250","name":"Biotop (GB-NOH 3407/026)","GEW":"VEC","stat_von":97250,"bauart":"Biotop","baujahr":null,"upflicht":"Landkreis Grafschaft Bentheim","KTR":null,"FSK":null,"bemerk":null,"beschreib":"Biotop (GB-NOH 3407/026) linksseitig in der Gemeinde Esche mit direkter Verbindung zur Vechte über Kastendurchlass (ID: 776)","beschreib_lang":"Biotop (GB-NOH 3407/026) linksseitig in der Gemeinde Esche mit direkter Verbindung zur Vechte über Kastendurchlass (ID: 776)","foto1":"https://nlwkn.hannit-share.de/index.php/core/preview?fileId=11057741&x=1280&y=819&a=true","foto2":"https://nlwkn.hannit-share.de/index.php/core/preview?fileId=11057744&x=1280&y=819&a=true","foto3":null,"foto4":null,"link1":null,"link2":null,"denkmal":"Nein","AIS_NR":null,"Nr_WR":null,"rwert":361076,"hwert":5822971.0},"geometry":{"type":"Point","coordinates":[773843.094482059590518,6898191.808618705719709]}},
{"type":"Feature","properties":{"ID_con":1761,"bw_id":"VEC_SON_97730","name":"Biotop (GB-NOH 3407/027)","GEW":"VEC","stat_von":97730,"bauart":"Biotop","baujahr":null,"upflicht":"Landkreis Grafschaft Bentheim","KTR":null,"FSK":"03314501000042______","bemerk":null,"beschreib":"Biotop (GB-NOH 3407/027) linksseitig in der Gemeinde Gölenkamp mit direkter Verbindung zur Vechte über Kastendurchlass (ID: 778).","beschreib_lang":"Biotop (GB-NOH 3407/027) linksseitig in der Gemeinde Gölenkamp mit direkter Verbindung zur Vechte über Kastendurchlass (ID: 778).","foto1":"https://nlwkn.hannit-share.de/index.php/core/preview?fileId=11057750&x=1280&y=819&a=true","foto2":"https://nlwkn.hannit-share.de/index.php/core/preview?fileId=11057753&x=1280&y=819&a=true","foto3":"https://nlwkn.hannit-share.de/index.php/core/preview?fileId=11057723&x=1280&y=819&a=true","foto4":null,"link1":null,"link2":null,"denkmal":"Nein","AIS_NR":null,"Nr_WR":null,"rwert":360969,"hwert":5822609.0},"geometry":{"type":"Point","coordinates":[773684.454368681297638,6897591.573437144979835]}},
{"type":"Feature","properties":{"ID_con":2488,"bw_id":"VEC_SON_99500","name":"Biotop (GB-NOH 3407/065)","GEW":"VEC","stat_von":99500,"bauart":"Biotop","baujahr":null,"upflicht":"Landkreis Grafschaft Bentheim","KTR":null,"FSK":"03314600900154______","bemerk":null,"beschreib":"Biotop (G.Nr.: 3407/065), Gemeinde Esche rechtsseitig über Kastendurchlass (ID1: 785; ID2: VEC_EIN_99490)","beschreib_lang":"Biotop (G.Nr.: 3407/065), Gemeinde Esche rechtsseitig über Kastendurchlass (ID1: 785; ID2: VEC_EIN_99490)","foto1":"https://nlwkn.hannit-share.de/index.php/core/preview?fileId=11057798&x=1280&y=819&a=true","foto2":"https://nlwkn.hannit-share.de/index.php/core/preview?fileId=11057801&x=1280&y=819&a=true","foto3":"https://nlwkn.hannit-share.de/index.php/core/preview?fileId=11057756&x=1280&y=819&a=true","foto4":"https://nlwkn.hannit-share.de/index.php/core/preview?fileId=11057807&x=1280&y=819&a=true","link1":null,"link2":null,"denkmal":"Nein","AIS_NR":null,"Nr_WR":null,"rwert":361210,"hwert":5821329.0},"geometry":{"type":"Point","coordinates":[774139.251849320949987,6895498.455494852736592]}},
{"type":"Feature","properties":{"ID_con":2484,"bw_id":"VEC_SON_100225","name":"Überfahrt","GEW":"VEC","stat_von":100225,"bauart":"Überfahrt","baujahr":null,"upflicht":"Wasser- und Bodenverband Vechtetal II","KTR":null,"FSK":"03314402100082______","bemerk":null,"beschreib":"Überfahrt mit Holzbohlenbelag. Die Zuständigkeit sollte beim Wabo liegen.","beschreib_lang":null,"foto1":"https://nlwkn.hannit-share.de/index.php/core/preview?fileId=11056265&x=1280&y=819&a=true","foto2":"https://nlwkn.hannit-share.de/index.php/core/preview?fileId=11056268&x=1280&y=819&a=true","foto3":"https://nlwkn.hannit-share.de/index.php/core/preview?fileId=11057804&x=1280&y=819&a=true","foto4":"https://nlwkn.hannit-share.de/index.php/core/preview?fileId=11056274&x=1280&y=819&a=true","link1":"https://nlwkn.hannit-share.de/index.php/core/preview?fileId=11056343&x=1280&y=819&a=true","link2":null,"denkmal":"Nein","AIS_NR":0,"Nr_WR":null,"rwert":361013,"hwert":5820664.0},"geometry":{"type":"Point","coordinates":[773847.175449446309358,6894396.203731302171946]}},
{"type":"Feature","properties":{"ID_con":1627,"bw_id":"VEC_SON_100850","name":"Biotop (GB-NOH 3407/028)","GEW":"VEC","stat_von":100850,"bauart":"Biotop","baujahr":null,"upflicht":"Landkreis Grafschaft Bentheim","KTR":null,"FSK":"03314703900027______","bemerk":null,"beschreib":"Biotop (GB-NOH 3407/028) linksseitig auf dem Gebiet der Stadt Neuenhaus mit direkter Verbindung zur Vechte über Kastendurchlass (ID: 590)","beschreib_lang":null,"foto1":"https://nlwkn.hannit-share.de/index.php/core/preview?fileId=11056280&x=1280&y=819&a=true","foto2":null,"foto3":null,"foto4":null,"link1":null,"link2":null,"denkmal":"Nein","AIS_NR":null,"Nr_WR":null,"rwert":361318,"hwert":5820147.0},"geometry":{"type":"Point","coordinates":[774371.227420838433318,6893560.717801176942885]}},
{"type":"Feature","properties":{"ID_con":2503,"bw_id":"VEC_SON_101680","name":"Sitzbank (fest)","GEW":"VEC","stat_von":101680,"bauart":"Sitzbank","baujahr":null,"upflicht":"Stadt Neuenhaus??","KTR":null,"FSK":"033147039000720008__","bemerk":null,"beschreib":"Sitzbank fest installiert","beschreib_lang":null,"foto1":"https://nlwkn.hannit-share.de/index.php/core/preview?fileId=11056283&x=1280&y=819&a=true","foto2":"https://nlwkn.hannit-share.de/index.php/core/preview?fileId=11056286&x=1280&y=819&a=true","foto3":null,"foto4":null,"link1":null,"link2":null,"denkmal":"Nein","AIS_NR":0,"Nr_WR":null,"rwert":361710,"hwert":5819431.0},"geometry":{"type":"Point","coordinates":[775046.986410246812738,6892402.31541998591274]}},
{"type":"Feature","properties":{"ID_con":1569,"bw_id":"VEC_SON_101835","name":"Bootsanleger UW Wehr Neuenhaus","GEW":"VEC","stat_von":101835,"bauart":"Bootsanleger","baujahr":null,"upflicht":"??Stadt Neuenhaus","KTR":null,"FSK":"033147019001110015__","bemerk":null,"beschreib":"Bootsanleger UW Wehr Neuenhaus","beschreib_lang":null,"foto1":"https://nlwkn.hannit-share.de/index.php/core/preview?fileId=11056289&x=1280&y=819&a=true","foto2":"https://nlwkn.hannit-share.de/index.php/core/preview?fileId=11056292&x=1280&y=819&a=true","foto3":"https://nlwkn.hannit-share.de/index.php/core/preview?fileId=11056271&x=1280&y=819&a=true","foto4":"https://nlwkn.hannit-share.de/index.php/core/preview?fileId=11056298&x=1280&y=819&a=true","link1":null,"link2":null,"denkmal":"Nein","AIS_NR":null,"Nr_WR":null,"rwert":361870,"hwert":5819406.0},"geometry":{"type":"Point","coordinates":[775310.399751709424891,6892368.652864503674209]}},
{"type":"Feature","properties":{"ID_con":1638,"bw_id":"VEC_SON_109040","name":"Betriebsgebäude (Stützpunkt Frenswegen)","GEW":"VEC","stat_von":109040,"bauart":"Betriebsgebäude","baujahr":null,"upflicht":"NLWKN","KTR":null,"FSK":"033151001000130016__","bemerk":"De-Wilde-Str. 1, 48527 Nordhorn","beschreib":"NLWKN Betriebshof Georgsdorf,Stützpunkt Frenswegen","beschreib_lang":"NLWKN Betriebshof Georgsdorf,Stützpunkt Frenswegen","foto1":"https://nlwkn.hannit-share.de/index.php/core/preview?fileId=11056490&x=1280&y=819&a=true","foto2":"https://nlwkn.hannit-share.de/index.php/core/preview?fileId=11056493&x=1280&y=819&a=true","foto3":"https://nlwkn.hannit-share.de/index.php/core/preview?fileId=11056496&x=1280&y=819&a=true","foto4":"https://nlwkn.hannit-share.de/index.php/core/preview?fileId=11056499&x=1280&y=819&a=true","link1":null,"link2":null,"denkmal":"Nein","AIS_NR":null,"Nr_WR":null,"rwert":365689,"hwert":5814758.0},"geometry":{"type":"Point","coordinates":[781778.953373992815614,6884908.736537876538932]}},
{"type":"Feature","properties":{"ID_con":1639,"bw_id":"VEC_SON_109150","name":"Lagerplatte Stützpunkt Frenswegen (mit Pflanzenkläranlage)","GEW":"VEC","stat_von":109150,"bauart":"Lagerplatz","baujahr":null,"upflicht":"NLWKN","KTR":null,"FSK":"033151001000130016__","bemerk":null,"beschreib":"Lagerplatte u. Pflanzenkläranlage Stützpunkt Frenswegen links","beschreib_lang":"Lagerplatte u. Pflanzenkläranlage Stützpunkt Frenswegen links","foto1":"https://nlwkn.hannit-share.de/index.php/core/preview?fileId=11056517&x=1280&y=819&a=true","foto2":"https://nlwkn.hannit-share.de/index.php/core/preview?fileId=11056520&x=1280&y=819&a=true","foto3":"https://nlwkn.hannit-share.de/index.php/core/preview?fileId=11056496&x=1280&y=819&a=true","foto4":"https://nlwkn.hannit-share.de/index.php/core/preview?fileId=11056526&x=1280&y=819&a=true","link1":null,"link2":null,"denkmal":"Nein","AIS_NR":null,"Nr_WR":null,"rwert":365617,"hwert":5814724.0},"geometry":{"type":"Point","coordinates":[781662.56788012792822,6884849.680676626041532]}},
{"type":"Feature","properties":{"ID_con":1640,"bw_id":"VEC_SON_109610","name":"Überlaufschwelle Altarm Frenswegen","GEW":"VEC","stat_von":109610,"bauart":"Überlaufschwelle","baujahr":null,"upflicht":"NLWKN","KTR":"MABVE00100","FSK":"033151024000550005__","bemerk":null,"beschreib":"Überlaufschwelle Altarm Frenswegen","beschreib_lang":"Überlaufschwelle Altarm Frenswegen","foto1":null,"foto2":null,"foto3":null,"foto4":null,"link1":null,"link2":null,"denkmal":"Nein","AIS_NR":null,"Nr_WR":null,"rwert":365948,"hwert":5814606.0},"geometry":{"type":"Point","coordinates":[782209.905921901226975,6884670.823570668697357]}},
{"type":"Feature","properties":{"ID_con":2351,"bw_id":"VEC_SON_111090","name":"Biotop GB-NOH 3508/050","GEW":"VEC","stat_von":111090,"bauart":"Biotop","baujahr":null,"upflicht":"Landkreis Grafschaft Bentheim","KTR":null,"FSK":null,"bemerk":null,"beschreib":"Biotop","beschreib_lang":null,"foto1":null,"foto2":null,"foto3":null,"foto4":null,"link1":null,"link2":null,"denkmal":"Nein","AIS_NR":null,"Nr_WR":null,"rwert":367142,"hwert":5814008.0},"geometry":{"type":"Point","coordinates":[784191.734436082653701,6883742.447028263472021]}},
{"type":"Feature","properties":{"ID_con":2182,"bw_id":"VEC_SON_111435","name":"Kunstobjekt (Sandstein)","GEW":"VEC","stat_von":111435,"bauart":"Kunstobjekt","baujahr":null,"upflicht":"Stadt Nordhorn??","KTR":null,"FSK":"033151028000610011__","bemerk":null,"beschreib":"Kunstobjekt (Sandstein)","beschreib_lang":null,"foto1":"https://nlwkn.hannit-share.de/index.php/core/preview?fileId=11056532&x=1280&y=819&a=true","foto2":"https://nlwkn.hannit-share.de/index.php/core/preview?fileId=11056535&x=1280&y=819&a=true","foto3":"https://nlwkn.hannit-share.de/index.php/core/preview?fileId=11056538&x=1280&y=819&a=true","foto4":"https://nlwkn.hannit-share.de/index.php/core/preview?fileId=11056541&x=1280&y=819&a=true","link1":null,"link2":null,"denkmal":"Nein","AIS_NR":null,"Nr_WR":null,"rwert":367005,"hwert":5813451.0},"geometry":{"type":"Point","coordinates":[783992.120099185151048,6882822.077036970295012]}},
{"type":"Feature","properties":{"ID_con":1641,"bw_id":"VEC_SON_111725","name":"Bootsanleger Kloster Frenswegen","GEW":"VEC","stat_von":111725,"bauart":"Bootsanleger","baujahr":"2014","upflicht":"Stadt Nordhorn","KTR":null,"FSK":"033151028000720020__","bemerk":"!!Vertrag akualisieren!! !!Akz nachtragen!! !!Bestandspläne gem. Vertrag!!","beschreib":"Der NLWKN als Grundstückseigentümer gestattet dem Nutzer die Inanspruchnahme von Teilflächen des Flurstückes 72/20, Flur 28, Gemarkung Nordhorn (Abs. 2 und Abs. 3) zum Bau eines Kanuanlegers und seiner Benutzung.","beschreib_lang":"Die Instandhaltung und Unterhaltung der Flächen obliegt dem Nutzer. _x000d_\nDer NLWKN als Grundstückseigentümer gestattet dem Nutzer die Inanspruchnahme von Teilflächen des Flurstückes 72/20, Flur 28, Gemarkung Nordhorn (Abs. 2 und Abs. 3) zum Bau eines Kanuanlegers und seiner Benutzung._x000d_\nDer Anleger wird als der Uferneigung folgende Treppe zum Wasserspiegel gebaut. Es handelt sich um eine Konstruktion aus Stahlbeton auf Bohrpfählen (Stufenanlage 11 Stg. 15/35 Oberfläche Sichtbeton). Geländer oder in das Abflussprofil ragende Einbauten sind nicht vorgesehen._x000d_\n_x000d_\nDie Instandhaltung und Unterhaltung - Mahd der Böschungen, Abfallentsorgung - im unmittelbaren Umfeld der Anlage ist durch den Nutzer vorzunehmen. Hierzu gehört ausdrücklich auch die Beseitigung von Treibgut und Verklausungen im Bereich der Anlage besonders infolge eines Hochwasserereignisses oder infolge von Vandalismus.","foto1":"https://nlwkn.hannit-share.de/index.php/core/preview?fileId=11056553&x=1280&y=819&a=true","foto2":"https://nlwkn.hannit-share.de/index.php/core/preview?fileId=11056556&x=1280&y=819&a=true","foto3":"https://nlwkn.hannit-share.de/index.php/core/preview?fileId=11056559&x=1280&y=819&a=true","foto4":"https://nlwkn.hannit-share.de/index.php/core/preview?fileId=11056562&x=1280&y=819&a=true","link1":null,"link2":null,"denkmal":"Nein","AIS_NR":null,"Nr_WR":null,"rwert":367011,"hwert":5813412.0},"geometry":{"type":"Point","coordinates":[784003.673608823795803,6882758.331821379251778]}},
{"type":"Feature","properties":{"ID_con":1642,"bw_id":"VEC_SON_111855","name":"??","GEW":"VEC","stat_von":111855,"bauart":"??","baujahr":null,"upflicht":null,"KTR":null,"FSK":"033151028000610020__","bemerk":null,"beschreib":"??","beschreib_lang":null,"foto1":null,"foto2":null,"foto3":null,"foto4":null,"link1":null,"link2":null,"denkmal":"Nein","AIS_NR":null,"Nr_WR":null,"rwert":367097,"hwert":5813312.0},"geometry":{"type":"Point","coordinates":[784148.908525305683725,6882598.023714656941593]}},
{"type":"Feature","properties":{"ID_con":2478,"bw_id":"VEC_SON_112750","name":"Kläranlage Nordhorn","GEW":"VEC","stat_von":112750,"bauart":"Kläranlage","baujahr":null,"upflicht":"Stadt Nordhorn (Kommunale Betriebe Nordhorn, KBN)","KTR":null,"FSK":"033151023000640033__","bemerk":"Siehe auch zugehörige Einlaufbauwerke","beschreib":"Kläranlage Nordhorn","beschreib_lang":null,"foto1":null,"foto2":null,"foto3":null,"foto4":null,"link1":null,"link2":null,"denkmal":"Nein","AIS_NR":0,"Nr_WR":null,"rwert":367041,"hwert":5812382.0},"geometry":{"type":"Point","coordinates":[784098.458398573100567,6881069.273111338727176]}},
{"type":"Feature","properties":{"ID_con":2562,"bw_id":"VEC_SON_113070","name":"Aussichtsplattform Quendorf I","GEW":"VEC","stat_von":113070,"bauart":"Aussichtsplattform (Holzbauweise)","baujahr":"2024","upflicht":"Naturschutzstiftung Grafschaft Bentheim / BUND Grafschaft Bentheim","KTR":null,"FSK":"034222002001340001__","bemerk":null,"beschreib":"Die Aussichtsplattform besteht aus einer 3 x 4 m großen Plattform mit Geländer und wird auf vier Stelzen aufgestellt, welche mittels zweier Streifenfundamente im Boden verankert sind. Geförder mit LEADER - Mitteln und mit Mitteln aus der GK - Vechte.","beschreib_lang":"Die Aussichtsplattform besteht aus einer 3 x 4 m großen Plattform mit Geländer und wird auf vier Stelzen aufgestellt, welche mittels zweier Streifenfundamente im Boden verankert sind. Geförder mit LEADER - Mitteln und mit Mitteln aus der GK - Vechte.","foto1":null,"foto2":null,"foto3":null,"foto4":null,"link1":null,"link2":null,"denkmal":"Nein","AIS_NR":null,"Nr_WR":null,"rwert":376779,"hwert":5800382.0},"geometry":{"type":"Point","coordinates":[800531.032006260356866,6861815.555683186277747]}},
{"type":"Feature","properties":{"ID_con":1644,"bw_id":"VEC_SON_114240","name":"Böschungstreppe (obere Böschung), Ölmühlenarm","GEW":"VEC","stat_von":114240,"bauart":"Böschungstreppe","baujahr":"1970","upflicht":"Stadt Nordhorn","KTR":null,"FSK":"033151006000010112__","bemerk":null,"beschreib":"Böschungstreppe (obere Böschung), Ölmühlenarm","beschreib_lang":null,"foto1":"https://nlwkn.hannit-share.de/index.php/core/preview?fileId=11056583&x=1280&y=819&a=true","foto2":"https://nlwkn.hannit-share.de/index.php/core/preview?fileId=11056586&x=1280&y=819&a=true","foto3":null,"foto4":null,"link1":null,"link2":null,"denkmal":"Nein","AIS_NR":null,"Nr_WR":null,"rwert":368193,"hwert":5811628.0},"geometry":{"type":"Point","coordinates":[786017.295561970211565,6879883.012721849605441]}},
{"type":"Feature","properties":{"ID_con":1645,"bw_id":"VEC_SON_114375","name":"Böschungstreppe (obere Böschung)","GEW":"VEC","stat_von":114375,"bauart":"Böschungstreppe","baujahr":null,"upflicht":"Stadt Nordhorn??","KTR":null,"FSK":"033151006000010112__","bemerk":null,"beschreib":"Böschungstreppe (obere Böschung)","beschreib_lang":null,"foto1":"https://nlwkn.hannit-share.de/index.php/core/preview?fileId=11056589&x=1280&y=819&a=true","foto2":null,"foto3":null,"foto4":null,"link1":null,"link2":null,"denkmal":"Nein","AIS_NR":null,"Nr_WR":null,"rwert":368329,"hwert":5811604.0},"geometry":{"type":"Point","coordinates":[786240.935274160350673,6879849.620089639909565]}},
{"type":"Feature","properties":{"ID_con":1646,"bw_id":"VEC_SON_114420","name":"Böschungstreppe uh Brücke Stadtring (rechtes)","GEW":"VEC","stat_von":114420,"bauart":"Böschungstreppe","baujahr":null,"upflicht":"Stadt Nordhorn","KTR":null,"FSK":"033151006000010113__","bemerk":null,"beschreib":"Böschungstreppe uh Brücke Stadtring (rechtes)","beschreib_lang":null,"foto1":"https://nlwkn.hannit-share.de/index.php/core/preview?fileId=11056592&x=1280&y=819&a=true","foto2":"https://nlwkn.hannit-share.de/index.php/core/preview?fileId=11056595&x=1280&y=819&a=true","foto3":null,"foto4":null,"link1":null,"link2":null,"denkmal":"Nein","AIS_NR":null,"Nr_WR":null,"rwert":368365,"hwert":5811570.0},"geometry":{"type":"Point","coordinates":[786301.346514762029983,6879795.417842012830079]}},
{"type":"Feature","properties":{"ID_con":1647,"bw_id":"VEC_SON_114430","name":"Böschungstreppe uh Brücke Stadtring links","GEW":"VEC","stat_von":114430,"bauart":"Böschungstreppe","baujahr":null,"upflicht":"Stadt Nordhorn","KTR":null,"FSK":"033151006000010103__","bemerk":null,"beschreib":"Böschungstreppe uh Brücke Stadtring links","beschreib_lang":null,"foto1":"https://nlwkn.hannit-share.de/index.php/core/preview?fileId=11056598&x=1280&y=819&a=true","foto2":"https://nlwkn.hannit-share.de/index.php/core/preview?fileId=11056601&x=1280&y=819&a=true","foto3":"https://nlwkn.hannit-share.de/index.php/core/preview?fileId=11056559&x=1280&y=819&a=true","foto4":null,"link1":null,"link2":null,"denkmal":"Nein","AIS_NR":null,"Nr_WR":null,"rwert":368357,"hwert":5811551.0},"geometry":{"type":"Point","coordinates":[786289.086829792126082,6879763.891863410361111]}},
{"type":"Feature","properties":{"ID_con":1648,"bw_id":"VEC_SON_114445","name":"Böschungstreppe oh Brücke Stadtring rechts","GEW":"VEC","stat_von":114445,"bauart":"Böschungstreppe","baujahr":null,"upflicht":"Stadt Nordhorn","KTR":null,"FSK":"033151016000810082__","bemerk":null,"beschreib":"Böschungstreppe oh Brücke Stadtring rechts","beschreib_lang":null,"foto1":"https://nlwkn.hannit-share.de/index.php/core/preview?fileId=11056607&x=1280&y=819&a=true","foto2":"https://nlwkn.hannit-share.de/index.php/core/preview?fileId=11056610&x=1280&y=819&a=true","foto3":null,"foto4":null,"link1":null,"link2":null,"denkmal":"Nein","AIS_NR":null,"Nr_WR":null,"rwert":368386,"hwert":5811556.0},"geometry":{"type":"Point","coordinates":[786336.330186072969809,6879773.370818416588008]}},
{"type":"Feature","properties":{"ID_con":1649,"bw_id":"VEC_SON_114600","name":"Böschungstreppe links obere Böschung","GEW":"VEC","stat_von":114600,"bauart":"Böschungstreppe","baujahr":null,"upflicht":"Privat? Stadt Nordhorn?","KTR":null,"FSK":"033151016000810040__","bemerk":null,"beschreib":"Böschungstreppe links obere Böschung","beschreib_lang":null,"foto1":"https://nlwkn.hannit-share.de/index.php/core/preview?fileId=11056616&x=1280&y=819&a=true","foto2":"https://nlwkn.hannit-share.de/index.php/core/preview?fileId=11056619&x=1280&y=819&a=true","foto3":null,"foto4":null,"link1":null,"link2":null,"denkmal":"Nein","AIS_NR":null,"Nr_WR":null,"rwert":368456,"hwert":5811409.0},"geometry":{"type":"Point","coordinates":[786457.339026594767347,6879535.261763971298933]}},
{"type":"Feature","properties":{"ID_con":1650,"bw_id":"VEC_SON_114660","name":"Böschungstreppe obere Böschung links","GEW":"VEC","stat_von":114660,"bauart":"Böschungstreppe","baujahr":null,"upflicht":"Stadt Nordhorn","KTR":null,"FSK":"033151006000040002__","bemerk":null,"beschreib":"Böschungstreppe obere Böschung links","beschreib_lang":null,"foto1":"https://nlwkn.hannit-share.de/index.php/core/preview?fileId=11056622&x=1280&y=819&a=true","foto2":"https://nlwkn.hannit-share.de/index.php/core/preview?fileId=11056625&x=1280&y=819&a=true","foto3":null,"foto4":null,"link1":null,"link2":null,"denkmal":"Nein","AIS_NR":null,"Nr_WR":null,"rwert":368506,"hwert":5811372.0},"geometry":{"type":"Point","coordinates":[786540.790120847523212,6879476.752849207259715]}},
{"type":"Feature","properties":{"ID_con":1651,"bw_id":"VEC_SON_114760","name":"Kolk am Ölmühenwehr","GEW":"VEC","stat_von":114760,"bauart":"Auskolkung","baujahr":null,"upflicht":"NLWKN","KTR":null,"FSK":"033151016000930009__","bemerk":null,"beschreib":"Kolk am Ölmühenwehr","beschreib_lang":"Kolk am Ölmühenwehr","foto1":"https://nlwkn.hannit-share.de/index.php/core/preview?fileId=11056628&x=1280&y=819&a=true","foto2":"https://nlwkn.hannit-share.de/index.php/core/preview?fileId=11056631&x=1280&y=819&a=true","foto3":null,"foto4":null,"link1":null,"link2":null,"denkmal":"Nein","AIS_NR":null,"Nr_WR":null,"rwert":368610,"hwert":5811384.0},"geometry":{"type":"Point","coordinates":[786710.469901504577138,6879501.007504391483963]}},
{"type":"Feature","properties":{"ID_con":1652,"bw_id":"VEC_SON_114785","name":"Böschungstreppe uh Ölmühlenwehr","GEW":"VEC","stat_von":114785,"bauart":"Böschungstreppe","baujahr":"1970","upflicht":null,"KTR":null,"FSK":"033151016001010004__","bemerk":null,"beschreib":"Böschungstreppe uh Ölmühlenwehr","beschreib_lang":null,"foto1":"https://nlwkn.hannit-share.de/index.php/core/preview?fileId=11056646&x=1280&y=819&a=true","foto2":"https://nlwkn.hannit-share.de/index.php/core/preview?fileId=11056649&x=1280&y=819&a=true","foto3":"https://nlwkn.hannit-share.de/index.php/core/preview?fileId=11056604&x=1280&y=819&a=true","foto4":null,"link1":null,"link2":null,"denkmal":"Nein","AIS_NR":null,"Nr_WR":null,"rwert":368631,"hwert":5811353.0},"geometry":{"type":"Point","coordinates":[786746.195336342207156,6879451.067806952632964]}},
{"type":"Feature","properties":{"ID_con":1653,"bw_id":"VEC_SON_114810","name":"Betriebsgebäude (Wehrsteuerung Ölmühlenwehr)","GEW":"VEC","stat_von":114810,"bauart":"Betriebsgebäude","baujahr":"1970","upflicht":"NLWKN","KTR":null,"FSK":"033151016000930010__","bemerk":null,"beschreib":"Betriebsgebäude (Wehrsteuerung Ölmühlenwehr)","beschreib_lang":"Betriebsgebäude (Wehrsteuerung Ölmühlenwehr)","foto1":"https://nlwkn.hannit-share.de/index.php/core/preview?fileId=11056655&x=1280&y=819&a=true","foto2":"https://nlwkn.hannit-share.de/index.php/core/preview?fileId=11056658&x=1280&y=819&a=true","foto3":"https://nlwkn.hannit-share.de/index.php/core/preview?fileId=11056652&x=1280&y=819&a=true","foto4":null,"link1":null,"link2":null,"denkmal":"Nein","AIS_NR":1186,"Nr_WR":null,"rwert":368658,"hwert":5811370.0},"geometry":{"type":"Point","coordinates":[786789.639102957677096,6879480.144179870374501]}},
{"type":"Feature","properties":{"ID_con":1654,"bw_id":"VEC_SON_114820","name":"Infotafel Ölmühlenwehr","GEW":"VEC","stat_von":114820,"bauart":"Infotafel","baujahr":null,"upflicht":"Stadt Nordhorn??","KTR":null,"FSK":"033151016000950003__","bemerk":null,"beschreib":"Infotafel Ölmühlenwehr","beschreib_lang":null,"foto1":"https://nlwkn.hannit-share.de/index.php/core/preview?fileId=11056664&x=1280&y=819&a=true","foto2":null,"foto3":null,"foto4":null,"link1":null,"link2":null,"denkmal":"Nein","AIS_NR":null,"Nr_WR":null,"rwert":368668,"hwert":5811340.0},"geometry":{"type":"Point","coordinates":[786807.317822028533556,6879431.362378692254424]}},
{"type":"Feature","properties":{"ID_con":1655,"bw_id":"VEC_SON_114950","name":"Hafen Am Schweinemarkt","GEW":"VEC","stat_von":114950,"bauart":"Hafen","baujahr":null,"upflicht":"Stadt Nordhorn","KTR":null,"FSK":"033151016000810079__","bemerk":null,"beschreib":"Hafen für Freizeitboote am Schweinemarkt gegenüber Rawe-Ringcenter","beschreib_lang":null,"foto1":null,"foto2":null,"foto3":null,"foto4":null,"link1":null,"link2":null,"denkmal":"Nein","AIS_NR":null,"Nr_WR":null,"rwert":368672,"hwert":5811481.0},"geometry":{"type":"Point","coordinates":[786807.693885453161784,6879662.876930757425725]}},
{"type":"Feature","properties":{"ID_con":1643,"bw_id":"VEC_SON_115145","name":"Bootsanleger am Schweinemarkt (Rawe-Ring-Center)","GEW":"VEC","stat_von":115145,"bauart":"Bootsanleger","baujahr":"2009","upflicht":null,"KTR":null,"FSK":"033151015000460005__","bemerk":null,"beschreib":"Bootsanleger für die Jantje  am Schweinemarkt.Die Jantje ist ein Plattbodenschiff und wurde 1923 in Delftzijl in den Niederlanden erbaut.","beschreib_lang":"Bootsanleger für die Jantje  am Schweinemarkt. Die Jantje ist ein Plattbodenschiff und wurde 1923 in Delftzijl in den Niederlanden erbaut. Sie wurde einst als Frachtsegelschiff auf dem Ijsselmeer, den friesischen Meeren, der Waddenzee und den Kanälen der Niederlande eingesetzt.","foto1":"https://nlwkn.hannit-share.de/index.php/core/preview?fileId=11056670&x=1280&y=819&a=true","foto2":"https://nlwkn.hannit-share.de/index.php/core/preview?fileId=11056673&x=1280&y=819&a=true","foto3":"https://nlwkn.hannit-share.de/index.php/core/preview?fileId=11056661&x=1280&y=819&a=true","foto4":null,"link1":null,"link2":null,"denkmal":"Nein","AIS_NR":null,"Nr_WR":null,"rwert":368879,"hwert":5811444.0},"geometry":{"type":"Point","coordinates":[787148.092776339966804,6879611.244462939910591]}},
{"type":"Feature","properties":{"ID_con":2605,"bw_id":"VEC_SON_115280","name":"Stadthafen Nordhorn","GEW":"VEC","stat_von":115280,"bauart":"Hafen","baujahr":"2026/27","upflicht":"Stadt Nordhorn","KTR":null,"FSK":"033151015000460022__","bemerk":"Hafen wird voraussichtlich in 2025 gebaut. Akte, Vertrag nachtragen","beschreib":"Stadthafen Nordhorn (Bau in 2026)","beschreib_lang":"Stadthafen Nordhorn (Bau in 2026)","foto1":"https://nlwkn.hannit-share.de/index.php/core/preview?fileId=11515119&x=1280&y=819&a=true","foto2":"https://nlwkn.hannit-share.de/index.php/core/preview?fileId=11515120&x=1280&y=819&a=true","foto3":"https://nlwkn.hannit-share.de/index.php/core/preview?fileId=11515121&x=1280&y=819&a=true","foto4":"https://nlwkn.hannit-share.de/index.php/core/preview?fileId=11515122&x=1280&y=819&a=true","link1":null,"link2":null,"denkmal":"Nein","AIS_NR":0,"Nr_WR":null,"rwert":369016,"hwert":5811378.0},"geometry":{"type":"Point","coordinates":[787375.190493190544657,6879508.955307145603001]}},
{"type":"Feature","properties":{"ID_con":1656,"bw_id":"VEC_SON_115395","name":"Bootsanleger VVV Turm","GEW":"VEC","stat_von":115395,"bauart":"Bootsanleger","baujahr":null,"upflicht":null,"KTR":null,"FSK":"033151013000150023__","bemerk":null,"beschreib":"Bootsanleger VVV Turm","beschreib_lang":null,"foto1":"https://nlwkn.hannit-share.de/index.php/core/preview?fileId=11056679&x=1280&y=819&a=true","foto2":null,"foto3":null,"foto4":null,"link1":null,"link2":null,"denkmal":"Nein","AIS_NR":null,"Nr_WR":null,"rwert":369034,"hwert":5811251.0},"geometry":{"type":"Point","coordinates":[787410.191345359198749,6879301.376586771570146]}},
{"type":"Feature","properties":{"ID_con":2625,"bw_id":"VEC_SON_115445","name":"Alte Feuerwehrtreppe in der Böschung","GEW":"VEC","stat_von":115445,"bauart":"Böschungstreppe","baujahr":null,"upflicht":"Stadt Nordhorn","KTR":null,"FSK":"033151013000160008__","bemerk":null,"beschreib":"Alte Feuerwehrtreppe in der Böschung, Die Treppe iat als Bauwerk bei der Stadt gelistet und wird regelmäßig einer Bauwerkskontrolle durch die Stadt unterzogen.","beschreib_lang":"Alte Feuerwehrtreppe in der Böschung, Die Treppe iat als Bauwerk bei der Stadt gelistet und wird regelmäßig einer Bauwerkskontrolle durch die Stadt unterzogen. Die Treppe wird vom VVV als Ausstieg genutzt.","foto1":"https://nlwkn.hannit-share.de/index.php/core/preview?fileId=11748441&x=1280&y=819&a=true","foto2":"https://nlwkn.hannit-share.de/index.php/core/preview?fileId=12001743&x=1280&y=819&a=true","foto3":null,"foto4":null,"link1":null,"link2":null,"denkmal":"Nein","AIS_NR":0,"Nr_WR":null,"rwert":369031,"hwert":5811199.0},"geometry":{"type":"Point","coordinates":[787407.550795557675883,6879215.931577880866826]}},
{"type":"Feature","properties":{"ID_con":1657,"bw_id":"VEC_SON_116100","name":"Sandfang Nordhorn","GEW":"VEC","stat_von":116100,"bauart":"Sandfang","baujahr":"1972-1974","upflicht":"NLWKN","KTR":"MBOVE00100","FSK":"033151013000300023__","bemerk":null,"beschreib":"Vechtesee (Sandfang) Nordhorn. Ca. 16 ha Wasserfläche mit Tiefen bis 10 m","beschreib_lang":"Im Sommer kann auf dem Vechtesee eine Vielzahl von Angeboten genutzt werden.  Zum Beispiel kann man von Mai bis Oktober im Vechtesee Tretboot fahren oder sich mit den Ausflugsschiffen Vechtestromer oder Vechtesonne die Umgebung zeigen lassen. Außerdem kann man Wassersportarten wie Windsurfen, Segeln und Paddeln betreiben oder einen Spaziergang auf dem rund zwei Kilometer langen Weg um den See machen. Weiterhin befindet sich die kunstwegen-Station Parabolic Triangular Pavilion I des US-amerikanischen Künstlers Dan Graham am östlichen Ufer des Vechtesees._x000d_\nNeben dem örtlichen Bootsclub befindet sich seit 2009 ein Hotel- und Restaurantkomplex am Vechtesee. Des Weiteren hat die DLRG-Ortsgruppe Nordhorn ihre Rettungswachstation am Vechtesee._x000d_\n_x000d_\nUm die Stadt Nordhorn vor immer wiederkehrenden Hochwassern zu schützen, hat man Mitte der 60er Jahre die Vechte von Norden her bis an den Nordhorn-Almelo-Kanal ausgebaut. Da der Fluss ständig große Mengen feinkörnigen Sand mit sich führt, wurde es notwendig, einen Sandfang anzulegen, in dem sich sogn. „Geschiebe“ ablagert und mit Saugbaggern von Zeit zu Zeit entnommen werden kann. Dafür bot sich ein unbebautes, oft überflutetes Weide- und Ackerland an. Dieses befand sich östlich des Stadtteils „Streng“, rechtsseitig des Nordhorn-Almelo-Kanals._x000d_\n_x000d_\nDieser Sandfang sollte nach ursprünglichen Entwürfen ein großes, rechteckiges Gewässer werden. Beim Baudezernat der Stadt war man allerdings von dieser Bauform nicht begeistert, und man überlegte, ob man nicht eine in die Landschaft passende Wasserfläche anlegen könne. Nach längeren Verhandlungen mit den am Bau beteiligten Behörden, und nachdem man sich über die Finanzierung geeinigt hatte, gab man im Rathaus Grünes Licht für den Baubeginn. Die Gesamtfläche des Sees war auf 16,0 Hektar festgelegt. Der Auftrag zum Ausbaggern wurde einer Firma aus Haren-Emmeln zugesprochen._x000d_\n_x000d_\nAm 5. Juni 1972 begann man mit der Aushebung einer 50 x 50 Meter großen Fläche, die sich allmählich mit Grundwasser füllte. Aus den Niederlanden wurde ein weltweit eingesetzter Schwimmbagger angeliefert und in dieses Loch gesetzt. Von dort aus baggerte er sich nun selbstständig weiter. Durch dicke Spülleitungen wurde das Sand-Wasser-Gemisch zum Bau des Altendorfer Rings und andere Geländeaufspülungen gedrückt. Es wurden 850.000 Kubikmeter Boden bewegt. Die Gesamtkosten für dieses gewaltige Bauobjekt betrugen ca. 4 Millionen Deutsche Mark. Am 30. Mai konnte man die Fertigstellung vermelden. Der so entstandene „Vechtesee“, in unmittelbarer Nähe der Nordhorner Innenstadt gelegen, ist seit vielen Jahren ein gern angenommenes Erholungs- und Wassersportgebiet geworden.","foto1":"https://nlwkn.hannit-share.de/index.php/core/preview?fileId=11056694&x=1280&y=819&a=true","foto2":"https://nlwkn.hannit-share.de/index.php/core/preview?fileId=11056697&x=1280&y=819&a=true","foto3":"https://nlwkn.hannit-share.de/index.php/core/preview?fileId=11056676&x=1280&y=819&a=true","foto4":null,"link1":null,"link2":null,"denkmal":"Nein","AIS_NR":664,"Nr_WR":null,"rwert":369464,"hwert":5810860.0},"geometry":{"type":"Point","coordinates":[788130.917983647203073,6878678.680694297887385]}},
{"type":"Feature","properties":{"ID_con":2150,"bw_id":"VEC_SON_116445","name":"Einlaufleitwerk Sandfang NOH","GEW":"VEC","stat_von":116445,"bauart":"Leitwerk","baujahr":"1972-1974","upflicht":"NLWKN","KTR":"MBOVE00100","FSK":"033151013000300023__","bemerk":null,"beschreib":"Einlaufleitwerk Sandfang NOH","beschreib_lang":"Einlaufleitwerk Sandfang NOH","foto1":"https://nlwkn.hannit-share.de/index.php/core/preview?fileId=11056703&x=1280&y=819&a=true","foto2":"https://nlwkn.hannit-share.de/index.php/core/preview?fileId=11056706&x=1280&y=819&a=true","foto3":"https://nlwkn.hannit-share.de/index.php/core/preview?fileId=11056700&x=1280&y=819&a=true","foto4":"https://nlwkn.hannit-share.de/index.php/core/preview?fileId=11056712&x=1280&y=819&a=true","link1":null,"link2":null,"denkmal":"Nein","AIS_NR":null,"Nr_WR":null,"rwert":369510,"hwert":5810520.0},"geometry":{"type":"Point","coordinates":[788220.972458841162734,6878122.921423294581473]}},
{"type":"Feature","properties":{"ID_con":2507,"bw_id":"VEC_SON_116690","name":"Überfahrt Seepark Nordhorn","GEW":"VEC","stat_von":116690,"bauart":"Brücke","baujahr":"2023","upflicht":"Stadt Nordhorn","KTR":null,"FSK":"033151008000770101__","bemerk":null,"beschreib":"Überfahrt über den Seitenarm zum Seepark Nordhorn (siehe auch VEC_EIN_116700 ID: 2151)","beschreib_lang":null,"foto1":"https://nlwkn.hannit-share.de/index.php/core/preview?fileId=11056727&x=1280&y=819&a=true","foto2":"https://nlwkn.hannit-share.de/index.php/core/preview?fileId=11056730&x=1280&y=819&a=true","foto3":"https://nlwkn.hannit-share.de/index.php/core/preview?fileId=11056709&x=1280&y=819&a=true","foto4":null,"link1":null,"link2":null,"denkmal":"Nein","AIS_NR":0,"Nr_WR":null,"rwert":369620,"hwert":5810288.0},"geometry":{"type":"Point","coordinates":[788411.04252440109849,6877747.141517224721611]}},
{"type":"Feature","properties":{"ID_con":1658,"bw_id":"VEC_SON_116950","name":"Bootsanleger Brücke B213","GEW":"VEC","stat_von":116950,"bauart":"Bootsanleger","baujahr":null,"upflicht":"Stadt Nordhorn??","KTR":null,"FSK":"033151008001050024__","bemerk":"U-Pflicht prüfen","beschreib":"Bootsanleger Brücke B213","beschreib_lang":null,"foto1":"https://nlwkn.hannit-share.de/index.php/core/preview?fileId=11056736&x=1280&y=819&a=true","foto2":"https://nlwkn.hannit-share.de/index.php/core/preview?fileId=11056739&x=1280&y=819&a=true","foto3":"https://nlwkn.hannit-share.de/index.php/core/preview?fileId=11056733&x=1280&y=819&a=true","foto4":"https://nlwkn.hannit-share.de/index.php/core/preview?fileId=11056745&x=1280&y=819&a=true","link1":null,"link2":null,"denkmal":"Nein","AIS_NR":null,"Nr_WR":null,"rwert":369884,"hwert":5810250.0},"geometry":{"type":"Point","coordinates":[788844.660461284336634,6877696.288068735972047]}},
{"type":"Feature","properties":{"ID_con":2172,"bw_id":"VEC_SON_117000","name":"Biotop (GB-NOH 3508/030)","GEW":"VEC","stat_von":117000,"bauart":"Biotop","baujahr":null,"upflicht":"Landkreis Grafschaft Bentheim","KTR":null,"FSK":"033151008001050024__","bemerk":null,"beschreib":"Biotop","beschreib_lang":null,"foto1":"https://nlwkn.hannit-share.de/index.php/core/preview?fileId=11056748&x=1280&y=819&a=true","foto2":null,"foto3":null,"foto4":null,"link1":null,"link2":null,"denkmal":"Nein","AIS_NR":null,"Nr_WR":null,"rwert":369939,"hwert":5810294.0},"geometry":{"type":"Point","coordinates":[788932.748207466909662,6877770.852337514981627]}},
{"type":"Feature","properties":{"ID_con":2588,"bw_id":"VEC_SON_117155","name":"Brücke/Überfahrt zum Zoohafen Nordhorn","GEW":"VEC","stat_von":117155,"bauart":"Brücke/Überfahrt","baujahr":"2025","upflicht":"Stadt Nordhorn","KTR":null,"FSK":null,"bemerk":"noch nicht gebaut Akte anlegen, Vertrag einarbeiten","beschreib":"Brücke/Überfahrt zum Zoohafen Nordhorn","beschreib_lang":"Brücke/Überfahrt zum Zoohafen Nordhorn","foto1":"https://nlwkn.hannit-share.de/index.php/core/preview?fileId=11056751&x=1280&y=819&a=true","foto2":"https://nlwkn.hannit-share.de/index.php/core/preview?fileId=11056754&x=1280&y=819&a=true","foto3":"https://nlwkn.hannit-share.de/index.php/core/preview?fileId=11056742&x=1280&y=819&a=true","foto4":"https://nlwkn.hannit-share.de/index.php/core/preview?fileId=11056760&x=1280&y=819&a=true","link1":null,"link2":null,"denkmal":"Nein","AIS_NR":0,"Nr_WR":null,"rwert":370091,"hwert":5810226.0},"geometry":{"type":"Point","coordinates":[789184.402049384196289,6877665.904639865271747]}},
{"type":"Feature","properties":{"ID_con":2173,"bw_id":"VEC_SON_117550","name":"Biotop (GB-NOH 3508/031)","GEW":"VEC","stat_von":117550,"bauart":"Biotop","baujahr":null,"upflicht":null,"KTR":null,"FSK":"033151008001420007__","bemerk":null,"beschreib":"Biotop","beschreib_lang":null,"foto1":"https://nlwkn.hannit-share.de/index.php/core/preview?fileId=11056763&x=1280&y=819&a=true","foto2":"https://nlwkn.hannit-share.de/index.php/core/preview?fileId=11056766&x=1280&y=819&a=true","foto3":null,"foto4":null,"link1":null,"link2":null,"denkmal":"Nein","AIS_NR":0,"Nr_WR":null,"rwert":370482,"hwert":5810051.0},"geometry":{"type":"Point","coordinates":[789831.722221828531474,6877395.780509601347148]}},
{"type":"Feature","properties":{"ID_con":2157,"bw_id":"VEC_SON_118200","name":"Naturdenkmal (Biotop Nr. GB-NOH 3508/037)","GEW":"VEC","stat_von":118200,"bauart":"Biotop","baujahr":null,"upflicht":"Landkreis Grafschaft Bentheim","KTR":null,"FSK":"033151008001140006__","bemerk":null,"beschreib":"Naturdenkmal (Biotop Nr. GB-NOH 3508/037)","beschreib_lang":null,"foto1":"https://nlwkn.hannit-share.de/index.php/core/preview?fileId=11056769&x=1280&y=819&a=true","foto2":"https://nlwkn.hannit-share.de/index.php/core/preview?fileId=11056772&x=1280&y=819&a=true","foto3":"https://nlwkn.hannit-share.de/index.php/core/preview?fileId=11056757&x=1280&y=819&a=true","foto4":"https://nlwkn.hannit-share.de/index.php/core/preview?fileId=11056778&x=1280&y=819&a=true","link1":null,"link2":null,"denkmal":"Nein","AIS_NR":0,"Nr_WR":null,"rwert":370558,"hwert":5809360.0},"geometry":{"type":"Point","coordinates":[789985.851447042892687,6876265.700677966699004]}},
{"type":"Feature","properties":{"ID_con":2159,"bw_id":"VEC_SON_118500","name":"Naturdenkmal (Biotop Nr. GB-NOH 3508/034 , Altarm)","GEW":"VEC","stat_von":118500,"bauart":"Biotop","baujahr":null,"upflicht":"Landkreis Grafschaft Bentheim","KTR":null,"FSK":"033152007001200014__","bemerk":null,"beschreib":"Biotop, Naturdenkmal","beschreib_lang":null,"foto1":"https://nlwkn.hannit-share.de/index.php/core/preview?fileId=11056793&x=1280&y=819&a=true","foto2":"https://nlwkn.hannit-share.de/index.php/core/preview?fileId=11056796&x=1280&y=819&a=true","foto3":"https://nlwkn.hannit-share.de/index.php/core/preview?fileId=11056775&x=1280&y=819&a=true","foto4":"https://nlwkn.hannit-share.de/index.php/core/preview?fileId=11056802&x=1280&y=819&a=true","link1":null,"link2":null,"denkmal":"Nein","AIS_NR":0,"Nr_WR":null,"rwert":370663,"hwert":5809133.0},"geometry":{"type":"Point","coordinates":[790167.40013995859772,6875897.947296659462154]}},
{"type":"Feature","properties":{"ID_con":2160,"bw_id":"VEC_SON_118900","name":"Naturdenkmal (Biotop Nr. GB-NOH 3508/035 , Altarm)","GEW":"VEC","stat_von":118900,"bauart":"Biotop","baujahr":null,"upflicht":"Landkreis Grafschaft Bentheim","KTR":null,"FSK":"033152007001200014__","bemerk":null,"beschreib":"Naturdenkmal, Biotop","beschreib_lang":null,"foto1":"https://nlwkn.hannit-share.de/index.php/core/preview?fileId=11056805&x=1280&y=819&a=true","foto2":"https://nlwkn.hannit-share.de/index.php/core/preview?fileId=11056808&x=1280&y=819&a=true","foto3":"https://nlwkn.hannit-share.de/index.php/core/preview?fileId=11056799&x=1280&y=819&a=true","foto4":"https://nlwkn.hannit-share.de/index.php/core/preview?fileId=11056814&x=1280&y=819&a=true","link1":null,"link2":null,"denkmal":"Nein","AIS_NR":null,"Nr_WR":null,"rwert":370812,"hwert":5808819.0},"geometry":{"type":"Point","coordinates":[790424.648383589577861,6875389.431043501012027]}},
{"type":"Feature","properties":{"ID_con":2161,"bw_id":"VEC_SON_119100","name":"Naturdenkmal Vechtealtarm Hesepe (Biotop Nr. GB-NOH 3508/036 , Altarm)","GEW":"VEC","stat_von":119100,"bauart":"Biotop","baujahr":null,"upflicht":"Landkreis Grafschaft Bentheim","KTR":null,"FSK":"033152004000200009__","bemerk":null,"beschreib":"Naturdenkmal Vechtealtarm Hesepe: https://de.wikipedia.org/wiki/Liste_der_Naturdenkmale_im_Landkreis_Grafschaft_Bentheim_x000d_\n, Biotop","beschreib_lang":null,"foto1":"https://nlwkn.hannit-share.de/index.php/core/preview?fileId=11056817&x=1280&y=819&a=true","foto2":"https://nlwkn.hannit-share.de/index.php/core/preview?fileId=11056820&x=1280&y=819&a=true","foto3":"https://nlwkn.hannit-share.de/index.php/core/preview?fileId=11056811&x=1280&y=819&a=true","foto4":"https://nlwkn.hannit-share.de/index.php/core/preview?fileId=11056826&x=1280&y=819&a=true","link1":null,"link2":null,"denkmal":"Nein","AIS_NR":null,"Nr_WR":null,"rwert":370986,"hwert":5808715.0},"geometry":{"type":"Point","coordinates":[790713.741251852246933,6875226.377615725621581]}},
{"type":"Feature","properties":{"ID_con":2164,"bw_id":"VEC_SON_120650","name":"Biotop (GB-NOH 3508/042)","GEW":"VEC","stat_von":120650,"bauart":"Biotop","baujahr":null,"upflicht":"Landkreis Grafschaft Bentheim","KTR":null,"FSK":"033152004000200009__","bemerk":null,"beschreib":"Biotop","beschreib_lang":null,"foto1":null,"foto2":null,"foto3":null,"foto4":null,"link1":null,"link2":null,"denkmal":"Nein","AIS_NR":0,"Nr_WR":null,"rwert":371573,"hwert":5807388.0},"geometry":{"type":"Point","coordinates":[791730.626432188088074,6873075.760355994105339]}},
{"type":"Feature","properties":{"ID_con":2165,"bw_id":"VEC_SON_120700","name":"Biotop (GB-NOH 3508/043)","GEW":"VEC","stat_von":120700,"bauart":"Biotop","baujahr":null,"upflicht":"Landkreis Grafschaft Bentheim","KTR":null,"FSK":"033152004000200009__","bemerk":null,"beschreib":"_x000d_\nBiotop","beschreib_lang":null,"foto1":null,"foto2":null,"foto3":null,"foto4":null,"link1":null,"link2":null,"denkmal":"Nein","AIS_NR":0,"Nr_WR":null,"rwert":371722,"hwert":5807352.0},"geometry":{"type":"Point","coordinates":[791975.826945703243837,6873023.11612087674439]}},
{"type":"Feature","properties":{"ID_con":1660,"bw_id":"VEC_SON_121000","name":"Teich rechts (Tillenberge)","GEW":"VEC","stat_von":121000,"bauart":"Teich","baujahr":null,"upflicht":null,"KTR":null,"FSK":"033152004000580026__","bemerk":null,"beschreib":"Teich rechts (Tillenberge)","beschreib_lang":null,"foto1":"https://nlwkn.hannit-share.de/index.php/core/preview?fileId=11056856&x=1280&y=819&a=true","foto2":null,"foto3":null,"foto4":null,"link1":null,"link2":null,"denkmal":"Nein","AIS_NR":null,"Nr_WR":null,"rwert":372005,"hwert":5807488.0},"geometry":{"type":"Point","coordinates":[792432.836216820520349,6873258.170533723197877]}},
{"type":"Feature","properties":{"ID_con":2167,"bw_id":"VEC_SON_121100","name":"Böschungstreppe (Privat)","GEW":"VEC","stat_von":121100,"bauart":"Böschungstreppe","baujahr":null,"upflicht":null,"KTR":null,"FSK":"033152004000620016__","bemerk":null,"beschreib":"Böschungstreppe (Privat)","beschreib_lang":null,"foto1":"https://nlwkn.hannit-share.de/index.php/core/preview?fileId=11056856&x=1280&y=819&a=true","foto2":"https://nlwkn.hannit-share.de/index.php/core/preview?fileId=11056859&x=1280&y=819&a=true","foto3":"https://nlwkn.hannit-share.de/index.php/core/preview?fileId=11056862&x=1280&y=819&a=true","foto4":null,"link1":null,"link2":null,"denkmal":"Nein","AIS_NR":null,"Nr_WR":null,"rwert":372110,"hwert":5807510.0},"geometry":{"type":"Point","coordinates":[792603.615191838005558,6873298.717821817845106]}},
{"type":"Feature","properties":{"ID_con":2168,"bw_id":"VEC_SON_121445","name":"Brücke  (Fußweg)","GEW":"VEC","stat_von":121445,"bauart":"Brücke","baujahr":null,"upflicht":null,"KTR":null,"FSK":"033152003000230005__","bemerk":null,"beschreib":"Brücke  (Fußweg)","beschreib_lang":null,"foto1":"https://nlwkn.hannit-share.de/index.php/core/preview?fileId=11056865&x=1280&y=819&a=true","foto2":"https://nlwkn.hannit-share.de/index.php/core/preview?fileId=11056868&x=1280&y=819&a=true","foto3":"https://nlwkn.hannit-share.de/index.php/core/preview?fileId=11056862&x=1280&y=819&a=true","foto4":"https://nlwkn.hannit-share.de/index.php/core/preview?fileId=11056874&x=1280&y=819&a=true","link1":"https://nlwkn.hannit-share.de/index.php/core/preview?fileId=11057000&x=1280&y=819&a=true","link2":null,"denkmal":"Nein","AIS_NR":0,"Nr_WR":null,"rwert":372387,"hwert":5807349.0},"geometry":{"type":"Point","coordinates":[793063.450158710940741,6873046.56103568058461]}},
{"type":"Feature","properties":{"ID_con":2169,"bw_id":"VEC_SON_121470","name":"Biotop (GB-NOH 3508/040)","GEW":"VEC","stat_von":121470,"bauart":"Biotop","baujahr":null,"upflicht":"Landkreis Grafschaft Bentheim","KTR":null,"FSK":"033152003000230009__","bemerk":null,"beschreib":"Biotop","beschreib_lang":null,"foto1":"https://nlwkn.hannit-share.de/index.php/core/preview?fileId=11056880&x=1280&y=819&a=true","foto2":"https://nlwkn.hannit-share.de/index.php/core/preview?fileId=11056883&x=1280&y=819&a=true","foto3":null,"foto4":null,"link1":null,"link2":null,"denkmal":"Nein","AIS_NR":0,"Nr_WR":null,"rwert":372424,"hwert":5807332.0},"geometry":{"type":"Point","coordinates":[793124.678875935496762,6873020.264348116703331]}},
{"type":"Feature","properties":{"ID_con":1661,"bw_id":"VEC_SON_121525","name":"Schrägpegel mit Pegeltreppe uh Wehr Brandlecht","GEW":"VEC","stat_von":121525,"bauart":"Schrägpegel","baujahr":"1976","upflicht":"NLWKN","KTR":null,"FSK":"033152003000260004__","bemerk":null,"beschreib":"Schrägpegel mit Pegeltreppe unterhalb Wehr Brandlecht","beschreib_lang":null,"foto1":"https://nlwkn.hannit-share.de/index.php/core/preview?fileId=11056886&x=1280&y=819&a=true","foto2":"https://nlwkn.hannit-share.de/index.php/core/preview?fileId=11056889&x=1280&y=819&a=true","foto3":"https://nlwkn.hannit-share.de/index.php/core/preview?fileId=11056871&x=1280&y=819&a=true","foto4":"https://nlwkn.hannit-share.de/index.php/core/preview?fileId=11056895&x=1280&y=819&a=true","link1":null,"link2":null,"denkmal":"Nein","AIS_NR":null,"Nr_WR":null,"rwert":372411,"hwert":5807269.0},"geometry":{"type":"Point","coordinates":[793106.092331630759872,6872916.427625558339059]}},
{"type":"Feature","properties":{"ID_con":1662,"bw_id":"VEC_SON_121580","name":"Böschungstreppe links Wehr Brandlecht","GEW":"VEC","stat_von":121580,"bauart":"Böschungstreppe","baujahr":"1976","upflicht":"NLWKN","KTR":null,"FSK":"033152003000240012__","bemerk":null,"beschreib":"Böschungstreppe links Wehr Brandlecht","beschreib_lang":"Böschungstreppe links Wehr Brandlecht","foto1":"https://nlwkn.hannit-share.de/index.php/core/preview?fileId=11056910&x=1280&y=819&a=true","foto2":"https://nlwkn.hannit-share.de/index.php/core/preview?fileId=11056913&x=1280&y=819&a=true","foto3":"https://nlwkn.hannit-share.de/index.php/core/preview?fileId=11056892&x=1280&y=819&a=true","foto4":null,"link1":null,"link2":null,"denkmal":"Nein","AIS_NR":null,"Nr_WR":null,"rwert":372417,"hwert":5807205.0},"geometry":{"type":"Point","coordinates":[793118.619208521675318,6872811.760887537151575]}},
{"type":"Feature","properties":{"ID_con":1663,"bw_id":"VEC_SON_121585","name":"Betriebsgebäude (Steuerung Wehr Brandlecht)","GEW":"VEC","stat_von":121585,"bauart":"Betriebsgebäude","baujahr":"1976","upflicht":"NLWKN","KTR":null,"FSK":"033152003000240012__","bemerk":null,"beschreib":"Betriebsgebäude (Steuerung Wehr Brandlecht)","beschreib_lang":"Betriebsgebäude (Steuerung Wehr Brandlecht)","foto1":"https://nlwkn.hannit-share.de/index.php/core/preview?fileId=11056919&x=1280&y=819&a=true","foto2":"https://nlwkn.hannit-share.de/index.php/core/preview?fileId=11056922&x=1280&y=819&a=true","foto3":"https://nlwkn.hannit-share.de/index.php/core/preview?fileId=11056916&x=1280&y=819&a=true","foto4":"https://nlwkn.hannit-share.de/index.php/core/preview?fileId=11056928&x=1280&y=819&a=true","link1":null,"link2":null,"denkmal":"Nein","AIS_NR":660,"Nr_WR":null,"rwert":372434,"hwert":5807211.0},"geometry":{"type":"Point","coordinates":[793146.164674264960922,6872822.320183224976063]}},
{"type":"Feature","properties":{"ID_con":1664,"bw_id":"VEC_SON_121610","name":"Böschungstreppe (obere Böschung)","GEW":"VEC","stat_von":121610,"bauart":"Böschungstreppe","baujahr":null,"upflicht":"??","KTR":null,"FSK":"033152003000240012__","bemerk":null,"beschreib":"Böschungstreppe (obere Böschung)","beschreib_lang":null,"foto1":"https://nlwkn.hannit-share.de/index.php/core/preview?fileId=11056931&x=1280&y=819&a=true","foto2":"https://nlwkn.hannit-share.de/index.php/core/preview?fileId=11056934&x=1280&y=819&a=true","foto3":"https://nlwkn.hannit-share.de/index.php/core/preview?fileId=11056925&x=1280&y=819&a=true","foto4":"https://nlwkn.hannit-share.de/index.php/core/preview?fileId=11056940&x=1280&y=819&a=true","link1":null,"link2":null,"denkmal":"Nein","AIS_NR":null,"Nr_WR":null,"rwert":372462,"hwert":5807204.0},"geometry":{"type":"Point","coordinates":[793192.249756437959149,6872812.034897582605481]}},
{"type":"Feature","properties":{"ID_con":1665,"bw_id":"VEC_SON_121625","name":"Schrägpegel mit Treppe oh Wehr Brandlecht","GEW":"VEC","stat_von":121625,"bauart":"Schrägpegel","baujahr":"1976","upflicht":null,"KTR":null,"FSK":"033152003000240012__","bemerk":null,"beschreib":"Schrägpegel mit Treppe oberhalb Wehr Brandlecht","beschreib_lang":null,"foto1":"https://nlwkn.hannit-share.de/index.php/core/preview?fileId=11056943&x=1280&y=819&a=true","foto2":"https://nlwkn.hannit-share.de/index.php/core/preview?fileId=11056946&x=1280&y=819&a=true","foto3":"https://nlwkn.hannit-share.de/index.php/core/preview?fileId=11056937&x=1280&y=819&a=true","foto4":null,"link1":null,"link2":null,"denkmal":"Nein","AIS_NR":null,"Nr_WR":null,"rwert":372466,"hwert":5807187.0},"geometry":{"type":"Point","coordinates":[793199.511805314570665,6872784.335275722667575]}},
{"type":"Feature","properties":{"ID_con":1666,"bw_id":"VEC_SON_122960","name":"Böschungsabbruch Stroot","GEW":"VEC","stat_von":122960,"bauart":"Auskolkung","baujahr":null,"upflicht":"NLWKN","KTR":null,"FSK":"03315301100018______","bemerk":null,"beschreib":"In Folge des Hochwassers 2023/24 wurde der bereits vorhandene Kolk stark vergrößert. Es kam zu Ausspülungen auf der angrenzenden landwirtschaftlichen Fläche","beschreib_lang":"In Folge des Hochwassers 2023/24 wurde der bereits vorhandene Kolk stark vergrößert. Es kam zu Ausspülungen auf der angrenzenden landwirtschaftlichen Fläche","foto1":"https://nlwkn.hannit-share.de/index.php/core/preview?fileId=11056958&x=1280&y=819&a=true","foto2":"https://nlwkn.hannit-share.de/index.php/core/preview?fileId=11757096&x=1280&y=819&a=true","foto3":"https://nlwkn.hannit-share.de/index.php/core/preview?fileId=11757095&x=1280&y=819&a=true","foto4":"https://nlwkn.hannit-share.de/index.php/core/preview?fileId=11757097&x=1280&y=819&a=true","link1":null,"link2":null,"denkmal":"Nein","AIS_NR":null,"Nr_WR":null,"rwert":373552,"hwert":5806580.0},"geometry":{"type":"Point","coordinates":[795000.962963859084994,6871835.242795665748417]}},
{"type":"Feature","properties":{"ID_con":1667,"bw_id":"VEC_SON_123040","name":"Fundamentreste in Sohle und Böschung","GEW":"VEC","stat_von":123040,"bauart":"Fremdkörper in Sohle und Böschung","baujahr":null,"upflicht":"NLWKN","KTR":null,"FSK":"03315301100018______","bemerk":null,"beschreib":"Fundamentreste in Sohle und Böschung","beschreib_lang":null,"foto1":"https://nlwkn.hannit-share.de/index.php/core/preview?fileId=11056961&x=1280&y=819&a=true","foto2":"https://nlwkn.hannit-share.de/index.php/core/preview?fileId=11056964&x=1280&y=819&a=true","foto3":null,"foto4":null,"link1":null,"link2":null,"denkmal":"Nein","AIS_NR":null,"Nr_WR":null,"rwert":373629,"hwert":5806555.0},"geometry":{"type":"Point","coordinates":[795127.91657702322118,6871797.506034811958671]}},
{"type":"Feature","properties":{"ID_con":1668,"bw_id":"VEC_SON_123435","name":"Kolk linksseitig in Außenkurve (Fläche bereits betroffen)","GEW":"VEC","stat_von":123435,"bauart":"Auskolkung","baujahr":null,"upflicht":"NLWKN","KTR":null,"FSK":"034202015000010001__","bemerk":null,"beschreib":"Kolk linksseitig in Außenkurve (Fläche bereits betroffen)","beschreib_lang":null,"foto1":"https://nlwkn.hannit-share.de/index.php/core/preview?fileId=11056967&x=1280&y=819&a=true","foto2":"https://nlwkn.hannit-share.de/index.php/core/preview?fileId=11056970&x=1280&y=819&a=true","foto3":"https://nlwkn.hannit-share.de/index.php/core/preview?fileId=11056949&x=1280&y=819&a=true","foto4":"https://nlwkn.hannit-share.de/index.php/core/preview?fileId=11056976&x=1280&y=819&a=true","link1":null,"link2":null,"denkmal":"Nein","AIS_NR":null,"Nr_WR":null,"rwert":373918,"hwert":5806310.0},"geometry":{"type":"Point","coordinates":[795610.729193697217852,6871408.064771289005876]}},
{"type":"Feature","properties":{"ID_con":1669,"bw_id":"VEC_SON_124115","name":"Bootsanleger oberhalb Brücke","GEW":"VEC","stat_von":124115,"bauart":"Bootsanleger","baujahr":null,"upflicht":"??","KTR":null,"FSK":"034202015000010001__","bemerk":"??prüfen","beschreib":"Bootsanleger oberhalb Brücke","beschreib_lang":null,"foto1":"https://nlwkn.hannit-share.de/index.php/core/preview?fileId=11056979&x=1280&y=819&a=true","foto2":"https://nlwkn.hannit-share.de/index.php/core/preview?fileId=11056982&x=1280&y=819&a=true","foto3":"https://nlwkn.hannit-share.de/index.php/core/preview?fileId=11056973&x=1280&y=819&a=true","foto4":null,"link1":null,"link2":null,"denkmal":"Nein","AIS_NR":null,"Nr_WR":null,"rwert":374493,"hwert":5806139.0},"geometry":{"type":"Point","coordinates":[796558.00644344300963,6871151.875843079760671]}},
{"type":"Feature","properties":{"ID_con":1670,"bw_id":"VEC_SON_124450","name":"Kolk beidseitig unterhalb Sohlgleite Eistrup","GEW":"VEC","stat_von":124450,"bauart":"Auskolkung","baujahr":null,"upflicht":"NLWKN","KTR":null,"FSK":"034202015000010001__","bemerk":null,"beschreib":"Kolk beidseitig unterhalb Sohlgleite Eistrup","beschreib_lang":null,"foto1":"https://nlwkn.hannit-share.de/index.php/core/preview?fileId=11056988&x=1280&y=819&a=true","foto2":"https://nlwkn.hannit-share.de/index.php/core/preview?fileId=11056991&x=1280&y=819&a=true","foto3":"https://nlwkn.hannit-share.de/index.php/core/preview?fileId=11056985&x=1280&y=819&a=true","foto4":"https://nlwkn.hannit-share.de/index.php/core/preview?fileId=11056997&x=1280&y=819&a=true","link1":"https://nlwkn.hannit-share.de/index.php/core/preview?fileId=11057303&x=1280&y=819&a=true","link2":null,"denkmal":"Nein","AIS_NR":null,"Nr_WR":null,"rwert":374712,"hwert":5805891.0},"geometry":{"type":"Point","coordinates":[796926.393543800106272,6870754.540264621376991]}},
{"type":"Feature","properties":{"ID_con":1671,"bw_id":"VEC_SON_125020","name":"Kolk linksseitig in Außenkurve (Fläche bereits betroffen)","GEW":"VEC","stat_von":125020,"bauart":"Auskolkung","baujahr":null,"upflicht":"NLWKN","KTR":null,"FSK":"03420200300001______","bemerk":null,"beschreib":"Kolk linksseitig in Außenkurve (Fläche bereits betroffen)","beschreib_lang":null,"foto1":"https://nlwkn.hannit-share.de/index.php/core/preview?fileId=11057021&x=1280&y=819&a=true","foto2":"https://nlwkn.hannit-share.de/index.php/core/preview?fileId=11057024&x=1280&y=819&a=true","foto3":null,"foto4":null,"link1":null,"link2":null,"denkmal":"Nein","AIS_NR":null,"Nr_WR":null,"rwert":375202,"hwert":5805643.0},"geometry":{"type":"Point","coordinates":[797737.783792014699429,6870368.483540888875723]}},
{"type":"Feature","properties":{"ID_con":2148,"bw_id":"VEC_SON_125185","name":"Infotafel LK Grafschaft Bentheim","GEW":"VEC","stat_von":125185,"bauart":"Infotafel","baujahr":null,"upflicht":"Landkreis Grafschaft Bentheim","KTR":null,"FSK":"03315301200027______","bemerk":null,"beschreib":"Infotafel LK Grafschaft Bentheim","beschreib_lang":null,"foto1":"https://nlwkn.hannit-share.de/index.php/core/preview?fileId=11057027&x=1280&y=819&a=true","foto2":"https://nlwkn.hannit-share.de/index.php/core/preview?fileId=11057030&x=1280&y=819&a=true","foto3":null,"foto4":null,"link1":null,"link2":null,"denkmal":"Nein","AIS_NR":null,"Nr_WR":null,"rwert":375367,"hwert":5805651.0},"geometry":{"type":"Point","coordinates":[798007.200590541353449,6870388.449107951484621]}},
{"type":"Feature","properties":{"ID_con":1672,"bw_id":"VEC_SON_125325","name":"Kolk linksseitig in Innerkurve (Fläche bereits betroffen)","GEW":"VEC","stat_von":125325,"bauart":"Auskolkung","baujahr":null,"upflicht":"NLWKN","KTR":null,"FSK":"03420200300001______","bemerk":null,"beschreib":"Kolk linksseitig in Innerkurve (Fläche bereits betroffen)","beschreib_lang":null,"foto1":"https://nlwkn.hannit-share.de/index.php/core/preview?fileId=11057033&x=1280&y=819&a=true","foto2":"https://nlwkn.hannit-share.de/index.php/core/preview?fileId=11057036&x=1280&y=819&a=true","foto3":null,"foto4":null,"link1":null,"link2":null,"denkmal":"Nein","AIS_NR":null,"Nr_WR":null,"rwert":375483,"hwert":5805575.0},"geometry":{"type":"Point","coordinates":[798199.986359804170206,6870268.703203189186752]}},
{"type":"Feature","properties":{"ID_con":1673,"bw_id":"VEC_SON_127095","name":"Kolk rechtsseitig unterhalb Sohlgleite Rohrbachstau","GEW":"VEC","stat_von":127095,"bauart":"Auskolkung","baujahr":null,"upflicht":"NLWKN","KTR":null,"FSK":"033153009000480002__","bemerk":"in Außenkurve rechtsseitig (Fläche bereits betroff","beschreib":"Kolk rechtsseitig unterhalb Sohlgleite Rohrbachstau","beschreib_lang":null,"foto1":"https://nlwkn.hannit-share.de/index.php/core/preview?fileId=11057054&x=1280&y=819&a=true","foto2":"https://nlwkn.hannit-share.de/index.php/core/preview?fileId=11057057&x=1280&y=819&a=true","foto3":null,"foto4":null,"link1":null,"link2":null,"denkmal":"Nein","AIS_NR":null,"Nr_WR":null,"rwert":376721,"hwert":5804575.0},"geometry":{"type":"Point","coordinates":[800264.855194827076048,6868681.006507077254355]}},
{"type":"Feature","properties":{"ID_con":1674,"bw_id":"VEC_SON_127355","name":"Kunstprojekt \"Raumansichten\"","GEW":"VEC","stat_von":127355,"bauart":"Kunst","baujahr":null,"upflicht":null,"KTR":null,"FSK":"03420500100094______","bemerk":null,"beschreib":"Kunstprojekt \"Raumansichten\"","beschreib_lang":null,"foto1":"https://nlwkn.hannit-share.de/index.php/core/preview?fileId=11057072&x=1280&y=819&a=true","foto2":"https://nlwkn.hannit-share.de/index.php/core/preview?fileId=11057075&x=1280&y=819&a=true","foto3":"https://nlwkn.hannit-share.de/index.php/core/preview?fileId=11056994&x=1280&y=819&a=true","foto4":"https://nlwkn.hannit-share.de/index.php/core/preview?fileId=11057081&x=1280&y=819&a=true","link1":null,"link2":null,"denkmal":"Nein","AIS_NR":null,"Nr_WR":null,"rwert":376800,"hwert":5804442.0},"geometry":{"type":"Point","coordinates":[800399.422679457580671,6868466.31391572766006]}},
{"type":"Feature","properties":{"ID_con":1675,"bw_id":"VEC_SON_127805","name":"Kolk beidseitig","GEW":"VEC","stat_von":127805,"bauart":"Auskolkung","baujahr":null,"upflicht":"NLWKN","KTR":null,"FSK":"03420500200345______","bemerk":"Außenkurvedroht in Talgraben links durchzubrechen)","beschreib":"Kolk beidseitig","beschreib_lang":null,"foto1":"https://nlwkn.hannit-share.de/index.php/core/preview?fileId=11057084&x=1280&y=819&a=true","foto2":"https://nlwkn.hannit-share.de/index.php/core/preview?fileId=11057087&x=1280&y=819&a=true","foto3":"https://nlwkn.hannit-share.de/index.php/core/preview?fileId=11057078&x=1280&y=819&a=true","foto4":"https://nlwkn.hannit-share.de/index.php/core/preview?fileId=11057093&x=1280&y=819&a=true","link1":null,"link2":null,"denkmal":"Nein","AIS_NR":null,"Nr_WR":null,"rwert":376906,"hwert":5803908.0},"geometry":{"type":"Point","coordinates":[800594.499289764557034,6867595.705033491365612]}},
{"type":"Feature","properties":{"ID_con":1676,"bw_id":"VEC_SON_127810","name":"Mauerrest in Böschung","GEW":"VEC","stat_von":127810,"bauart":"Fremdkörper in Sohle und Böschung","baujahr":null,"upflicht":null,"KTR":null,"FSK":"03420500200345______","bemerk":null,"beschreib":"Mauerrest in Böschung. Der Mauerrest bestehend auch Klinkersteinen stammt von einer hier ehemals vorhandenen Brücke.","beschreib_lang":"Mauerrest in Böschung. Der Mauerrest bestehend auch Klinkersteinen stammt von einer hier ehemals vorhandenen Brücke.","foto1":"https://nlwkn.hannit-share.de/index.php/core/preview?fileId=11675163&x=1280&y=819&a=true","foto2":"https://nlwkn.hannit-share.de/index.php/core/preview?fileId=11675160&x=1280&y=819&a=true","foto3":"https://nlwkn.hannit-share.de/index.php/core/preview?fileId=11675162&x=1280&y=819&a=true","foto4":"https://nlwkn.hannit-share.de/index.php/core/preview?fileId=11675161&x=1280&y=819&a=true","link1":null,"link2":null,"denkmal":"Nein","AIS_NR":null,"Nr_WR":null,"rwert":376897,"hwert":5803902.0},"geometry":{"type":"Point","coordinates":[800580.035799085977487,6867585.505945008248091]}},
{"type":"Feature","properties":{"ID_con":1677,"bw_id":"VEC_SON_127935","name":"Kolk rechtsseitig in Außenkurve","GEW":"VEC","stat_von":127935,"bauart":"Auskolkung","baujahr":null,"upflicht":"NLWKN","KTR":null,"FSK":"03420800600170______","bemerk":null,"beschreib":"Kolk rechtsseitig in Außenkurve","beschreib_lang":null,"foto1":"https://nlwkn.hannit-share.de/index.php/core/preview?fileId=11057096&x=1280&y=819&a=true","foto2":"https://nlwkn.hannit-share.de/index.php/core/preview?fileId=11057099&x=1280&y=819&a=true","foto3":null,"foto4":null,"link1":null,"link2":null,"denkmal":"Nein","AIS_NR":null,"Nr_WR":null,"rwert":376984,"hwert":5803805.0},"geometry":{"type":"Point","coordinates":[800726.180349925649352,6867430.145263882353902]}},
{"type":"Feature","properties":{"ID_con":1678,"bw_id":"VEC_SON_127960","name":"Kolk rechtsseitig in Außenkurve","GEW":"VEC","stat_von":127960,"bauart":"Auskolkung","baujahr":null,"upflicht":"NLWKN","KTR":null,"FSK":"03420800600170______","bemerk":null,"beschreib":"Kolk rechtsseitig in Außenkurve","beschreib_lang":null,"foto1":"https://nlwkn.hannit-share.de/index.php/core/preview?fileId=11057102&x=1280&y=819&a=true","foto2":"https://nlwkn.hannit-share.de/index.php/core/preview?fileId=11057105&x=1280&y=819&a=true","foto3":null,"foto4":null,"link1":null,"link2":null,"denkmal":"Nein","AIS_NR":null,"Nr_WR":null,"rwert":376997,"hwert":5803783.0},"geometry":{"type":"Point","coordinates":[800748.32399962132331,6867394.633320729248226]}},
{"type":"Feature","properties":{"ID_con":1679,"bw_id":"VEC_SON_128495","name":"Kolk rechtsseitig (Fläche bereits betroffen)","GEW":"VEC","stat_von":128495,"bauart":"Auskolkung","baujahr":null,"upflicht":"NLWKN","KTR":null,"FSK":"03420800600170______","bemerk":null,"beschreib":"Kolk rechtsseitig (Fläche bereits betroffen)","beschreib_lang":null,"foto1":"https://nlwkn.hannit-share.de/index.php/core/preview?fileId=11057108&x=1280&y=819&a=true","foto2":"https://nlwkn.hannit-share.de/index.php/core/preview?fileId=11057111&x=1280&y=819&a=true","foto3":"https://nlwkn.hannit-share.de/index.php/core/preview?fileId=11057090&x=1280&y=819&a=true","foto4":"https://nlwkn.hannit-share.de/index.php/core/preview?fileId=11057117&x=1280&y=819&a=true","link1":null,"link2":null,"denkmal":"Nein","AIS_NR":null,"Nr_WR":null,"rwert":377046,"hwert":5803257.0},"geometry":{"type":"Point","coordinates":[800849.866409798734821,6866534.904648424126208]}},
{"type":"Feature","properties":{"ID_con":1680,"bw_id":"VEC_SON_129900","name":"Kolk beidseitig","GEW":"VEC","stat_von":129900,"bauart":"Auskolkung","baujahr":null,"upflicht":"NLWKN","KTR":null,"FSK":"034205012000240006__","bemerk":null,"beschreib":"Kolk beidseitig","beschreib_lang":null,"foto1":"https://nlwkn.hannit-share.de/index.php/core/preview?fileId=11057135&x=1280&y=819&a=true","foto2":null,"foto3":null,"foto4":null,"link1":null,"link2":null,"denkmal":"Nein","AIS_NR":null,"Nr_WR":null,"rwert":376439,"hwert":5802285.0},"geometry":{"type":"Point","coordinates":[799897.824100423255004,6864917.863345760852098]}},
{"type":"Feature","properties":{"ID_con":1681,"bw_id":"VEC_SON_130765","name":"Kolk rechtsseitig (auf Landesfläche)","GEW":"VEC","stat_von":130765,"bauart":"Auskolkung","baujahr":null,"upflicht":"NLWKN","KTR":null,"FSK":"03422200800031______","bemerk":null,"beschreib":"Kolk rechtsseitig (auf Landesfläche)","beschreib_lang":null,"foto1":"https://nlwkn.hannit-share.de/index.php/core/preview?fileId=11057138&x=1280&y=819&a=true","foto2":null,"foto3":null,"foto4":null,"link1":null,"link2":null,"denkmal":"Nein","AIS_NR":null,"Nr_WR":null,"rwert":376485,"hwert":5801442.0},"geometry":{"type":"Point","coordinates":[800007.502279206644744,6863539.156457000412047]}},
{"type":"Feature","properties":{"ID_con":1682,"bw_id":"VEC_SON_130805","name":"Kolk rechtsseitig (auf Landesfläche)","GEW":"VEC","stat_von":130805,"bauart":"Auskolkung","baujahr":null,"upflicht":"NLWKN","KTR":null,"FSK":"03422200800031______","bemerk":null,"beschreib":"Kolk rechtsseitig (auf Landesfläche)","beschreib_lang":null,"foto1":"https://nlwkn.hannit-share.de/index.php/core/preview?fileId=11057141&x=1280&y=819&a=true","foto2":null,"foto3":null,"foto4":null,"link1":null,"link2":null,"denkmal":"Nein","AIS_NR":null,"Nr_WR":null,"rwert":376489,"hwert":5801401.0},"geometry":{"type":"Point","coordinates":[800015.714904705761001,6863472.1801891727373]}},
{"type":"Feature","properties":{"ID_con":1683,"bw_id":"VEC_SON_131025","name":"Kolk beidseitig unterhalb Sohlgleite Löbmann","GEW":"VEC","stat_von":131025,"bauart":"Auskolkung","baujahr":null,"upflicht":"NLWKN","KTR":null,"FSK":"03422200800030______","bemerk":null,"beschreib":"Kolk beidseitig unterhalb Sohlgleite Löbmann","beschreib_lang":null,"foto1":"https://nlwkn.hannit-share.de/index.php/core/preview?fileId=11057147&x=1280&y=819&a=true","foto2":"https://nlwkn.hannit-share.de/index.php/core/preview?fileId=11057150&x=1280&y=819&a=true","foto3":"https://nlwkn.hannit-share.de/index.php/core/preview?fileId=11057114&x=1280&y=819&a=true","foto4":"https://nlwkn.hannit-share.de/index.php/core/preview?fileId=11057156&x=1280&y=819&a=true","link1":null,"link2":null,"denkmal":"Nein","AIS_NR":null,"Nr_WR":null,"rwert":376366,"hwert":5801222.0},"geometry":{"type":"Point","coordinates":[799822.135758770862594,6863174.010382993146777]}},
{"type":"Feature","properties":{"ID_con":1684,"bw_id":"VEC_SON_131245","name":"Kolk beidseitig unterhalb Sohlgleite Löpmann","GEW":"VEC","stat_von":131245,"bauart":"Auskolkung","baujahr":null,"upflicht":"NLWKN","KTR":null,"FSK":"03422200800030______","bemerk":null,"beschreib":"Kolk beidseitig unterhalb Sohlgleite Löpmann","beschreib_lang":null,"foto1":"https://nlwkn.hannit-share.de/index.php/core/preview?fileId=11057165&x=1280&y=819&a=true","foto2":"https://nlwkn.hannit-share.de/index.php/core/preview?fileId=11057168&x=1280&y=819&a=true","foto3":null,"foto4":null,"link1":null,"link2":null,"denkmal":"Nein","AIS_NR":null,"Nr_WR":null,"rwert":376284,"hwert":5801033.0},"geometry":{"type":"Point","coordinates":[799695.947573236655444,6862861.158363911323249]}},
{"type":"Feature","properties":{"ID_con":1685,"bw_id":"VEC_SON_131260","name":"Alter Dükerest","GEW":"VEC","stat_von":131260,"bauart":"Fremdkörper in Sohle und Böschung","baujahr":null,"upflicht":"NLWKN","KTR":null,"FSK":"03422200800030______","bemerk":null,"beschreib":"Alter Dükerest","beschreib_lang":null,"foto1":"https://nlwkn.hannit-share.de/index.php/core/preview?fileId=11057171&x=1280&y=819&a=true","foto2":"https://nlwkn.hannit-share.de/index.php/core/preview?fileId=11057174&x=1280&y=819&a=true","foto3":"https://nlwkn.hannit-share.de/index.php/core/preview?fileId=11057153&x=1280&y=819&a=true","foto4":"https://nlwkn.hannit-share.de/index.php/core/preview?fileId=11057180&x=1280&y=819&a=true","link1":null,"link2":null,"denkmal":"Nein","AIS_NR":null,"Nr_WR":null,"rwert":376278,"hwert":5801016.0},"geometry":{"type":"Point","coordinates":[799686.844688367447816,6862833.075289013795555]}},
{"type":"Feature","properties":{"ID_con":1686,"bw_id":"VEC_SON_131445","name":"Kolk beidseitig unterhalb Brücke A30","GEW":"VEC","stat_von":131445,"bauart":"Auskolkung","baujahr":null,"upflicht":"NLWKN","KTR":null,"FSK":"03422200800030______","bemerk":null,"beschreib":"Kolk beidseitig unterhalb Brücke A30","beschreib_lang":null,"foto1":"https://nlwkn.hannit-share.de/index.php/core/preview?fileId=11057183&x=1280&y=819&a=true","foto2":"https://nlwkn.hannit-share.de/index.php/core/preview?fileId=11057186&x=1280&y=819&a=true","foto3":"https://nlwkn.hannit-share.de/index.php/core/preview?fileId=11057177&x=1280&y=819&a=true","foto4":"https://nlwkn.hannit-share.de/index.php/core/preview?fileId=11057192&x=1280&y=819&a=true","link1":null,"link2":null,"denkmal":"Nein","AIS_NR":null,"Nr_WR":null,"rwert":376361,"hwert":5800862.0},"geometry":{"type":"Point","coordinates":[799828.721238198457286,6862584.325015191920102]}},
{"type":"Feature","properties":{"ID_con":2479,"bw_id":"VEC_SON_134150","name":"Auengewässer","GEW":"VEC","stat_von":134140,"bauart":"Auengewässer","baujahr":"2023","upflicht":"Naturschutzstiftung Grafschaft Bentheim","KTR":null,"FSK":"034210002001550064__","bemerk":null,"beschreib":"Die Blänke wurde im Auftrag der Naturschutzstiftung im zeitigen Frühjahr 2023 auf eigenen Flächen angelegt","beschreib_lang":"Die Blänke wurde im Auftrag der Naturschutzstiftung im zeitigen Frühjahr 2023 auf eigenen Flächen angelegt._x000d_\nVorgeschichte: Die gesamte Fläche bis hin zur Kläranlage wurde von Landwirten über mehrere Jahre lang intensiv ackerbaulich (meist mit Maisanbau) genutzt. Bevor das geschah, war die Fläche mit abwechselndem Relief größtenteils Grünland und mit Hecken bestanden. Dann wurde die Fläche nivelliert.  Der BUND drängte die Naturschutzstiftung  immer wieder darauf, diese Flächen (vom Fürsten?) zu erwerben und sie wieder in den ursprünglichen Zustand zu überführen. Unsere Absicht ist, die Fläche ähnlich wie den gegenüberliegenden Brückenbrink für Wiesenvögel attraktiv zu gestalten.","foto1":null,"foto2":null,"foto3":null,"foto4":null,"link1":null,"link2":null,"denkmal":"Nein","AIS_NR":null,"Nr_WR":null,"rwert":378466,"hwert":5799465.0},"geometry":{"type":"Point","coordinates":[803323.065006577060558,6860382.892257700674236]}},
{"type":"Feature","properties":{"ID_con":2477,"bw_id":"VEC_SON_134800","name":"Kläranlage Schüttorf","GEW":"VEC","stat_von":134800,"bauart":"Kläranlage","baujahr":null,"upflicht":"TAV Bad Bentheim, Schüttorf, Salzbergen und Emsbüren","KTR":null,"FSK":"034210002002890016__","bemerk":"Siehe auch Einlaufbauwerke","beschreib":"Kläranlage Schüttorf vom TAV Bad Bentheim, Schüttorf, Salzbergen und Emsbüren","beschreib_lang":null,"foto1":null,"foto2":null,"foto3":null,"foto4":null,"link1":null,"link2":null,"denkmal":"Nein","AIS_NR":null,"Nr_WR":null,"rwert":378671,"hwert":5798961.0},"geometry":{"type":"Point","coordinates":[803678.050459286430851,6859566.164396239444613]}},
{"type":"Feature","properties":{"ID_con":1687,"bw_id":"VEC_SON_135420","name":"Entnahme, Punkt B, Gathmann & Gerdemann","GEW":"VEC","stat_von":135420,"bauart":"Wasserrecht (Entnahme)","baujahr":null,"upflicht":"Gathmann & Gerdemann","KTR":null,"FSK":"034210002002290002__","bemerk":"A-001 (aktiv, real), Punkt B, Gathmann & Gerdemann","beschreib":"Entnahme, Punkt B, Gathmann & Gerdemann","beschreib_lang":null,"foto1":null,"foto2":null,"foto3":null,"foto4":null,"link1":null,"link2":null,"denkmal":"Nein","AIS_NR":null,"Nr_WR":"11/12993 (aktiv)","rwert":379017,"hwert":5798462.0},"geometry":{"type":"Point","coordinates":[804262.950588577310555,6858763.349192217923701]}},
{"type":"Feature","properties":{"ID_con":1688,"bw_id":"VEC_SON_135470","name":"Entnahme, Punkt A, Gathmann & Gerdemann","GEW":"VEC","stat_von":135470,"bauart":"Wasserrecht (Entnahme)","baujahr":null,"upflicht":"Gathmann & Gerdemann","KTR":null,"FSK":"034210002002270002__","bemerk":"A-001 (aktiv, real), Punkt A, Gathmann & Gerdemann","beschreib":"Entnahme, Punkt A, Gathmann & Gerdemann","beschreib_lang":null,"foto1":null,"foto2":null,"foto3":null,"foto4":null,"link1":null,"link2":null,"denkmal":"Nein","AIS_NR":null,"Nr_WR":"11/12993 (aktiv)","rwert":379116,"hwert":5798448.0},"geometry":{"type":"Point","coordinates":[804425.132322870078497,6858744.408998162485659]}},
{"type":"Feature","properties":{"ID_con":2665,"bw_id":"VEC_SON_135675","name":"Infotafel NLWKN","GEW":"VEC","stat_von":135765,"bauart":"Infotafel","baujahr":"2026","upflicht":"NLWKN","KTR":null,"FSK":"034210007000910009__","bemerk":"Fotos besorgen !!","beschreib":"Infotafel mit Hörstation zur Sohlgleite Schüttorf","beschreib_lang":"Infotafel mit Hörstation zur Sohlgleite Schüttorf","foto1":null,"foto2":null,"foto3":null,"foto4":null,"link1":null,"link2":null,"denkmal":"Nein","AIS_NR":null,"Nr_WR":null,"rwert":379197,"hwert":5798256.0},"geometry":{"type":"Point","coordinates":[804565.044870410114527,6858433.426524123176932]}},
{"type":"Feature","properties":{"ID_con":1690,"bw_id":"VEC_SON_136350","name":"Sandfang Schüttorf","GEW":"VEC","stat_von":136350,"bauart":"Sandfang","baujahr":"1973","upflicht":"NLWKN","KTR":"MBOVE00200","FSK":"034210007000940008__","bemerk":null,"beschreib":"Vechtesandfang Schüttorf","beschreib_lang":"Vechtesandfang Schüttorf","foto1":"https://nlwkn.hannit-share.de/index.php/core/preview?fileId=11057276&x=1280&y=819&a=true","foto2":"https://nlwkn.hannit-share.de/index.php/core/preview?fileId=11057279&x=1280&y=819&a=true","foto3":"https://nlwkn.hannit-share.de/index.php/core/preview?fileId=11057189&x=1280&y=819&a=true","foto4":"https://nlwkn.hannit-share.de/index.php/core/preview?fileId=11057285&x=1280&y=819&a=true","link1":null,"link2":null,"denkmal":"Nein","AIS_NR":665,"Nr_WR":null,"rwert":379702,"hwert":5797860.0},"geometry":{"type":"Point","coordinates":[805405.21293816762045,6857805.559661865234375]}},
{"type":"Feature","properties":{"ID_con":1691,"bw_id":"VEC_SON_138575","name":"Pegellatte (Schräg mit Böschungstreppe) UW Wehr Samern","GEW":"VEC","stat_von":138575,"bauart":"Pegellatte (Schräg mit Böschungstreppe)","baujahr":null,"upflicht":null,"KTR":null,"FSK":null,"bemerk":"Zeigt zum Zeitpunkt der Aufnahme einen Wasserstand","beschreib":"Pegellatte (Schräg mit Böschungstreppe) unterhalb Wehr Samern","beschreib_lang":null,"foto1":"https://nlwkn.hannit-share.de/index.php/core/preview?fileId=11057291&x=1280&y=819&a=true","foto2":"https://nlwkn.hannit-share.de/index.php/core/preview?fileId=11057294&x=1280&y=819&a=true","foto3":"https://nlwkn.hannit-share.de/index.php/core/preview?fileId=11057282&x=1280&y=819&a=true","foto4":"https://nlwkn.hannit-share.de/index.php/core/preview?fileId=11057300&x=1280&y=819&a=true","link1":"https://nlwkn.hannit-share.de/index.php/core/preview?fileId=11057483&x=1280&y=819&a=true","link2":null,"denkmal":"Nein","AIS_NR":null,"Nr_WR":null,"rwert":380129,"hwert":5796058.0},"geometry":{"type":"Point","coordinates":[806173.674731842242181,6854874.17651235871017]}},
{"type":"Feature","properties":{"ID_con":1692,"bw_id":"VEC_SON_138650","name":"Betriebsgebäude (Steuerung Wehr Samern)","GEW":"VEC","stat_von":138650,"bauart":"Betriebsgebäude","baujahr":null,"upflicht":"NLWKN","KTR":null,"FSK":"03421201800299______","bemerk":null,"beschreib":"Betriebsgebäude (Steuerung Wehr Samern)","beschreib_lang":"Betriebsgebäude (Steuerung Wehr Samern)","foto1":"https://nlwkn.hannit-share.de/index.php/core/preview?fileId=11057312&x=1280&y=819&a=true","foto2":"https://nlwkn.hannit-share.de/index.php/core/preview?fileId=11057315&x=1280&y=819&a=true","foto3":null,"foto4":null,"link1":null,"link2":null,"denkmal":"Nein","AIS_NR":662,"Nr_WR":null,"rwert":380182,"hwert":5796003.0},"geometry":{"type":"Point","coordinates":[806262.337102906429209,6854786.308589117601514]}},
{"type":"Feature","properties":{"ID_con":1693,"bw_id":"VEC_SON_138705","name":"Pegellatte (Schräg mit Böschungstreppe) OW Wehr Samern","GEW":"VEC","stat_von":138705,"bauart":"Pegellatte (Schräg mit Böschungstreppe)","baujahr":null,"upflicht":"NLWKN","KTR":null,"FSK":null,"bemerk":null,"beschreib":"Pegellatte (Schräg mit Böschungstreppe) oberhalb Wehr Samern","beschreib_lang":null,"foto1":"https://nlwkn.hannit-share.de/index.php/core/preview?fileId=11057318&x=1280&y=819&a=true","foto2":"https://nlwkn.hannit-share.de/index.php/core/preview?fileId=11057321&x=1280&y=819&a=true","foto3":"https://nlwkn.hannit-share.de/index.php/core/preview?fileId=11057297&x=1280&y=819&a=true","foto4":"https://nlwkn.hannit-share.de/index.php/core/preview?fileId=11057327&x=1280&y=819&a=true","link1":null,"link2":null,"denkmal":"Nein","AIS_NR":null,"Nr_WR":null,"rwert":380235,"hwert":5795985.0},"geometry":{"type":"Point","coordinates":[806349.532661767792888,6854758.96719918679446]}},
{"type":"Feature","properties":{"ID_con":1694,"bw_id":"VEC_SON_139860","name":"Auskolkung (Mündung Junkergraben)","GEW":"VEC","stat_von":139860,"bauart":"Auskolkung","baujahr":null,"upflicht":"NLWKN","KTR":null,"FSK":null,"bemerk":"Die Auskolkung befindet sich unterhalb des hier eh","beschreib":"Auskolkung (Mündung Junkergraben)","beschreib_lang":null,"foto1":"https://nlwkn.hannit-share.de/index.php/core/preview?fileId=11057360&x=1280&y=819&a=true","foto2":"https://nlwkn.hannit-share.de/index.php/core/preview?fileId=11057363&x=1280&y=819&a=true","foto3":"https://nlwkn.hannit-share.de/index.php/core/preview?fileId=11057324&x=1280&y=819&a=true","foto4":"https://nlwkn.hannit-share.de/index.php/core/preview?fileId=11057369&x=1280&y=819&a=true","link1":null,"link2":null,"denkmal":"Nein","AIS_NR":null,"Nr_WR":null,"rwert":381053,"hwert":5795213.0},"geometry":{"type":"Point","coordinates":[807714.659400139236823,6853528.52543125487864]}},
{"type":"Feature","properties":{"ID_con":2626,"bw_id":"VEC_SON_139940","name":"Böschungsabbruch","GEW":"VEC","stat_von":139940,"bauart":"Böschungsabbruch (Beseitigung)","baujahr":"2025","upflicht":"NLWKN","KTR":null,"FSK":"034212018002210002__","bemerk":null,"beschreib":"Böschungsabbruch infolge des Hochwassers 2023/24. Der Böschungsabbruch wurde in 2025 durch Fa. Wilmes (Gersten) im Auftrag NLWKN beseitigt.","beschreib_lang":"Böschungsabbruch infolge des Hochwassers 2023/24. Der Böschungsabbruch wurde in 2025 durch Fa. Wilmes (Gersten) im Auftrag NLWKN beseitigt.","foto1":"https://nlwkn.hannit-share.de/index.php/core/preview?fileId=11756758&x=1280&y=819&a=true","foto2":"https://nlwkn.hannit-share.de/index.php/core/preview?fileId=11756759&x=1280&y=819&a=true","foto3":"https://nlwkn.hannit-share.de/index.php/core/preview?fileId=11756761&x=1280&y=819&a=true","foto4":"https://nlwkn.hannit-share.de/index.php/core/preview?fileId=11756760&x=1280&y=819&a=true","link1":null,"link2":null,"denkmal":"Nein","AIS_NR":null,"Nr_WR":null,"rwert":381081,"hwert":5795142.0},"geometry":{"type":"Point","coordinates":[807763.131694557145238,6853413.500215047970414]}},
{"type":"Feature","properties":{"ID_con":1695,"bw_id":"VEC_SON_139965","name":"Riegel 6, Sohlgleite Samern","GEW":"VEC","stat_von":139965,"bauart":"Sohlgleite","baujahr":"2018","upflicht":"NLWKN","KTR":"MBNVE00100","FSK":"034212018002210002__","bemerk":"Im Bereich des Riegels 6 befinden sich Abbruchstel","beschreib":"Riegel 6, Sohlgleite Samern","beschreib_lang":"Riegel 6, Sohlgleite Samern","foto1":"https://nlwkn.hannit-share.de/index.php/core/preview?fileId=11057372&x=1280&y=819&a=true","foto2":null,"foto3":null,"foto4":null,"link1":null,"link2":null,"denkmal":"Nein","AIS_NR":null,"Nr_WR":null,"rwert":381081,"hwert":5795117.0},"geometry":{"type":"Point","coordinates":[807764.114068795810454,6853372.610318628139794]}},
{"type":"Feature","properties":{"ID_con":1700,"bw_id":"VEC_SON_140020","name":"Bauwerksrest in U-Weg","GEW":"VEC","stat_von":140020,"bauart":"Bauwerksrest","baujahr":null,"upflicht":"NLWKN","KTR":null,"FSK":null,"bemerk":null,"beschreib":"Bauwerksrest in U-Weg","beschreib_lang":null,"foto1":null,"foto2":null,"foto3":null,"foto4":null,"link1":null,"link2":null,"denkmal":"Nein","AIS_NR":null,"Nr_WR":null,"rwert":381089,"hwert":5795061.0},"geometry":{"type":"Point","coordinates":[807779.366222404292785,6853281.332827221602201]}},
{"type":"Feature","properties":{"ID_con":1696,"bw_id":"VEC_SON_140055","name":"Riegel 5, Sohlgleite Samern","GEW":"VEC","stat_von":140055,"bauart":"Sohlgleite","baujahr":"2018","upflicht":"NLWKN","KTR":"MBNVE00100","FSK":"03421201100181______","bemerk":null,"beschreib":"Riegel 5, Sohlgleite Samern","beschreib_lang":"Riegel 5, Sohlgleite Samern","foto1":null,"foto2":null,"foto3":null,"foto4":null,"link1":null,"link2":null,"denkmal":"Nein","AIS_NR":null,"Nr_WR":null,"rwert":381075,"hwert":5795027.0},"geometry":{"type":"Point","coordinates":[807757.861815611366183,6853225.172036732546985]}},
{"type":"Feature","properties":{"ID_con":1697,"bw_id":"VEC_SON_140075","name":"Kolk linksseitig in Außenkurve","GEW":"VEC","stat_von":140075,"bauart":"Auskolkung","baujahr":null,"upflicht":"NLWKN","KTR":null,"FSK":"03421201100181______","bemerk":"Massnahmen??","beschreib":"Kolk linksseitig in Außenkurve","beschreib_lang":null,"foto1":"https://nlwkn.hannit-share.de/index.php/core/preview?fileId=11057375&x=1280&y=819&a=true","foto2":null,"foto3":null,"foto4":null,"link1":null,"link2":null,"denkmal":"Nein","AIS_NR":null,"Nr_WR":null,"rwert":381054,"hwert":5795006.0},"geometry":{"type":"Point","coordinates":[807724.426726606790908,6853189.997971422038972]}},
{"type":"Feature","properties":{"ID_con":1698,"bw_id":"VEC_SON_140140","name":"Bauwerksrest (Fundamente) im U-Weg","GEW":"VEC","stat_von":140140,"bauart":"Bauwerksrest im U-Weg","baujahr":null,"upflicht":"NLWKN","KTR":null,"FSK":"03421201100180______","bemerk":null,"beschreib":"Bauwerksrest (Fundamente) im U-Weg","beschreib_lang":null,"foto1":"https://nlwkn.hannit-share.de/index.php/core/preview?fileId=11057378&x=1280&y=819&a=true","foto2":null,"foto3":null,"foto4":null,"link1":null,"link2":null,"denkmal":"Nein","AIS_NR":null,"Nr_WR":null,"rwert":381086,"hwert":5794948.0},"geometry":{"type":"Point","coordinates":[807778.911694694543257,6853096.396959598176181]}},
{"type":"Feature","properties":{"ID_con":1699,"bw_id":"VEC_SON_140145","name":"Riegel 4, Sohlgleite Samern","GEW":"VEC","stat_von":140145,"bauart":"Sohlgleite","baujahr":"2018","upflicht":"NLWKN","KTR":"MBNVE00100","FSK":"03421201100181______","bemerk":null,"beschreib":"Riegel 4, Sohlgleite Samern","beschreib_lang":"Riegel 4, Sohlgleite Samern","foto1":"https://nlwkn.hannit-share.de/index.php/core/preview?fileId=11057381&x=1280&y=819&a=true","foto2":null,"foto3":null,"foto4":null,"link1":null,"link2":null,"denkmal":"Nein","AIS_NR":null,"Nr_WR":null,"rwert":381077,"hwert":5794940.0},"geometry":{"type":"Point","coordinates":[807764.543227968970314,6853082.958170609548688]}},
{"type":"Feature","properties":{"ID_con":1701,"bw_id":"VEC_SON_140235","name":"Riegel 3, Sohlgleite Samern","GEW":"VEC","stat_von":140235,"bauart":"Sohlgleite","baujahr":"2018","upflicht":"NLWKN","KTR":"MBNVE00100","FSK":"03421201100181______","bemerk":null,"beschreib":"Riegel 3, Sohlgleite Samern","beschreib_lang":"Riegel 3, Sohlgleite Samern","foto1":null,"foto2":null,"foto3":null,"foto4":null,"link1":null,"link2":null,"denkmal":"Nein","AIS_NR":null,"Nr_WR":null,"rwert":381138,"hwert":5794875.0},"geometry":{"type":"Point","coordinates":[807866.612551284953952,6852979.05137340631336]}},
{"type":"Feature","properties":{"ID_con":1702,"bw_id":"VEC_SON_140320","name":"Riegel 2, Sohlgleite Samern","GEW":"VEC","stat_von":140320,"bauart":"Sohlgleite","baujahr":"2018","upflicht":"NLWKN","KTR":"MBNVE00100","FSK":"03421201100181______","bemerk":null,"beschreib":"Riegel 2, Sohlgleite Samern","beschreib_lang":"Riegel 2, Sohlgleite Samern","foto1":"https://nlwkn.hannit-share.de/index.php/core/preview?fileId=11057384&x=1280&y=819&a=true","foto2":null,"foto3":null,"foto4":null,"link1":null,"link2":null,"denkmal":"Nein","AIS_NR":null,"Nr_WR":null,"rwert":381207,"hwert":5794824.0},"geometry":{"type":"Point","coordinates":[807981.180830753990449,6852898.356287715025246]}},
{"type":"Feature","properties":{"ID_con":1703,"bw_id":"VEC_SON_140410","name":"Riegel 1, Sohlgleite Samern","GEW":"VEC","stat_von":140410,"bauart":"Sohlgleite","baujahr":"2018","upflicht":"NLWKN","KTR":"MBNVE00100","FSK":"03421201100181______","bemerk":null,"beschreib":"Riegel 1, Sohlgleite Samern","beschreib_lang":"Riegel 1, Sohlgleite Samern","foto1":null,"foto2":null,"foto3":null,"foto4":null,"link1":null,"link2":null,"denkmal":"Nein","AIS_NR":null,"Nr_WR":null,"rwert":381283,"hwert":5794770.0},"geometry":{"type":"Point","coordinates":[808107.284081564866938,6852813.029138603247702]}},
{"type":"Feature","properties":{"ID_con":1704,"bw_id":"VEC_SON_140470","name":"Kolk beidseitig unterhalb Sohlgleite","GEW":"VEC","stat_von":140470,"bauart":"Auskolkung","baujahr":null,"upflicht":"NLWKN","KTR":null,"FSK":"03421201100181______","bemerk":"Kolk grenzt beidseitig an öffentliche Flächen (Sam","beschreib":"Kolk beidseitig unterhalb Sohlgleite","beschreib_lang":null,"foto1":"https://nlwkn.hannit-share.de/index.php/core/preview?fileId=11057387&x=1280&y=819&a=true","foto2":"https://nlwkn.hannit-share.de/index.php/core/preview?fileId=11057390&x=1280&y=819&a=true","foto3":"https://nlwkn.hannit-share.de/index.php/core/preview?fileId=11057366&x=1280&y=819&a=true","foto4":"https://nlwkn.hannit-share.de/index.php/core/preview?fileId=11057396&x=1280&y=819&a=true","link1":null,"link2":null,"denkmal":"Nein","AIS_NR":null,"Nr_WR":null,"rwert":381327,"hwert":5794742.0},"geometry":{"type":"Point","coordinates":[808180.162081749294885,6852768.965504656545818]}},
{"type":"Feature","properties":{"ID_con":1705,"bw_id":"VEC_SON_141765","name":"Kolk rechtsseitig in Außenkurve (Fläche bereits betroffen)","GEW":"VEC","stat_von":141765,"bauart":"Auskolkung","baujahr":null,"upflicht":"NLWKN","KTR":null,"FSK":"034212010000390007__","bemerk":null,"beschreib":"Kolk rechtsseitig in Außenkurve (Fläche bereits betroffen)","beschreib_lang":null,"foto1":"https://nlwkn.hannit-share.de/index.php/core/preview?fileId=11057408&x=1280&y=819&a=true","foto2":"https://nlwkn.hannit-share.de/index.php/core/preview?fileId=11057411&x=1280&y=819&a=true","foto3":"https://nlwkn.hannit-share.de/index.php/core/preview?fileId=11057393&x=1280&y=819&a=true","foto4":null,"link1":null,"link2":null,"denkmal":"Nein","AIS_NR":null,"Nr_WR":null,"rwert":382302,"hwert":5793991.0},"geometry":{"type":"Point","coordinates":[809799.944233143003657,6851578.96756898984313]}},
{"type":"Feature","properties":{"ID_con":1706,"bw_id":"VEC_SON_142140","name":"Kolk rechtsseitig in Außenkurve","GEW":"VEC","stat_von":142140,"bauart":"Auskolkung","baujahr":null,"upflicht":"NLWKN","KTR":null,"FSK":"034213001001430015__","bemerk":null,"beschreib":"Kolk rechtsseitig in Außenkurve","beschreib_lang":null,"foto1":"https://nlwkn.hannit-share.de/index.php/core/preview?fileId=11057417&x=1280&y=819&a=true","foto2":"https://nlwkn.hannit-share.de/index.php/core/preview?fileId=11057420&x=1280&y=819&a=true","foto3":null,"foto4":null,"link1":null,"link2":null,"denkmal":"Nein","AIS_NR":null,"Nr_WR":null,"rwert":382468,"hwert":5793691.0},"geometry":{"type":"Point","coordinates":[810082.355838124058209,6851094.871365394443274]}},
{"type":"Feature","properties":{"ID_con":1707,"bw_id":"VEC_SON_142250","name":"Kolk rechtsseitig in Außenkurve","GEW":"VEC","stat_von":142250,"bauart":"Auskolkung","baujahr":null,"upflicht":"NLWKN","KTR":null,"FSK":"034213001001430015__","bemerk":null,"beschreib":"Kolk rechtsseitig in Außenkurve","beschreib_lang":null,"foto1":"https://nlwkn.hannit-share.de/index.php/core/preview?fileId=11057423&x=1280&y=819&a=true","foto2":"https://nlwkn.hannit-share.de/index.php/core/preview?fileId=11057426&x=1280&y=819&a=true","foto3":"https://nlwkn.hannit-share.de/index.php/core/preview?fileId=11057414&x=1280&y=819&a=true","foto4":null,"link1":null,"link2":null,"denkmal":"Nein","AIS_NR":null,"Nr_WR":null,"rwert":382547,"hwert":5793618.0},"geometry":{"type":"Point","coordinates":[810214.038853059057146,6850978.578624009154737]}},
{"type":"Feature","properties":{"ID_con":1708,"bw_id":"VEC_SON_142370","name":"Kolk rechtsseitig in Außenkurve (Fläche bereits betroffen)","GEW":"VEC","stat_von":142370,"bauart":"Auskolkung","baujahr":null,"upflicht":"NLWKN","KTR":null,"FSK":"034213001001410004__","bemerk":null,"beschreib":"Kolk rechtsseitig in Außenkurve (Fläche bereits betroffen)","beschreib_lang":null,"foto1":"https://nlwkn.hannit-share.de/index.php/core/preview?fileId=11057432&x=1280&y=819&a=true","foto2":"https://nlwkn.hannit-share.de/index.php/core/preview?fileId=11057435&x=1280&y=819&a=true","foto3":"https://nlwkn.hannit-share.de/index.php/core/preview?fileId=11057429&x=1280&y=819&a=true","foto4":null,"link1":null,"link2":null,"denkmal":"Nein","AIS_NR":null,"Nr_WR":null,"rwert":382586,"hwert":5793504.0},"geometry":{"type":"Point","coordinates":[810282.067816659691744,6850793.691987339407206]}},
{"type":"Feature","properties":{"ID_con":1709,"bw_id":"VEC_SON_142630","name":"Entnahmestelle (für Güllefass??)","GEW":"VEC","stat_von":142630,"bauart":"Entnahmestelle","baujahr":null,"upflicht":"??","KTR":null,"FSK":"034213001000630007__","bemerk":"Entnahme prüfen und ggf. den Landwirt (Herrn Eiler","beschreib":"Entnahmestelle (für Güllefass??)","beschreib_lang":null,"foto1":"https://nlwkn.hannit-share.de/index.php/core/preview?fileId=11057441&x=1280&y=819&a=true","foto2":"https://nlwkn.hannit-share.de/index.php/core/preview?fileId=11057444&x=1280&y=819&a=true","foto3":null,"foto4":null,"link1":null,"link2":null,"denkmal":"Nein","AIS_NR":null,"Nr_WR":null,"rwert":382713,"hwert":5793277.0},"geometry":{"type":"Point","coordinates":[810497.991858686087653,6850427.466906921938062]}},
{"type":"Feature","properties":{"ID_con":1710,"bw_id":"VEC_SON_143135","name":"Steganlage links als Kragelement mit Geländer (Privat)","GEW":"VEC","stat_von":143135,"bauart":"Steg","baujahr":null,"upflicht":"??(Herr Pünt)","KTR":null,"FSK":"034213001001600006__","bemerk":"Genehmigung??","beschreib":"Steganlage links als Kragelement mit Geländer (Privat)","beschreib_lang":null,"foto1":"https://nlwkn.hannit-share.de/index.php/core/preview?fileId=11057447&x=1280&y=819&a=true","foto2":null,"foto3":null,"foto4":null,"link1":null,"link2":null,"denkmal":"Nein","AIS_NR":null,"Nr_WR":null,"rwert":382814,"hwert":5792876.0},"geometry":{"type":"Point","coordinates":[810678.224701860803179,6849775.768231769092381]}},
{"type":"Feature","properties":{"ID_con":1711,"bw_id":"VEC_SON_143145","name":"Sohlabsturz Ohne","GEW":"VEC","stat_von":143145,"bauart":"Sohlgleite","baujahr":null,"upflicht":"NLWKN","KTR":null,"FSK":"034213001001600006__","bemerk":null,"beschreib":"Sohlabsturz Ohne","beschreib_lang":"Sohlabsturz Ohne","foto1":"https://nlwkn.hannit-share.de/index.php/core/preview?fileId=11057450&x=1280&y=819&a=true","foto2":"https://nlwkn.hannit-share.de/index.php/core/preview?fileId=11057453&x=1280&y=819&a=true","foto3":"https://nlwkn.hannit-share.de/index.php/core/preview?fileId=11057438&x=1280&y=819&a=true","foto4":null,"link1":null,"link2":null,"denkmal":"Nein","AIS_NR":null,"Nr_WR":null,"rwert":382828,"hwert":5792876.0},"geometry":{"type":"Point","coordinates":[810701.055559277068824,6849776.311049823649228]}},
{"type":"Feature","properties":{"ID_con":1712,"bw_id":"VEC_SON_143200","name":"Pegel Ohne","GEW":"VEC","stat_von":143200,"bauart":"Pegel","baujahr":null,"upflicht":"NLWKN, GB 3","KTR":null,"FSK":"034213003001570008__","bemerk":null,"beschreib":"Pegel Ohne Siehe auch Pegelonline NLWKN: \\nhttps://www.pegelonline.nlwkn.niedersachsen.de/Karte","beschreib_lang":null,"foto1":"https://nlwkn.hannit-share.de/index.php/core/preview?fileId=11057459&x=1280&y=819&a=true","foto2":"https://nlwkn.hannit-share.de/index.php/core/preview?fileId=11057462&x=1280&y=819&a=true","foto3":"https://nlwkn.hannit-share.de/index.php/core/preview?fileId=11057456&x=1280&y=819&a=true","foto4":null,"link1":null,"link2":null,"denkmal":"Nein","AIS_NR":null,"Nr_WR":null,"rwert":382878,"hwert":5792855.0},"geometry":{"type":"Point","coordinates":[810783.406147099332884,6849743.916504664346576]}},
{"type":"Feature","properties":{"ID_con":1713,"bw_id":"VEC_SON_143201","name":"Pegellatte (Schräg mit Böschungstreppe)","GEW":"VEC","stat_von":143201,"bauart":"Pegellatte (Schräg mit Böschungstreppe)","baujahr":null,"upflicht":"NLWKN","KTR":null,"FSK":"034213003001000056__","bemerk":null,"beschreib":"Pegellatte (Schräg mit Böschungstreppe) zum Pegel Ohne","beschreib_lang":null,"foto1":"https://nlwkn.hannit-share.de/index.php/core/preview?fileId=11057468&x=1280&y=819&a=true","foto2":null,"foto3":null,"foto4":null,"link1":null,"link2":null,"denkmal":"Nein","AIS_NR":null,"Nr_WR":null,"rwert":382875,"hwert":5792851.0},"geometry":{"type":"Point","coordinates":[810778.668465355061926,6849737.260706598870456]}},
{"type":"Feature","properties":{"ID_con":1714,"bw_id":"VEC_SON_143210","name":"Sitzgelegenheit beim Pegelhaus Ohne","GEW":"VEC","stat_von":143210,"bauart":"Schutzhütte","baujahr":null,"upflicht":"Gemeinde Ohne","KTR":null,"FSK":"034213003001570008__","bemerk":"!!Bilder aktualisieren!!","beschreib":"Sitzgelegenheit beim Pegelhaus am Pegel Ohne","beschreib_lang":"Der Heimatverein Ohne hat in 2015 auf dem Flurstück 157/8 der Flur 3, Gemarkung Ohne, eine Sitzgruppe aufgestellt und den Platz mit einer wassergebundenen Decke ausgebaut._x000d_\nDieser Platz wird von der Straße „An der Nore“ (Dorf) her erschlossen und ist etwa höhengleich mit der vorgenannten Straße angelegt. Eingefasst ist der Platz zum angrenzenden und etwas tiefer liegenden Gelände mit großen Natursteinen._x000d_\nDer Platz wurde in 2022 mit einem allseitig offenen achteckigen Pavillon überdacht._x000d_\nHierbei handelt es sich um eine Holzkonstruktion aus Konstruktionsvollholz, 2x offenporig lasiert. Der Pavillon hat einen Durchmesser von rund 6,40 m. Die Pfosten (140 x 140 mm) werden in Blockfundamenten fest verankert. Er ist rundherum offen und erhält einen Mittelpfosten (160 x 160 mm). Die Dacheindeckung erfolgt mit 22 x 121 mm Hobeldielen mit Fase, Folie, Lattung und Konterlattung sowie Tondachpfannen._x000d_\nVerantwortlich für die Unterhaltung, Sicherung und Instandhaltung ist die Antragstellerin Gemeinde Ohne.","foto1":"https://nlwkn.hannit-share.de/index.php/core/preview?fileId=11057471&x=1280&y=819&a=true","foto2":"https://nlwkn.hannit-share.de/index.php/core/preview?fileId=11057474&x=1280&y=819&a=true","foto3":"https://nlwkn.hannit-share.de/index.php/core/preview?fileId=11057465&x=1280&y=819&a=true","foto4":"https://nlwkn.hannit-share.de/index.php/core/preview?fileId=11057480&x=1280&y=819&a=true","link1":"https://nlwkn.hannit-share.de/index.php/core/preview?fileId=11068411&x=1280&y=819&a=true","link2":"https://nlwkn.hannit-share.de/index.php/core/preview?fileId=11057486&x=1280&y=819&a=true","denkmal":"Nein","AIS_NR":null,"Nr_WR":null,"rwert":382889,"hwert":5792857.0},"geometry":{"type":"Point","coordinates":[810801.267311158007942,6849747.61254339851439]}},
{"type":"Feature","properties":{"ID_con":2469,"bw_id":"VEC_SON_143220","name":"Bootsanleger Ohne","GEW":"VEC","stat_von":143220,"bauart":"Bootsanleger","baujahr":"2022","upflicht":"Gemeinde Ohne","KTR":null,"FSK":"034213003001000056__","bemerk":null,"beschreib":"Die Gemeinde Ohne hat einen Förderantrag im Rahmen der Dorferneuerung gestellt und bewilligt bekommen, der unter anderem eine Steganlage am Ufer der Vechte in Ohne beinhaltet.","beschreib_lang":"Die Gemeinde Ohne hat einen Förderantrag im Rahmen der Dorferneuerung gestellt und bewilligt bekommen, der unter anderem eine Steganlage am Ufer der Vechte in Ohne beinhaltet._x000d_\nEs wurde ein Steg mit einem Landgang an das Vechteufer gesetzt werden, über den das Aussteigen und Einholen der Boote erleichtert und sicher wird._x000d_\nEs soll eine robuste und relativ leicht herausnehmbare Steganlage werden. Die Schwimmstege sollen über flexible Streben mit dem Ufer verbunden werden, so dass sich der Steg jederzeit dem schwankenden Wasserspiegel anpassen kann. Die Steganlage soll über einen Laufsteg (Landgang) zu erreichen sein._x000d_\nDie Steganlagen werden demontierbar ausgelegt sein, so dass diese im Falle von Hochwasser bzw. vor Saisonbeginn / nach Saisonende abgebaut werden können. Der Steg wird in den Wintermonaten durch die Gemeinde Ohne extern gelagert._x000d_\nFolgende technische Parameter sind für den Steg vorgesehen:_x000d_\n· Belastung: etwa 100 kg/m²_x000d_\n· Freibord: etwa 20 cm_x000d_\n· Tragrahmen: Aluminium-Profil_x000d_\n· Schwimmer: Hartschaum mit Aluminium-Magnesium-Legierung (AlMg3) ummantelt_x000d_\n· Bootsanleger aus Aluminium: Länge: 4,00 m, Breite: 2,00 m; Belag: Lärchenholz_x000d_\n· Landzugang aus Aluminium: Länge: 6,00 m, Breite: 1,00 m; mit einseitigem Geländer aus Aluminium","foto1":"https://nlwkn.hannit-share.de/index.php/core/preview?fileId=11057489&x=1280&y=819&a=true","foto2":"https://nlwkn.hannit-share.de/index.php/core/preview?fileId=11057492&x=1280&y=819&a=true","foto3":null,"foto4":null,"link1":null,"link2":null,"denkmal":"Nein","AIS_NR":0,"Nr_WR":null,"rwert":382893,"hwert":5792842.0},"geometry":{"type":"Point","coordinates":[810808.370156916789711,6849723.244291291572154]}},
{"type":"Feature","properties":{"ID_con":1715,"bw_id":"VEC_SON_143825","name":"Kolk rechtsseitig in Außenkurve","GEW":"VEC","stat_von":143825,"bauart":"Auskolkung","baujahr":null,"upflicht":"NLWKN","KTR":null,"FSK":"034213003002350005__","bemerk":null,"beschreib":"Kolk rechtsseitig in Außenkurve","beschreib_lang":null,"foto1":"https://nlwkn.hannit-share.de/index.php/core/preview?fileId=11057513&x=1280&y=819&a=true","foto2":null,"foto3":null,"foto4":null,"link1":null,"link2":null,"denkmal":"Nein","AIS_NR":null,"Nr_WR":null,"rwert":383340,"hwert":5792451.0},"geometry":{"type":"Point","coordinates":[811552.377786687808111,6849101.314937031827867]}},
{"type":"Feature","properties":{"ID_con":1716,"bw_id":"VEC_SON_144275","name":"Kolk linksseitig","GEW":"VEC","stat_von":144275,"bauart":"Auskolkung","baujahr":null,"upflicht":"NLWKN","KTR":null,"FSK":"034213003000910012__","bemerk":null,"beschreib":"Kolk linksseitig","beschreib_lang":null,"foto1":"https://nlwkn.hannit-share.de/index.php/core/preview?fileId=11057516&x=1280&y=819&a=true","foto2":null,"foto3":null,"foto4":null,"link1":null,"link2":null,"denkmal":"Nein","AIS_NR":null,"Nr_WR":null,"rwert":383444,"hwert":5792025.0},"geometry":{"type":"Point","coordinates":[811738.347743642400019,6848408.94735867343843]}}
]
}
