{"type":"FeatureCollection","crs":{"type":"name","properties":{"name":"EPSG:3857"}},"features":[{"type":"Feature","id":0,"geometry":{"type":"LineString","coordinates":[[792915.6219105093,6953137.0418888908],[792864.87106530659,6953160.8415918117],[792849.40772349341,6953168.2226786027],[792729.92640265462,6953225.2571278056],[792678.45105121715,6953249.9731517006],[792515.5665501738,6953328.1793190222],[792443.30729754793,6953362.8730811328],[792275.01895101927,6953443.6683048541],[791678.08806324354,6953732.032804844],[791225.45091021212,6953949.305323964],[791167.41713093407,6953976.9482939309],[791144.13683708617,6953988.0364379548],[791090.67714342149,6954013.4989282005],[791076.52109685191,6954020.2411424052],[790518.48480019765,6954291.756933135],[790506.21547956613,6954297.7250864971],[789922.0330961477,6954577.1141806757],[789211.96414034965,6954922.2332420023],[789168.48459375114,6954942.5976093505],[789105.421771441,6954972.1327079907],[789104.91655019554,6954972.3694851324],[789027.33813082892,6955007.5892875111]]},"properties":{"FID":0,"ID_con":1997,"bw_id":"HRK_uab_10865_13475","U_NR":3,"name":"Schleuse III bis Grenze","GEW":"HRK","stat_von":10865,"stat_bis":13475,"bauart":"U-Abschnitt","upflicht":"NLWKN","KTR":"MAAEN20300","bemerk":" ","beschreib":"Unterhaltungsabschnitt 3","beschreib_":" ","bemerk_uab":" ","beschreib1":"Für die einzelnen Kanalabschnitte sind die regelmäßig wiederkehrenden Unterhaltungsmaßnahmen nach Ufern getrennt in Arbeitsplänen (Stand 2004) dargestellt. Darin werden folgende Pflegemodi unterschieden (siehe auch Anlage 3):\n- zweimalige Mahd ab de","foto1":" ","foto2":" ","foto3":" ","foto4":" ","link1":"https://geoportal.bafg.de/birt_viewer/frameset?__report=RW_WKSB_21P1.rptdesign&param_wasserkoerper=DERW_DENI_03044","link2":" ","Laenge_U_A":2.6099999999999999,"Bez_Anfang":"Schleuse III","Bez_Ende":"Grenze","Kat":"S","BSB":"https://nlwkn.hannit-share.de/index.php/apps/files/files/11062267?dir=/db/HRK/Urpl/bsb&openfile=true","MNB":"https://nlwkn.hannit-share.de/index.php/apps/files/files/11062258?dir=/db/HRK/Urpl/mnb&openfile=true","U_Steckbri":"https://nlwkn.hannit-share.de/index.php/apps/files/files/11062249?dir=/db/HRK/Urpl/wsb_nlwkn&openfile=true","WK_NR":3044,"URL_WKDB":" ","IDUabschn":"HRK_3","BfG_WK":"https://geoportal.bafg.de/birt_viewer/frameset?__report=RW_WKSB_21P1.rptdesign&param_wasserkoerper=DERW_DENI_03044"}},{"type":"Feature","id":1,"geometry":{"type":"LineString","coordinates":[[788192.31392699271,6880139.9991223672],[788182.96702817979,6880105.9654272906],[788177.20130808535,6880080.9591376083],[788171.98145640409,6880050.6264258111],[788137.4346764239,6879925.4808692122],[788111.68424704229,6879825.5909745665],[788099.37061458593,6879781.1850833511],[788078.28999670886,6879705.1569483904],[788069.27164911199,6879672.6350318184],[788012.2509861443,6879486.5141856847],[787996.17375086714,6879443.8183252579],[787990.8161597742,6879418.6588052968],[787985.96733018791,6879400.4928881424],[787984.55575648625,6879395.2018526876],[787976.41430649953,6879377.7328382675],[787956.73700592737,6879340.9793221224],[787941.08650960238,6879314.6841808986],[787940.73774177919,6879314.1939904271],[787902.92776850529,6879261.0497133238],[787828.10438341356,6879162.4436829248],[787757.53772676154,6879065.6797028882],[787727.53588550165,6879022.5701030986]]},"properties":{"FID":1,"ID_con":2019,"bw_id":"VBK_uab_0_748","U_NR":1,"name":"Ems-Vechte-Kanal bis Vechte","GEW":"VBK","stat_von":0,"stat_bis":748,"bauart":"U-Abschnitt","upflicht":"NLWKN","KTR":"MAAVE20300","bemerk":" ","beschreib":"Unterhaltungsabschnitt 1","beschreib_":" ","bemerk_uab":" ","beschreib1":"Für die einzelnen Kanalabschnitte sind die regelmäßig wiederkehrenden Unterhaltungsmaßnahmen nach Ufern getrennt in Arbeitsplänen (Stand 2004) dargestellt. Darin werden folgende Pflegemodi unterschieden (siehe auch Anlage 3):\n- zweimalige Mahd ab de","foto1":" ","foto2":" ","foto3":" ","foto4":" ","link1":"https://geoportal.bafg.de/birt_viewer/frameset?__report=RW_WKSB_21P1.rptdesign&param_wasserkoerper=DERW_DENI_32042","link2":" ","Laenge_U_A":0.73999999999999999,"Bez_Anfang":"Ems-Vechte-Kanal","Bez_Ende":"Vechte","Kat":"S","BSB":"https://nlwkn.hannit-share.de/index.php/apps/files/files/11057948?dir=/db/SNK/Urpl/bsb&openfile=true","MNB":"https://nlwkn.hannit-share.de/index.php/apps/files/files/11057945?dir=/db/VBK/Urpl/mnb&openfile=true","U_Steckbri":"https://nlwkn.hannit-share.de/index.php/apps/files/files/11057942?dir=/db/VBK/Urpl/wsb_nlwkn&openfile=true","WK_NR":32042,"URL_WKDB":" ","IDUabschn":"VBK_1","BfG_WK":"https://geoportal.bafg.de/birt_viewer/frameset?__report=RW_WKSB_21P1.rptdesign&param_wasserkoerper=DERW_DENI_32042"}},{"type":"Feature","id":2,"geometry":{"type":"LineString","coordinates":[[842760.45646463102,6925366.9867349863],[842767.30246482277,6925366.4236416118],[842819.77743494266,6925360.4010448521],[842832.31106517441,6925356.4877264947],[842865.36818627489,6925346.1675810907],[842947.36850281269,6925323.5712151285],[843010.0493214922,6925310.6847250108],[843065.48385721305,6925307.7479243157],[843142.99979103392,6925308.2756071668],[843275.83254660852,6925311.9189343024],[843552.60890245624,6925317.3986579506],[843779.18236251676,6925315.8220796371],[843976.66640750237,6925308.6163355755],[844072.41891856829,6925303.4393588323],[844186.46537259873,6925289.5377263594],[844292.51826692058,6925272.4504238348],[844412.76156623487,6925250.5921807038],[844522.81909637689,6925234.5888943188],[844585.33741845447,6925229.7607163871],[844689.16085390793,6925223.7266672337],[844864.61740874243,6925210.011236635],[844910.29845994501,6925205.6028654026],[844910.33131894248,6925205.5985571016],[844920.27710952144,6925204.6386238933]]},"properties":{"FID":2,"ID_con":1991,"bw_id":"HAS_uab_43380_44700","U_NR":13,"name":"oh. Einmündung Südradde bis oh. Einmündung Industriegraben Herzlake","GEW":"HAS","stat_von":43380,"stat_bis":44700,"bauart":"U-Abschnitt","upflicht":"NLWKN","KTR":"MAAHA00100","bemerk":" ","beschreib":"Im Projektgebiet „Pflege- und Entwicklungsstrecke Bookhof“ (km 41,6 bis km 41,8) erfolgt ausschließlich eine beobachtende Unterhaltung.\nSonstige Ufersicherungen sind nach Bedarf instand zu halten.","beschreib_":"Die Ufersicherungen sind nach Bedarf instand zu halten.\nDie Unterhaltungsstreifen werden zweimal jährlich nach Variante 1 gemäht (ab dem 15.06. und ab dem 15.09.)\nDie Hochwasserverwallungen sollten vom zuständigen Unterhaltungspflichtigen im selben Tu","bemerk_uab":"Standardstrecke. Ufersicherung sind nach Bedarf instandzuhalten. Im Projektgebiet „Pflege- und Entwicklungsstrecke Bookhof“ (km 41,6 bis km 41,8) erfolgt ausschließlich eine beobachtende Unterhaltung.","beschreib1":"Die Gewässerunterhaltung erfolgt allgemein naturschonend (keine Maßnahmen auf der Gewässersohle; räumlich und zeitlich gestaffelte Mahd der Ufersaumstreifen und der Unterhaltungsstreifen). Es sind keine signifikant erhöhten Schädigungen der nachgew","foto1":" ","foto2":" ","foto3":" ","foto4":" ","link1":"https://geoportal.bafg.de/birt_viewer/frameset?__report=RW_WKSB_21P1.rptdesign&param_wasserkoerper=DERW_DENI_02096","link2":" ","Laenge_U_A":1.3200000000000001,"Bez_Anfang":"oh. Einmündung Südradde","Bez_Ende":"oh. Einmündung Industriegraben Herzlake","Kat":"S","BSB":"https://nlwkn.hannit-share.de/index.php/apps/files/files/11063500?dir=/db/HAS/Urpl/bsb&openfile=true","MNB":"https://nlwkn.hannit-share.de/index.php/apps/files/files/11063449?dir=/db/HAS/Urpl/mnb&openfile=true","U_Steckbri":"https://nlwkn.hannit-share.de/index.php/apps/files/files/11063434?dir=/db/HAS/Urpl/wsb_nlwkn&openfile=true","WK_NR":2096,"URL_WKDB":"https://www.umweltkarten-niedersachsen.de/Download_OE/WRRL/WKDB_HE/02089_Hase_Grosse_Hase.pdf","IDUabschn":"HAS_13","BfG_WK":"https://geoportal.bafg.de/birt_viewer/frameset?__report=RW_WKSB_21P1.rptdesign&param_wasserkoerper=DERW_DENI_02096"}},{"type":"Feature","id":3,"geometry":{"type":"LineString","coordinates":[[776398.87007489684,6886170.4499396766],[776401.48700113373,6886161.9026658777],[776405.69749217969,6886148.1509596957],[776449.62686796917,6885999.9361545239],[776493.07672516233,6885851.7087203423],[776535.53864996939,6885704.4185781321],[776568.36009834928,6885593.3805754669],[776583.2049181324,6885542.3816110585],[776586.19507827156,6885504.0255226651],[776581.69488774997,6885459.211467403],[776571.75226687314,6885420.4909597756],[776555.53046808275,6885383.5175935859],[776537.29961629864,6885349.8498066794],[776518.40122829261,6885322.8925509863],[776498.89085916313,6885300.7221356146],[776480.70895026787,6885282.432356731],[776448.31995576492,6885257.9785581902],[776148.73950069572,6885049.3331500515],[776133.07675220841,6885038.1316784984],[776110.52922259585,6885024.1481403867],[776074.85304208973,6884998.5204426022],[776043.62417365587,6884977.1827455256],[775999.71805150039,6884946.2795939334],[775962.14469046809,6884919.6242334442],[775938.73592181108,6884904.8329363875],[775906.48411487113,6884884.1328469263],[775891.40100638033,6884872.201871857],[775869.91098977602,6884855.1832508072],[775835.96178460761,6884833.6848192839],[775797.10033528134,6884804.9792814115],[775763.77939282579,6884782.6509434367],[775731.69182742469,6884759.4540073527],[775709.93583499163,6884743.3571065236],[775689.46747186594,6884729.1326566283],[775672.0902401834,6884713.3890556293],[775659.76327569957,6884700.468204936],[775644.68831211166,6884685.3003302822],[775628.92621784972,6884666.5952074295],[775619.28475464787,6884652.3738396689],[775608.36027319287,6884635.2455887115],[775599.9823906204,6884622.4672362236],[775596.20632097125,6884615.6388113862],[775590.71635057789,6884605.7290230598],[775586.78872085153,6884596.1915828595],[775580.42726816144,6884578.5762293721],[775575.30732728424,6884549.6461771112],[775571.50695857347,6884523.8342458364],[775564.55261922791,6884475.3395324154],[775555.68824886181,6884412.6662942255],[775552.4989939346,6884391.0024076961],[775546.15543487039,6884347.7216266841],[775539.15790550131,6884302.1184955901],[775534.54649355263,6884271.9507436035],[775524.46643046755,6884211.3976820121],[775514.90943475347,6884145.8150053769],[775498.3380338446,6884027.1426087162],[775487.95463911234,6883960.9634111971],[775480.12630438816,6883909.5619235802],[775475.51323006733,6883885.42061105],[775460.45104416925,6883825.808680512],[775441.68811862438,6883757.478227092],[775419.14360592072,6883697.9990765238],[775397.57190568536,6883650.0342454743],[775394.38237835711,6883642.9341444336],[775379.72008751007,6883614.3817802807],[775364.55300470791,6883584.8511197288],[775319.868847367,6883499.6789738284],[775292.77297311416,6883442.5785407787],[775257.75252622226,6883373.3189684199],[775222.00764477556,6883298.848868533],[775187.23236198106,6883231.8695723247],[775161.91490477417,6883180.377381105],[775135.36518102477,6883129.7389318524],[775117.18343816954,6883092.5009171544],[775091.22592110094,6883051.8693175958],[775063.23983073549,6883013.7780866027],[775035.35622720351,6882980.9045897108],[775000.52909102559,6882944.3982586311],[774979.53430494806,6882923.418360129],[774957.74647848844,6882898.2637387076],[774951.20724383229,6882890.4372796668],[774947.75151878584,6882888.782440383]]},"properties":{"FID":3,"ID_con":1969,"bw_id":"DIN_uab_4450_6850","U_NR":4,"name":"oh. Kalverlage Brücke bis oh. Abzweig Alte Dinkel","GEW":"DIN","stat_von":4450,"stat_bis":6850,"bauart":"U-Abschnitt","upflicht":"NLWKN","KTR":"MABVE00300","bemerk":" ","beschreib":"Unterhaltungsabschnitt 4","beschreib_":" ","bemerk_uab":" ","beschreib1":"\tPrioritäre Ziele: Landentwässerung\nHinweis: Für weitere vorhandene Bauwerke, Bootsstege und Brücken sind die Eigentümer oder Nutzungsberechtigten bzw. Unterhaltungspflichtigen zuständig.\nArtenschutzrechtliche Beurteilung\nDie Gewässerunterhaltung","foto1":" ","foto2":" ","foto3":" ","foto4":" ","link1":"https://geoportal.bafg.de/birt_viewer/frameset?__report=RW_WKSB_21P1.rptdesign&param_wasserkoerper=DERW_DENI_32004","link2":" ","Laenge_U_A":2.3999999999999999,"Bez_Anfang":"oh. Kalverlage Brücke","Bez_Ende":"oh. Abzweig Alte Dinkel","Kat":"S","BSB":"https://nlwkn.hannit-share.de/index.php/apps/files/files/11067457?dir=/db/DIN/Urpl/bsb&openfile=true","MNB":"https://nlwkn.hannit-share.de/index.php/apps/files/files/11067442?dir=/db/DIN/Urpl/mnb&openfile=true","U_Steckbri":"https://nlwkn.hannit-share.de/index.php/apps/files/files/11067430?dir=/db/HAS/Urpl/wsb_nlwkn&openfile=true","WK_NR":32004,"URL_WKDB":"https://www.umweltkarten-niedersachsen.de/Download_OE/WRRL/WKDB_HE/32004_Dinkel.pdf","IDUabschn":"DIN_4","BfG_WK":"https://geoportal.bafg.de/birt_viewer/frameset?__report=RW_WKSB_21P1.rptdesign&param_wasserkoerper=DERW_DENI_32004"}},{"type":"Feature","id":4,"geometry":{"type":"LineString","coordinates":[[818399.01465270028,6984161.5032405397],[818390.21432738611,6984169.7806960205],[818326.1338419345,6984230.0546443611],[818018.39442172879,6984522.6598838177],[817987.01645658154,6984545.3077290673],[817971.76579377963,6984552.5156534771],[817953.1659484345,6984556.2116296841],[817931.92037632945,6984555.721103128],[817901.1889530624,6984550.1999228261],[817899.00206830155,6984549.7369008483],[817827.64319978771,6984534.6102609867],[817824.75966631027,6984534.0000506043],[817767.3168148956,6984527.1728837295],[817737.78253764578,6984529.2404959872],[817713.57408319239,6984538.3044559313],[817694.05226289469,6984552.2882098183],[817668.0619963191,6984579.1846905537],[817638.23230293894,6984623.8624710245],[817614.82996368187,6984687.2511464721],[817591.84046291304,6984732.7755860658],[817567.63573253294,6984771.3989258092],[817537.96466614993,6984809.2072158232],[817516.22659830691,6984830.0155887511],[817495.89100582595,6984849.4789874237],[817470.75953595189,6984868.8334926357],[817443.66516226553,6984884.0173167353],[817405.58885082812,6984899.6333430773],[817353.80406013725,6984914.9334242605],[817306.72342322802,6984934.4661118072],[817271.23023157171,6984957.0151236504],[817232.83596300636,6984986.3742867243],[817214.27515136462,6985004.1395786935],[817186.55352850701,6985030.6713502416],[817111.1855935324,6985116.9172752816],[816998.66620479047,6985238.0484526288],[816946.58063705033,6985295.9621944334],[816902.25527315156,6985344.4303863272],[816858.12149580673,6985384.6536754062],[816812.1201806122,6985416.5842529312],[816775.22066711134,6985440.4768028902],[816741.15844075021,6985460.3093965882],[816657.95291124191,6985499.6243711077],[816650.99515177635,6985502.2394367428],[816543.68551791471,6985542.5808928898],[816415.11938390718,6985590.9104205724],[816230.38045815122,6985663.4457784025]]},"properties":{"FID":4,"ID_con":1977,"bw_id":"GFD_UAB_2850_4515","U_NR":2,"name":"uh. Brücke Montaniastraße (Waldrand) bis Wehr Hebrum / Lehe","GEW":"GFD","stat_von":2850,"stat_bis":4515,"bauart":"U-Abschnitt","upflicht":"NLWKN","KTR":"MABEN00100","bemerk":"Goldfischdever U2","beschreib":"Die Wechselwasserzone wird bei der Mahd komplett ausgelassen und darf sich ungestört entwickeln.  Eine vorbeugende Gehölzpflege in Form von Einkürzen von Ästen ist als Einzelfallentscheidung zulässig.","beschreib_":"Die Wechselwasserzone wird bei der Mahd komplett ausgelassen und darf sich ungestört entwickeln (Sumpf-Schwertlilie, Blaue Federlibelle, Früher Schilfjäger).\nHindernisse beseitigen insbesondere im Bereich von Bauwerken, Anlagen und einmündenden Neben","bemerk_uab":"Technische Ausbaustrecke (Standardstrecke)","beschreib1":"Die Gewässerunterhaltung erfolgt zur Sicherung des ordnungsgemäßen Abflusses im planfestgestellten Umfang, aber mit artspezifischen Vermeidungs-/Minimierungsmaßnahmen (Beseitigung von Längsbänken und Anlandungen nur im konkreten Bedarfsfall; differ","foto1":"https://nlwkn.hannit-share.de/index.php/core/preview?fileId=11352999&x=1280&y=819&a=true","foto2":"https://nlwkn.hannit-share.de/index.php/core/preview?fileId=11352977&x=1280&y=819&a=true","foto3":"https://nlwkn.hannit-share.de/index.php/core/preview?fileId=11358055&x=1280&y=819&a=true","foto4":"https://nlwkn.hannit-share.de/index.php/core/preview?fileId=11358054&x=1280&y=819&a=true","link1":"https://geoportal.bafg.de/birt_viewer/frameset?__report=RW_WKSB_21P1.rptdesign&param_wasserkoerper=DERW_DENI_03029","link2":" ","Laenge_U_A":1.6599999999999999,"Bez_Anfang":"uh. Brücke Montaniastraße (Waldrand)","Bez_Ende":"Wehr Hebrum / Lehe","Kat":"S","BSB":"https://nlwkn.hannit-share.de/index.php/apps/files/files/11066077?dir=/db/EVK/Urpl/bsb&openfile=true","MNB":"https://nlwkn.hannit-share.de/index.php/apps/files/files/11066068?dir=/db/GFD/Urpl/mnb&openfile=true","U_Steckbri":"https://nlwkn.hannit-share.de/index.php/apps/files/files/11066062?dir=/db/GFD/Urpl/wsb_nlwkn&openfile=true","WK_NR":3029,"URL_WKDB":" ","IDUabschn":"GFD_2","BfG_WK":"https://geoportal.bafg.de/birt_viewer/frameset?__report=RW_WKSB_21P1.rptdesign&param_wasserkoerper=DERW_DENI_03029"}},{"type":"Feature","id":5,"geometry":{"type":"LineString","coordinates":[[792150.30086691817,6873138.9932598881],[792238.6100139881,6873136.0517339874],[792290.45538082661,6873138.1920707077],[792329.44183766085,6873151.0347893508],[792381.48220644018,6873176.0449198158],[792439.52230211417,6873212.2463573534],[792512.12649185956,6873263.0191628505],[792529.97695648833,6873272.1564022377],[792550.95053965144,6873282.1638540132],[792582.30476177088,6873286.1346642189],[792623.3741186558,6873279.3200456295],[792686.09083249711,6873256.5138785988],[792722.66996655287,6873240.911424784],[792762.9542943408,6873234.0771549735],[792819.53696524131,6873235.5501857121],[792868.22087679361,6873238.3932616068],[792904.47309358953,6873235.3943045791],[792927.54838195303,6873224.9579844223],[792937.96925091965,6873217.3459212976],[792947.76545557042,6873203.4087509206],[792954.56236001442,6873183.8771002935],[792974.85095084261,6873129.218401378],[793028.79141883727,6873025.5397446025],[793048.50293579348,6872987.6528425114],[793057.4293153889,6872968.2441252312],[793084.33117984165,6872909.7490616702],[793140.73442506371,6872826.8626057655],[793157.34231984767,6872803.8483370617]]},"properties":{"FID":5,"ID_con":2031,"bw_id":"VEC_uab_120800_121600","U_NR":12,"name":"oh. Brücke Tillenberge bis uh. Wehr Brandlecht","GEW":"VEC","stat_von":120800,"stat_bis":121600,"bauart":"U-Abschnitt","upflicht":"NLWKN","KTR":"MABVE00200","bemerk":" ","beschreib":"Unterhaltungsabschnitt 12","beschreib_":" ","bemerk_uab":" ","beschreib1":"(beidseitig Gehölzbestand und Entwicklung), keine Mahd","foto1":" ","foto2":" ","foto3":" ","foto4":" ","link1":"https://geoportal.bafg.de/birt_viewer/frameset?__report=RW_WKSB_21P1.rptdesign&param_wasserkoerper=DERW_DENI_32001","link2":" ","Laenge_U_A":0.80000000000000004,"Bez_Anfang":"oh. Brücke Tillenberge","Bez_Ende":"uh. Wehr Brandlecht","Kat":"E","BSB":"https://nlwkn.hannit-share.de/index.php/apps/files/files/11053733?dir=/db/VEC/Urpl/bsb&openfile=true","MNB":"https://nlwkn.hannit-share.de/index.php/apps/files/files/11053676?dir=/db/VEC/Urpl/mnb&openfile=true","U_Steckbri":"https://nlwkn.hannit-share.de/index.php/apps/files/files/11053664?dir=/db/VEC/Urpl/wsb_nlwkn&openfile=true","WK_NR":32001,"URL_WKDB":"https://www.umweltkarten-niedersachsen.de/Download_OE/WRRL/WKDB_HE/32001_Vechte_ohne_Nordhorn.pdf","IDUabschn":"VEC_12","BfG_WK":"https://geoportal.bafg.de/birt_viewer/frameset?__report=RW_WKSB_21P1.rptdesign&param_wasserkoerper=DERW_DENI_32001"}},{"type":"Feature","id":6,"geometry":{"type":"LineString","coordinates":[[814263.64923405729,6925632.4904855723],[814264.25945000863,6925633.7050135201],[814271.91273056192,6925665.4395587537],[814274.37075694848,6925694.948042145],[814273.80667833844,6925719.1269365307],[814273.26711952337,6925742.2553099319],[814264.11758680828,6925774.6477617538],[814250.77352140495,6925806.9402722288],[814230.01447783818,6925842.2167428462],[814180.88652486762,6925924.1604363266],[814105.40911458863,6926055.9772766316],[814083.40424674482,6926099.6385654565],[814069.96042642894,6926136.1389164347],[814065.73526310665,6926182.3224006603],[814069.16898459406,6926215.0117592774],[814084.96630910924,6926257.4579978939],[814131.39009478863,6926336.3884318555],[814170.08917017607,6926386.7363368133],[814212.17898210324,6926426.6454083156],[814283.94909367908,6926472.9574160138],[814286.61089190608,6926474.6750288876],[814365.38409053639,6926516.4952767594],[814436.08665556042,6926544.4494853402],[814481.08555302385,6926549.7112019658],[814513.69559857936,6926546.2672627391],[814549.67246350576,6926533.4350019954],[814577.40634237009,6926514.0971332397],[814598.99357668788,6926488.3032147409],[814616.45913011255,6926459.258193993],[814640.04911872419,6926392.4880058011],[814676.37432074244,6926274.4719589055],[814740.92362594511,6926070.8650965113],[814767.73125091975,6926001.0169772916],[814799.29239587358,6925952.3173359958],[814817.56136662944,6925933.8103174279],[814855.80280997918,6925913.6673668753],[814913.99376121641,6925892.9388620127],[815036.29942878243,6925867.3954815548],[815218.55071005481,6925835.885517695],[815336.53973275609,6925815.4958413951],[815396.63031681476,6925803.2229196969],[815467.13490782934,6925794.3483176408],[815558.51693226618,6925790.1647251882],[815646.60487705213,6925792.2152079446],[815757.6424155836,6925800.0573763549],[815836.21997598337,6925805.0404275348],[815867.75382622634,6925802.6176211098],[815883.60406924214,6925797.7274319306],[815899.60192539298,6925786.5286578564],[815906.30797612586,6925768.8039665958],[815907.91548966733,6925744.6489555882],[815902.03753440059,6925726.6317174416],[815885.74368429475,6925705.216811141],[815846.72246163909,6925668.547159466],[815771.67830546713,6925601.5893891677],[815691.36816460534,6925535.5619823262],[815608.01210950629,6925465.2545354776],[815436.20467222913,6925318.2103986824],[815392.89553581446,6925285.6491750851],[815351.46213083726,6925262.5951622631],[815279.93869650562,6925225.1689013904],[815235.55659762817,6925193.6317649204],[815205.85386010713,6925162.438636031],[815183.49356318358,6925131.4169203416],[815166.74217554193,6925084.7479122821],[815162.18141336599,6925055.1928721899],[815162.74274664884,6925031.015865786],[815173.32786427368,6924981.8312479993],[815183.83827024023,6924935.8008361179],[815200.61611226376,6924890.9680239772],[815225.85515685333,6924843.1790894577],[815253.94568925665,6924808.075381699],[815337.08701499982,6924725.741269025],[815346.29031710268,6924716.6263838392],[815468.40540986974,6924607.9927309956],[815599.68541752559,6924511.1408292055],[815691.57749196701,6924452.0067264233],[815724.28282300744,6924430.9589127051],[815849.46402735915,6924370.7709128149],[815975.30421325192,6924327.4228351172],[816090.21904148499,6924302.748066294],[816179.53463400481,6924296.4080290031],[816328.41855287808,6924299.8612822415],[816542.11518294085,6924313.2261979291],[816619.65490910318,6924317.1239230316],[816708.4603141991,6924332.8517651092],[816773.05573381588,6924352.2234651623],[816839.55569508951,6924380.0519317258],[816909.00691050838,6924416.3630607417],[816964.8271253783,6924452.3569554966],[817014.31106537813,6924490.3084779745],[817018.86317081179,6924494.9503717981],[817050.18007489282,6924526.8661726844],[817090.84211349743,6924583.5429818388],[817134.3591906667,6924652.907768649],[817174.24817045743,6924743.2211800553],[817207.74941933178,6924837.5963818645],[817238.17934996018,6924928.746144413],[817259.487011638,6925006.0127561782],[817271.24659756396,6925133.5449534068],[817269.05982200801,6925212.1644621408],[817263.21855973254,6925268.3185877996],[817256.13938958559,6925312.2722258633],[817247.61264915834,6925353.152604213],[817245.43383588525,6925382.0071669705],[817253.9402241637,6925408.0649491325],[817268.51387619553,6925434.2643487081],[817302.8426456888,6925459.3978929007],[817334.55449427885,6925466.2145740697],[817377.09437224572,6925464.1536593111],[817453.21375999355,6925453.7375319442],[817552.36137127609,6925431.6803338155],[817716.90565213864,6925403.5203336934],[817800.64146109961,6925391.7543447949],[817887.27235767315,6925386.1412048154],[817969.07326074678,6925392.58531533],[818017.19306874031,6925411.9469660465],[818039.5621862323,6925429.1952713504],[818060.24200391246,6925454.011926638],[818062.68378067552,6925479.9313102737],[818060.22996097198,6925520.9511304237],[818039.43341504165,6925567.6352786552],[817995.18954336154,6925644.2085620789],[817906.80334079079,6925792.7949431753],[817866.61986486497,6925890.7637978178],[817843.81843668583,6925958.7045254726],[817826.87391427392,6926035.9083136609],[817820.75745841523,6926104.2323731575],[817813.59668159473,6926218.17827609],[817816.12953038281,6926277.8334525703]]},"properties":{"FID":6,"ID_con":1980,"bw_id":"HAS_uab_2100_7600","U_NR":2,"name":"Oberhalb Siedlungsrand Meppen bis Unterhalb Bokeloh","GEW":"HAS","stat_von":2100,"stat_bis":7600,"bauart":"U-Abschnitt","upflicht":"NLWKN","KTR":"MAAHA00100","bemerk":" ","beschreib":"Entwicklungsstrecke. Maßnahmen zur Ufersicherung werden nach Einzelfallentscheidung (Gewässerbesichtigung) durchgeführt. Ufererosionen sollen nach Möglichkeit toleriert werden (Eisvogel).","beschreib_":"Maßnahmen zur Ufersicherung werden nach Einzelfallentscheidung (Gewässerbesichtigung) durchgeführt. Ufererosionen sollen nach Möglichkeit toleriert werden (Eisvogel).\nDer Bestand an Ufergehölzen wird gepflegt und bereichsweise weiterentwickelt (Eisv","bemerk_uab":"Entwicklungsstrecke","beschreib1":"Die Gewässerunterhaltung erfolgt allgemein naturschonend und mit artspezifischen Vermeidungs-/Minimierungsmaßnahmen (keine Maßnahmen in der Gewässersohle; Tolerierung von Ufererosionen; Schutz, Pflege und bereichsweise Weiterentwicklung des Gehölzbe","foto1":"https://nlwkn.hannit-share.de/index.php/core/preview?fileId=11370079&x=1280&y=819&a=true","foto2":"https://nlwkn.hannit-share.de/index.php/core/preview?fileId=11370078&x=1280&y=819&a=true","foto3":"https://nlwkn.hannit-share.de/index.php/core/preview?fileId=11370081&x=1280&y=819&a=true","foto4":"https://nlwkn.hannit-share.de/index.php/core/preview?fileId=11370080&x=1280&y=819&a=true","link1":"https://geoportal.bafg.de/birt_viewer/frameset?__report=RW_WKSB_21P1.rptdesign&param_wasserkoerper=DERW_DENI_02096","link2":" ","Laenge_U_A":5.5,"Bez_Anfang":"Oberhalb Siedlungsrand Meppen","Bez_Ende":"Unterhalb Bokeloh","Kat":"E","BSB":"https://nlwkn.hannit-share.de/index.php/apps/files/files/11063512?dir=/db/HAS/Urpl/bsb&openfile=true","MNB":"https://nlwkn.hannit-share.de/index.php/apps/files/files/11063461?dir=/db/HAS/Urpl/mnb&openfile=true","U_Steckbri":"https://nlwkn.hannit-share.de/index.php/apps/files/files/11063434?dir=/db/HAS/Urpl/wsb_nlwkn&openfile=true","WK_NR":2096,"URL_WKDB":"https://www.umweltkarten-niedersachsen.de/Download_OE/WRRL/WKDB_HE/02089_Hase_Grosse_Hase.pdf","IDUabschn":"HAS_2","BfG_WK":"https://geoportal.bafg.de/birt_viewer/frameset?__report=RW_WKSB_21P1.rptdesign&param_wasserkoerper=DERW_DENI_02096"}},{"type":"Feature","id":7,"geometry":{"type":"LineString","coordinates":[[786640.48880356143,6876101.9315942721],[786658.7265671253,6876121.8532216754],[786661.49010781676,6876124.872107056],[786696.93867554842,6876167.6378198033],[786786.20379495213,6876277.8709384622],[786856.50802232313,6876358.2519463021],[787053.13732755324,6876586.539915421],[787076.64257965854,6876614.642626876],[787116.1307343787,6876661.8516334398],[787150.17580375564,6876702.5560229868],[787178.67460373265,6876736.628104643],[787242.38635653595,6876817.5673212167],[787310.92573157768,6876909.6414156305],[787383.08695021353,6877009.8424584903],[787401.97343627398,6877036.0667600976],[787421.98112005729,6877064.2045376152],[787542.36763754312,6877233.51087349],[787564.20314503019,6877265.6437449399],[787697.13211889029,6877445.5186658408],[787719.63203494751,6877475.9650257817],[787730.82181369024,6877493.3736958867],[787769.53717981069,6877553.6051951041],[787798.18115390511,6877604.9964503702],[787828.01714645536,6877666.6915186187],[787845.2510216526,6877706.7741489541],[787860.1361919659,6877752.6635117754],[787870.57489607297,6877800.6349750301],[787877.16186537058,6877855.8437571963],[787879.572854475,6877902.8684421461],[787874.91758755734,6877968.0486267777],[787868.41861211043,6878030.3479667371],[787868.04763519031,6878033.9055243256],[787867.63996805868,6878076.9226900078],[787867.23440977605,6878119.7369122701],[787858.65347571962,6878388.077119071],[787852.6148438286,6878505.3278658595],[787849.62737018522,6878590.3711092975],[787841.23428417428,6878658.3929478712],[787833.52341114113,6878700.7510531619],[787823.05976878572,6878736.4292031806],[787811.8273761865,6878773.555667595],[787798.59425572364,6878803.2900740514],[787781.68369628128,6878833.6617742255],[787745.94151274045,6878884.0776715642],[787719.24735635566,6878924.4616663558],[787704.64866400522,6878950.4905467927],[787697.59870070929,6878967.9164147098],[787696.71382740675,6878973.0553879831]]},"properties":{"FID":7,"ID_con":2000,"bw_id":"NAK_uab_2290_4314","U_NR":2,"name":"Brücke Kanalweg bis Landesgrenze","GEW":"NAK","stat_von":2290,"stat_bis":4314,"bauart":"U-Abschnitt","upflicht":"NLWKN","KTR":"MAAVE30400","bemerk":" ","beschreib":"Unterhaltungsabschnitt 2","beschreib_":" ","bemerk_uab":" ","beschreib1":"Für die einzelnen Kanalabschnitte sind die regelmäßig wiederkehrenden Unterhaltungsmaßnahmen nach Ufern getrennt in Arbeitsplänen (Stand 2004) dargestellt. Darin werden folgende Pflegemodi unterschieden (siehe auch Anlage 3):\n- zweimalige Mahd ab de","foto1":" ","foto2":" ","foto3":" ","foto4":" ","link1":"https://geoportal.bafg.de/birt_viewer/frameset?__report=RW_WKSB_21P1.rptdesign&param_wasserkoerper=DERW_DENI_32041","link2":" ","Laenge_U_A":2.02,"Bez_Anfang":"Brücke Kanalweg","Bez_Ende":"Landesgrenze","Kat":"S","BSB":"https://nlwkn.hannit-share.de/index.php/apps/files/files/11061734?dir=/db/NAK/Urpl/bsb&openfile=true","MNB":"https://nlwkn.hannit-share.de/index.php/apps/files/files/11061728?dir=/db/NAK/Urpl/mnb&openfile=true","U_Steckbri":"https://nlwkn.hannit-share.de/index.php/apps/files/files/11061722?dir=/db/NAK/Urpl/wsb_nlwkn&openfile=true","WK_NR":32041,"URL_WKDB":" ","IDUabschn":"NAK_2","BfG_WK":"https://geoportal.bafg.de/birt_viewer/frameset?__report=RW_WKSB_21P1.rptdesign&param_wasserkoerper=DERW_DENI_32041"}},{"type":"Feature","id":8,"geometry":{"type":"LineString","coordinates":[[836205.05420292052,6920890.5573511533],[836258.49171082617,6920927.8899841653],[836345.78599093738,6920992.9456254039],[836401.79543542035,6921045.3073487813],[836448.79560841492,6921097.4830570361],[836475.08166183007,6921134.1718185013],[836511.91282778641,6921169.5706367344],[836575.40062952274,6921223.5928680133],[836619.5210504405,6921257.6097480999],[836631.59882411815,6921266.921984639],[836677.53267900494,6921297.9901767103],[836748.81110931979,6921338.6194723174],[836802.21925869305,6921365.3906653626],[836836.54613595398,6921382.598133307],[836887.56854346395,6921404.8996971361],[836937.79812097398,6921426.8544242093],[837049.4386028609,6921477.3483212497],[837134.298254302,6921515.2405568156],[837213.149988399,6921553.0085703759],[837216.3059474224,6921554.7875541886],[837254.73631869385,6921576.4560638852],[837308.15258594404,6921609.1818511253],[837364.32665611524,6921654.0134374723],[837411.42888529005,6921701.6709312806],[837473.2730825647,6921763.1866611969],[837523.10331572138,6921824.4558921698],[837574.25185179,6921894.787745106],[837607.68635643763,6921949.696041855],[837644.12494842487,6922004.6660763379],[837662.42009900615,6922065.2891102908],[837680.43728522235,6922139.4630761044],[837693.73566732206,6922224.0833023172],[837710.67623670783,6922424.760459628],[837713.45329604275,6922451.8228281029]]},"properties":{"FID":8,"ID_con":1989,"bw_id":"HAS_uab_37580_38980","U_NR":11,"name":"oh. Einlassbauwerk HWRB Haselünne bis uh. Einmündung Lager Bach","GEW":"HAS","stat_von":37580,"stat_bis":38980,"bauart":"U-Abschnitt","upflicht":"NLWKN","KTR":"MAAHA00100","bemerk":" ","beschreib":"Standardstrecke","beschreib_":"Die Ufersicherungen sind nach Bedarf instand zu halten.\nIm Bereich der landkreis- und landeseigenen Flächen sollen Ufererosionen innerhalb eines 5 m breiten Randstreifens toleriert werden, soweit dadurch weder der ordnungsgemäße Wasserabfluss noch ein","bemerk_uab":"Standardstrecke","beschreib1":"Die Gewässerunterhaltung erfolgt allgemein naturschonend (keine Maßnahmen auf der Gewässersohle; bereichsweise Tolerierung von Ufererosionen; räumlich und zeitlich gestaffelte Mahd der Ufersaumstreifen und der Unterhaltungsstreifen. Es sind keine sig","foto1":" ","foto2":" ","foto3":" ","foto4":" ","link1":"https://geoportal.bafg.de/birt_viewer/frameset?__report=RW_WKSB_21P1.rptdesign&param_wasserkoerper=DERW_DENI_02096","link2":" ","Laenge_U_A":1.3999999999999999,"Bez_Anfang":"oh. Einlassbauwerk HWRB Haselünne","Bez_Ende":"uh. Einmündung Lager Bach","Kat":"S","BSB":"https://nlwkn.hannit-share.de/index.php/apps/files/files/11063494?dir=/db/HAS/Urpl/bsb&openfile=true","MNB":"https://nlwkn.hannit-share.de/index.php/apps/files/files/11063443?dir=/db/HAS/Urpl/mnb&openfile=true","U_Steckbri":"https://nlwkn.hannit-share.de/index.php/apps/files/files/11063434?dir=/db/HAS/Urpl/wsb_nlwkn&openfile=true","WK_NR":2096,"URL_WKDB":"https://www.umweltkarten-niedersachsen.de/Download_OE/WRRL/WKDB_HE/02089_Hase_Grosse_Hase.pdf","IDUabschn":"HAS_11","BfG_WK":"https://geoportal.bafg.de/birt_viewer/frameset?__report=RW_WKSB_21P1.rptdesign&param_wasserkoerper=DERW_DENI_02096"}},{"type":"Feature","id":9,"geometry":{"type":"LineString","coordinates":[[788381.00766969682,6899720.7700071018],[788383.20281095023,6899767.7293913895],[788376.04569657682,6900124.7860522475],[788388.45126181142,6900483.5345917558],[788413.56592720514,6900841.4822169272],[788434.01037797332,6901201.6334970789],[788440.26267414191,6901313.9626127463],[788441.46514205297,6901355.6227755053],[788432.61792332272,6901558.906948464],[788416.20817526849,6901916.9514635624],[788414.54376726609,6902023.2980874758],[788411.32523069426,6902275.3206587136],[788404.16544926504,6902632.4862068333],[788396.42864342441,6902924.3747031968],[788394.69941336382,6902989.6078741131],[788388.72184267675,6903345.6809919523],[788383.86648893543,6903702.9570633732],[788382.27306816389,6903763.0624716422],[788374.58897913422,6903791.7738818564],[788364.53644422279,6903822.736666549],[788344.13897957152,6903852.2683515102],[788325.10797966679,6903873.7374884868],[788298.06809110031,6903892.6802740879],[788270.02774282964,6903905.8133496484],[788237.52803632151,6903913.0444107978],[788201.7242058526,6903914.4042077102],[788109.66740203602,6903905.0071282284],[787789.26650016534,6903847.8736397848],[787529.76344114973,6903800.4507665345],[787329.9733314031,6903763.8735316163],[787249.60391057446,6903748.998384119],[787209.30969231285,6903745.6062177168],[787166.49615639448,6903750.2419395028],[787095.54668512905,6903771.4737563049],[787037.55846296519,6903782.6439272501],[787007.32319612999,6903785.1936285049]]},"properties":{"FID":9,"ID_con":2011,"bw_id":"SNK_uab_11010_14365","U_NR":5,"name":"Schleuse IV (Oberhaupt) bis Piccardie-Coevorden-Kanal","GEW":"SNK","stat_von":11010,"stat_bis":14365,"bauart":"U-Abschnitt","upflicht":"NLWKN","KTR":"MAAVE10100","bemerk":" ","beschreib":"Unterhaltungsabschnitt von Schleuse IV in Georgsdorf bis Piccardie-Coevordden-Kanal in Georgsdorf. WSP Sommer 15.50 m NN, Winter: 15,40 m NN (Sohle ca. bei 13,50 - 13,80, Profile siehe Links)","beschreib_":" ","bemerk_uab":" ","beschreib1":"Für die einzelnen Kanalabschnitte sind die regelmäßig wiederkehrenden Unterhaltungsmaßnahmen nach Ufern getrennt in Arbeitsplänen (Stand 2004) dargestellt. Darin werden folgende Pflegemodi unterschieden (siehe auch Anlage 3):\n- zweimalige Mahd ab de","foto1":"https://nlwkn.hannit-share.de/index.php/core/preview?fileId=11060564&x=1280&y=819&a=true","foto2":"https://nlwkn.hannit-share.de/index.php/core/preview?fileId=11060567&x=1280&y=819&a=true","foto3":"https://nlwkn.hannit-share.de/index.php/core/preview?fileId=8273885&x=1280&y=819&a=true","foto4":"https://nlwkn.hannit-share.de/index.php/core/preview?fileId=8273892&x=1280&y=819&a=true","link1":"https://geoportal.bafg.de/birt_viewer/frameset?__report=RW_WKSB_21P1.rptdesign&param_wasserkoerper=DERW_DENI_32040","link2":" ","Laenge_U_A":3.3500000000000001,"Bez_Anfang":"Schleuse IV (Oberhaupt)","Bez_Ende":"Piccardie-Coevorden-Kanal","Kat":"S","BSB":"https://nlwkn.hannit-share.de/index.php/apps/files/files/11058254?dir=/db/SNK/Urpl/bsb&openfile=true","MNB":"https://nlwkn.hannit-share.de/index.php/apps/files/files/11058221?dir=/db/SNK/Urpl/mnb&openfile=true","U_Steckbri":"https://nlwkn.hannit-share.de/index.php/apps/files/files/11058200?dir=/db/SNK/Urpl/wsb_nlwkn&openfile=true","WK_NR":32040,"URL_WKDB":" ","IDUabschn":"SNK_5","BfG_WK":"https://geoportal.bafg.de/birt_viewer/frameset?__report=RW_WKSB_21P1.rptdesign&param_wasserkoerper=DERW_DENI_32040"}},{"type":"Feature","id":10,"geometry":{"type":"LineString","coordinates":[[775150.10434417229,6890028.7676370284],[775192.43710456463,6890019.8394314889],[775198.48972124525,6890019.0655892957],[775254.04447574064,6890011.9649968576],[775295.68794562737,6889997.7563349465],[775332.75476264092,6889975.7256240072],[775348.41777983599,6889961.786863232],[775365.21911554504,6889946.8351608878],[775390.15108216903,6889912.9236495802],[775410.97705906851,6889863.8825798705],[775412.74642541644,6889859.7140715774],[775437.17840889865,6889741.1738891779],[775464.29459617974,6889561.1748962086],[775497.2129446771,6889413.5529354913],[775533.93710022827,6889267.0021668114],[775566.45051809237,6889136.6881791512],[775578.24475361535,6889089.4210113501],[775611.6808904903,6889008.6410897523],[775648.76702667051,6888917.3892622031],[775666.87738348544,6888853.0040253084],[775704.10093728884,6888705.5156756882],[775734.60327192023,6888558.320086129],[775742.38896957284,6888520.0850560348],[775748.56684309873,6888470.7472692495],[775749.70566563413,6888415.7989711957]]},"properties":{"FID":10,"ID_con":1967,"bw_id":"DIN_uab_1650_2760","U_NR":2,"name":"Dinkelwehr Neuenhaus bis Brücke Südring (B403)","GEW":"DIN","stat_von":1650,"stat_bis":2760,"bauart":"U-Abschnitt","upflicht":"NLWKN","KTR":"MABVE00300","bemerk":" ","beschreib":"Unterhaltungsabschnitt 2 der Dinkel (technische Ausbaustrecke bzw. Standardstrecke)","beschreib_":" ","bemerk_uab":" ","beschreib1":"Prioritäre Ziele: Planfestgestellten Abfluss sicherstellen, Hochwasserschutz Ortslage Neuenhaus\nHinweis: Für weitere vorhandene Bauwerke, Bootsstege und Brücken sind die Eigentümer oder Nutzungsberechtigten bzw. Unterhaltungspflichtigen zu-ständig.\n","foto1":" ","foto2":" ","foto3":" ","foto4":" ","link1":"https://geoportal.bafg.de/birt_viewer/frameset?__report=RW_WKSB_21P1.rptdesign&param_wasserkoerper=DERW_DENI_32004","link2":" ","Laenge_U_A":1.1100000000000001,"Bez_Anfang":"Dinkelwehr Neuenhaus","Bez_Ende":"Brücke Südring (B403)","Kat":"S","BSB":"https://nlwkn.hannit-share.de/index.php/apps/files/files/11067451?dir=/db/DIN/Urpl/bsb&openfile=true","MNB":"https://nlwkn.hannit-share.de/index.php/apps/files/files/11067436?dir=/db/DIN/Urpl/mnb&openfile=true","U_Steckbri":"https://nlwkn.hannit-share.de/index.php/apps/files/files/11067430?dir=/db/HAS/Urpl/wsb_nlwkn&openfile=true","WK_NR":32004,"URL_WKDB":"https://www.umweltkarten-niedersachsen.de/Download_OE/WRRL/WKDB_HE/32004_Dinkel.pdf","IDUabschn":"DIN_2","BfG_WK":"https://geoportal.bafg.de/birt_viewer/frameset?__report=RW_WKSB_21P1.rptdesign&param_wasserkoerper=DERW_DENI_32004"}},{"type":"Feature","id":11,"geometry":{"type":"LineString","coordinates":[[807732.08043387975,6853472.1721905749],[807743.43572201626,6853435.6219374612],[807766.69670950784,6853378.9301552968],[807769.19967538561,6853367.0404075701],[807769.8368702014,6853352.0482492521],[807768.27673892642,6853313.1010377966],[807763.30918365926,6853266.0120411143],[807750.9744491122,6853179.2820687145],[807750.70445087354,6853155.9303961825],[807752.97968197719,6853130.4170765495],[807757.10871581314,6853108.5619628159],[807761.07611913374,6853093.3724921923],[807781.64642782579,6853056.3512023073],[807804.29437850136,6853025.2150191395],[807823.25063287269,6853009.2748639714],[807940.21702141105,6852929.0015578186],[808062.48002647038,6852847.4644162552],[808177.49119598861,6852767.6967480145],[808293.95097374637,6852685.1854931768],[808378.70214251988,6852630.2548168879],[808461.19625832979,6852576.9379453408],[808476.98469852388,6852566.1813977743],[808522.52553607931,6852499.9434444541],[808567.72092626011,6852449.560427879],[808611.10704546096,6852424.5446237996],[808682.26689363224,6852416.6899780463],[808751.99376571213,6852414.6495677149],[808770.82349373819,6852418.5561883748],[808806.61613591528,6852417.4377993336],[808835.79497840954,6852416.9750229539],[808868.26882474485,6852416.4701547353],[808886.26821342495,6852415.7946024183],[808942.11022828927,6852405.2802179651],[808979.96244380553,6852396.0615004553],[809037.62531548622,6852374.9304075353],[809106.05551934661,6852350.0608863132],[809149.86500415334,6852327.9298063451],[809188.28206543927,6852302.5074465442],[809244.64916419762,6852256.8811552618],[809272.53442637844,6852235.6193975862],[809348.62415278016,6852134.0695446869],[809384.09039818298,6852085.5892521739],[809403.13893268921,6852041.4858012935],[809409.59845175757,6852026.5223075617],[809449.70138132188,6851932.7537706932],[809467.38144956494,6851887.8430026593],[809481.39983644488,6851865.7936206339],[809511.28722304932,6851820.2263897406],[809520.97240747197,6851810.6510788864],[809533.36679187964,6851798.363424439],[809612.20677992562,6851725.6826753272],[809617.78127392242,6851720.197741881],[809686.71257798956,6851652.3749613585],[809728.29803148902,6851616.434610039],[809748.64349953318,6851598.8495187555],[809800.24830285099,6851553.6509709777],[809810.86036142753,6851533.1217120467],[809826.80029219331,6851502.2869407879],[809856.72281306784,6851230.740875762],[809878.33031951636,6851189.5557775656],[809880.42909939913,6851188.214067094],[809932.44880352134,6851154.9443255337],[809964.14948144089,6851140.1999158626],[810062.19494442921,6851094.5954299737],[810145.77143198892,6851015.4708616911],[810207.89306629996,6850956.5293259546],[810233.62728923629,6850910.7757626036],[810258.34433966153,6850812.1051235097],[810293.58811125683,6850738.6613185368],[810351.0890192826,6850659.3783221776],[810371.84379154665,6850631.0969778905],[810473.9420718617,6850491.8933052821],[810517.21254434844,6850433.6314939689],[810611.12816612178,6850355.9269862035],[810658.15507967456,6850300.7702422207],[810675.3482422512,6850234.4863413712],[810671.95410706825,6850212.2579995636],[810661.02038974268,6850140.848697938],[810624.19731292175,6850059.1247362094],[810554.87423241639,6849972.0746696601],[810540.64607715118,6849911.6821814952],[810560.37468793185,6849860.5448347842],[810623.61472659395,6849827.7505347943],[810667.58226972353,6849804.8098041024]]},"properties":{"FID":11,"ID_con":2037,"bw_id":"VEC_uab_139900_143120","U_NR":18,"name":"Oh. Einmündung Junkergraben bis oh. Einmündung Ohner Becke","GEW":"VEC","stat_von":139900,"stat_bis":143120,"bauart":"U-Abschnitt","upflicht":"NLWKN","KTR":"MABVE00200","bemerk":" ","beschreib":"Unterhaltungsabschnitt 18","beschreib_":" ","bemerk_uab":" ","beschreib1":"steile Ufer; einzelne Gehölzsäume ohne Mahd; keine Unterhaltungswege; z.T. ehemalige Verwallungen\n-Hindernisse beseitigen/sichern insbesondere in Abschnitten mit\nUfergehölzen und im Bereich von Bauwerken und Anlagen","foto1":" ","foto2":" ","foto3":" ","foto4":" ","link1":"https://geoportal.bafg.de/birt_viewer/frameset?__report=RW_WKSB_21P1.rptdesign&param_wasserkoerper=DERW_DENI_32001","link2":" ","Laenge_U_A":3.2200000000000002,"Bez_Anfang":"Oh. Einmündung Junkergraben","Bez_Ende":"oh. Einmündung Ohner Becke","Kat":"E","BSB":"https://nlwkn.hannit-share.de/index.php/apps/files/files/11053754?dir=/db/VEC/Urpl/bsb&openfile=true","MNB":"https://nlwkn.hannit-share.de/index.php/apps/files/files/11053694?dir=/db/VEC/Urpl/mnb&openfile=true","U_Steckbri":"https://nlwkn.hannit-share.de/index.php/apps/files/files/11053664?dir=/db/VEC/Urpl/wsb_nlwkn&openfile=true","WK_NR":32001,"URL_WKDB":"https://www.umweltkarten-niedersachsen.de/Download_OE/WRRL/WKDB_HE/32001_Vechte_ohne_Nordhorn.pdf","IDUabschn":"VEC_18","BfG_WK":"https://geoportal.bafg.de/birt_viewer/frameset?__report=RW_WKSB_21P1.rptdesign&param_wasserkoerper=DERW_DENI_32001"}},{"type":"Feature","id":12,"geometry":{"type":"LineString","coordinates":[[817816.12953038281,6926277.8334525703],[817821.48572624114,6926403.9847856741],[817828.67255664663,6926487.8341727927],[817841.96380222565,6926570.3026638366],[817871.00261359173,6926694.2181941317],[817886.64551246434,6926740.2245639954],[817891.30923642882,6926757.0574654201],[817935.14925648668,6926915.27760104],[817951.14111142023,6926972.9924400896],[817965.37359817245,6927014.4034440275],[817977.09287527949,6927032.9325307971],[817996.53553150466,6927045.5525423251],[818020.70475637936,6927050.6724849371],[818051.18569226249,6927045.2862163689],[818094.18580150139,6927023.4498329116],[818179.05148554908,6926963.0110631557],[818226.60146411927,6926941.2785516391],[818269.2185051617,6926936.1700764736],[818297.93840371759,6926941.3934342442],[818329.41544375441,6926958.8547244165],[818399.57264744805,6927010.6765241986],[818650.24905279768,6927200.5418942673],[818698.20813508856,6927227.5090137655],[818769.028190276,6927250.4328303952],[818889.88012117858,6927276.022379403],[819023.0429279072,6927294.2844143473],[819104.72774565907,6927306.8023001375],[819168.41264644999,6927309.7789189937],[819221.58158050012,6927307.9485025629],[819277.88933832513,6927301.6249045003],[819329.71324741549,6927292.1559418011],[819418.46803168918,6927260.7041776804],[819557.83810099238,6927206.0563224535],[819622.44871197047,6927180.7316366667],[819660.45667899202,6927165.8168675909],[819767.75697717641,6927119.5664528105],[819816.83956858283,6927097.6362099163],[819865.96845158527,6927079.9404241433]]},"properties":{"FID":12,"ID_con":1981,"bw_id":"HAS_uab_7600_9325","U_NR":3,"name":"Unterhalb Bokeloh bis Einmünduing Kamphausgraben","GEW":"HAS","stat_von":7600,"stat_bis":9325,"bauart":"U-Abschnitt","upflicht":"NLWKN","KTR":"MAAHA00100","bemerk":" ","beschreib":"Maßnahmen zur Ufersicherung werden nach Einzelfallentscheidung (Gewässerbesichtigung) durchgeführt.\nDie Hochwasserverwallungen sollten vom zuständigen Unterhaltungspflichtigen im selben Turnus gemäht werden wie die Unterhaltungsstreifen.","beschreib_":"Maßnahmen zur Ufersicherung werden nach Einzelfallentscheidung (Gewässerbesichtigung) durchgeführt.\nDie Hochwasserverwallungen sollten vom zuständigen Unterhaltungspflichtigen im selben Turnus gemäht werden wie die Unterhaltungsstreifen.\nDie krautig","bemerk_uab":"Entwicklungsstrecke. Maßnahmen zur Ufersicherung werden nach Einzelfallentscheidung (Gewässerbesichtigung) durchgeführt.","beschreib1":"Die Gewässerunterhaltung erfolgt allgemein naturschonend und mit artspezifischen Vermeidungs-/Minimierungsmaßnahmen (keine Maßnahmen auf der Gewässersohle; Schutz und Pflege des Gehölzbestandes; räumlich und zeitlich gestaffelte Mahd der Ufersaumst","foto1":"https://nlwkn.hannit-share.de/index.php/core/preview?fileId=11370117&x=1280&y=819&a=true","foto2":"https://nlwkn.hannit-share.de/index.php/core/preview?fileId=11370120&x=1280&y=819&a=true","foto3":"https://nlwkn.hannit-share.de/index.php/core/preview?fileId=11370118&x=1280&y=819&a=true","foto4":"https://nlwkn.hannit-share.de/index.php/core/preview?fileId=11370119&x=1280&y=819&a=true","link1":"https://geoportal.bafg.de/birt_viewer/frameset?__report=RW_WKSB_21P1.rptdesign&param_wasserkoerper=DERW_DENI_02096","link2":" ","Laenge_U_A":1.72,"Bez_Anfang":"Unterhalb Bokeloh","Bez_Ende":"Einmünduing Kamphausgraben","Kat":"E","BSB":"https://nlwkn.hannit-share.de/index.php/apps/files/files/11063515?dir=/db/HAS/Urpl/bsb&openfile=true","MNB":"https://nlwkn.hannit-share.de/index.php/apps/files/files/11063464?dir=/db/HAS/Urpl/mnb&openfile=true","U_Steckbri":"https://nlwkn.hannit-share.de/index.php/apps/files/files/11063434?dir=/db/HAS/Urpl/wsb_nlwkn&openfile=true","WK_NR":2096,"URL_WKDB":"https://www.umweltkarten-niedersachsen.de/Download_OE/WRRL/WKDB_HE/02089_Hase_Grosse_Hase.pdf","IDUabschn":"HAS_3","BfG_WK":"https://geoportal.bafg.de/birt_viewer/frameset?__report=RW_WKSB_21P1.rptdesign&param_wasserkoerper=DERW_DENI_02096"}},{"type":"Feature","id":13,"geometry":{"type":"LineString","coordinates":[[790375.28286000714,6930709.4675499909],[790360.46196481562,6930710.7706824914],[789753.45302289608,6930744.924135115],[789739.24165249371,6930745.3382861763],[789704.23458238528,6930746.3849958489],[788589.1399724402,6930816.6681793109],[788548.02254093788,6930818.9740666123],[788498.92100797966,6930821.7139987573],[787983.90180084028,6930854.5254997537],[787661.1307592903,6930875.0751358056],[787565.68006981595,6930880.6506920019],[787507.67937347759,6930893.1966141956],[787459.82869748957,6930909.1062638182],[787419.39173792955,6930928.423581738],[787379.26146908174,6930952.9700593455],[787343.13556257298,6930977.4256041106],[787312.04735997238,6931002.8271019012],[787285.53127970814,6931026.6748187784],[787255.04183510283,6931060.2452820502],[787232.71226057759,6931093.0305775963],[787132.99661729881,6931238.8163645696],[787111.25279084709,6931272.3379157679],[787090.23408669967,6931304.7424992872],[787029.95297479851,6931394.7455285816],[786973.70908439963,6931477.1073164595],[786919.41192536568,6931534.2705182554],[786914.85075687745,6931537.790223402],[786869.53293945955,6931572.6542176399],[786815.32743568602,6931604.8425608221],[786748.4762454438,6931634.3451138102],[786686.58183829021,6931650.3295885446],[786602.60762536945,6931661.1983595556]]},"properties":{"FID":13,"ID_con":2006,"bw_id":"SHK_uab_0_2494","U_NR":1,"name":"Süd-Nord-Kanal bis Landesgrenze","GEW":"SHK","stat_von":0,"stat_bis":2494,"bauart":"U-Abschnitt","upflicht":"NLWKN","KTR":"MAAEN10200","bemerk":" ","beschreib":"Unterhaltungsabschnitt 1","beschreib_":" ","bemerk_uab":" ","beschreib1":"Für die einzelnen Kanalabschnitte sind die regelmäßig wiederkehrenden Unterhaltungsmaßnahmen nach Ufern getrennt in Arbeitsplänen (Stand 2004) dargestellt. Darin werden folgende Pflegemodi unterschieden (siehe auch Anlage 3):\n- zweimalige Mahd ab de","foto1":" ","foto2":" ","foto3":" ","foto4":" ","link1":"https://geoportal.bafg.de/birt_viewer/frameset?__report=RW_WKSB_21P1.rptdesign&param_wasserkoerper=DERW_DENI_03043","link2":" ","Laenge_U_A":2.4900000000000002,"Bez_Anfang":"Süd-Nord-Kanal","Bez_Ende":"Landesgrenze","Kat":"S","BSB":"https://nlwkn.hannit-share.de/index.php/apps/files/files/11060675?dir=/db/PCK/Urpl/bsb&openfile=true","MNB":"https://nlwkn.hannit-share.de/index.php/apps/files/files/11060672?dir=/db/SHK/Urpl/mnb&openfile=true","U_Steckbri":"https://nlwkn.hannit-share.de/index.php/apps/files/files/11060669?dir=/db/SHK/Urpl/wsb_nlwkn&openfile=true","WK_NR":3043,"URL_WKDB":" ","IDUabschn":"SHK_1","BfG_WK":"https://geoportal.bafg.de/birt_viewer/frameset?__report=RW_WKSB_21P1.rptdesign&param_wasserkoerper=DERW_DENI_03043"}},{"type":"Feature","id":14,"geometry":{"type":"LineString","coordinates":[[810667.58226972353,6849804.8098041024],[810671.36875651055,6849802.8341329331],[810818.33777462458,6849702.5582946371],[810860.61864845047,6849678.0489721037],[810909.93841945007,6849649.4732560655],[811166.79683602508,6849499.7893312126],[811256.82836363197,6849446.8607852198],[811334.05545006192,6849398.4436310157],[811367.62040408305,6849377.4069423154],[811403.71637743397,6849323.4603676647],[811535.28691345046,6849126.8101938348],[811546.50561929797,6849079.1317005921],[811545.2631394983,6848868.9431033256],[811544.71276679239,6848775.7403493272],[811566.46451543982,6848697.6955080992],[811700.19698496547,6848493.2533704629],[811764.50414019334,6848396.6942543043],[811822.08888594015,6848310.932235389],[811834.62123052531,6848263.8549213391],[811822.23916247254,6848181.2431150926],[811789.13847491855,6848133.7900503129],[811730.81357442611,6848073.4670988182],[811730.5519414075,6848072.522483184],[811692.47766335413,6848040.5090112239],[811684.21017020533,6848034.1177301118],[811634.75490848511,6848003.9422569051],[811614.82553153776,6847992.9934560116]]},"properties":{"FID":14,"ID_con":2038,"bw_id":"VEC_uab_143120_145550","U_NR":19,"name":"Oh. Einmündung Ohner Becke bis Landesgrenze NRW","GEW":"VEC","stat_von":143120,"stat_bis":145550,"bauart":"U-Abschnitt","upflicht":"NLWKN","KTR":"MABVE00200","bemerk":" ","beschreib":"Unterhaltungsabschnitt 19","beschreib_":" ","bemerk_uab":" ","beschreib1":"- relativ steile Ufer; keine Unterhaltungswege\n-Hindernisse beseitigen/sichern insbesondere in Abschnitten mit\nUfergehölzen und im Bereich von Bauwerken und Anlagen","foto1":" ","foto2":" ","foto3":" ","foto4":" ","link1":"https://geoportal.bafg.de/birt_viewer/frameset?__report=RW_WKSB_21P1.rptdesign&param_wasserkoerper=DERW_DENI_32001","link2":" ","Laenge_U_A":2.4300000000000002,"Bez_Anfang":"Oh. Einmündung Ohner Becke","Bez_Ende":"Landesgrenze NRW","Kat":"S","BSB":"https://nlwkn.hannit-share.de/index.php/apps/files/files/11053736?dir=/db/VEC/Urpl/bsb&openfile=true","MNB":"https://nlwkn.hannit-share.de/index.php/apps/files/files/11053697?dir=/db/VEC/Urpl/mnb&openfile=true","U_Steckbri":"https://nlwkn.hannit-share.de/index.php/apps/files/files/11053664?dir=/db/VEC/Urpl/wsb_nlwkn&openfile=true","WK_NR":32001,"URL_WKDB":"https://www.umweltkarten-niedersachsen.de/Download_OE/WRRL/WKDB_HE/32001_Vechte_ohne_Nordhorn.pdf","IDUabschn":"VEC_19","BfG_WK":"https://geoportal.bafg.de/birt_viewer/frameset?__report=RW_WKSB_21P1.rptdesign&param_wasserkoerper=DERW_DENI_32001"}},{"type":"Feature","id":15,"geometry":{"type":"LineString","coordinates":[[813759.85794273135,6885280.6935709938],[813743.78970946628,6885249.6715758657],[813684.20365761535,6885146.4167326223],[813651.31103983358,6885080.0421262654],[813608.21332202689,6885008.2507005073],[813574.63699683698,6884971.2097507128],[813498.35620358179,6884919.3553272011],[813077.78801589517,6884641.896373258],[812986.1453240742,6884584.4981252765],[812967.29536977061,6884580.6025798749],[812939.39574844553,6884595.4826242067],[812467.04813033575,6884838.1139471456],[812418.24994730134,6884862.8569419989],[812329.62435303908,6884897.0169655709],[812206.49546763115,6884933.8127339529],[812136.91283048165,6884926.9899801994],[811965.91001119372,6884912.5875863712],[811325.404332584,6884872.3724223878],[810884.3834101524,6884843.7635326684],[810441.72571539262,6884811.6376978504],[809999.87293806451,6884782.0966214482],[809555.5225545672,6884749.0177151132],[809108.59607795312,6884715.8525332641],[808708.93738571263,6884686.3916969337],[808681.48430312669,6884682.2773316512],[808666.91826205514,6884679.3368100859],[808633.52479250066,6884671.6289957333],[808521.09595451725,6884620.5842900816],[808224.77379411133,6884483.1070883917],[807795.55803294899,6884287.1683994252],[807364.68445492105,6884089.4451893223],[806926.21430009254,6883886.3399971472],[806888.52427387575,6883868.8806203129],[806487.76483333949,6883683.2178482376],[806045.0167333167,6883480.8337076725],[805605.73173297767,6883278.5145278955],[805166.46905234258,6883076.1768275388],[804730.6481563925,6882874.7679548338],[804288.80835150322,6882674.0540667493],[804119.49618566618,6882593.0835552877],[803869.24869677459,6882478.1847441839],[803437.60514225054,6882284.5883275662],[803004.36737594265,6882086.6191033032],[802571.25741322001,6881884.320071145],[802138.06280409242,6881686.3146305298],[801704.89150963374,6881488.2924727714],[801341.53966573405,6881321.3290989101],[801309.13378000143,6881309.3027520487],[801268.127103779,6881297.0612270935],[801201.38325345307,6881281.5893021198],[801025.98487745959,6881240.10186972],[800829.15061808855,6881195.4853952313],[800350.04195442854,6881081.6643800316],[800115.61006543867,6881026.5976691097],[799969.29225487553,6880992.7218489591],[799532.17770867702,6880886.8115105042],[799092.5610167433,6880778.2267640624],[798828.24101904151,6880714.6051723836],[798651.10486675904,6880674.7498007501],[798216.58287786471,6880569.7006209316],[797781.94310652232,6880469.8013586551],[797385.88302659325,6880376.0395491952],[796987.25212380069,6880282.1935165701],[796588.63094249892,6880188.3290727548],[796188.23356547451,6880096.9885015348],[795878.60270669183,6880023.4853342352],[795749.45490211761,6879992.5652138032],[795472.26747315167,6879929.3700657701],[795316.59829601645,6879892.5847917115],[794882.93822536757,6879790.8364110822],[794630.70182324725,6879728.2569551645],[794443.66749534244,6879673.3946842933],[794122.79629409465,6879579.3055212833],[794008.11720544985,6879545.6741025662],[793581.13343768567,6879419.8788821064],[793202.167264894,6879307.0830256585],[793152.4886740084,6879292.2946461933],[792722.14004136517,6879164.6451145969],[792291.80352015165,6879036.9761515018],[791858.85662066238,6878910.9409686355],[791425.99251071329,6878782.3000510484],[791280.02425988356,6878737.9315399183],[791159.62769442331,6878702.8589668442],[791098.96497015818,6878686.6038361909],[791072.38027016888,6878683.3179641282],[791032.0833990582,6878677.9469352653],[790996.83151843108,6878677.0210191105],[790951.05995986296,6878683.5824659029],[790897.37059056852,6878696.8343572039],[790842.73038754298,6878713.5102752689],[790800.1053923429,6878731.366793571],[790759.10929127701,6878752.713731789],[790723.22565856436,6878775.9214842441],[790684.56071662775,6878806.8181371521],[790640.42013999855,6878849.6472620536],[790610.21707757842,6878885.9406991135],[790560.76058718481,6878967.4451475637],[790541.09342598938,6879000.2383228773]]},"properties":{"FID":15,"ID_con":1972,"bw_id":"EVK_uab_0_15140","U_NR":1,"name":"Ems bis Evers-Kotting-Brücke","GEW":"EVK","stat_von":0,"stat_bis":15140,"bauart":"U-Abschnitt","upflicht":"NLWKN","KTR":"MAAVE20200","bemerk":" ","beschreib":"Unterhaltungsabschnitt 1","beschreib_":" ","bemerk_uab":" ","beschreib1":"Für die einzelnen Kanalabschnitte sind die regelmäßig wiederkehrenden Unterhaltungsmaßnahmen nach Ufern getrennt in Arbeitsplänen (Stand 2004) dargestellt. Darin werden folgende Pflegemodi unterschieden (siehe auch Anlage 3):\n- zweimalige Mahd ab de","foto1":" ","foto2":" ","foto3":" ","foto4":" ","link1":"https://geoportal.bafg.de/birt_viewer/frameset?__report=RW_WKSB_21P1.rptdesign&param_wasserkoerper=DERW_DENI_32042","link2":" ","Laenge_U_A":15.140000000000001,"Bez_Anfang":"Ems","Bez_Ende":"Evers-Kotting-Brücke","Kat":"S","BSB":"https://nlwkn.hannit-share.de/index.php/apps/files/files/11066629?dir=/db/ELK/Urpl/bsb&openfile=true","MNB":"https://nlwkn.hannit-share.de/index.php/apps/files/files/11066617?dir=/db/EVK/Urpl/mnb&openfile=true","U_Steckbri":"https://nlwkn.hannit-share.de/index.php/apps/files/files/11066614?dir=/db/EVK/Urpl/wsb_nlwkn&openfile=true","WK_NR":32042,"URL_WKDB":" ","IDUabschn":"EVK_1","BfG_WK":"https://geoportal.bafg.de/birt_viewer/frameset?__report=RW_WKSB_21P1.rptdesign&param_wasserkoerper=DERW_DENI_32042"}},{"type":"Feature","id":16,"geometry":{"type":"LineString","coordinates":[[847347.18923523009,6923582.4382979227],[847351.75852066395,6923581.5775963506],[847368.74900667125,6923578.3760618735],[847474.63736618729,6923568.3109903205],[847587.47434897884,6923563.4228188293],[847617.6813818994,6923562.9951649252],[847753.60252762004,6923561.5771989189],[847903.51626063744,6923565.4702024218],[847977.86202827375,6923572.9555851612],[848052.19013722742,6923581.4482022654],[848109.33611960744,6923593.6460404387],[848157.2892555811,6923612.7309446326],[848219.09940841794,6923644.1915608179],[848277.73664390331,6923683.6646562181],[848354.04600562248,6923746.685096018],[848456.05714124197,6923834.4200073527],[848523.505106722,6923887.1779604526],[848581.14017823536,6923926.6307792682],[848638.8719734269,6923961.0392344547],[848772.52730068751,6924026.1653358797],[848959.11721441138,6924113.4941539988],[849089.87303367525,6924172.506090614],[849230.42699954519,6924245.8306246139],[849597.34379442444,6924433.4699113043],[849687.23016448552,6924471.5109237675],[849753.28970460291,6924491.9424407855],[849801.40489475196,6924502.9480372472],[849855.71186894877,6924505.9994307682],[849925.20927449607,6924504.2909080591],[850032.13325128483,6924493.2003962351],[850104.97630341526,6924484.0367792053],[850108.82765505707,6924483.5520172324],[850260.14593086636,6924467.2453854242],[850363.06300274108,6924455.0647024177],[850435.84535609151,6924439.2844903339],[850525.75378545944,6924422.8191994019],[850594.39676074847,6924413.0157206859],[850618.56762411294,6924412.4626602428],[850654.83593672083,6924411.1295575388],[850687.93147165107,6924417.809478756],[850739.97934774123,6924433.931575927],[850794.89411998459,6924458.18038393],[850822.69399446703,6924478.8891205601],[850869.29222344956,6924517.1100825975],[850932.47173871624,6924583.9026170187],[851016.23672188015,6924680.3511135094],[851113.08648647915,6924777.0478350101],[851171.23699944851,6924832.9659562949],[851216.92864075955,6924876.901158588],[851332.31819042249,6924978.3624828234]]},"properties":{"FID":16,"ID_con":1993,"bw_id":"HAS_uab_46595_49300","U_NR":15,"name":"uh. Einmündung Bakerder Graben bis uh. Hahnenmoorkanal","GEW":"HAS","stat_von":46595,"stat_bis":49300,"bauart":"U-Abschnitt","upflicht":"NLWKN","KTR":"MAAHA00100","bemerk":" ","beschreib":"Standardstrecke (Techn. Ausbaustrecke). Die Ufersicherungen sind nach Bedarf instand zu halten","beschreib_":"Die Unterhaltungsstreifen werden zweimal jährlich nach Variante 1 gemäht (ab dem 15.06. und ab dem 15.09.)\nDie Ufersicherungen sind nach Bedarf instand zu halten.\nDie krautigen Ufersaumstreifen werden ab dem 01.10. jährlich alternierend auf 300-500 m","bemerk_uab":"Standardstrecke (Techn. Ausbaustrecke). Die Ufersicherungen sind nach Bedarf instand zu halten","beschreib1":"Die Gewässerunterhaltung erfolgt allgemein naturschonend (keine Maßnahmen auf der Gewässersohle; räumlich und zeitlich gestaffelte Mahd der Ufersaumstreifen und der Unterhaltungsstreifen; Pflege und teilweise Weiterentwicklung des Gehölzbestandes).","foto1":"https://nlwkn.hannit-share.de/index.php/core/preview?fileId=11370012&x=1280&y=819&a=true","foto2":"https://nlwkn.hannit-share.de/index.php/core/preview?fileId=11370014&x=1280&y=819&a=true","foto3":"https://nlwkn.hannit-share.de/index.php/core/preview?fileId=11370015&x=1280&y=819&a=true","foto4":"https://nlwkn.hannit-share.de/index.php/core/preview?fileId=11370013&x=1280&y=819&a=true","link1":"https://geoportal.bafg.de/birt_viewer/frameset?__report=RW_WKSB_21P1.rptdesign&param_wasserkoerper=DERW_DENI_02096","link2":" ","Laenge_U_A":2.7000000000000002,"Bez_Anfang":"uh. Einmündung Bakerder Graben","Bez_Ende":"uh. Hahnenmoorkanal","Kat":"S","BSB":"https://nlwkn.hannit-share.de/index.php/apps/files/files/11063506?dir=/db/HAS/Urpl/bsb&openfile=true","MNB":"https://nlwkn.hannit-share.de/index.php/apps/files/files/11063455?dir=/db/HAS/Urpl/mnb&openfile=true","U_Steckbri":"https://nlwkn.hannit-share.de/index.php/apps/files/files/11063434?dir=/db/HAS/Urpl/wsb_nlwkn&openfile=true","WK_NR":2096,"URL_WKDB":"https://www.umweltkarten-niedersachsen.de/Download_OE/WRRL/WKDB_HE/02089_Hase_Grosse_Hase.pdf","IDUabschn":"HAS_15","BfG_WK":"https://geoportal.bafg.de/birt_viewer/frameset?__report=RW_WKSB_21P1.rptdesign&param_wasserkoerper=DERW_DENI_02096"}},{"type":"Feature","id":17,"geometry":{"type":"LineString","coordinates":[[790738.07908385259,6936445.2941234922],[790739.20342892152,6936457.0710405977],[790746.5723458149,6936513.1306622745],[790867.3310868335,6937948.3231123723],[790934.6509931644,6938684.8190196557],[790944.6058098987,6938800.5002710745],[791053.86366017594,6940069.9251182657],[791057.09735282138,6940116.2188974079],[791059.42523278994,6940149.6972420011],[791185.07206046907,6941854.2049167389],[791190.28317015967,6941924.9216581946],[791211.81608888076,6942217.1138770618],[791218.62243224191,6942264.9035470281],[791223.66987009253,6942300.3014740627],[791249.23809363192,6942693.8943171985],[791272.56532586983,6943053.056975645],[791300.19467337534,6943478.430944927],[791326.25214826188,6943879.3839163193]]},"properties":{"FID":17,"ID_con":2015,"bw_id":"SNK_uab_34965_39475","U_NR":9,"name":"uh. Schleuse V bis Wehr Fehndorf","GEW":"SNK","stat_von":34965,"stat_bis":39475,"bauart":"U-Abschnitt","upflicht":"NLWKN","KTR":"MAAEN10100","bemerk":" ","beschreib":"Unterhaltungsabschnitt 9","beschreib_":" ","bemerk_uab":" ","beschreib1":"Für die einzelnen Kanalabschnitte sind die regelmäßig wiederkehrenden Unterhaltungsmaßnahmen nach Ufern getrennt in Arbeitsplänen (Stand 2004) dargestellt. Darin werden folgende Pflegemodi unterschieden (siehe auch Anlage 3):\n- zweimalige Mahd ab de","foto1":" ","foto2":" ","foto3":" ","foto4":" ","link1":"https://geoportal.bafg.de/birt_viewer/frameset?__report=RW_WKSB_21P1.rptdesign&param_wasserkoerper=DERW_DENI_03043","link2":" ","Laenge_U_A":4.5099999999999998,"Bez_Anfang":"uh. Schleuse V","Bez_Ende":"Wehr Fehndorf","Kat":"S","BSB":"https://nlwkn.hannit-share.de/index.php/apps/files/files/11058266?dir=/db/SNK/Urpl/bsb&openfile=true","MNB":"https://nlwkn.hannit-share.de/index.php/apps/files/files/11058233?dir=/db/SNK/Urpl/mnb&openfile=true","U_Steckbri":"https://nlwkn.hannit-share.de/index.php/apps/files/files/11058200?dir=/db/SNK/Urpl/wsb_nlwkn&openfile=true","WK_NR":3043,"URL_WKDB":" ","IDUabschn":"SNK_9","BfG_WK":"https://geoportal.bafg.de/birt_viewer/frameset?__report=RW_WKSB_21P1.rptdesign&param_wasserkoerper=DERW_DENI_03043"}},{"type":"Feature","id":18,"geometry":{"type":"LineString","coordinates":[[784107.41160521621,6883036.1502488665],[784100.57687515882,6883029.6744372528],[784078.48494562332,6883003.5624552956],[784053.97458348598,6882968.8831719048],[784037.52496824588,6882930.1684639947],[784017.05230794137,6882863.7097617881],[784013.04534212477,6882835.432647516],[784012.46029791876,6882798.2131141527],[784017.86099322583,6882755.3112111902],[784021.72778576741,6882729.9047884448],[784032.06568663707,6882700.423181884],[784049.99423831049,6882664.7707441617],[784079.2597416559,6882621.4532073326],[784114.97051285172,6882575.122364061],[784141.90262089518,6882539.7145377761],[784152.03917698597,6882517.6689527016],[784161.8333622705,6882488.703557739],[784171.36963160883,6882449.6356421486],[784174.95094985014,6882415.1873331629],[784174.37946447404,6882377.4399343627],[784170.70000699686,6882356.614118034],[784163.61477331177,6882324.5348397726],[784148.72634676017,6882286.9297748907],[784129.30023383908,6882240.698825568],[784120.49566113472,6882213.3576677656],[784114.94250387349,6882183.44660825],[784112.23791217466,6882146.172707689],[784113.09728229337,6882092.74221614],[784113.80271995941,6882048.9646470286],[784117.18651022424,6881884.3165480904],[784123.76388765743,6881719.2265395429],[784129.59327727347,6881660.3998440811],[784135.52112323942,6881617.5165712889],[784146.23151028017,6881554.5710389111],[784152.37404925958,6881523.385870792],[784188.29443585814,6881390.4519179557],[784248.8659586563,6881227.8982729241],[784314.23005006462,6881064.4169106847],[784380.09282862057,6880902.0140113262],[784415.06269436795,6880823.790625087],[784432.18303026783,6880798.218766395],[784459.89441965264,6880772.9323498858],[784493.28905230353,6880753.1148212887],[784533.31248126924,6880743.0416642539],[784568.82491910667,6880742.939597683],[784648.48328652373,6880756.7862641662],[784737.1333644588,6880771.4057848137],[784802.63508863072,6880779.5530193122],[784824.90761391574,6880779.0933581488],[784857.35858258186,6880774.6573496629],[784894.0285953033,6880763.6594229061],[784896.36278542154,6880762.9592954256],[784972.42649149837,6880733.1343944399],[784976.96583601716,6880730.7998566143],[784985.19821056118,6880726.5653721681]]},"properties":{"FID":18,"ID_con":2026,"bw_id":"VEC_uab_111540_113340","U_NR":7,"name":"Oh. Brücke B 403 (Brücke Quaink) bis oh. Euregiobrücke (Nordhorn)","GEW":"VEC","stat_von":111540,"stat_bis":113340,"bauart":"U-Abschnitt","upflicht":"NLWKN","KTR":"MABVE00100","bemerk":" ","beschreib":"Unterhaltungsabschnitt 7","beschreib_":" ","bemerk_uab":" ","beschreib1":"Zeitliche Durchführung der Böschungsmahd zwischen Ende Juli und Ende März. Brut- und Laichzeit von Anfang April bis Mitte/Ende Juli soweit wie möglich ausnehmen; in unvermeidlichen Fällen nur abschnittsweise mähen\nsteil abfallende Böschungen\n-Hind","foto1":" ","foto2":" ","foto3":" ","foto4":" ","link1":"https://geoportal.bafg.de/birt_viewer/frameset?__report=RW_WKSB_21P1.rptdesign&param_wasserkoerper=DERW_DENI_32002","link2":" ","Laenge_U_A":1.8,"Bez_Anfang":"Oh. Brücke B 403 (Brücke Quaink)","Bez_Ende":"oh. Euregiobrücke (Nordhorn)","Kat":"S","BSB":"https://nlwkn.hannit-share.de/index.php/apps/files/files/11053772?dir=/db/VEC/Urpl/bsb&openfile=true","MNB":"https://nlwkn.hannit-share.de/index.php/apps/files/files/11053715?dir=/db/VEC/Urpl/mnb&openfile=true","U_Steckbri":"https://nlwkn.hannit-share.de/index.php/apps/files/files/11053664?dir=/db/VEC/Urpl/wsb_nlwkn&openfile=true","WK_NR":32002,"URL_WKDB":"https://www.umweltkarten-niedersachsen.de/Download_OE/WRRL/WKDB_HE/32002_Vechte_Nordhorn_Neuenhaus.pdf","IDUabschn":"VEC_7","BfG_WK":"https://geoportal.bafg.de/birt_viewer/frameset?__report=RW_WKSB_21P1.rptdesign&param_wasserkoerper=DERW_DENI_32002"}},{"type":"Feature","id":19,"geometry":{"type":"LineString","coordinates":[[803715.96927783766,6859699.9431487191],[803725.16796838376,6859684.8987815706],[803735.16451891535,6859674.3497593906],[803752.56955410214,6859661.6305228481],[803761.36057896295,6859654.2294640495],[803772.99708590028,6859642.1965565262],[803886.20887266321,6859482.2727323119],[803938.43466266128,6859408.9992690301],[803962.29800810618,6859375.5119398236],[803991.52648069838,6859339.7927105166],[804063.81949534663,6859259.9822729286],[804113.4388751745,6859205.2033996452],[804131.72234025528,6859185.0178874535],[804156.71754757955,6859156.4044412188],[804175.21428606287,6859135.2320764204],[804228.09202849318,6859070.4181118589],[804267.15991146967,6859017.1318884827],[804314.77538757201,6858936.9336668188],[804357.85660255293,6858857.7540041087],[804426.44159518066,6858731.4996355716],[804449.33361610153,6858689.3564574281],[804469.42514958407,6858653.887342521],[804497.63406024245,6858604.0913537722],[804500.11584086041,6858599.8901378689]]},"properties":{"FID":19,"ID_con":2035,"bw_id":"VEC_uab_134740_135570","U_NR":16,"name":"Kläranlage Schüttorf bis oh. Sohlgleite Schüttorf","GEW":"VEC","stat_von":134740,"stat_bis":135570,"bauart":"U-Abschnitt","upflicht":"NLWKN","KTR":"MABVE00200","bemerk":" ","beschreib":"Unterhaltungsabschnitt 16","beschreib_":" ","bemerk_uab":" ","beschreib1":"(flache, kurze Ufer; mindestens einseitig Unterhaltungsweg)\n\nHindernisse beseitigen/sichern insbesondere in Abschnitten mit\nUfergehölzen und im Bereich von Bauwerken und Anlagen","foto1":" ","foto2":" ","foto3":" ","foto4":" ","link1":"https://geoportal.bafg.de/birt_viewer/frameset?__report=RW_WKSB_21P1.rptdesign&param_wasserkoerper=DERW_DENI_32001","link2":" ","Laenge_U_A":0.82999999999999996,"Bez_Anfang":"Kläranlage Schüttorf","Bez_Ende":"oh. Sohlgleite Schüttorf","Kat":"S","BSB":"https://nlwkn.hannit-share.de/index.php/apps/files/files/11053748?dir=/db/VEC/Urpl/bsb&openfile=true","MNB":"https://nlwkn.hannit-share.de/index.php/apps/files/files/11053688?dir=/db/VEC/Urpl/mnb&openfile=true","U_Steckbri":"https://nlwkn.hannit-share.de/index.php/apps/files/files/11053664?dir=/db/VEC/Urpl/wsb_nlwkn&openfile=true","WK_NR":32001,"URL_WKDB":"https://www.umweltkarten-niedersachsen.de/Download_OE/WRRL/WKDB_HE/32001_Vechte_ohne_Nordhorn.pdf","IDUabschn":"VEC_16","BfG_WK":"https://geoportal.bafg.de/birt_viewer/frameset?__report=RW_WKSB_21P1.rptdesign&param_wasserkoerper=DERW_DENI_32001"}},{"type":"Feature","id":20,"geometry":{"type":"LineString","coordinates":[[774947.75151878584,6882888.782440383],[774935.66572916228,6882882.9949171823],[774921.94322342658,6882835.178290219],[774908.8972473985,6882779.9185890062],[774887.64195532526,6882692.0998532875],[774871.89024778514,6882646.5222728373],[774859.94737522583,6882616.9098074883],[774838.41646714346,6882582.1466126461],[774812.59657244897,6882548.4819865143],[774775.98837218701,6882509.023379216],[774730.48549405427,6882461.3845887417],[774584.56558536575,6882307.2232376812],[774560.33021482383,6882282.1427912917],[774542.5064020704,6882267.0012284452],[774455.44364328613,6882204.766503863],[774379.13405235438,6882149.5461072614],[774328.47990207456,6882112.1289600935],[774307.09715929197,6882093.8359173397],[774278.84780282108,6882060.1026327042],[774260.18919908209,6882031.5206438759],[774246.44385673502,6882001.2493265253],[774235.97660435864,6881961.3092250619],[774226.40892725403,6881921.2338822819],[774224.32071538479,6881885.7888338314],[774226.197128759,6881849.305648338],[774227.0361908396,6881811.1628123876],[774230.52235757664,6881746.5408932678],[774236.8986227368,6881574.5767678833],[774237.62342027307,6881557.4831123427],[774242.41838395083,6881444.501456175],[774243.38741950737,6881419.917482282],[774245.24788234115,6881384.6835785117],[774237.72536936763,6881353.1693547675],[774231.77719751059,6881337.9338866845],[774221.27747773251,6881318.9020959511],[774211.36663383269,6881304.8855966199],[774185.71353910072,6881279.1266858755],[774150.93583354715,6881249.1558484584],[774115.74287696392,6881218.7644235175],[774100.22050743317,6881203.8860773519],[774077.255450394,6881181.883873363],[774043.14486885921,6881144.2066513421],[774004.53158859315,6881092.7354910402],[773945.48307246808,6881014.9135446241],[773897.76994721056,6880953.60110592],[773823.66062802018,6880854.6406271309],[773787.32625402475,6880804.436582773],[773776.19179758104,6880789.3860476548],[773753.52729705453,6880750.2930074343],[773727.61600080994,6880697.0157240415],[773711.7618189241,6880669.2079773555],[773680.78166144877,6880631.3268123968],[773630.74398751138,6880576.0522673391],[773602.02136543905,6880544.2299695676],[773585.49289324554,6880524.7699830029],[773572.4784799841,6880508.6598972753],[773562.81063414738,6880490.4701085398],[773555.22848748614,6880469.1684995051],[773552.62317238119,6880452.6931403158],[773554.08506254957,6880414.3514845464],[773555.33917913388,6880378.9504709262],[773558.89587700227,6880300.5526942322],[773563.78468320938,6880207.8263809159],[773565.71812671702,6880166.2428258499],[773567.1172770838,6880136.1289250813],[773567.40958123829,6880126.4368198533],[773568.13159849041,6880102.3735162076],[773567.89567646536,6880090.9807245787],[773566.6702651988,6880032.1178742498],[773567.17214712012,6880016.7019282486],[773562.53574185399,6879990.1935724318],[773556.02796459896,6879965.7773022056],[773517.42298453231,6879878.059688651],[773479.02286086616,6879790.9458408756],[773450.46595888084,6879729.1082683541],[773418.21451534296,6879657.6710667154],[773410.83198087336,6879641.3894867236],[773401.40279013861,6879616.3248049151],[773389.74820675945,6879581.4576304443],[773376.66904395761,6879540.1276995847],[773368.06174023473,6879517.7915644143],[773373.56174041249,6879467.9482283844]]},"properties":{"FID":20,"ID_con":1970,"bw_id":"DIN_uab_6850_9280","U_NR":5,"name":"oh. Abzweig Alte Dinkel bis Staatsgrenze D/NL","GEW":"DIN","stat_von":6850,"stat_bis":9280,"bauart":"U-Abschnitt","upflicht":"NLWKN","KTR":"MABVE00300","bemerk":" ","beschreib":"Unterhaltungsabschnitt 5","beschreib_":" ","bemerk_uab":" ","beschreib1":"Prioritäre Ziele: Landentwässerung\nHinweis: Für vorhandene Hochwasserschutzanlagen, Anlegeeinrichtungen, Bootsstege und Brücken sind die Eigentümer oder Nutzungsberechtigten bzw. Unterhaltungspflichtigen zuständig.\nArtenschutzrechtliche Beurteilung","foto1":" ","foto2":" ","foto3":" ","foto4":" ","link1":"https://geoportal.bafg.de/birt_viewer/frameset?__report=RW_WKSB_21P1.rptdesign&param_wasserkoerper=DERW_DENI_32004","link2":" ","Laenge_U_A":2.4300000000000002,"Bez_Anfang":"oh. Abzweig Alte Dinkel","Bez_Ende":"Staatsgrenze D/NL","Kat":"S","BSB":"https://nlwkn.hannit-share.de/index.php/apps/files/files/11067460?dir=/db/DIN/Urpl/bsb&openfile=true","MNB":"https://nlwkn.hannit-share.de/index.php/apps/files/files/11067445?dir=/db/DIN/Urpl/mnb&openfile=true","U_Steckbri":"https://nlwkn.hannit-share.de/index.php/apps/files/files/11067430?dir=/db/HAS/Urpl/wsb_nlwkn&openfile=true","WK_NR":32004,"URL_WKDB":"https://www.umweltkarten-niedersachsen.de/Download_OE/WRRL/WKDB_HE/32004_Dinkel.pdf","IDUabschn":"DIN_5","BfG_WK":"https://geoportal.bafg.de/birt_viewer/frameset?__report=RW_WKSB_21P1.rptdesign&param_wasserkoerper=DERW_DENI_32004"}},{"type":"Feature","id":21,"geometry":{"type":"LineString","coordinates":[[804500.11584086041,6858599.8901378689],[804533.49601568037,6858543.3831071304],[804546.4534837699,6858520.5353292245],[804591.56329903856,6858450.447394317],[804632.12161662488,6858405.1111683715],[804666.75730777427,6858371.494057999],[804702.9882253391,6858341.8723984677],[804795.57158732472,6858289.3358875625],[804822.69171896589,6858273.8084934792],[804938.46386126871,6858207.5195585005],[804980.4228852099,6858183.5783355692],[804997.33151691547,6858173.9305580016],[805061.47582778637,6858108.8317881478],[805097.42827042076,6858067.3354315851],[805115.06745586288,6858037.2581148045],[805125.38493545831,6858006.9999818122],[805139.59025474195,6857955.9333202885],[805140.82773968601,6857950.2380386572],[805150.51636643684,6857905.6280109622],[805152.28351635311,6857897.4856110616],[805166.28233765007,6857854.8898121053],[805178.94451888115,6857826.2151290812],[805180.59813575691,6857822.4713066975],[805204.99492938013,6857792.5584644452],[805245.47557832184,6857755.710887569],[805254.5584944752,6857747.4430498462],[805318.65592094488,6857707.202020877],[805395.30673471699,6857660.4880734943],[805456.21580488177,6857612.2581561599],[805490.06173412665,6857564.4980574362],[805502.50652253826,6857516.2155202767],[805509.12447906868,6857452.5368201416],[805513.66919690836,6857381.4640978109],[805519.8471355139,6857289.5280171502],[805523.41727152863,6857235.3806674248],[805521.75323932129,6857187.8864060184],[805515.84135522356,6857130.9239131762],[805514.00360650418,6857112.5600679945],[805506.84681061562,6857082.444458425],[805493.30108530587,6857036.9195604799],[805471.44604085945,6856985.5424203118],[805446.77543415735,6856934.0967288651],[805419.33016737585,6856880.889558915],[805349.67453501048,6856756.0376346959],[805318.89305750141,6856701.054195459],[805284.48611622537,6856632.9899642812],[805245.861959817,6856552.9595841663],[805219.82147351338,6856488.4901008373],[805201.40329473454,6856434.9412927469],[805164.87015233818,6856309.1796258511],[805152.5492745667,6856265.9777983185],[805128.78969965549,6856177.2760893675],[805112.92024536524,6856088.4866921594],[805103.95975228876,6856005.2332236134],[805101.40576945373,6855971.2804965042],[805098.66652943729,6855910.2095635962],[805099.50621734152,6855829.4576114062],[805108.09873989469,6855742.6811363306],[805119.24337697076,6855655.1236884957],[805121.65473039681,6855625.5287329787],[805127.49879943579,6855582.1792668514],[805130.3756920445,6855568.1296672057],[805151.07973189699,6855481.3708399087],[805170.11536577612,6855416.8829483585],[805177.67445528565,6855395.6044987058],[805182.39826124068,6855383.8551379507],[805183.97215418459,6855379.9453271441],[805204.02256849688,6855343.157600373],[805227.10688511026,6855308.986870422],[805249.81448895647,6855278.7603530884],[805268.69669877097,6855255.2178393593],[805289.76533217041,6855234.7198065231],[805311.60443597881,6855214.6824167157],[805349.17690007959,6855186.1348972265],[805404.87865197647,6855153.3029135885],[805447.22265476955,6855133.7663699761],[805535.31553912128,6855101.7803591704],[805547.65376147558,6855097.3005289631],[805692.126179902,6855062.7424712516],[805834.82592003932,6855032.5861404305],[805860.44199724647,6855028.2069164552],[805927.32082643709,6855014.5476410463],[805978.08581743878,6855002.1644180287],[806002.38418553083,6854994.9727464961],[806031.21534175205,6854983.7207064452],[806065.93895701773,6854968.2677172078],[806073.26116469945,6854965.0083403802],[806114.74545883376,6854940.6290621655],[806122.76709042734,6854935.9141670885],[806238.55030972941,6854860.6191930398],[806352.81701165834,6854779.1720127854],[806397.39338282554,6854747.4552089032],[806456.89074619522,6854706.3721562745],[806489.94988475612,6854680.7678368213],[806520.23908406869,6854655.0976194432],[806538.39000624884,6854638.3033844978],[806560.33696401084,6854613.5416443413],[806577.46738280321,6854593.1098910281],[806602.66371294693,6854560.0891843615],[806623.93432358652,6854528.9171786839],[806645.62294607598,6854491.9191630455],[806673.66815622209,6854444.2348718923],[806719.53576593986,6854358.9013231555],[806738.25129557378,6854330.1708244318],[806760.90539490839,6854299.032934783],[806777.42649996805,6854280.8117332077],[806798.19698228152,6854258.7999032382],[806831.27968706412,6854232.0851889746],[806859.74157946161,6854213.0412166584],[806886.71818250732,6854198.1296937801],[806927.95283092756,6854178.2825811924],[806960.983918885,6854165.1864846498],[807029.48780045356,6854141.2749511246],[807172.60775670246,6854092.7636903822],[807199.50812290399,6854080.9073184049],[807233.21330951899,6854062.8219491169],[807254.30936727917,6854050.2687521661],[807289.03323275119,6854024.4268082045],[807308.80962985742,6854009.0620283801],[807333.4513500327,6853987.4229766205],[807348.25332801661,6853971.3816475635],[807385.79109625996,6853932.2661110284],[807423.76422676456,6853886.4895005655],[807460.15216253826,6853849.0132979359],[807541.9408547472,6853768.1650493098],[807572.60562366934,6853738.0547402427],[807619.5841461547,6853686.6588637447],[807660.23033855192,6853633.4430265399],[807680.62226065411,6853603.919117773],[807694.01462451438,6853577.2839829801],[807713.90378542501,6853529.8886094429],[807717.29621430393,6853519.7591577489],[807732.08043387975,6853472.1721905749]]},"properties":{"FID":21,"ID_con":2036,"bw_id":"VEC_uab_135570_139900","U_NR":17,"name":"Oh. Sohlgleite Schüttorf bis oh. Einmündung Junkergraben (Sohlschwelle Samern)","GEW":"VEC","stat_von":135570,"stat_bis":139900,"bauart":"U-Abschnitt","upflicht":"NLWKN","KTR":"MABVE00200","bemerk":" ","beschreib":"Unterhaltungsabschnitt 17","beschreib_":" ","bemerk_uab":" ","beschreib1":"flache,kurze Ufer; mindestens einseitig Unterhaltungsweg\nHindernisse beseitigen/sichern insbesondere in Abschnitten mit\nUfergehölzen und im Bereich von Bauwerken und Anlagen","foto1":" ","foto2":" ","foto3":" ","foto4":" ","link1":"https://geoportal.bafg.de/birt_viewer/frameset?__report=RW_WKSB_21P1.rptdesign&param_wasserkoerper=DERW_DENI_32001","link2":" ","Laenge_U_A":4.3300000000000001,"Bez_Anfang":"Oh. Sohlgleite Schüttorf","Bez_Ende":"oh. Einmündung Junkergraben (Sohlschwelle Samern)","Kat":"S","BSB":"https://nlwkn.hannit-share.de/index.php/apps/files/files/11053751?dir=/db/VEC/Urpl/bsb&openfile=true","MNB":"https://nlwkn.hannit-share.de/index.php/apps/files/files/11053691?dir=/db/VEC/Urpl/mnb&openfile=true","U_Steckbri":"https://nlwkn.hannit-share.de/index.php/apps/files/files/11053664?dir=/db/VEC/Urpl/wsb_nlwkn&openfile=true","WK_NR":32001,"URL_WKDB":"https://www.umweltkarten-niedersachsen.de/Download_OE/WRRL/WKDB_HE/32001_Vechte_ohne_Nordhorn.pdf","IDUabschn":"VEC_17","BfG_WK":"https://geoportal.bafg.de/birt_viewer/frameset?__report=RW_WKSB_21P1.rptdesign&param_wasserkoerper=DERW_DENI_32001"}},{"type":"Feature","id":22,"geometry":{"type":"LineString","coordinates":[[799395.66606481164,6951249.1704092482],[799386.80526211555,6951251.8835115172],[799367.06606770097,6951257.9268586729],[799333.80592988001,6951268.4125144668],[799282.54837102559,6951284.5683050193],[798733.07876111753,6951438.7159811743],[798144.09353629407,6951610.2429186553],[797558.55678173725,6951780.6677363953],[796974.20177168085,6951948.7820660574],[796750.52465981978,6952012.8959807791],[796380.58180554747,6952118.9211107912],[795797.38514948252,6952284.6815233659],[795582.94341968664,6952347.5696447296],[795504.6679921844,6952370.5239849165],[795216.34433861147,6952455.0660314383],[794620.23438474163,6952629.6282962849],[794520.70487683162,6952658.1364208302],[794232.53109222825,6952740.4740058798],[794027.63424811815,6952800.7850426137],[793944.26224333688,6952826.2524258327],[793714.37284634425,6952891.7813922567],[793440.80958325963,6952969.7501598634],[793145.57648859208,6953057.6245031403],[793111.46982887422,6953068.4705228182],[793025.1010077094,6953095.9345081709],[792936.97994178534,6953127.026921453],[792920.1251736664,6953134.9300561342],[792915.6219105093,6953137.0418888908]]},"properties":{"FID":22,"ID_con":1996,"bw_id":"HRK_uab_6780_10865","U_NR":2,"name":"Schleuse II bis Schleuse III","GEW":"HRK","stat_von":6780,"stat_bis":10865,"bauart":"U-Abschnitt","upflicht":"NLWKN","KTR":"MAAEN20300","bemerk":" ","beschreib":"Unterhaltungsabschnitt 2","beschreib_":" ","bemerk_uab":" ","beschreib1":"Für die einzelnen Kanalabschnitte sind die regelmäßig wiederkehrenden Unterhaltungsmaßnahmen nach Ufern getrennt in Arbeitsplänen (Stand 2004) dargestellt. Darin werden folgende Pflegemodi unterschieden (siehe auch Anlage 3):\n- zweimalige Mahd ab de","foto1":" ","foto2":" ","foto3":" ","foto4":" ","link1":"https://geoportal.bafg.de/birt_viewer/frameset?__report=RW_WKSB_21P1.rptdesign&param_wasserkoerper=DERW_DENI_03044","link2":" ","Laenge_U_A":4.0800000000000001,"Bez_Anfang":"Schleuse II","Bez_Ende":"Schleuse III","Kat":"S","BSB":"https://nlwkn.hannit-share.de/index.php/apps/files/files/11062264?dir=/db/HAS/Urpl/bsb&openfile=true","MNB":"https://nlwkn.hannit-share.de/index.php/apps/files/files/11062255?dir=/db/HRK/Urpl/mnb&openfile=true","U_Steckbri":"https://nlwkn.hannit-share.de/index.php/apps/files/files/11062249?dir=/db/HRK/Urpl/wsb_nlwkn&openfile=true","WK_NR":3044,"URL_WKDB":" ","IDUabschn":"HRK_2","BfG_WK":"https://geoportal.bafg.de/birt_viewer/frameset?__report=RW_WKSB_21P1.rptdesign&param_wasserkoerper=DERW_DENI_03044"}},{"type":"Feature","id":23,"geometry":{"type":"LineString","coordinates":[[760703.07487149606,6909677.0333526777],[760703.60741381056,6909677.0605148962],[760767.91364488564,6909670.6510817502],[760830.58165268262,6909663.3547568228],[760879.71439702122,6909663.1646298515],[760913.74715854309,6909666.6927304426],[760949.21836558636,6909677.7761832653],[761026.69393226283,6909704.3136250181],[761089.34436894592,6909725.3966294769],[761128.8269947907,6909741.6080326],[761185.04807331273,6909754.9847318148],[761234.83760147972,6909760.653946083],[761293.17102387547,6909759.0671987282],[761307.99107695674,6909757.0182314329],[761346.71906075964,6909751.5374713577],[761402.14783604722,6909735.6717284331],[761522.60654794448,6909689.204863321],[761622.04081574234,6909649.6178122666],[761691.17699783307,6909620.807843118],[761743.27801997983,6909604.8403287595],[761806.11876321863,6909591.7001258433],[761870.59616510256,6909579.4421035461],[761911.73251608154,6909568.1547015011],[761949.05641282862,6909545.0662877448],[761976.52216110029,6909517.5080436962],[762032.4843188005,6909455.7474804642],[762076.27684210881,6909411.1503133876],[762127.28223764268,6909375.9513387568],[762177.89143883693,6909354.0953440508],[762226.58737365936,6909340.5274058226],[762289.00162446883,6909341.5611300524],[762337.90922091715,6909348.8672218099],[762378.57064278994,6909353.4208670314],[762417.64520120271,6909355.424359234],[762477.58891271357,6909355.5476710172],[762554.37075411808,6909349.4954548683],[762609.44758262997,6909345.2979112687],[762660.82613246236,6909353.5094384765],[762700.31003427063,6909369.7140096258],[762739.52176594071,6909395.091133737],[762767.99331488181,6909417.6433620807],[762793.74657861982,6909447.6263311543],[762808.17492832802,6909466.4202424567],[762829.72020065901,6909497.9463882027],[762854.07195916341,6909547.0861697057],[762869.67007758562,6909582.6095858868],[762894.14601662115,6909627.5806011483],[762921.43994966464,6909661.7827957226],[762953.94962538371,6909688.6285197604],[762995.09899358416,6909704.8819895331],[763025.63339852483,6909714.1402581017],[763077.21115489188,6909715.6782521559],[763152.94093182206,6909717.1008123821],[763245.99192189705,6909724.0468467539],[763305.37178122613,6909743.3461386422],[763314.19904413109,6909749.8527707895],[763339.59412684583,6909768.5725824544],[763365.47414473305,6909794.3843231238],[763386.69099235896,6909819.5183714144],[763415.34918336268,6909853.4669443611],[763476.00642692123,6909942.0851744814],[763521.11391572689,6909993.5138966125],[763551.98691335483,6910019.4742451375],[763614.47399700561,6910046.3767719865],[763687.19302343426,6910065.2355518844],[763765.34637522558,6910069.2284641145],[763840.51867910696,6910061.4465172496],[763910.74851970258,6910051.8463968076],[763950.7810006279,6910049.6964491773],[764199.5299602485,6910085.4654461527],[764690.43051951309,6910155.1132615898],[764988.90800451185,6910199.0081444131],[765035.07631216082,6910210.6870116433],[765066.50775700156,6910218.6397648109],[765112.65773928317,6910237.7134870887],[765326.32558188599,6910334.18324228],[765510.43817194621,6910416.419473324],[765645.22192311601,6910477.1630191999],[765704.73387046473,6910492.2749569155],[765753.03954830964,6910492.030415711],[765818.3283942556,6910480.5984462481],[765869.03121652594,6910455.3793066889],[765926.7327822001,6910418.6784906602],[766058.79855622223,6910325.6092317728],[766090.18418599095,6910298.7692072755],[766114.48942877317,6910262.6759463679],[766132.59664917702,6910219.5911895521],[766176.16766667319,6910088.4251370952],[766319.01011441043,6909658.189352137],[766337.54937690112,6909612.9438644713],[766360.46308751393,6909569.4909752123],[766400.28387323115,6909511.3352821376],[766449.08140812686,6909453.6776752016],[766495.65276311431,6909400.6429436384],[766537.22070998512,6909360.452263047],[766575.33201441402,6909327.8644297197],[766627.16686931567,6909290.2319916338],[766702.86552900658,6909229.2115934305],[766802.95057811006,6909144.6999608539],[766880.4860203187,6909081.0051354505],[766919.41444343515,6909049.4340111706],[766953.65547816176,6909021.6641176483],[767070.60863860557,6908921.1637690524],[767161.91666451865,6908852.8180908961],[767232.53168935748,6908799.9623433324],[767305.34415186965,6908758.8393738009],[767387.22076988767,6908727.9288898744],[767504.69629610912,6908700.8561977781],[767630.94814110827,6908674.1853399584],[767772.85308140807,6908647.2815403612],[767967.98933949368,6908603.4388688775],[768051.52283464745,6908572.7006547675],[768155.64745956112,6908508.3182215821],[768278.80138457566,6908390.4541439358],[768370.26366017992,6908267.4033954721],[768371.30210736278,6908265.982668303],[768452.60554208048,6908154.8613027707],[768518.56112199044,6908061.5939842463],[768606.11690435244,6907949.7848574761],[768610.1722954514,6907944.6045343596],[768691.23723732319,6907853.850256348],[768743.03663258231,6907808.4874122338],[768816.23487326608,6907766.5107243033],[768940.24216731393,6907711.8208533395],[769032.72042691067,6907672.2514476571],[769200.87301881029,6907605.258789219],[769330.47661294963,6907549.1752694082],[769450.39839088253,6907497.9409397906],[769518.49191226868,6907460.6993971542],[769575.34326304391,6907424.409636925],[769638.64153832849,6907364.0606346494],[769659.86699215637,6907342.1858204361],[769683.92933967174,6907317.4105380243],[769725.68532652303,6907256.6102228723],[769768.37344094773,6907168.1859721346],[769801.1766124164,6907093.1910137907],[769830.83958456665,6907032.1189294085],[769835.5984185338,6907022.7214386724],[769856.81948219799,6906983.5090179183],[769889.87407273613,6906929.7223102655],[769929.13358497969,6906879.272465256],[769974.80825950752,6906824.7992941681],[770041.77154966746,6906760.4128459683],[770108.21883029386,6906713.9101478634],[770177.6620748844,6906672.7570728641],[770431.63988950592,6906568.5077767884],[770535.82591762312,6906524.1451431308],[770624.0895369791,6906485.6371585876],[770686.62980408792,6906465.3365458641],[770744.63922263577,6906456.4830036778],[770826.68972243101,6906451.4806808215],[770966.47768743651,6906447.089947422],[771030.57146710157,6906445.7787101809],[771154.53233978292,6906444.0868996708],[771228.36970014381,6906432.5272668609],[771318.39715255774,6906405.6424475294],[771376.01912304352,6906373.6155596506],[771425.39801833197,6906336.0850444743],[771454.2945699594,6906304.4697304294],[771460.08543822099,6906298.1334616542],[771513.00543362868,6906210.1779126637],[771522.24299489427,6906180.9680350823],[771534.62956825993,6906115.0064779036],[771535.44652938296,6906049.765091937],[771527.56944318675,6905994.8011113908],[771516.0617034171,6905956.5748094087],[771488.25108108495,6905901.0381008638],[771464.27464153594,6905858.2431743322],[771449.1094069297,6905837.8057868388],[771381.13545497518,6905754.7986399345],[771336.65987722785,6905694.5730712265],[771310.6760825899,6905648.5629232377],[771295.36653633509,6905596.5455957623],[771293.4237002139,6905554.3858547453],[771294.47794487514,6905517.5749121113],[771302.99653795396,6905476.7687096158],[771329.80187146133,6905420.7022296563],[771366.97612861951,6905369.1428680681],[771379.63356745488,6905356.4289447581],[771419.94620787306,6905315.9338811105],[771501.24164032959,6905263.5377070419],[771529.72295310488,6905249.7935537873],[771562.99064673204,6905233.7368794829],[771649.85755088553,6905206.7634015372],[771704.85975211347,6905192.5542277852],[771751.16903131397,6905188.622301071],[771842.49831704271,6905189.1393794566],[771929.57153170439,6905191.6388822393],[771973.78181801108,6905187.6455601873],[772007.71262862941,6905175.9891939359],[772099.58406535012,6905120.7351425253],[772360.71173487906,6904947.1863097399],[772429.73707014602,6904898.6381063107]]},"properties":{"FID":23,"ID_con":2022,"bw_id":"VEC_uab_82680_91980","U_NR":3,"name":"Emlichheim (Reithalle) bis Hoogstede","GEW":"VEC","stat_von":82680,"stat_bis":91980,"bauart":"U-Abschnitt","upflicht":"NLWKN","KTR":"MABVE00100","bemerk":" ","beschreib":"Unterhaltungsabschnitt 3","beschreib_":" ","bemerk_uab":" ","beschreib1":"relative flache, jedoch breitere Böschungen; beidseitig Unterhaltungswege\n-Hindernisse beseitigen/sichern insbesondere in Abschnitten mit Ufergehölzen und im Bereich von Bauwerken und Anlagen \n- abschnittsweise vorhandene Weidensäume pflegen","foto1":"https://nlwkn.hannit-share.de/index.php/core/preview?fileId=11057930&x=1280&y=819&a=true","foto2":" ","foto3":" ","foto4":" ","link1":"https://geoportal.bafg.de/birt_viewer/frameset?__report=RW_WKSB_21P1.rptdesign&param_wasserkoerper=DERW_DENI_32003","link2":" ","Laenge_U_A":9.3000000000000007,"Bez_Anfang":"Emlichheim (Reithalle)","Bez_Ende":"Hoogstede","Kat":"S","BSB":"https://nlwkn.hannit-share.de/index.php/apps/files/files/11053760?dir=/db/VEC/Urpl/bsb&openfile=true","MNB":"https://nlwkn.hannit-share.de/index.php/apps/files/files/11053703?dir=/db/VEC/Urpl/mnb&openfile=true","U_Steckbri":"https://nlwkn.hannit-share.de/index.php/apps/files/files/11053664?dir=/db/VEC/Urpl/wsb_nlwkn&openfile=true","WK_NR":32003,"URL_WKDB":"https://www.umweltkarten-niedersachsen.de/Download_OE/WRRL/WKDB_HE/32003_Vechte_Neuenhaus_Laar.pdf","IDUabschn":"VEC_3","BfG_WK":"https://geoportal.bafg.de/birt_viewer/frameset?__report=RW_WKSB_21P1.rptdesign&param_wasserkoerper=DERW_DENI_32003"}},{"type":"Feature","id":24,"geometry":{"type":"LineString","coordinates":[[790387.11907264614,6930712.6755367862],[790400.84661309212,6930920.6178014148],[790403.18671865831,6930966.064495665],[790404.64418921026,6930994.5814057654],[790413.6107421614,6931124.4525607154],[790418.54423773277,6931214.552622471],[790420.58330715739,6931338.4562718011],[790421.09942170675,6931370.1277007824],[790427.38198511337,6931751.4780847561],[790428.17071666149,6931803.2299289517],[790428.78688519751,6931843.5714881904],[790431.91616768425,6932069.1007106518],[790438.95510625804,6932567.6358453836],[790439.22047376086,6932586.482512692],[790509.18855442782,6933732.3908039099],[790511.62357620208,6933807.6231080722],[790512.89561146044,6933846.6767849606],[790596.53668542125,6935387.6410399117],[790599.60028219223,6935430.557330261],[790661.4054306834,6935829.8370586466],[790713.703900886,6936167.6419757968],[790724.63335682149,6936206.3936299235],[790725.84942128742,6936221.1649911851],[790726.92198881845,6936234.2368376944],[790721.56001679925,6936266.2483109981],[790731.0157416407,6936371.3090303484],[790738.07908385259,6936445.2941234922]]},"properties":{"FID":24,"ID_con":2014,"bw_id":"SNK_uab_31485_34965","U_NR":8,"name":"Schöninghsdorf-Hoogeveen-Kanal bis Schleuse V","GEW":"SNK","stat_von":31485,"stat_bis":34965,"bauart":"U-Abschnitt","upflicht":"NLWKN","KTR":"MAAEN10100","bemerk":" ","beschreib":"Unterhaltungsabschnitt 8 von Schöninghsdorf-Hoogeveen-Kanal bis Schleuse V. WSP Sommer 15.50 m NN, Winter: 15,40 m NN (Sohle ca. bei 13,50 m NN bis 13,70, Profile siehe Links)","beschreib_":" ","bemerk_uab":" ","beschreib1":"Für die einzelnen Kanalabschnitte sind die regelmäßig wiederkehrenden Unterhaltungsmaßnahmen nach Ufern getrennt in Arbeitsplänen (Stand 2004) dargestellt. Darin werden folgende Pflegemodi unterschieden (siehe auch Anlage 3):\n- zweimalige Mahd ab de","foto1":"https://nlwkn.hannit-share.de/index.php/core/preview?fileId=11060609&x=1280&y=819&a=true","foto2":"https://nlwkn.hannit-share.de/index.php/core/preview?fileId=11060612&x=1280&y=819&a=true","foto3":"https://nlwkn.hannit-share.de/index.php/core/preview?fileId=8273726&x=1280&y=819&a=true","foto4":" ","link1":"https://geoportal.bafg.de/birt_viewer/frameset?__report=RW_WKSB_21P1.rptdesign&param_wasserkoerper=DERW_DENI_03043","link2":" ","Laenge_U_A":3.48,"Bez_Anfang":"Schöninghsdorf-Hoogeveen-Kanal","Bez_Ende":"Schleuse V","Kat":"S","BSB":"https://nlwkn.hannit-share.de/index.php/apps/files/files/11058263?dir=/db/SNK/Urpl/bsb&openfile=true","MNB":"https://nlwkn.hannit-share.de/index.php/apps/files/files/11058230?dir=/db/SNK/Urpl/mnb&openfile=true","U_Steckbri":"https://nlwkn.hannit-share.de/index.php/apps/files/files/11058200?dir=/db/SNK/Urpl/wsb_nlwkn&openfile=true","WK_NR":3043,"URL_WKDB":" ","IDUabschn":"SNK_8","BfG_WK":"https://geoportal.bafg.de/birt_viewer/frameset?__report=RW_WKSB_21P1.rptdesign&param_wasserkoerper=DERW_DENI_03043"}},{"type":"Feature","id":25,"geometry":{"type":"LineString","coordinates":[[819862.79254174489,6980817.2800425291],[819827.86220527987,6980937.9792809999],[819814.53055746725,6980984.0450657941],[819759.02697523509,6981194.4039424015],[819741.59635379433,6981264.2980774157],[819721.20105990069,6981346.0784099698],[819707.73953294836,6981400.0544826863],[819675.97411550186,6981524.7205677349],[819654.30060599232,6981609.7829270354],[819650.55218679749,6981624.3414265579],[819602.41702110763,6981811.3060584916],[819550.48379368999,6982014.8958089007],[819498.5320634814,6982219.1763929343],[819443.63331552944,6982432.3289585505],[819393.74861967796,6982635.9784162594],[819340.465117443,6982838.1819159286],[819287.19454807823,6983039.7024853583],[819266.74148795265,6983123.321808273],[819243.25021819759,6983219.3669865355],[819238.04886584869,6983240.6360300537],[819226.03537292045,6983286.4083859343],[819210.51696079446,6983335.5373111907],[819198.06751413748,6983370.3053008979],[819178.64189391152,6983410.4093580544],[819157.31424276042,6983443.5992439836],[819137.594042941,6983466.5141229415],[819117.88953036501,6983488.7443524422],[819082.15676289459,6983522.288828996],[818951.82371660229,6983645.0776285119],[818738.84666544199,6983843.6353312554],[818634.34026129055,6983941.0619186806],[818525.85908247426,6984042.1909386609],[818440.52007639245,6984122.4636044493],[818399.01465270028,6984161.5032405397]]},"properties":{"FID":25,"ID_con":1976,"bw_id":"GFD_UAB_583_2850","U_NR":1,"name":"Beginn Flächen des NLWKN bis Brücke Montaniastraße (Waldrand)","GEW":"GFD","stat_von":583,"stat_bis":2850,"bauart":"U-Abschnitt","upflicht":"NLWKN","KTR":"MABEN00100","bemerk":"Goldfischdever U1","beschreib":"Hindernisse beseitigen, Längsbänke und Anlandungen nur nach Einzelfallentscheidung Sandfracht an der Einmündung der Haardever, Instandsetzung von geschädigten Ufersicherungen im Umfeld von Bauwerken.","beschreib_":"Gras- und Staudenfluren, teilweise Brombeergestrüpp, zudem Einzelgehölze: durchgängig, beidseitig, mit Ausnahmen in Bereichen mit Ufergehölzen in einzelnen Abschnitten und punktueller Bewuchs von Rispen-Segge (Carex paniculata) am Böschungsfuß.\nDie","bemerk_uab":"Technische Ausbaustrecke (Standardstrecke)","beschreib1":"Für den Abschnitt liegen keine Nachweise von unterhaltungssensiblen Arten vor.\nDie Gewässerunterhaltung erfolgt zur Sicherung des ordnungsgemäßen Abflusses im planfestgestellten Umfang, aber mit artspezifischen Vermeidungs-/Minimierungsmaßnahmen (Be","foto1":"https://nlwkn.hannit-share.de/index.php/core/preview?fileId=11066590&x=1280&y=819&a=true","foto2":"https://nlwkn.hannit-share.de/index.php/core/preview?fileId=11066593&x=1280&y=819&a=true","foto3":"https://nlwkn.hannit-share.de/index.php/core/preview?fileId=11066596&x=1920&y=1080&a=true","foto4":"https://nlwkn.hannit-share.de/index.php/core/preview?fileId=11066599&x=1920&y=1080&a=true","link1":"https://geoportal.bafg.de/birt_viewer/frameset?__report=RW_WKSB_21P1.rptdesign&param_wasserkoerper=DERW_DENI_03029","link2":" ","Laenge_U_A":2.2599999999999998,"Bez_Anfang":"Beginn Flächen des NLWKN","Bez_Ende":"Brücke Montaniastraße (Waldrand)","Kat":"S","BSB":"https://nlwkn.hannit-share.de/index.php/apps/files/files/11066074?dir=/db/EVK/Urpl/bsb&openfile=true","MNB":"https://nlwkn.hannit-share.de/index.php/apps/files/files/11066065?dir=/db/GFD/Urpl/mnb&openfile=true","U_Steckbri":"https://nlwkn.hannit-share.de/index.php/apps/files/files/11066062?dir=/db/GFD/Urpl/wsb_nlwkn&openfile=true","WK_NR":3029,"URL_WKDB":" ","IDUabschn":"GFD_1","BfG_WK":"https://geoportal.bafg.de/birt_viewer/frameset?__report=RW_WKSB_21P1.rptdesign&param_wasserkoerper=DERW_DENI_03029"}},{"type":"Feature","id":26,"geometry":{"type":"LineString","coordinates":[[775116.05429420876,6892406.6228460092],[775108.12503918377,6892387.596167108],[775115.13567185251,6892375.7433923259],[775127.9780331332,6892362.6400183635],[775137.40900547488,6892351.3651972711],[775152.80881901574,6892332.5626386274],[775168.34536458005,6892308.9574376969],[775178.11418134556,6892285.6676960392],[775188.57919091242,6892254.7043177905],[775191.03134929843,6892218.7048406238],[775188.99148870457,6892187.2290375466],[775188.71647561062,6892182.6037597628],[775175.24171194225,6892150.000878158],[775163.52338602813,6892123.2208054559],[775140.88698176923,6892092.2841220796],[775081.38129727135,6892007.8861359572],[775042.71398626897,6891950.046290352],[775020.28296829714,6891911.9026760776],[775004.56112990284,6891873.9475944806],[774999.61355805362,6891862.2668055212],[774990.521374217,6891827.3858140325],[774972.65151305636,6891742.4482929232],[774968.94526529196,6891724.8278109292],[774955.2066933529,6891656.6376703149],[774938.64327721414,6891574.4179704767],[774905.94563429721,6891423.9429648807],[774876.12429999153,6891273.5504189972],[774870.21254766465,6891245.0124319429],[774859.97794679261,6891182.694280684],[774857.31545521296,6891123.9555139458],[774858.05980293173,6891097.529492246],[774863.77161203767,6891064.9934880743],[774879.65199662268,6891012.0693517979],[774892.05641354201,6890980.0438118549],[774893.09949843714,6890977.3498568237],[774952.83321003302,6890831.9043279542],[774963.18881105166,6890804.7914476581],[774978.33110706182,6890760.9826602377],[774984.44095173839,6890731.345213322],[774987.75723863603,6890698.7429633792],[774985.24078630761,6890668.8601066023],[774977.50704139238,6890636.9086582419],[774967.7217235046,6890609.7064147582],[774953.91224308731,6890589.1204721341],[774934.56948682969,6890560.6864674296],[774903.99503398454,6890522.3171668435],[774884.54446164705,6890497.7276362088],[774875.76725614374,6890478.0516423397],[774872.81432170921,6890471.4303421797],[774857.79225432919,6890425.8100205231],[774855.64783463173,6890412.0199925909],[774848.84655436443,6890367.8290356994],[774845.38137833541,6890320.6134628579],[774848.81324654608,6890266.8603287069],[774858.81918312376,6890218.1022919388],[774883.20168694924,6890169.7531094216],[774913.9667940482,6890133.1213117922],[774942.39527085028,6890103.4965923037],[774943.61291866202,6890102.2278268691],[774995.4361853227,6890067.1548569063],[775020.81449745118,6890051.5260755969],[775032.89630690229,6890050.1783839576],[775068.92287107452,6890046.1553137926],[775102.92499398696,6890038.8077972634],[775120.06969056581,6890035.1019639894],[775150.10434417229,6890028.7676370284]]},"properties":{"FID":26,"ID_con":1966,"bw_id":"DIN_uab_0_1650","U_NR":1,"name":"Einmündung in die Vechte bis Dinkelwehr Neuenhaus","GEW":"DIN","stat_von":0,"stat_bis":1650,"bauart":"U-Abschnitt","upflicht":"NLWKN","KTR":"MABVE00300","bemerk":" ","beschreib":"Unterhaltungsabschnitt 1 der Dinkel (technische Ausbaustrecke bzw. Standardstrecke)","beschreib_":" ","bemerk_uab":"technische Ausbaustrecke","beschreib1":"Prioritäre Ziele: Planfestgestellten Abfluss sicherstellen, Hochwasserschutz Ortslage Neuenhaus\n1-A: Hinweis: Für weitere vorhandene Bauwerke, Bootsstege und Brücken sind die\nEigentümer oder Nutzungsberechtigten bzw. Unterhaltungspflichtigen zuständ","foto1":" ","foto2":" ","foto3":" ","foto4":" ","link1":"https://geoportal.bafg.de/birt_viewer/frameset?__report=RW_WKSB_21P1.rptdesign&param_wasserkoerper=DERW_DENI_32004","link2":" ","Laenge_U_A":1.6499999999999999,"Bez_Anfang":"Einmündung in die Vechte","Bez_Ende":"Dinkelwehr Neuenhaus","Kat":"S","BSB":"https://nlwkn.hannit-share.de/index.php/apps/files/files/11067448?dir=/db/DIN/Urpl/bsb&openfile=true","MNB":"https://nlwkn.hannit-share.de/index.php/apps/files/files/11067433?dir=/db/DIN/Urpl/mnb&openfile=true","U_Steckbri":"https://nlwkn.hannit-share.de/index.php/apps/files/files/11067430?dir=/db/HAS/Urpl/wsb_nlwkn&openfile=true","WK_NR":32004,"URL_WKDB":"https://www.umweltkarten-niedersachsen.de/Download_OE/WRRL/WKDB_HE/32004_Dinkel.pdf","IDUabschn":"DIN_1","BfG_WK":"https://geoportal.bafg.de/birt_viewer/frameset?__report=RW_WKSB_21P1.rptdesign&param_wasserkoerper=DERW_DENI_32004"}},{"type":"Feature","id":27,"geometry":{"type":"LineString","coordinates":[[785656.06643057626,6879936.230763155],[785690.80502825929,6879882.5160256457],[785722.47006921237,6879830.2075987346],[785749.2433973609,6879771.4568794081],[785800.88173512637,6879653.4093800019],[785846.52022126026,6879544.8374155536],[785866.05178201804,6879504.8200275525],[785899.70724801009,6879454.5033654943],[785924.42788610118,6879423.419399647],[785952.42797123734,6879388.2173286816],[785969.88398650486,6879366.2665761169],[786033.54711796343,6879324.1065181326],[786070.59926614852,6879301.2086814018],[786091.93715161912,6879290.6715293145],[786117.04449235939,6879278.2564851958],[786180.75965335744,6879254.1777932933],[786227.91925491567,6879241.9627183545],[786266.12052730052,6879238.3312366828],[786315.09791070234,6879232.9473440796],[786331.28937669937,6879230.885965853],[786356.55628907995,6879231.4806579333],[786378.97277315485,6879232.0200550063],[786409.77619497466,6879231.8770317473],[786452.40230379673,6879238.5484831026],[786501.40226314147,6879250.2796474537],[786516.39693403931,6879254.7832397912],[786533.47988435277,6879259.930298008],[786550.23567815614,6879263.898418379],[786564.88986661914,6879267.4901168421],[786583.43101150787,6879268.29763777],[786607.52253147145,6879265.8237837525],[786634.34584820201,6879256.6156756077],[786657.29692603974,6879242.2767115291],[786682.93210394389,6879210.160602957],[786711.73172247899,6879171.7122632191],[786737.64855776168,6879134.3569764765],[786762.88855165918,6879094.3218094027],[786796.59851120773,6879052.6164179714],[786830.24386784248,6879024.5028852616],[786855.52363064757,6879012.2414583229],[786868.4894859799,6879010.0006751018],[786896.81721494091,6879012.4858896676],[786927.67720231821,6879016.7618797841],[786958.35523036274,6879027.9337284174],[786968.87233552919,6879030.7294785939],[786990.81972969498,6879036.5668723946],[787028.30760964868,6879043.0763140153],[787031.92992926971,6879043.7049162686],[787087.44610146887,6879053.7342597367],[787093.58324995998,6879054.8420784082],[787131.20906590996,6879063.6128440639],[787169.64812023018,6879074.1284151562],[787196.95524799731,6879082.6227563526],[787228.49258956604,6879093.8168121157],[787265.21259621659,6879104.285972015],[787314.01529302786,6879113.3547180472],[787342.34359469265,6879115.8365944661],[787387.07646939217,6879116.1686535357],[787443.14752450562,6879110.7673030095],[787445.64048810513,6879110.2314284435]]},"properties":{"FID":27,"ID_con":1998,"bw_id":"KOR_uab_0_1400","U_NR":1,"name":"Vechte bis Strampelspitze","GEW":"KOR","stat_von":0,"stat_bis":1400,"bauart":"U-Abschnitt","upflicht":"NLWKN","KTR":"MABVE00400","bemerk":" ","beschreib":"Unterhaltungsabschnitt 1","beschreib_":" ","bemerk_uab":" ","beschreib1":"z. T. steil abfallende Böschungen; oh. Wehre: massiver Uferverbau\n-Hindernisse beseitigen/sichern insbesondere in Abschnitten mit\nUfergehölzen und im Bereich von Bauwerken und Anlagen","foto1":" ","foto2":" ","foto3":" ","foto4":" ","link1":"https://geoportal.bafg.de/birt_viewer/frameset?__report=RW_WKSB_21P1.rptdesign&param_wasserkoerper=DERW_DENI_32002","link2":" ","Laenge_U_A":1.3999999999999999,"Bez_Anfang":"Vechte","Bez_Ende":"Strampelspitze","Kat":"S","BSB":"https://nlwkn.hannit-share.de/index.php/apps/files/files/11062136?dir=/db/HRK/Urpl/bsb&openfile=true","MNB":"https://nlwkn.hannit-share.de/index.php/apps/files/files/11062133?dir=/db/KOR/Urpl/mnb&openfile=true","U_Steckbri":"https://nlwkn.hannit-share.de/index.php/apps/files/files/11058200?dir=/db/SNK/Urpl/wsb_nlwkn&openfile=true","WK_NR":32002,"URL_WKDB":"https://www.umweltkarten-niedersachsen.de/Download_OE/WRRL/WKDB_HE/32002_Vechte_Nordhorn_Neuenhaus.pdf","IDUabschn":"KOR_1","BfG_WK":"https://geoportal.bafg.de/birt_viewer/frameset?__report=RW_WKSB_21P1.rptdesign&param_wasserkoerper=DERW_DENI_32002"}},{"type":"Feature","id":28,"geometry":{"type":"LineString","coordinates":[[773510.4549362082,6902532.6561715547],[773510.80483948602,6902524.2487633284],[773520.75242728251,6902285.2946871081],[773528.22605555935,6902169.770970555],[773533.10139454913,6902108.8853712035],[773541.0614288405,6902050.1930234488],[773567.65560068225,6901963.6238570502],[773591.52537362813,6901899.0726877963],[773597.95998087828,6901857.1715105828],[773598.10368931608,6901815.0914229481],[773591.05409094645,6901767.5467214715],[773575.55800972984,6901721.8650051635],[773543.09917364514,6901645.1897427561],[773530.2066649975,6901581.6986589665],[773523.48719278059,6901522.5903497366],[773529.29089107737,6901465.9441893576],[773544.59224974236,6901407.4657929288],[773577.92142848403,6901305.314932853],[773599.42305841122,6901250.17062933],[773638.02837320033,6901183.9400102086],[773681.72793656006,6901123.1157616237],[773744.95569248009,6901039.7037794068],[773783.11630711821,6900980.2347493162],[773803.52695662132,6900919.8265007734],[773803.48920177261,6900859.6546466341],[773791.00642583426,6900805.2602530401],[773757.09711650677,6900754.8229756858],[773755.16453540663,6900751.9474817077],[773708.45120737387,6900712.9624663098],[773646.405683588,6900683.771168787],[773571.11998249847,6900663.688836148],[773435.72264141415,6900637.7835787525],[773326.68109536136,6900619.1145844953],[773261.48487759603,6900606.0375623517],[773232.64024126669,6900597.7506647697],[773196.58218010585,6900580.1431751605],[773159.49497797701,6900555.9422149248],[773141.66653485165,6900534.6456143754],[773135.13696640322,6900526.8438179251],[773116.4403816812,6900483.1813875027],[773109.06629079371,6900447.2059082389],[773109.93195897632,6900416.7248402908],[773114.99293784739,6900386.3635307187],[773136.10712305806,6900344.8895782782],[773164.85888164735,6900293.1143034231],[773186.12166397646,6900246.3859459637],[773209.56784919894,6900159.747598459],[773220.73343427107,6900099.0566957584],[773235.55685850081,6900057.4045718191],[773251.03867003904,6900029.4462859845],[773270.56628458411,6900006.8623647848],[773296.38482209097,6899984.4576379443],[773333.64620482945,6899965.5351693826],[773379.29255871405,6899946.85010025],[773427.24644522241,6899920.8690112848],[773463.75559109566,6899891.4057872826],[773498.73470412043,6899841.9140996048],[773514.57442330429,6899801.3430919079],[773572.6411774666,6899529.5240075728],[773590.8977738301,6899440.6417034063],[773601.04138971679,6899378.8753322065],[773620.14400426974,6899334.1924434006],[773638.85930033284,6899303.1708657844],[773662.75570155866,6899274.4027396375],[773687.46181340341,6899254.0699447673],[773728.97135743825,6899233.1657542139],[773792.46399379545,6899213.9365617549],[773859.1611296226,6899192.6954898788],[773901.65837201406,6899173.9213099387],[773933.88171512121,6899147.4922563769],[774166.36537224043,6898902.7341432143],[774178.66696913226,6898875.7392490068],[774215.57361571246,6898648.4552025404],[774224.393294596,6898594.1303194677],[774228.35870242678,6898551.7168245949],[774228.90420329582,6898545.8822925379],[774223.92270014191,6898499.4672812289],[774214.50922501774,6898461.3398089567],[774196.41349665239,6898433.48270794],[774175.95363558561,6898415.0227678474],[774140.93907798373,6898391.942948008],[774093.01847284962,6898380.0642728684],[774027.5176291411,6898359.2729175072],[773989.18065731204,6898342.4084536768],[773945.83971221966,6898316.9888992328],[773913.66681155586,6898267.6976601034],[773904.07670965872,6898235.8761427617],[773901.82398323284,6898204.2635233849],[773903.91243416467,6898167.5152644115],[773914.65509949857,6898121.549444804],[773962.17000528635,6898027.7579189483],[773994.5703246186,6897966.4225351196],[774014.59093413583,6897913.2268958716],[774020.37726537744,6897856.9325476578],[774015.30458886211,6897811.8842789],[773995.23613984464,6897766.8868226111],[773967.6735380264,6897723.2556723403],[773919.38076162641,6897686.4620844144],[773865.03108258743,6897661.8855967224],[773813.71387753508,6897644.5538962744],[773782.16696038435,6897626.0736813936],[773765.45126785827,6897610.0452975174],[773744.3054955306,6897580.3943073498],[773729.59597419004,6897544.2236117907],[773728.63126352197,6897504.2382434923],[773731.76798355405,6897467.5230517229],[773743.40951837262,6897426.8440281888],[773756.01802000415,6897397.9635268692],[773783.81198794779,6897373.2489501638],[774009.92562241619,6897235.9534583222],[774063.05315389042,6897195.4493085286],[774097.35175898788,6897147.8439759007],[774108.72823351726,6897118.6656356929],[774158.02587616001,6896928.6034775944],[774153.91160281259,6896872.8587182788],[774139.4449698067,6896824.5357802538],[774110.91449958994,6896790.5619304571],[774103.81166114158,6896782.103544916],[774054.53560824075,6896751.313313039],[774009.39905789308,6896738.2279009623],[773958.40960328316,6896744.0185922515],[773843.14566479472,6896767.4958064398],[773814.49170775583,6896768.5326884687],[773779.93805398699,6896766.4985409277],[773738.43521469226,6896750.5972252814],[773707.53010282887,6896730.7915492812],[773680.00893661194,6896702.6711021904],[773658.98303909868,6896667.3751980709],[773650.71282651997,6896626.1335275723],[773651.57579412591,6896595.6667505791],[773663.97922985279,6896545.3793760072],[773702.08637183043,6896433.0313159432],[773703.16053049709,6896403.6764442492],[773698.8421704818,6896370.9594150614],[773683.50400847069,6896320.0564829865],[773661.33646699914,6896251.0852967072],[773646.0864483139,6896197.031043225],[773638.64412624307,6896151.5392544549],[773639.41177945421,6896149.9790208852],[773638.88815848762,6896120.1076446511],[773650.27168771718,6896079.3971052514],[773651.54749510786,6896074.835098316],[773687.03336644184,6896020.3316309787],[773737.01107532426,6895976.5392021788],[773782.84028782754,6895956.5952538298],[773910.23760757584,6895947.6573857795],[773950.12129794771,6895938.3154074261],[773975.96074115427,6895921.7227580408],[773993.49936537712,6895910.4609581288],[774025.35195045487,6895866.8593284264],[774043.51393117243,6895804.8887529997],[774054.77114032872,6895720.748316112],[774064.5233923815,6895641.9055284727],[774065.31523302896,6895577.5207644505],[774058.94809176866,6895538.8486987092],[774044.1957484812,6895507.1199656855],[774027.21558825823,6895477.2027855003],[773988.91270286031,6895422.4991972549],[773938.36411120382,6895355.8837941131],[773913.21055359871,6895318.3738913145],[773898.35574136942,6895287.4650495388],[773897.38905329525,6895284.3510099053],[773877.63420643029,6895220.6443447545],[773873.25097573828,6895206.5059673721],[773850.71187606873,6895141.5613447661],[773829.05759400106,6895072.6596696805],[773820.30604561802,6895044.5119711962],[773820.09505530028,6895043.2183846915],[773807.80214397912,6894968.0094940802],[773803.90288895252,6894920.9072051449],[773798.92299004726,6894746.8258228702],[773811.61025495303,6894647.8463017056],[773830.59612120851,6894563.9116608137],[773865.91135197342,6894454.819313772],[773878.77227138216,6894417.6578214802],[773955.90531521058,6894263.8554510577],[774017.22069331468,6894152.9440200264],[774058.03147890745,6894095.2919488885],[774096.86371201393,6894055.4528292203],[774142.51262739289,6894020.2238288708],[774199.51850077056,6893988.1992878383],[774279.28532108525,6893951.2863646494],[774310.51382463274,6893935.4992105439],[774343.43385592208,6893907.5420971159],[774369.03575076151,6893878.1376773845],[774386.33739257837,6893836.0530822948],[774413.9606439604,6893762.38174651],[774453.44327625714,6893644.7499132305],[774468.43579828856,6893600.077290765],[774530.43332875858,6893474.7950052638],[774594.99855583499,6893389.982895459],[774660.08889693674,6893300.3493354144],[774709.33656457555,6893239.0838370388],[774739.92806926009,6893181.7667812919],[774757.28402971313,6893137.9259754475],[774761.63907850499,6893081.8475271333],[774762.09040848468,6893009.5642606439],[774751.47490911011,6892936.262991203],[774763.79750371689,6892872.6980068469],[774800.15898365097,6892812.9559351029],[774862.88378984411,6892702.4992253883],[774924.26955897955,6892606.279528264],[774986.74658005347,6892503.3383010579],[775021.31207918096,6892455.5556129068],[775077.77918243862,6892418.558214617],[775089.15165428922,6892415.0119457329]]},"properties":{"FID":28,"ID_con":2024,"bw_id":"VEC_uab_93880_101700","U_NR":5,"name":"Einmündung Lee bis bis uh. Einmündung Dinkel (Wasserkörpergrenze)","GEW":"VEC","stat_von":93880,"stat_bis":101700,"bauart":"U-Abschnitt","upflicht":"NLWKN","KTR":"MABVE00100","bemerk":" ","beschreib":"Unterhaltungsabschnitt 5","beschreib_":" ","bemerk_uab":" ","beschreib1":"relativ flache Ufer; beidseitige Unterhaltungswege\n-Hindernisse beseitigen/sichern insbesondere in Abschnitten mit\nUfergehölzen und im Bereich von Bauwerken und Anlagen","foto1":" ","foto2":" ","foto3":" ","foto4":" ","link1":"https://geoportal.bafg.de/birt_viewer/frameset?__report=RW_WKSB_21P1.rptdesign&param_wasserkoerper=DERW_DENI_32003","link2":" ","Laenge_U_A":7.8200000000000003,"Bez_Anfang":"Einmündung Lee","Bez_Ende":"bis uh. Einmündung Dinkel (Wasserkörpergrenze)","Kat":"S","BSB":"https://nlwkn.hannit-share.de/index.php/apps/files/files/11053766?dir=/db/VEC/Urpl/bsb&openfile=true","MNB":"https://nlwkn.hannit-share.de/index.php/apps/files/files/11053709?dir=/db/VEC/Urpl/mnb&openfile=true","U_Steckbri":"https://nlwkn.hannit-share.de/index.php/apps/files/files/11053664?dir=/db/VEC/Urpl/wsb_nlwkn&openfile=true","WK_NR":32003,"URL_WKDB":"https://www.umweltkarten-niedersachsen.de/Download_OE/WRRL/WKDB_HE/32003_Vechte_Neuenhaus_Laar.pdf","IDUabschn":"VEC_5","BfG_WK":"https://geoportal.bafg.de/birt_viewer/frameset?__report=RW_WKSB_21P1.rptdesign&param_wasserkoerper=DERW_DENI_32003"}},{"type":"Feature","id":29,"geometry":{"type":"LineString","coordinates":[[806819.09027041786,6943973.3243894018],[806764.79934585874,6943960.457632442],[806699.50533570687,6943935.6928215409],[806677.25777849462,6943930.2245804369],[806652.73635817401,6943924.197754683],[806499.62298541819,6943897.4492586311],[806356.71941154392,6943875.5501211453],[806276.75050150242,6943860.9393712217],[806191.99916296359,6943854.2621634779],[806101.40140923287,6943852.0431638993],[806085.52439253195,6943852.1851912905],[806032.53742272279,6943852.6569943083],[806020.33436317963,6943854.1957324641],[805948.51192713005,6943863.25085025],[805874.75102987711,6943876.3953151759],[805806.58398686198,6943895.4299207069],[805765.99707715586,6943912.8380653234],[805715.95430791553,6943941.5196344871],[805672.7639421497,6943971.5173988268],[805630.69131961104,6944002.693881291],[805595.35864142433,6944039.7879969263],[805523.49168031744,6944116.2462034468],[805385.70985923673,6944260.1058454355],[805249.53095725377,6944405.4297081921],[805200.48143160075,6944457.7727364171],[805166.53595202765,6944493.9960864903],[805058.20494466205,6944606.3698910763],[804936.8299531471,6944735.6800629273],[804707.19468806335,6944973.9151757304],[804682.89728192822,6944998.1566052083],[804681.31348516047,6944999.7374298563],[804654.36724614538,6945022.0818057405],[804626.27599065483,6945044.3982032835],[804589.0650299968,6945064.1893660286],[804526.36426067329,6945093.7035177592],[804449.78833696863,6945127.4772638977],[804424.2924670896,6945138.9801422236],[804391.7601499561,6945153.656303742],[804356.17499698547,6945170.6493135616],[804142.07329390163,6945272.886321527],[804009.78616890823,6945331.7398681706],[803546.67939443723,6945541.1633299226],[803401.62222403905,6945605.4450573595],[803236.80861477018,6945679.5885151112],[803202.71441560122,6945693.4377103969],[803122.02687004756,6945726.2089757845],[803062.48834693409,6945751.5715690721],[803045.46746506135,6945758.8224654458],[802956.1471667994,6945796.8695174456],[802929.39286686736,6945811.16181166],[802878.12499104615,6945842.1021811152],[802831.41567481263,6945874.3059615539],[802802.08274414577,6945900.0390601233],[802770.28399967554,6945932.6157556614],[802730.11387715628,6945978.7893323973],[802684.03615708649,6946031.7209669081],[802603.54359444114,6946134.6319177393],[802601.05794000602,6946137.8117091656],[802580.87820300215,6946160.4172165757],[802580.79644325702,6946160.5176472245],[802549.79273208347,6946199.3563797651],[802539.52286415617,6946212.2192201093],[802513.52832911257,6946246.746504494],[802513.50098212529,6946246.7837315258],[802498.13104444242,6946267.1960938843],[802482.54754646611,6946287.8925204705],[802310.95465613273,6946495.3342296118],[802275.33842189715,6946542.7743510669],[802245.54382028349,6946586.9078898374],[802221.68529039039,6946623.1341895424],[802204.76675007818,6946657.23359867],[802124.79003341624,6946826.6945011672],[802088.34297058347,6946907.4865675839],[802050.68945105956,6946990.551042987],[802025.19394297816,6947046.3006789023],[802004.71740296565,6947084.9150469825],[801974.94794891821,6947127.8993873838],[801940.50381309073,6947174.2209589249],[801912.08258205547,6947209.1844073804],[801884.97791608621,6947237.276306292],[801835.61765289644,6947283.2229472408],[801596.9848281889,6947507.4103750512],[801485.37819084292,6947609.3390448978],[801221.02222685271,6947851.2941089747],[801095.23527236609,6947968.9783508508],[801001.25937670737,6948054.0857731597],[800951.74500907096,6948105.782852157],[800879.59568679461,6948190.2889291625],[800671.48362309963,6948431.3545565791],[800634.81761662161,6948474.1692210743],[800594.24741837208,6948535.3003675677],[800567.96645987919,6948576.0745297503],[800561.33262718841,6948587.1780365836],[800536.80447919352,6948628.2348509375],[800517.62077704433,6948665.4206860643],[800516.28782816359,6948668.0024765199],[800497.89337006316,6948714.7312861606],[800438.45617639867,6948887.037898792],[800376.72090296564,6949059.2914332757],[800339.55268697883,6949167.7050848436],[800323.9918572139,6949238.6800639899],[800316.00759393373,6949282.2213518759],[800293.50345891912,6949355.3231187863],[800260.41103864426,6949438.5198686579],[800194.71197279822,6949585.3581823707],[800078.48045463918,6949915.109955282],[800025.34409855655,6950067.0709940568],[799955.97948060557,6950265.4384117471],[799831.25854275306,6950612.2688258179],[799716.28878241265,6950936.3340412173],[799691.53616428107,6951007.0908298055],[799676.77759009227,6951045.8630973035],[799653.89631070697,6951087.8839446977],[799637.21802800673,6951111.6394866835],[799618.30343290488,6951133.0369140962],[799585.3525714624,6951164.4408352012],[799553.78066134243,6951186.6685522096],[799508.29013989551,6951214.3005972411],[799500.67340077355,6951217.7305373196],[799479.24796516437,6951227.380772166],[799445.6987210057,6951236.8926325077],[799425.82275432872,6951241.4838842452],[799405.26416839997,6951246.2315395325],[799395.66606481164,6951249.1704092482]]},"properties":{"FID":29,"ID_con":1995,"bw_id":"HRK_uab_0_6780","U_NR":1,"name":"Mündung Ems bis Schleuse II","GEW":"HRK","stat_von":0,"stat_bis":6780,"bauart":"U-Abschnitt","upflicht":"NLWKN","KTR":"MAAEN20300","bemerk":" ","beschreib":"Unterhaltungsabschnitt 1 von  Mündung Ems bis Schleuse 2. WSP Sommer 15.50 m NN, Winter: 15,40 m NN (Sohle ca. bei 6,50 m NN, Profile siehe Links)","beschreib_":" ","bemerk_uab":" ","beschreib1":"Für die einzelnen Kanalabschnitte sind die regelmäßig wiederkehrenden Unterhaltungsmaßnahmen nach Ufern getrennt in Arbeitsplänen (Stand 2004) dargestellt. Darin werden folgende Pflegemodi unterschieden (siehe auch Anlage 3):\n- zweimalige Mahd ab de","foto1":"https://nlwkn.hannit-share.de/index.php/core/preview?fileId=11353671&x=1280&y=819&a=true","foto2":"https://nlwkn.hannit-share.de/index.php/core/preview?fileId=11353665&x=1280&y=819&a=true","foto3":"https://nlwkn.hannit-share.de/index.php/core/preview?fileId=11353667&x=1280&y=819&a=true","foto4":"https://nlwkn.hannit-share.de/index.php/core/preview?fileId=11353673&x=1280&y=819&a=true","link1":"https://geoportal.bafg.de/birt_viewer/frameset?__report=RW_WKSB_21P1.rptdesign&param_wasserkoerper=DERW_DENI_03044","link2":" ","Laenge_U_A":6.7800000000000002,"Bez_Anfang":"Mündung Ems","Bez_Ende":"Schleuse II","Kat":"S","BSB":"https://nlwkn.hannit-share.de/index.php/apps/files/files/11062261?dir=/db/HAS/Urpl/bsb&openfile=true","MNB":"https://nlwkn.hannit-share.de/index.php/apps/files/files/11062252?dir=/db/HRK/Urpl/mnb&openfile=true","U_Steckbri":"https://nlwkn.hannit-share.de/index.php/apps/files/files/11062249?dir=/db/HRK/Urpl/wsb_nlwkn&openfile=true","WK_NR":3044,"URL_WKDB":" ","IDUabschn":"HRK_1","BfG_WK":"https://geoportal.bafg.de/birt_viewer/frameset?__report=RW_WKSB_21P1.rptdesign&param_wasserkoerper=DERW_DENI_03044"}},{"type":"Feature","id":30,"geometry":{"type":"LineString","coordinates":[[787751.07732334093,6878996.2096084999],[787791.4936517427,6878997.2875495264],[787896.60801085096,6879005.852007011],[787924.00308036886,6879008.0821519392],[788020.38536305213,6879015.4916050239],[788074.10661606339,6878992.7178033944],[788106.88233319554,6878940.3402893897],[788120.93322561297,6878865.6788030416],[788130.17877323728,6878698.913817008],[788137.1626810563,6878435.2795464564],[788154.84238981805,6878314.7343879156],[788194.04144345445,6878202.0232422194],[788222.64694781799,6878120.6096783727],[788241.00259759626,6878068.9982561497]]},"properties":{"FID":30,"ID_con":2028,"bw_id":"VEC_uab_115700_116480","U_NR":9,"name":"Vechtesee (Sandfang Nordhorn) bis","GEW":"VEC","stat_von":115700,"stat_bis":116480,"bauart":"U-Abschnitt","upflicht":"NLWKN","KTR":"MABVE00100","bemerk":" ","beschreib":"Unterhaltungsabschnitt 9","beschreib_":" ","bemerk_uab":" ","beschreib1":"Hindernisse beseitigen/sichern insbesondere in Abschnitten mit Ufergehölzen und im Bereich von Bauwerken und Anlagen,\nTreibgut entfernen\n- vorhandene Gehölzsäume erhalten","foto1":" ","foto2":" ","foto3":" ","foto4":" ","link1":"https://geoportal.bafg.de/birt_viewer/frameset?__report=RW_WKSB_21P1.rptdesign&param_wasserkoerper=DERW_DENI_32002","link2":" ","Laenge_U_A":0.78000000000000003,"Bez_Anfang":"Vechtesee (Sandfang Nordhorn)","Bez_Ende":" ","Kat":"S","BSB":"https://nlwkn.hannit-share.de/index.php/apps/files/files/11053778?dir=/db/VEC/Urpl/bsb&openfile=true","MNB":"https://nlwkn.hannit-share.de/index.php/apps/files/files/11053721?dir=/db/VEC/Urpl/mnb&openfile=true","U_Steckbri":"https://nlwkn.hannit-share.de/index.php/apps/files/files/11053664?dir=/db/VEC/Urpl/wsb_nlwkn&openfile=true","WK_NR":32002,"URL_WKDB":"https://www.umweltkarten-niedersachsen.de/Download_OE/WRRL/WKDB_HE/32002_Vechte_Nordhorn_Neuenhaus.pdf","IDUabschn":"VEC_9","BfG_WK":"https://geoportal.bafg.de/birt_viewer/frameset?__report=RW_WKSB_21P1.rptdesign&param_wasserkoerper=DERW_DENI_32002"}},{"type":"Feature","id":31,"geometry":{"type":"LineString","coordinates":[[775089.15165428922,6892415.0119457329],[775116.05429420876,6892406.6228460092],[775145.63587680075,6892397.3988895454],[775240.82295263221,6892385.835639474],[775337.84315590444,6892372.9800208351],[775417.19812794426,6892361.9866624521],[775527.67928677972,6892345.4800696205],[775587.22695317876,6892334.3253117865],[775599.64634960832,6892334.4391189581],[775613.49555073399,6892334.5635031629],[775681.65960618749,6892324.4635013565],[775689.43975645339,6892323.3102308465],[775763.41326808848,6892327.8193754368],[775806.57908438006,6892339.5323058944],[775842.36544889794,6892355.8830982288],[775875.60125233699,6892377.0062275259],[775914.86915502942,6892412.8325238694],[775945.57878900936,6892437.9217429766],[776028.89958755428,6892511.3266919637],[776218.78576877771,6892691.0861865468],[776294.95798120392,6892761.0590529516],[776339.81769907626,6892798.6582741747],[776384.97312359302,6892825.76761992],[776435.91859852266,6892847.3876620913],[776488.63295161887,6892863.40352582],[776549.57663504046,6892873.1912418082],[776595.47589256254,6892873.6736434223],[776708.2471926721,6892873.6105592921],[776785.71662448184,6892868.5192051455],[776826.16274121916,6892862.3864860898],[776869.31523980841,6892845.8314126953],[776892.19052041357,6892833.3988499623],[776915.93496860098,6892820.4926542342],[776961.77244526963,6892794.3231127374],[776963.11135759274,6892793.5319768591],[777012.55261035939,6892764.2559339041],[777055.25983551901,6892734.7679529963],[777091.50480256346,6892705.9074234786],[777108.97049706045,6892686.2098420551],[777129.07312450744,6892658.5110939154],[777161.57003513374,6892590.7858726131],[777187.93681994046,6892540.6546507198],[777198.06666817202,6892523.9818269452],[777210.52146113687,6892510.6027312716],[777235.27367163869,6892489.4951632768],[777271.27107633383,6892469.5094976015],[777310.64369318681,6892443.9667433808],[777354.37897685333,6892406.4326353166],[777376.76024143852,6892383.6424430721],[777377.10283263808,6892383.0570575446],[777391.13822613203,6892359.0142015498],[777406.59169113741,6892324.7271134919],[777419.07280678418,6892281.4739057487],[777426.31919191568,6892252.6090162424],[777441.55492079223,6892168.2541363947],[777461.42491246213,6892033.162838228],[777469.72404076043,6891995.4470660305],[777487.03681378847,6891923.2640018966],[777513.26866875938,6891848.9099969566],[777542.42585429398,6891785.1335538216],[777564.51673861395,6891743.7673922041],[777604.29427564912,6891674.6375849079],[777630.25136520725,6891639.0311226388],[777678.56372809119,6891581.4439559896],[777716.74824830866,6891540.5285410238],[777753.21125252848,6891503.6000252338],[777803.51071020495,6891461.4090972133],[777860.20340869331,6891421.0088268695],[777907.19289094314,6891381.954917971],[777965.94139128341,6891325.4648412177],[777989.9716419637,6891301.1080687642],[778021.69404718024,6891260.8191721793],[778067.00780562963,6891195.0755203534],[778142.90044775966,6891072.0563658038],[778205.35657069634,6890997.9114846028],[778259.94243286818,6890946.1509928973],[778312.67284621345,6890903.218875207],[778357.86795178626,6890870.5722391829],[778407.02054152254,6890840.4567074282],[778453.84741624771,6890807.0483165011],[778476.93774825812,6890787.5090577714],[778500.27218644589,6890759.0965809785],[778517.90895957442,6890732.9464188227],[778537.73381688306,6890685.8697642116],[778545.13287933881,6890651.3617806239],[778545.69011551677,6890602.1335809249],[778540.0584990913,6890572.9149583643],[778539.59234658349,6890569.2666320885],[778533.4424422849,6890521.0665831212],[778531.98898057896,6890486.3128407337],[778535.43163844349,6890449.2748715784],[778542.8304313292,6890414.7695379006],[778555.88141290017,6890379.6132374918],[778570.34323205927,6890351.7619154286],[778581.29388953571,6890334.3078644285],[778603.89089312218,6890303.4539364567],[778633.01312877506,6890269.5538105983],[778669.12946978398,6890244.7262448678],[778733.52028298797,6890216.650481252],[778814.13514192938,6890184.1825336209],[778870.50121312856,6890155.0743875382],[778918.84162521304,6890124.9358574757],[778944.45489531441,6890101.4308278598],[778985.19474758988,6890054.9380378742],[779022.0688945927,6890002.6863856874],[779056.61741249159,6889947.141115861],[779102.2942605759,6889867.688863473],[779214.02286832733,6889670.6093628043],[779241.10452484316,6889622.930115181],[779294.39353800903,6889500.9123900691],[779305.44118940376,6889465.2990369974],[779329.17759798153,6889378.382678872],[779333.77910244605,6889357.5229253089],[779343.94270832557,6889324.7120956518],[779358.55560658628,6889291.2179025672],[779376.86579570326,6889255.001619623],[779382.78624188423,6889244.6723368168],[779411.15267684765,6889208.735094144],[779448.02099589643,6889171.0143265314],[779489.72672763781,6889133.0250117807],[779594.53025449079,6889041.4048721399],[779627.09010989615,6889012.9387905039],[779760.02229888132,6888892.7309258627],[779840.43629114958,6888823.1245999131],[779895.70099949045,6888775.0188419726],[779942.28617391596,6888735.1464623623],[779964.19162062835,6888714.3642782122],[779992.81231991632,6888683.6792787295],[780016.91719924391,6888656.0979695199],[780028.98220803263,6888641.9051204277],[780056.68218420283,6888600.7037614007],[780095.56139356375,6888533.580013901],[780100.23387470969,6888522.866506936],[780117.47299240856,6888483.3414026396],[780135.1620254023,6888451.4065048294],[780156.43984126125,6888412.993877287],[780174.75568988279,6888376.3757391674],[780203.34667520144,6888331.9712135298],[780239.03518871893,6888293.0091171088],[780270.28937334835,6888268.8545009987],[780286.2734274033,6888257.9510787642],[780302.69504365779,6888246.7492453558],[780334.49997453357,6888231.8893034859],[780375.61102807126,6888215.2704232894],[780417.56887715636,6888197.059547103],[780447.82044009352,6888180.1404197179],[780477.87789640517,6888155.548122867],[780510.03622338432,6888127.7870164672],[780531.63683560072,6888103.3655252904],[780555.5582344057,6888067.7093779435],[780589.33907716034,6888010.1322748009],[780613.18245111173,6887977.2984161181],[780646.21009413677,6887947.1395414304],[780693.36964915541,6887915.3528272668],[780745.64650386642,6887885.9727724455],[780825.03103572025,6887854.1256906604],[780873.86505309481,6887833.6664079018],[780912.24433005543,6887807.6023357501],[780929.03989415243,6887794.768906232],[780968.32642469439,6887754.9014771646],[780999.74950372078,6887711.6286392435],[781017.14314762282,6887677.0089438334],[781030.19340156997,6887645.9924946027],[781039.19179581245,6887607.9497480756],[781046.15826796449,6887566.6624609884],[781048.82534299418,6887527.3844935019],[781047.03281777399,6887495.9583257977],[781045.09660687495,6887469.8478239272],[781033.11046240584,6887423.2539224718],[781019.24504803424,6887387.2426331155],[780969.45612866408,6887267.418376877],[780969.43923478201,6887267.3768250803],[780966.49521741737,6887260.2924655909],[780925.66771801631,6887162.9171411768],[780910.37172042148,6887121.019095365],[780902.80892785382,6887087.3096911954],[780900.09583400679,6887052.7255074568],[780907.59417852643,6886990.1313839518],[780910.7386251163,6886972.1378734102],[780921.82954691141,6886935.2205119869],[780937.05781075859,6886902.1397237908],[780962.91366475204,6886868.2889042525],[781004.30129728303,6886829.0159207331],[781042.8790080758,6886795.5153978076],[781066.82427634683,6886773.3096338967],[781101.4663361815,6886728.5336578041],[781137.50187202112,6886671.5662804181],[781160.6504330358,6886639.7685660245],[781213.15242022811,6886562.5175604755],[781252.75111906498,6886510.9661269961],[781270.2339552812,6886492.3035012959],[781309.41216892598,6886456.1617827108],[781360.36386566458,6886416.087545421],[781415.68643958424,6886371.3501172839],[781467.4144215202,6886322.2593555795],[781498.77106300835,6886281.1160341101],[781523.29577102489,6886237.6578928009],[781542.04818586912,6886191.9144742452],[781553.26416700077,6886150.2185282391],[781560.16853079782,6886111.063548143],[781565.62673413858,6886066.5506070834],[781566.11238081078,6886029.3453307543],[781562.46084375202,6885988.3063724954],[781554.06930718967,6885946.0729382392],[781543.82510196231,6885913.3583512334],[781528.9279215188,6885876.2635043766],[781514.84507797356,6885848.2298961887],[781490.43736444553,6885809.809820205],[781471.78737014276,6885774.2070436981],[781462.90266675828,6885750.0384466657],[781455.09869015089,6885705.6954155108],[781452.97097128839,6885686.4970393879],[781451.8109512839,6885651.3753037378],[781455.34570965555,6885619.0418211604],[781459.81052243279,6885591.516967617],[781477.13172134513,6885539.8908779537],[781538.27536371734,6885378.885571395],[781561.41076287185,6885327.9507886935],[781595.02011056407,6885262.4187711468],[781622.16088248219,6885220.1020525116],[781649.04027740634,6885187.3468042491],[781705.92124383838,6885124.0488804355],[781762.75599133736,6885062.3446547519],[781775.72974744032,6885049.4829215473],[781787.28239759349,6885038.0306577971],[781808.96082866238,6885014.037758952],[781813.53033811972,6885008.9798261318],[781836.18280918431,6884975.5784771526],[781847.4620455869,6884950.9012526581],[781866.85576935171,6884900.9299785215],[781880.48654810886,6884867.8119723219],[781895.20525202306,6884833.6612549825],[781919.01926456287,6884796.5691718301],[781945.8380400188,6884765.9398006899],[781973.59986212687,6884739.5897212056],[781984.32554842287,6884730.1055281088],[781993.35949907766,6884721.3219929338],[781998.5410838566,6884712.2177806543],[782002.66875226784,6884702.4396664258],[782001.68936758512,6884667.5781310834],[781990.45314044727,6884607.707526979],[781973.08625562559,6884536.7030624812],[781979.4434367572,6884492.3674268667],[782011.99863549403,6884454.7709334791],[782048.18859939429,6884425.4447878562],[782080.52726606128,6884411.494639948],[782108.72673079593,6884407.7519742306],[782134.88711739215,6884423.7353440169],[782146.62678414211,6884449.4295917945],[782151.21758585155,6884477.7232565396],[782157.79938601027,6884511.6621614164],[782168.33056934993,6884550.2250717347],[782186.57767038862,6884588.9993489524],[782219.66998939391,6884633.9862752203],[782264.22403317608,6884667.6754708206],[782287.02288026642,6884673.2454370344],[782322.81329865835,6884670.474179063],[782353.14518697921,6884666.5201188959],[782392.674856639,6884655.9068782516],[782452.6277834248,6884635.2199422903],[782505.03199942387,6884619.1101386994],[782541.76646063221,6884613.7341007367],[782585.80398509908,6884612.8127303328],[782625.51529133355,6884614.960428887],[782654.57275093778,6884618.9436392151],[782687.72405714716,6884628.3544476405],[782732.8010104287,6884647.6605064832],[782775.26006355009,6884665.8305512993],[782816.22906476888,6884680.2399615347],[782867.88431268267,6884691.7499514408],[782916.56100565265,6884695.7356698252],[782966.49858587934,6884692.3141943468],[783030.43089699943,6884681.299210107],[783081.25230709324,6884667.3972773766],[783081.29028407508,6884667.3868129766],[783099.34752559965,6884662.4465991305],[783160.94606308569,6884639.6725027813],[783240.53405112901,6884598.7829696182],[783296.57610499044,6884565.7551572928],[783336.59347826324,6884537.0762064327],[783384.77387853561,6884500.646445659],[783433.06870905973,6884459.9661001014],[783486.97832651925,6884407.7444523834],[783533.15243365476,6884367.0063995756],[783571.29259567475,6884329.2387221651],[783597.01420845464,6884299.6384115927],[783612.45475505176,6884277.7326985924],[783628.09493960871,6884248.390232807],[783643.45057667769,6884210.0032260492],[783654.58257260337,6884170.9693458891],[783657.92082444183,6884145.5458982848],[783657.88367682416,6884088.1367464904],[783657.75877816894,6884053.5809900882],[783664.14955660549,6884013.3564627962],[783673.96026450128,6883983.8562687533],[783689.62984901806,6883953.4531730637],[783702.84912282904,6883935.2090129675],[783728.28164918651,6883916.232718749],[783764.75649910443,6883900.7456206279],[783837.4008952392,6883880.927410556],[783910.60570737405,6883860.0596466353],[783968.44366202282,6883838.7739532208],[784022.81654137082,6883808.3575263219],[784067.66726410273,6883777.1503501292],[784122.9996461859,6883730.8148577958],[784146.07773565862,6883705.7376187909],[784151.2683760809,6883700.0967910523],[784168.33710003085,6883681.5495506115],[784203.75132155977,6883626.6983640846],[784227.90930528322,6883576.3284521317],[784246.25292448583,6883525.2676415527],[784255.64691131632,6883491.5043341396],[784262.26344269584,6883462.4509136751],[784265.8289021221,6883428.5298846662],[784267.50559014082,6883386.0555058615],[784264.17091816,6883332.8135001957],[784254.04767586244,6883275.668561832],[784243.43903941126,6883236.5808969466],[784220.8605130522,6883189.1954828128],[784191.10852544208,6883132.5814099899],[784174.3425095405,6883105.5516360682],[784160.49687704863,6883088.1688298322],[784151.87749056914,6883079.0470936196],[784145.03363834694,6883071.8043932822],[784110.52287101641,6883039.0981263006],[784107.41160521621,6883036.1502488665]]},"properties":{"FID":31,"ID_con":2025,"bw_id":"VEC_uab_101700_111540","U_NR":6,"name":"Einmündung Dinkel bis oh. Brücke B403 (Brücke Quaink)","GEW":"VEC","stat_von":101700,"stat_bis":111540,"bauart":"U-Abschnitt","upflicht":"NLWKN","KTR":"MABVE00100","bemerk":" ","beschreib":"Bei Instandhaltungsarbeiten an Bauwerken im Zeitraum März bis Juli auf evtl. Brutvorkommen der Gebirgsstelze achten.","beschreib_":"Bei Instandhaltungsarbeiten an Bauwerken im Zeitraum März bis Juli auf evtl. Brutvorkommen der Gebirgsstelze achten.\nZeitliche Durchführung der Böschungsmahd zwischen Ende Juli und Ende März. Brut- und Laichzeit von Anfang April bis Mitte/Ende Juli s","bemerk_uab":"Entwicklungsstrecke (incl. Projektgebiet Frenswegen)","beschreib1":"Zeitliche Durchführung der Böschungsmahd zwischen Ende Juli und Ende März. Brut- und Laichzeit von Anfang April bis Mitte/Ende Juli soweit wie möglich  ausnehmen; in unvermeidlichen Fällen nur abschnittsweise mähen.\r\nBei Instandhaltungsarbeiten an","foto1":"https://nlwkn.hannit-share.de/index.php/core/preview?fileId=11377670&x=1280&y=819&a=true","foto2":"https://nlwkn.hannit-share.de/index.php/core/preview?fileId=11377668&x=1280&y=819&a=true","foto3":"https://nlwkn.hannit-share.de/index.php/core/preview?fileId=11377669&x=1280&y=819&a=true","foto4":"https://nlwkn.hannit-share.de/index.php/core/preview?fileId=/11377671&x=1280&y=819&a=true","link1":"https://geoportal.bafg.de/birt_viewer/frameset?__report=RW_WKSB_21P1.rptdesign&param_wasserkoerper=DERW_DENI_32002","link2":" ","Laenge_U_A":9.8399999999999999,"Bez_Anfang":"Einmündung Dinkel","Bez_Ende":"oh. Brücke B403 (Brücke Quaink)","Kat":"E","BSB":"https://nlwkn.hannit-share.de/index.php/apps/files/files/11053769?dir=/db/VEC/Urpl/bsb&openfile=true","MNB":"https://nlwkn.hannit-share.de/index.php/apps/files/files/11053712?dir=/db/VEC/Urpl/mnb&openfile=true","U_Steckbri":"https://nlwkn.hannit-share.de/index.php/apps/files/files/11053664?dir=/db/VEC/Urpl/wsb_nlwkn&openfile=true","WK_NR":32002,"URL_WKDB":"https://www.umweltkarten-niedersachsen.de/Download_OE/WRRL/WKDB_HE/32002_Vechte_Nordhorn_Neuenhaus.pdf","IDUabschn":"VEC_6","BfG_WK":"https://geoportal.bafg.de/birt_viewer/frameset?__report=RW_WKSB_21P1.rptdesign&param_wasserkoerper=DERW_DENI_32002"}},{"type":"Feature","id":32,"geometry":{"type":"LineString","coordinates":[[827386.72639091907,6921218.6412810488],[827389.13684640743,6921216.0106907887],[827395.85536348622,6921199.6454423405],[827398.3357522653,6921188.9995328095],[827404.96873139904,6921160.5302689541],[827408.38821341645,6921130.9513593698],[827410.12774259818,6921100.9710505148],[827408.31055793213,6921051.2906071804],[827385.78850535583,6920997.2706354773],[827353.54828974046,6920957.7658400144],[827275.93084993633,6920886.8483148972],[827208.31955904514,6920833.438844434],[827141.63312121411,6920772.1977772908],[827030.22918494104,6920641.9120430415],[826944.89560940349,6920523.7950120755],[826884.13174423843,6920400.1986092813],[826867.33528075635,6920329.7846550047],[826869.0383994031,6920283.5955348173],[826874.58626397606,6920262.1630421504],[826882.57671170624,6920234.5158954421],[826893.70595762774,6920214.7439568527],[826943.24949877826,6920183.7044033445],[826982.23120889242,6920163.1020674966],[827054.05367086898,6920151.3558339225],[827272.91893153731,6920163.4780404028],[827480.37683356053,6920187.8035811065],[827554.12763215089,6920201.3246381683],[827599.25164900138,6920220.8235953907],[827612.43845147337,6920229.7329411535],[827621.48500991752,6920235.8449922102],[827653.60256530833,6920267.482865097],[827704.3900701243,6920320.9933394501],[827749.44496375206,6920342.1051698606],[827804.16763477551,6920331.7948499043],[827849.50257923745,6920301.1984211598],[827871.45900183124,6920279.6917931102]]},"properties":{"FID":32,"ID_con":1985,"bw_id":"HAS_uab_23500_24880","U_NR":7,"name":"uh. ehem.  Altarm Blanke bis oh. ehem. Altarm Blanke","GEW":"HAS","stat_von":23500,"stat_bis":24880,"bauart":"U-Abschnitt","upflicht":"NLWKN","KTR":"MAAHA00100","bemerk":" ","beschreib":"Unterhaltungsabschnitt 7","beschreib_":" ","bemerk_uab":" ","beschreib1":" ","foto1":" ","foto2":" ","foto3":" ","foto4":" ","link1":"https://geoportal.bafg.de/birt_viewer/frameset?__report=RW_WKSB_21P1.rptdesign&param_wasserkoerper=DERW_DENI_02096","link2":" ","Laenge_U_A":1.3799999999999999,"Bez_Anfang":"uh. ehem.  Altarm Blanke","Bez_Ende":"oh. ehem. Altarm Blanke","Kat":"E","BSB":"https://nlwkn.hannit-share.de/index.php/apps/files/files/11063527?dir=/db/HAS/Urpl/bsb&openfile=true","MNB":"https://nlwkn.hannit-share.de/index.php/apps/files/files/11063476?dir=/db/HAS/Urpl/mnb&openfile=true","U_Steckbri":"https://nlwkn.hannit-share.de/index.php/apps/files/files/11063434?dir=/db/HAS/Urpl/wsb_nlwkn&openfile=true","WK_NR":2096,"URL_WKDB":"https://www.umweltkarten-niedersachsen.de/Download_OE/WRRL/WKDB_HE/02089_Hase_Grosse_Hase.pdf","IDUabschn":"HAS_7","BfG_WK":"https://geoportal.bafg.de/birt_viewer/frameset?__report=RW_WKSB_21P1.rptdesign&param_wasserkoerper=DERW_DENI_02096"}},{"type":"Feature","id":33,"geometry":{"type":"LineString","coordinates":[[788059.98884188582,6884395.6761013679],[788099.44531108253,6884434.5368842361],[788109.0526674625,6884445.0501849847],[788149.01728654804,6884488.769613062],[788184.55958640832,6884524.9353940226],[788321.05567570345,6884667.6358274529],[788339.73499913421,6884688.8171295607],[788460.67310133949,6884825.9061490856],[788546.35704564676,6884922.1437331811],[788582.38535410864,6884968.5656711496],[788660.26374993741,6885084.6606596755],[788721.32513374544,6885194.5222170642],[788866.9401969437,6885505.7139403364],[789015.91619932745,6885826.1263055867],[789063.86364420305,6885928.1968299579],[789099.17052987684,6886003.4900427731],[789142.13557652605,6886095.1412182609],[789237.91726840928,6886299.4529021103],[789479.90039319918,6886853.0476369215],[789864.23487164394,6887718.9844451295],[790104.98199823045,6888265.4637631383],[790129.28549382521,6888315.7892480511]]},"properties":{"FID":33,"ID_con":2008,"bw_id":"SNK_uab_1070_3790","U_NR":2,"name":"Schleuse I (Oberhaupt) bis Schleuse II (Unterhaupt)","GEW":"SNK","stat_von":1070,"stat_bis":3790,"bauart":"U-Abschnitt","upflicht":"NLWKN","KTR":"MAAVE10100","bemerk":" ","beschreib":"Unterhaltungsabschnitt 2 von Schleuse 1 (Noh. Deegfeld) bis Schleuse II. WSP Sommer 18,30 m NN, Winter: 18,20 m NN (Sohle ca. von bei 17,35 m NN bis 16,80 m NN, Profile siehe Links), Unterwasserstand: 17,35 m NN","beschreib_":" ","bemerk_uab":" ","beschreib1":"Für die einzelnen Kanalabschnitte sind die regelmäßig wiederkehrenden Unterhaltungsmaßnahmen nach Ufern getrennt in Arbeitsplänen (Stand 2004) dargestellt. Darin werden folgende Pflegemodi unterschieden (siehe auch Anlage 3):\n- zweimalige Mahd ab de","foto1":"https://nlwkn.hannit-share.de/index.php/core/preview?fileId=11060552&x=1280&y=819&a=true","foto2":"https://nlwkn.hannit-share.de/index.php/core/preview?fileId=11060555&x=1280&y=819&a=true","foto3":"https://nlwkn.hannit-share.de/index.php/core/preview?fileId=8273783&x=1280&y=819&a=true","foto4":"https://nlwkn.hannit-share.de/index.php/core/preview?fileId=8273806&x=1280&y=819&a=true","link1":"https://geoportal.bafg.de/birt_viewer/frameset?__report=RW_WKSB_21P1.rptdesign&param_wasserkoerper=DERW_DENI_32040","link2":" ","Laenge_U_A":2.7200000000000002,"Bez_Anfang":"Schleuse I (Oberhaupt)","Bez_Ende":"Schleuse II (Unterhaupt)","Kat":"S","BSB":"https://nlwkn.hannit-share.de/index.php/apps/files/files/11058245?dir=/db/SNK/Urpl/bsb&openfile=true","MNB":"https://nlwkn.hannit-share.de/index.php/apps/files/files/11058212?dir=/db/SNK/Urpl/mnb&openfile=true","U_Steckbri":"https://nlwkn.hannit-share.de/index.php/apps/files/files/11058200?dir=/db/SNK/Urpl/wsb_nlwkn&openfile=true","WK_NR":32040,"URL_WKDB":" ","IDUabschn":"SNK_2","BfG_WK":"https://geoportal.bafg.de/birt_viewer/frameset?__report=RW_WKSB_21P1.rptdesign&param_wasserkoerper=DERW_DENI_32040"}},{"type":"Feature","id":34,"geometry":{"type":"LineString","coordinates":[[800650.23893491842,6865423.7740864214],[800646.36891055899,6865414.9767518183],[800622.89944976952,6865390.0057214051],[800589.16173337179,6865371.4783244142],[800562.41153013788,6865360.5179051468],[800536.59173827502,6865355.5705260178],[800503.95640842884,6865351.3762447638],[800456.28818637098,6865354.3249562858],[800420.8764533014,6865357.2694094405],[800399.42481501098,6865358.4255357301],[800380.45350811852,6865359.4604285369],[800352.89499104396,6865360.9958911641],[800321.71938815434,6865358.2334056785],[800275.73998669686,6865350.539773385],[800244.67934742512,6865342.778061159],[800225.24420428905,6865334.3839038843],[800218.34416605718,6865331.1880769022],[800194.14165773941,6865312.1415016856],[800164.19278747542,6865275.514014543],[800151.93503234698,6865259.4656224288],[800136.13476236502,6865241.5734390728],[800107.04394763708,6865221.3801734876],[800075.47496675211,6865202.4713081438],[800037.5674355115,6865189.6941528218],[800014.44161468255,6865181.4755139835],[799993.17602123437,6865173.0447852407],[799965.41542968189,6865159.2821879899],[799947.11897282512,6865140.5964609487],[799933.42585575907,6865110.6144637093],[799926.55323431233,6865079.0785906417],[799921.38576518011,6865050.8558316231],[799914.62620991946,6864968.3392370306],[799910.70003737311,6864926.1573561393],[799901.40287149744,6864854.2987317638],[799890.99969736766,6864778.7072946411],[799886.92327534291,6864725.2912478754],[799886.14943208941,6864699.9142618505],[799886.18475355988,6864673.0816026898],[799892.25391429046,6864633.6688543586],[799905.44144678605,6864598.7417839039],[799917.03528821189,6864568.4109820705],[799927.4644772507,6864529.7618995663],[799935.30168835889,6864482.4246246088],[799939.17717688857,6864434.7274532216],[799937.46677302767,6864402.0939203417],[799929.09209635737,6864366.6211108584],[799917.35863613349,6864328.5004732721],[799911.0379978735,6864305.7062688423],[799905.45662661712,6864278.1145658027],[799902.96353073593,6864263.5939531745],[799900.65605245112,6864246.3522979049],[799898.54754054989,6864229.3188862698],[799898.7560691773,6864215.1627405556],[799900.79153515096,6864198.7822450222],[799900.80665266502,6864198.7006880753],[799904.20207687654,6864175.566114746],[799914.03771231149,6864137.5673592556],[799929.14703734533,6864092.4054466933],[799943.52001814777,6864054.1360217417],[799959.89326637436,6864010.4296705397],[799980.80731109041,6863950.6275418615],[800001.59128856659,6863895.8250948656],[800013.16898328846,6863865.4978658203],[800020.77715512668,6863831.2709148787],[800015.564732634,6863792.7073813677],[800011.96563311538,6863766.0813522739],[800002.61432567914,6863734.7867073147],[799992.76397389581,6863697.9007133935],[799981.83179534157,6863642.9175188867],[799981.53980849287,6863607.1352195758],[799989.57479263097,6863560.0130859278],[799995.30027547549,6863525.6057676096],[799999.47166800371,6863498.9235457648],[800000.16358860792,6863489.3457910428],[800002.42369623727,6863458.7305525057],[800001.72760179173,6863438.1389274616],[800000.86712096725,6863421.5135119986],[800000.32168012625,6863412.1538171703],[799994.02729276556,6863392.899123447],[799989.25966943114,6863377.1551454971],[799979.52576261689,6863363.3454067037],[799968.68080517091,6863344.5743490923],[799958.74481983599,6863330.3582758214],[799952.40071452688,6863321.0772446217],[799942.91084762278,6863309.1475488227],[799927.59502485616,6863293.6759760557],[799913.25802349846,6863279.1887141326],[799898.30867752002,6863262.139253431],[799871.743533,6863230.0486541511],[799847.92896340671,6863202.3036930431],[799835.69163948926,6863187.2893800037],[799810.23157025012,6863159.768506825],[799777.38181783701,6863122.9829958118],[799755.7229064313,6863100.1977521656],[799745.16677806783,6863087.0225846879],[799728.51652260637,6863066.8742506756],[799716.71246896009,6863052.2625094661],[799705.90918110195,6863035.9805997619],[799697.65714793012,6863023.8331260206],[799692.77875492955,6863016.1992804706],[799688.04658697592,6863003.5687422631],[799683.68973865756,6862988.8674308071],[799680.71085637761,6862968.5275416961],[799679.48181651544,6862955.2333415328],[799679.73077905725,6862940.4565031007],[799680.63199556607,6862927.6188708236],[799684.42056928587,6862895.5062623667],[799689.8671338195,6862863.989148845],[799695.48296328075,6862829.750990917],[799697.14343942027,6862806.4196159793],[799707.83932506933,6862767.1192522217],[799708.67445573863,6862764.3003398106],[799718.79998006532,6862730.0925170584],[799732.07143503847,6862695.5152203059],[799748.26349128492,6862661.7270387765],[799766.00287002337,6862632.6947568646],[799798.69890937523,6862594.2300634813],[799816.46057333576,6862577.2964441301]]},"properties":{"FID":34,"ID_con":2033,"bw_id":"VEC_uab_129270_131440","U_NR":14,"name":"Oh. Einmündung Großer Limbeckgraben bis uh. Autobahnbrücke A 30","GEW":"VEC","stat_von":129270,"stat_bis":131440,"bauart":"U-Abschnitt","upflicht":"NLWKN","KTR":"MABVE00200","bemerk":" ","beschreib":"Unterhaltungsabschnitt 14","beschreib_":" ","bemerk_uab":" ","beschreib1":"verhältnismäßig steile,kurze Ufer mit vereinzeltem Gehölzaufwuchs\n- Hindernisse beseitigen/sichern insbesondere in Abschnitten mit Ufergehölzen und im Bereich von Bauwerken und Anlagen","foto1":" ","foto2":" ","foto3":" ","foto4":" ","link1":"https://geoportal.bafg.de/birt_viewer/frameset?__report=RW_WKSB_21P1.rptdesign&param_wasserkoerper=DERW_DENI_32001","link2":" ","Laenge_U_A":2.1699999999999999,"Bez_Anfang":"Oh. Einmündung Großer Limbeckgraben","Bez_Ende":"uh. Autobahnbrücke A 30","Kat":"E","BSB":"https://nlwkn.hannit-share.de/index.php/apps/files/files/11053742?dir=/db/VEC/Urpl/bsb&openfile=true","MNB":"https://nlwkn.hannit-share.de/index.php/apps/files/files/11053682?dir=/db/VEC/Urpl/mnb&openfile=true","U_Steckbri":"https://nlwkn.hannit-share.de/index.php/apps/files/files/11053664?dir=/db/VEC/Urpl/wsb_nlwkn&openfile=true","WK_NR":32001,"URL_WKDB":"https://www.umweltkarten-niedersachsen.de/Download_OE/WRRL/WKDB_HE/32001_Vechte_ohne_Nordhorn.pdf","IDUabschn":"VEC_14","BfG_WK":"https://geoportal.bafg.de/birt_viewer/frameset?__report=RW_WKSB_21P1.rptdesign&param_wasserkoerper=DERW_DENI_32001"}},{"type":"Feature","id":35,"geometry":{"type":"LineString","coordinates":[[786646.79665022914,6883361.1790319001],[786794.42173334211,6883457.5396160595],[787109.90581450495,6883677.3091798192],[787529.35534060514,6883969.3521076487],[787775.01931300573,6884138.4009835189],[787825.51622967154,6884177.3188529154],[787897.78790424915,6884243.1166785983],[788054.75235747045,6884390.3139122054],[788055.31973751856,6884390.9053520802],[788057.37146543828,6884393.0982269319],[788059.98884188582,6884395.6761013679]]},"properties":{"FID":35,"ID_con":2007,"bw_id":"SNK_uab_0_1070","U_NR":1,"name":"Ems-Vechte-Kanal bis Schleuse I (Oberhaupt)","GEW":"SNK","stat_von":0,"stat_bis":1070,"bauart":"U-Abschnitt","upflicht":"NLWKN","KTR":"MAAVE10100","bemerk":" ","beschreib":"Unterhaltungsabschnitt 1 vom Ems-Vechte-Kanal in Nordhorn bis Schleuse 1 (Noh. Deegfeld). WSP Sommer 21.40 m NN, Winter: 21,40 m NN (Sohle ca. bei 19,40 m NN, Profile siehe Links), Unterwasserstand: 18,35 m NN","beschreib_":" ","bemerk_uab":" ","beschreib1":"Für die einzelnen Kanalabschnitte sind die regelmäßig wiederkehrenden Unterhaltungsmaßnahmen nach Ufern getrennt in Arbeitsplänen (Stand 2004) dargestellt. Darin werden folgende Pflegemodi unterschieden (siehe auch Anlage 3):\n- zweimalige Mahd ab de","foto1":"https://nlwkn.hannit-share.de/index.php/core/preview?fileId=11060540&x=1280&y=819&a=true","foto2":"https://nlwkn.hannit-share.de/index.php/core/preview?fileId=11060543&x=1280&y=819&a=true","foto3":"https://nlwkn.hannit-share.de/index.php/core/preview?fileId=8273791&x=1280&y=819&a=true","foto4":"https://nlwkn.hannit-share.de/index.php/core/preview?fileId=8273774&x=1280&y=819&a=true","link1":"https://geoportal.bafg.de/birt_viewer/frameset?__report=RW_WKSB_21P1.rptdesign&param_wasserkoerper=DERW_DENI_32040","link2":" ","Laenge_U_A":1.0700000000000001,"Bez_Anfang":"Ems-Vechte-Kanal","Bez_Ende":"Schleuse I (Oberhaupt)","Kat":"S","BSB":"https://nlwkn.hannit-share.de/index.php/apps/files/files/11058236?dir=/db/SNK/Urpl/bsb&openfile=true","MNB":"https://nlwkn.hannit-share.de/index.php/apps/files/files/11058203?dir=/db/SNK/Urpl/mnb&openfile=true","U_Steckbri":"https://nlwkn.hannit-share.de/index.php/apps/files/files/11058200?dir=/db/SNK/Urpl/wsb_nlwkn&openfile=true","WK_NR":32040,"URL_WKDB":" ","IDUabschn":"SNK_1","BfG_WK":"https://geoportal.bafg.de/birt_viewer/frameset?__report=RW_WKSB_21P1.rptdesign&param_wasserkoerper=DERW_DENI_32040"}},{"type":"Feature","id":36,"geometry":{"type":"LineString","coordinates":[[819865.96845158527,6927079.9404241433],[819866.77288594528,6927079.6506712008],[819882.16094077227,6927081.580553906],[820009.56779128104,6927097.5535650253],[820101.12173212471,6927153.0254647462],[820193.1904018491,6927221.6952114347],[820268.86274091562,6927325.2617072165],[820320.82501556398,6927437.5507731698],[820370.17168209772,6927557.7325559407],[820392.28743685363,6927629.6684231758],[820371.08225523401,6927712.4034131169],[820333.16070566757,6927779.4604803342],[820251.74837470055,6927895.3079991592],[820235.82554891368,6927942.3499973817],[820241.80283079576,6927982.205684023],[820301.18808103527,6928012.5404724395],[820425.28630342172,6928044.0175124593],[820603.55659658578,6928085.2379746232],[820715.36014915037,6928081.5162504828],[820838.72008528898,6928078.3796769474],[820935.94793705235,6928081.5382618438],[821040.46285880276,6928073.080306788],[821115.96037506335,6928045.6308946135],[821195.04172955721,6927986.7753747953],[821240.80756362306,6927901.335761602],[821246.20179314306,6927852.6278667059],[821242.95124027715,6927804.3013987523],[821240.46257252898,6927779.8967071055],[821237.88859819958,6927769.2625446403],[821229.34963705426,6927733.991702971],[821176.57459470478,6927650.6256331718],[821114.74433815328,6927578.7720354339],[821042.42253182607,6927470.2589994175],[820762.60504948976,6927032.6542587345],[820628.66790291213,6926811.1933456454],[820596.13352314639,6926682.3656224953],[820612.38819375087,6926554.2921436476],[820661.91042338149,6926437.0415721135],[820713.0854694274,6926302.9220858049],[820733.353853098,6926154.9542381121],[820730.71004824387,6926119.7672652369],[820724.90930547682,6926042.5799016338],[820723.63458762411,6926039.8886816353],[820690.83224696282,6925970.682179248],[820684.70209030726,6925957.7511777561],[820575.18697049539,6925892.3204380013],[820468.06512585387,6925828.8889731532],[820407.44319745724,6925709.2123822216],[820366.93420248432,6925511.0540572572],[820334.82482276694,6925408.4636194604],[820252.095523756,6925306.0641472647],[820131.61652475013,6925253.8811565302],[820036.6772562468,6925260.2588382764],[820001.04949132761,6925263.6116411155],[819960.92700988182,6925227.8851100514],[819971.00792055647,6925176.0525469733],[820036.08153916581,6925107.9229758307],[820118.83802085929,6925073.9178170543],[820266.17016104993,6925054.2608952485],[820447.6967295889,6925068.4904505769],[820618.97739858949,6925098.8544578031],[820784.0851941799,6925131.7916556168],[820831.41526320856,6925117.0565753011],[820874.87110869691,6925073.5127649447],[820895.508621466,6924992.7117492603],[820897.88169503398,6924941.8359636189],[820895.64532415452,6924936.0849570725],[820850.363731488,6924819.5657649441],[820811.68324316596,6924704.073781075],[820779.01824876433,6924596.5896606417],[820781.63860739174,6924455.7229287839],[820801.04536931578,6924344.0933490796],[820841.80065835721,6924223.7563018352],[820883.13659135543,6924151.2325700941],[820911.90347820194,6924124.5125336293],[820934.20909227792,6924101.6645411123],[820952.87864605349,6924073.4604373388],[820977.02483731764,6924035.5876774723],[820999.13692778826,6923987.876996248],[821005.9582869577,6923951.873738803],[821009.22804622061,6923906.7508459659],[821022.61472548253,6923846.0382826012],[821037.22837556899,6923814.3537179409],[821049.58364240907,6923799.5685530165],[821069.82470280898,6923784.9600109542],[821089.51279778406,6923778.2479628921],[821106.41946465976,6923778.2537006782],[821125.47695559671,6923782.8275911566],[821146.94372844079,6923797.2479920406],[821174.59958010633,6923820.469686958],[821265.77441356482,6923909.5311545935],[821297.95426942816,6923932.1024421835],[821331.47250241134,6923945.287797235],[821368.88064486219,6923952.5344171664],[821403.77116965689,6923954.8278232422],[821431.57679945207,6923954.7022282546],[821457.93934597052,6923951.9070934858],[821499.50735699455,6923941.1674113767],[821528.33493274578,6923929.0115860533],[821548.5416863279,6923915.907381542],[821571.88593799423,6923896.8491656557],[821591.92819110386,6923874.3252068348],[821611.31151933677,6923847.6430141516],[821632.34850144875,6923814.2208738271],[821647.30947202153,6923783.6734771496],[821665.84964027291,6923727.5949951503],[821691.5768401071,6923618.9522115439],[821747.75452929176,6923391.9840572029],[821762.10566513357,6923321.5043642512],[821768.12045370589,6923287.7444589008],[821768.62618858344,6923265.1583691742],[821766.89667076163,6923241.7697884236],[821762.43105073262,6923206.2676399751],[821752.72802276979,6923169.8954895185],[821729.96064004488,6923112.8931459682],[821720.77182430914,6923087.0764089096],[821718.39177381166,6923059.1541724419],[821722.73603564186,6923032.8916854309],[821734.40622908447,6923015.0769028403],[821754.7662826624,6923011.7682916159],[821788.85380488739,6923014.896412082],[821790.99904103822,6923015.5348800458]]},"properties":{"FID":36,"ID_con":1982,"bw_id":"HAS_uab_9325_15140","U_NR":4,"name":"Oberhalb Einmündung Kamphausgraben bis Einmündung Mühlenmoorgraben","GEW":"HAS","stat_von":9325,"stat_bis":15140,"bauart":"U-Abschnitt","upflicht":"NLWKN","KTR":"MAAHA00100","bemerk":" ","beschreib":"Ufersicherung, Längsbänke und Anlandungen nur nach Einzelfallentscheidung. Uferersionen, Totholz  tolerieren.","beschreib_":"Maßnahmen zur Ufersicherung werden nach Einzelfallentscheidung (Gewässerbesichtigung) durchgeführt.\nUfererosionen sollen auf Teilstrecken innerhalb eines max. 5 m breiten Randstreifens toleriert werden (Eisvogel), soweit dadurch weder der ordnungsgem","bemerk_uab":"Entwicklungsstrecke","beschreib1":"Die Gewässerunterhaltung erfolgt größtenteils mit artenschonenden Methoden (Erhalt von Längsbänken und Anlandungen; bereichsweise Förderung der Binnenmäandrierung; Schutz und Pflege des Gehölzbestandes; räumlich und zeitlich gestaffelte Mahd der","foto1":"https://nlwkn.hannit-share.de/index.php/core/preview?fileId=11370151&x=1280&y=819&a=true","foto2":"https://nlwkn.hannit-share.de/index.php/core/preview?fileId=11370148&x=1280&y=819&a=true","foto3":"https://nlwkn.hannit-share.de/index.php/core/preview?fileId=11370150&x=1280&y=819&a=true","foto4":"https://nlwkn.hannit-share.de/index.php/core/preview?fileId=11370149&x=1280&y=819&a=true","link1":"https://geoportal.bafg.de/birt_viewer/frameset?__report=RW_WKSB_21P1.rptdesign&param_wasserkoerper=DERW_DENI_02096","link2":" ","Laenge_U_A":5.8099999999999996,"Bez_Anfang":"Oberhalb Einmündung Kamphausgraben","Bez_Ende":"Einmündung Mühlenmoorgraben","Kat":"E","BSB":"https://nlwkn.hannit-share.de/index.php/apps/files/files/11063518?dir=/db/HAS/Urpl/bsb&openfile=true","MNB":"https://nlwkn.hannit-share.de/index.php/apps/files/files/11063467?dir=/db/HAS/Urpl/mnb&openfile=true","U_Steckbri":"https://nlwkn.hannit-share.de/index.php/apps/files/files/11063434?dir=/db/HAS/Urpl/wsb_nlwkn&openfile=true","WK_NR":2096,"URL_WKDB":"https://www.umweltkarten-niedersachsen.de/Download_OE/WRRL/WKDB_HE/02089_Hase_Grosse_Hase.pdf","IDUabschn":"HAS_4","BfG_WK":"https://geoportal.bafg.de/birt_viewer/frameset?__report=RW_WKSB_21P1.rptdesign&param_wasserkoerper=DERW_DENI_02096"}},{"type":"Feature","id":37,"geometry":{"type":"LineString","coordinates":[[786826.96082828264,6879474.7168951118],[786838.59329454554,6879460.3726189202],[786856.65917771799,6879449.9146455517],[786867.50164074032,6879441.4984566839],[786883.8143885982,6879428.8171914769],[786892.70357909298,6879410.027332304],[786897.49757233064,6879393.2332801325],[786900.97326271085,6879365.8267129548],[786902.08039292856,6879357.6373369014],[786903.43800828978,6879347.6082725665],[786907.17503609718,6879322.4933015313],[786909.00841173681,6879286.9880173998],[786905.5218866209,6879256.007871395],[786903.35269168415,6879227.6841242919],[786907.96690474439,6879195.4523260491],[786912.14511769882,6879181.2451245487],[786916.78858073079,6879165.4224036867],[786925.22965510201,6879136.2195368912],[786938.64916495024,6879098.3437631484],[786948.70972393907,6879068.0667762803],[786962.64359967806,6879040.4687855495]]},"properties":{"FID":37,"ID_con":2018,"bw_id":"VBA_uab_0_290","U_NR":1,"name":"Ölmühlenarm bis Kornmühlarm","GEW":"VBA","stat_von":0,"stat_bis":290,"bauart":"U-Abschnitt","upflicht":"NLWKN","KTR":"MABVE00400","bemerk":" ","beschreib":"Unterhaltungsabschnitt 1","beschreib_":" ","bemerk_uab":" ","beschreib1":"Der Verbindungsarm verbindet Öl-/und Kornmühlenarm der Vechte und gehört hier zum Unterhaltungsabschnitt U 8.","foto1":"https://nlwkn.hannit-share.de/index.php/core/preview?fileId=11058107&x=1280&y=819&a=true","foto2":"https://nlwkn.hannit-share.de/index.php/core/preview?fileId=11058110&x=1600&y=1024&a=true","foto3":"https://nlwkn.hannit-share.de/index.php/core/preview?fileId=11058113&x=1600&y=1024&a=true","foto4":"https://nlwkn.hannit-share.de/index.php/core/preview?fileId=11058116&x=1600&y=1024&a=true","link1":"https://geoportal.bafg.de/birt_viewer/frameset?__report=RW_WKSB_21P1.rptdesign&param_wasserkoerper=DERW_DENI_32002","link2":" ","Laenge_U_A":0.28999999999999998,"Bez_Anfang":"Ölmühlenarm","Bez_Ende":"Kornmühlarm","Kat":"S","BSB":"https://nlwkn.hannit-share.de/index.php/apps/files/files/11058053?dir=/db/SNK/Urpl/bsb&openfile=true","MNB":"https://nlwkn.hannit-share.de/index.php/apps/files/files/11058050?dir=/db/VBA/Urpl/mnb&openfile=true","U_Steckbri":"https://nlwkn.hannit-share.de/index.php/apps/files/files/11058047?dir=/db/VBA/Urpl/wsb_nlwkn&openfile=true","WK_NR":32002,"URL_WKDB":"https://www.umweltkarten-niedersachsen.de/Download_OE/WRRL/WKDB_HE/32002_Vechte_Nordhorn_Neuenhaus.pdf","IDUabschn":"VBA_1","BfG_WK":"https://geoportal.bafg.de/birt_viewer/frameset?__report=RW_WKSB_21P1.rptdesign&param_wasserkoerper=DERW_DENI_32002"}},{"type":"Feature","id":38,"geometry":{"type":"LineString","coordinates":[[748698.70526417752,6911272.0393125564],[748758.30367007374,6911254.7969476348],[749019.30689172749,6911215.8649085453],[749090.09580437734,6911209.6074457671],[749122.97749383235,6911211.589634004],[749156.38258908526,6911226.7965908432],[749184.91046956275,6911247.5129088666],[749205.79786140018,6911271.759719613],[749227.21042463032,6911309.2349317428],[749234.75613648095,6911338.7243618956],[749234.27633929881,6911384.0018691383],[749230.02682088048,6911459.3548894804],[749235.07093429379,6911508.5807897625],[749247.78403751692,6911553.3312848788],[749263.70459953067,6911585.9167015636],[749283.77066566003,6911606.3648310006],[749321.67341801862,6911628.3199300207],[749355.17083983694,6911640.700414693],[749411.35451262537,6911650.0208949381],[749466.98354770534,6911647.0568654072],[749537.04188222589,6911634.1660176711],[749755.88591828779,6911589.1613448579],[749814.60131193779,6911577.799339612],[749934.96902949212,6911551.3930183789],[750004.29149385623,6911531.870485154],[750082.40318483277,6911502.2460074974],[750108.91445851314,6911490.5958847804],[750162.56986598426,6911467.0220724847],[750208.46779525734,6911461.2753873002],[750210.7632719836,6911460.9883694649],[750239.85317398072,6911463.7893658448],[750280.84605397156,6911477.3454457987],[750322.33478120889,6911505.0681534605],[750371.99414182408,6911542.4861517213],[750409.75247164653,6911569.1491237571],[750447.01195221883,6911581.6413160171],[750480.83493947971,6911583.6475600703],[750515.77553965931,6911580.0267279232],[750565.32093593967,6911560.8226977978],[750628.38418280671,6911530.718779915],[750705.90595882793,6911489.7461161651],[750775.4908510216,6911461.7324726358],[750848.51382650447,6911444.2074396508],[750917.36446060147,6911439.7612899356],[751002.02301294159,6911441.4700256186],[751078.89634926198,6911451.4267298086],[751177.22041193419,6911467.7162663601],[751384.94705407124,6911507.2427691864],[751473.95759185147,6911520.4063455993],[751517.30083059811,6911518.9307299955],[751553.38528298389,6911508.7367838556],[751583.03474303847,6911493.6222401066],[751614.85753037257,6911469.1403136682],[751640.50897467718,6911431.2550604763],[751666.77403357765,6911373.5730724037],[751690.86700451362,6911325.2600814998],[751736.76182055892,6911271.9667490078],[751783.09706225863,6911234.7282229047],[751853.8221823296,6911200.1376435794],[751974.00535096682,6911146.7656993438],[752052.33343236742,6911111.9777888721],[752197.42351784185,6911046.6811424876],[752273.72872227721,6911014.1484812833],[752317.41990921809,6911001.3582607294],[752353.0920768975,6911004.3564925902],[752393.20396490826,6911015.9852988282],[752424.64835137594,6911033.949432753],[752462.32361868583,6911063.4289694242],[752507.19996070501,6911103.511794758],[752546.93126439687,6911127.3937040828],[752582.45961732662,6911135.1056259591],[752620.04181217228,6911137.2180057578],[752656.91831927374,6911131.761773509],[752681.65886849316,6911123.0952862808],[752705.69033041433,6911106.8600542685],[752745.44055478449,6911069.4117796263],[752799.2284866171,6911004.0942405686],[752827.5755132772,6910970.0645725857],[752861.33094618679,6910943.7511436567],[752911.89534520195,6910921.7352254204],[753017.25815335044,6910892.9316601371],[753206.29646405007,6910836.5322884098],[753299.19956859003,6910814.8847083496],[753337.01493657415,6910809.4547415124],[753375.50764470501,6910812.5359320324],[753407.06999360211,6910826.7247468885],[753433.69678365579,6910848.3080910956],[753459.94725717651,6910882.1450955709],[753476.64853248198,6910920.4049871126],[753490.29617902602,6910966.1165495757],[753498.83551541821,6911024.8812392708],[753510.54512485291,6911072.4215820683],[753525.51233592082,6911105.9093212504],[753553.67318788823,6911138.863814286],[753594.11621186079,6911170.3109588241],[753639.49330476054,6911194.3625630504],[753660.93042133306,6911201.8553844197],[753672.08404484449,6911205.7520846007],[753729.12394707545,6911217.8990533436],[753788.42210492981,6911217.8497353587],[753932.07727968972,6911198.7102640495],[754033.24280874699,6911183.9147000164],[754086.4816983015,6911166.6908898344],[754119.17846863111,6911144.1137354765],[754153.16270426963,6911110.2549917009],[754200.09711168741,6911053.2064313209],[754269.61368277762,6910965.7215022538],[754308.32824505761,6910931.0650322298],[754347.66273627966,6910906.8046013452],[754396.22544893797,6910888.4923870005],[754450.1995707138,6910877.8950518137],[754508.7861752304,6910870.2687747162],[754642.82863532379,6910857.426014713],[755125.16338855983,6910811.9182708943],[755201.82019560819,6910803.748255685],[755276.24412275653,6910795.8151425458],[755441.45780239836,6910779.2000379013],[755499.98338008265,6910768.8897639541]]},"properties":{"FID":38,"ID_con":2020,"bw_id":"VEC_uab_74180_79020","U_NR":1,"name":"Niederländische Grenze bis Einlauf Flutmulde","GEW":"VEC","stat_von":74180,"stat_bis":79020,"bauart":"U-Abschnitt","upflicht":"NLWKN","KTR":"MABVE00100","bemerk":" ","beschreib":"Unterhaltungsabschnitt 1 der Vechte (Entwicklungsstrecke) von der Niederländischen Grenze bis Einlauf der Flutmulde","beschreib_":" ","bemerk_uab":" ","beschreib1":"- flache, kurze Böschungen; beidseitig fast durchgängig Unterhaltungswege;\n- Hindernisse beseitigen/sichern insbesondere in Abschnitten mit Ufergehölzen und im Bereich von Bauwerken und Anlagen;\n- Maßnahmen auf der Gewässersohle nur in begründeten","foto1":" ","foto2":" ","foto3":" ","foto4":" ","link1":"https://geoportal.bafg.de/birt_viewer/frameset?__report=RW_WKSB_21P1.rptdesign&param_wasserkoerper=DERW_DENI_32003","link2":" ","Laenge_U_A":4.8399999999999999,"Bez_Anfang":"Niederländische Grenze","Bez_Ende":"Einlauf Flutmulde","Kat":"S","BSB":"https://nlwkn.hannit-share.de/index.php/apps/files/files/11053724?dir=/db/VEC/Urpl/bsb&openfile=true","MNB":"https://nlwkn.hannit-share.de/index.php/apps/files/files/11053667?dir=/db/VEC/Urpl/mnb&openfile=true","U_Steckbri":"https://nlwkn.hannit-share.de/index.php/apps/files/files/11053664?dir=/db/VEC/Urpl/wsb_nlwkn&openfile=true","WK_NR":32003,"URL_WKDB":"https://www.umweltkarten-niedersachsen.de/Download_OE/WRRL/WKDB_HE/32003_Vechte_Neuenhaus_Laar.pdf","IDUabschn":"VEC_1","BfG_WK":"https://geoportal.bafg.de/birt_viewer/frameset?__report=RW_WKSB_21P1.rptdesign&param_wasserkoerper=DERW_DENI_32003"}},{"type":"Feature","id":39,"geometry":{"type":"LineString","coordinates":[[790541.09342598938,6879000.2383228773],[790425.8025125995,6879192.4715154078],[790264.18177180993,6879449.5803379351],[790157.24414368789,6879622.7348379511],[790118.61737161933,6879684.6884893943],[790097.23405534495,6879712.5918219388],[790066.21000113373,6879747.1406409806],[790018.6881289361,6879787.2939844094],[789954.69425532641,6879832.1871967772],[789911.99199029966,6879852.6262015197],[789836.5690172239,6879873.925672397],[789720.48094805318,6879903.639689141],[789652.02732013981,6879921.6718036495],[789208.14145131328,6880047.0878192047],[789143.07913584413,6880066.9308888102],[789098.86028060643,6880079.5623711338],[789063.42080390453,6880085.5229724674],[788938.47458992503,6880097.9777848143],[788885.68576154392,6880103.2393626608],[788761.42460916576,6880116.3316210955],[788618.6091780382,6880125.1704545859],[788576.1074958411,6880127.8014030857],[788528.52642900834,6880131.5627012812],[788437.27099948213,6880138.7764163539],[788319.21025600692,6880145.1265302561],[788193.94712365582,6880153.3807907812]]},"properties":{"FID":39,"ID_con":1973,"bw_id":"EVK_uab_15140_16865","U_NR":2,"name":"Evers-Kotting-Brücke bis Verbindungskanal","GEW":"EVK","stat_von":15140,"stat_bis":16865,"bauart":"U-Abschnitt","upflicht":"NLWKN","KTR":"MAAVE20200","bemerk":" ","beschreib":"Unterhaltungsabschnitt 2","beschreib_":" ","bemerk_uab":" ","beschreib1":"Für die einzelnen Kanalabschnitte sind die regelmäßig wiederkehrenden Unterhaltungsmaßnahmen nach Ufern getrennt in Arbeitsplänen (Stand 2004) dargestellt. Darin werden folgende Pflegemodi unterschieden (siehe auch Anlage 3):\n- zweimalige Mahd ab de","foto1":" ","foto2":" ","foto3":" ","foto4":" ","link1":"https://geoportal.bafg.de/birt_viewer/frameset?__report=RW_WKSB_21P1.rptdesign&param_wasserkoerper=DERW_DENI_32042","link2":" ","Laenge_U_A":1.72,"Bez_Anfang":"Evers-Kotting-Brücke","Bez_Ende":"Verbindungskanal","Kat":"S","BSB":"https://nlwkn.hannit-share.de/index.php/apps/files/files/11066632?dir=/db/EVK/Urpl/bsb&openfile=true","MNB":"https://nlwkn.hannit-share.de/index.php/apps/files/files/11066620?dir=/db/EVK/Urpl/mnb&openfile=true","U_Steckbri":"https://nlwkn.hannit-share.de/index.php/apps/files/files/11066614?dir=/db/EVK/Urpl/wsb_nlwkn&openfile=true","WK_NR":32042,"URL_WKDB":" ","IDUabschn":"EVK_2","BfG_WK":"https://geoportal.bafg.de/birt_viewer/frameset?__report=RW_WKSB_21P1.rptdesign&param_wasserkoerper=DERW_DENI_32042"}},{"type":"Feature","id":40,"geometry":{"type":"LineString","coordinates":[[776758.97436569037,6909502.7521258257],[776621.1594861031,6909588.0248934431],[776575.32216406032,6909616.3863125881],[776237.87050792587,6909832.6090518767],[775699.32743711933,6910177.431880692],[775491.12908281642,6910312.7821135577],[775187.76760247641,6910505.6339575667],[774820.90419991128,6910738.3545179898],[774663.99213878543,6910840.4710927447],[774653.91108813626,6910847.0343096005],[774419.89851084922,6910995.526990925],[774118.76060843433,6911189.5750253005],[773996.3896448859,6911269.4538491918],[773908.2024928655,6911324.8344929442],[773863.56303137366,6911351.3507357743],[773828.48424071854,6911366.5605186513],[773800.55884959432,6911373.8704175688],[773756.5764289645,6911377.2476715995],[773522.11871008296,6911377.5124549428],[772930.5178621693,6911387.2515264442],[772370.23906062869,6911392.0545935677],[772241.9811499546,6911394.1662823791],[772212.99889818265,6911397.9668809464],[772182.59950386162,6911410.9886748902],[771775.38785090134,6911596.1274454454],[771522.67860399547,6911709.277246288],[771324.82972408703,6911802.0019555921],[771176.11022629647,6911872.9798398279],[770981.85019021598,6911961.169349594],[770753.55189042748,6912068.0566918915],[770578.01289889007,6912147.5162138594],[770533.5594618161,6912167.0744923567],[770495.24168176937,6912174.0717682466],[770399.31970024935,6912175.931733734],[769987.99655015056,6912180.2412884887],[769734.95275978453,6912183.3306966983],[769575.5219553113,6912184.497929466],[769543.10670006799,6912187.031195079],[769498.95127762004,6912196.1713132849],[769396.35498875123,6912229.0879471293],[769061.38306378166,6912349.0454688007],[768794.14352490136,6912443.1714101033],[768200.21700945997,6912649.3492588215],[768079.96149814758,6912693.3162140287],[768000.33321990352,6912719.2314045401]]},"properties":{"FID":40,"ID_con":2002,"bw_id":"PCK_uab_7870_13685","U_NR":2,"name":"uh. Schleuse I bis Schleuse II","GEW":"PCK","stat_von":7870,"stat_bis":13685,"bauart":"U-Abschnitt","upflicht":"NLWKN","KTR":"MAAVE40500","bemerk":" ","beschreib":"Unterhaltungsabschnitt 2","beschreib_":" ","bemerk_uab":" ","beschreib1":"Für die einzelnen Kanalabschnitte sind die regelmäßig wiederkehrenden Unterhaltungsmaßnahmen nach Ufern getrennt in Arbeitsplänen (Stand 2004) dargestellt. Darin werden folgende Pflegemodi unterschieden (siehe auch Anlage 3):\n- zweimalige Mahd ab de","foto1":"https://nlwkn.hannit-share.de/index.php/core/preview?fileId=11061647&x=1280&y=819&a=true","foto2":"https://nlwkn.hannit-share.de/index.php/core/preview?fileId=11061650&x=1280&y=819&a=true","foto3":"https://nlwkn.hannit-share.de/index.php/core/preview?fileId=8272821&x=1280&y=819&a=true","foto4":"https://nlwkn.hannit-share.de/index.php/core/preview?fileId=8272863&x=1280&y=819&a=true","link1":"https://geoportal.bafg.de/birt_viewer/frameset?__report=RW_WKSB_21P1.rptdesign&param_wasserkoerper=DERW_DENI_32039","link2":" ","Laenge_U_A":5.8099999999999996,"Bez_Anfang":"uh. Schleuse I","Bez_Ende":"Schleuse II","Kat":"S","BSB":"https://nlwkn.hannit-share.de/index.php/apps/files/files/11060780?dir=/db/PCK/Urpl/bsb&openfile=true","MNB":"https://nlwkn.hannit-share.de/index.php/apps/files/files/11060765?dir=/db/PCK/Urpl/mnb&openfile=true","U_Steckbri":"https://nlwkn.hannit-share.de/index.php/apps/files/files/11060759?dir=/db/PCK/Urpl/wsb_nlwkn&openfile=true","WK_NR":32039,"URL_WKDB":" ","IDUabschn":"PCK_2","BfG_WK":"https://geoportal.bafg.de/birt_viewer/frameset?__report=RW_WKSB_21P1.rptdesign&param_wasserkoerper=DERW_DENI_32039"}},{"type":"Feature","id":41,"geometry":{"type":"LineString","coordinates":[[766786.41949779214,6913035.7996931728],[766790.1244169143,6913001.9384908015],[766810.47760631342,6912597.5161249107],[766810.12577289075,6912579.5115121994],[766806.38182491332,6912569.1280469429],[766799.34585229948,6912551.6819168124],[766791.58071594674,6912539.057917268],[766489.88107330236,6912176.7294054041],[766459.55183573032,6912134.7260120548],[766448.19117743929,6912116.9226585506],[766436.92867712968,6912099.2508014478],[766432.18764085486,6912089.2586520044],[766413.70731910842,6912065.8591420716],[766396.0455505416,6912042.2348107155],[766370.60617859615,6912014.3247967092],[766122.90221191198,6911798.6998950578],[766086.27230483654,6911761.3050229661],[766066.30260606075,6911735.6173686013],[766048.12526622519,6911704.6848832481],[766013.52980197209,6911631.8909896361],[766001.22619375552,6911602.7481767414],[765992.098989964,6911576.7145501124],[765971.0210831,6911499.1426094491],[765959.12127144856,6911468.1189009761],[765954.51429453131,6911459.4758003829],[765949.04751314991,6911449.2123581767],[765935.94299464219,6911437.8735341271],[765914.88329983514,6911425.1832241016],[765721.38719734328,6911309.0789937628],[765720.58614640555,6911308.0355036166],[765707.94819044438,6911298.6842010533],[765703.65447210474,6911295.5076720743],[765693.21729061997,6911287.3319759602],[765688.67171674664,6911283.7789393179],[765635.56706488517,6911229.2547424883],[765567.75324549631,6911159.604009226],[765552.02315947844,6911139.0873811096],[765544.5179880053,6911124.550699004],[765394.37898190506,6910796.5199251734],[765381.53627226048,6910774.09047422],[765360.44806647347,6910758.8796514357],[765334.5873627892,6910745.6204112852],[765313.47297810297,6910728.1184750618],[765294.15487727872,6910704.301712811],[765278.1492329929,6910678.5677253474],[765258.17642134312,6910649.4709419301],[765250.24750065524,6910637.9209848018],[765217.74584620679,6910597.3310276847],[765189.0037894327,6910560.5824244088],[765156.35746094235,6910518.8400024874],[765125.33612666233,6910479.6978205936],[765113.16964852752,6910460.193613993],[765103.09236887039,6910439.3950875225],[765094.6163621553,6910415.2335043484],[765059.80366727815,6910278.4209702155],[765058.34050760639,6910251.744861139]]},"properties":{"FID":41,"ID_con":1971,"bw_id":"ELK_uab_0_2092","U_NR":1,"name":"Piccardie-Coevorden-Kanal bis Vechte","GEW":"ELK","stat_von":0,"stat_bis":2092,"bauart":"U-Abschnitt","upflicht":"UHV 114","KTR":"MABVE40100","bemerk":" ","beschreib":"Unterhaltungsabschnitt 1","beschreib_":" ","bemerk_uab":" ","beschreib1":"Unterhaltung erfolgt durch UHV 114","foto1":" ","foto2":" ","foto3":" ","foto4":" ","link1":"https://geoportal.bafg.de/birt_viewer/frameset?__report=RW_WKSB_21P1.rptdesign&param_wasserkoerper=DERW_DENI_32037","link2":" ","Laenge_U_A":2.0899999999999999,"Bez_Anfang":"Piccardie-Coevorden-Kanal","Bez_Ende":"Vechte","Kat":"S","BSB":"https://nlwkn.hannit-share.de/index.php/apps/files/files/11067307?dir=/db/DIN/Urpl/bsb&openfile=true","MNB":"https://nlwkn.hannit-share.de/index.php/apps/files/files/11067304?dir=/db/ELK/Urpl/mnb&openfile=true","U_Steckbri":"fehlt","WK_NR":32037,"URL_WKDB":" ","IDUabschn":"ELK_1","BfG_WK":"https://geoportal.bafg.de/birt_viewer/frameset?__report=RW_WKSB_21P1.rptdesign&param_wasserkoerper=DERW_DENI_32037"}},{"type":"Feature","id":42,"geometry":{"type":"LineString","coordinates":[[784976.97818434623,6872784.0280948142],[785117.62416234287,6872867.6427393816],[785160.91442894645,6872899.0972979143],[785181.54125848296,6872920.9199244911],[785206.27843022416,6872953.1190369185],[785230.12786818889,6872991.161832205],[785263.46447216417,6873057.3276663497],[785273.20999400772,6873077.7729021888],[785294.62607141328,6873122.7022000272],[785313.58281559637,6873153.2732125707],[785316.36300671787,6873157.7546665184],[785389.83421698364,6873317.1919051912],[785419.36242840544,6873381.2693849457],[785422.86427147035,6873388.9174456978],[785524.40413542127,6873610.7101671966],[785627.98863133951,6873840.1183857173],[785834.36748552392,6874301.8599846791],[785940.79622251377,6874535.0275880648],[786044.42538367794,6874763.7227423619],[786148.05870422546,6874992.42306027],[786251.69765676104,6875221.1285815984],[786274.39687753422,6875275.2857443104],[786294.22994694195,6875327.1665858664],[786304.36131355271,6875353.2152823973],[786321.42563651432,6875397.0941679832],[786354.48287296726,6875482.0927238371],[786396.54802058451,6875605.7259993078],[786422.39507251291,6875679.0414184695],[786481.28888435045,6875830.2703542365],[786508.77697900054,6875897.0304084765],[786532.26941476518,6875949.0110073807],[786556.03594581841,6875990.7298480989],[786577.11192154745,6876023.5734498864],[786612.28343290766,6876069.8226782279],[786618.11558197462,6876077.4925665315],[786640.48880356143,6876101.9315942721]]},"properties":{"FID":42,"ID_con":1999,"bw_id":"NAK_uab_0_2290","U_NR":1,"name":"Vechte bis Brücke Kanalweg","GEW":"NAK","stat_von":0,"stat_bis":2290,"bauart":"U-Abschnitt","upflicht":"NLWKN","KTR":"MAAVE30400","bemerk":" ","beschreib":"Unterhaltungsabschnitt 1","beschreib_":" ","bemerk_uab":" ","beschreib1":"Für die einzelnen Kanalabschnitte sind die regelmäßig wiederkehrenden Unterhaltungsmaßnahmen nach Ufern getrennt in Arbeitsplänen (Stand 2004) dargestellt. Darin werden folgende Pflegemodi unterschieden (siehe auch Anlage 3):\n- zweimalige Mahd ab de","foto1":" ","foto2":" ","foto3":" ","foto4":" ","link1":"https://geoportal.bafg.de/birt_viewer/frameset?__report=RW_WKSB_21P1.rptdesign&param_wasserkoerper=DERW_DENI_32041","link2":" ","Laenge_U_A":2.29,"Bez_Anfang":"Vechte","Bez_Ende":"Brücke Kanalweg","Kat":"S","BSB":"https://nlwkn.hannit-share.de/index.php/apps/files/files/11061731?dir=/db/NAK/Urpl/bsb&openfile=true","MNB":"https://nlwkn.hannit-share.de/index.php/apps/files/files/11061725?dir=/db/NAK/Urpl/mnb&openfile=true","U_Steckbri":"https://nlwkn.hannit-share.de/index.php/apps/files/files/11061722?dir=/db/NAK/Urpl/wsb_nlwkn&openfile=true","WK_NR":32041,"URL_WKDB":" ","IDUabschn":"NAK_1","BfG_WK":"https://geoportal.bafg.de/birt_viewer/frameset?__report=RW_WKSB_21P1.rptdesign&param_wasserkoerper=DERW_DENI_32041"}},{"type":"Feature","id":43,"geometry":{"type":"LineString","coordinates":[[789275.64075067313,6911384.2038514623],[789275.81886910123,6911384.4847507216],[789304.8892169263,6911426.7468690583],[789325.71701163775,6911455.3781932276],[789346.54375028447,6911483.9928864734],[789571.99469809781,6911790.1972032208],[789898.48710256559,6912252.0052394504],[790026.62819575553,6912434.0347140515],[790049.7216221561,6912479.5230344767],[790109.51025474863,6912666.0283211358],[790127.33278711967,6912736.6431167647],[790127.82868121122,6912772.524139164],[790136.38185687223,6913380.4273150992],[790136.92271151417,6913419.2278810851],[790137.27122934326,6913444.2867062679],[790138.43708130566,6913526.3211312704],[790138.45834767423,6913548.2549349079],[790138.47565253917,6913567.7839365453],[790138.53157795349,6913619.0838058908],[790143.02929649118,6914036.954834057],[790145.23919223284,6914353.1428601267],[790146.03924726055,6914465.1547306646],[790147.43404542119,6914567.3728789221],[790150.6009201915,6914799.7169723427],[790151.17022310745,6914826.2611538908],[790151.5558437435,6914844.105293965],[790150.52320336783,6915030.2083109645],[790153.05213552271,6915295.9422014263],[790154.37654750468,6915516.0248319963],[790153.84402074921,6915605.326807051],[790156.86718077317,6915912.1660653865],[790159.55457430123,6916088.8414967721],[790159.82890107331,6916106.855193546],[790160.13867863792,6916127.2094139596],[790163.5410093508,6916352.9718655506],[790164.57813065813,6916509.8153130356],[790168.03684914776,6916677.7049173238],[790167.1403519786,6916775.4651411828],[790170.0637309259,6916981.7652998231],[790172.28094005596,6917114.4666761812],[790175.54565709399,6917240.4275838211],[790176.27990929584,6917371.9199752854],[790179.75206423679,6917505.0039110286],[790181.47661723243,6917536.171608733],[790177.81051859993,6917563.8494242644],[790175.71182511491,6917581.0995700369],[790178.3258617887,6917606.7144170608],[790184.12657516322,6917624.8694673013],[790184.34133092861,6917640.1510982355],[790184.94359611894,6917731.6007973971],[790184.29780729732,6917770.1435803054],[790184.18679179705,6917776.92299709],[790184.84697310673,6917785.7180733858],[790185.02828233782,6917812.7712101378],[790183.53213592537,6917833.3722855663],[790182.2237958929,6917859.8404595573],[790181.09094868449,6917878.3238558946],[790179.29786732269,6917895.5829261187],[790174.28413454245,6917923.8381814193],[790151.438081834,6918056.8880844424],[790117.71561211022,6918246.8971406128],[790113.45107232581,6918272.6024530632],[790109.77481723414,6918293.7158218548],[790102.46837311308,6918335.6784933759],[790010.68826053245,6918854.4200035855],[789995.17356375582,6918938.5944598289],[789978.65700950054,6919022.0093553783],[789959.65394836175,6919118.1114477199],[789936.96971520607,6919233.0228261789],[789929.47116804915,6919277.5316884806],[789920.3575079306,6919331.6959912488],[789857.77169676323,6919696.5444521457],[789805.29949708271,6919999.5373261115],[789797.3182371509,6920045.0138789117],[789780.81626244029,6920139.2592992019],[789747.64428063226,6920340.8192307139],[789744.28680863895,6920359.1949760057],[789741.15917285718,6920376.3958238801],[789703.56661950133,6920592.5106258374],[789698.20335815742,6920669.6361347251],[789695.3547268922,6920711.8709898172],[789695.594871265,6920732.0237684026],[789695.88886016933,6920756.8101289766],[789698.98749373842,6920788.680116741],[789723.17178661411,6921149.7798881698],[789731.92629386554,6921262.7701355964],[789743.6861374242,6921414.3181112958],[789772.78346349869,6921802.8852563435],[789811.70746383013,6922324.9694135571],[789814.12984914077,6922354.3807808589],[789816.47167591413,6922389.4676505206],[789840.66652892716,6922752.8827421414],[789851.0268657261,6922908.4872089056],[789911.16226637457,6923750.2400270915],[789911.3032585422,6923757.3824498765],[789911.49423402676,6923765.5644364255],[789930.44058918441,6924040.8382534608],[789943.07324248902,6924224.4192893878],[789963.51469366252,6924521.0743730981],[789983.04611513589,6924790.2266319087],[790014.50128594378,6925202.5040796241],[790027.72092595918,6925375.7055196725],[790029.93879986345,6925411.1386718433],[790032.73506587278,6925443.4265470775],[790086.1260929628,6926287.5925884861],[790088.02927823435,6926321.8611176349],[790089.55072206771,6926349.369584267],[790094.26743992744,6926403.9824422291],[790099.46112880635,6926460.6831449643],[790101.9945781877,6926496.2813226879],[790104.30028713937,6926528.7140972745],[790127.24184730556,6926867.6704622805],[790163.30196859746,6927405.1451843362],[790184.94171685656,6927742.7068348108],[790205.28349766706,6928053.2593888287],[790207.82686218177,6928085.1498485636],[790209.86247489369,6928110.6090780068],[790223.48448860506,6928303.249318379],[790237.00253057433,6928505.1742131952],[790248.94773754664,6928655.6980756074],[790258.09879934834,6928780.7249013381],[790259.55476396391,6928800.5650747949],[790271.28030524496,6928993.9442544673],[790281.83478850743,6929126.7003607843],[790300.24890034518,6929414.0365667632],[790303.37792902428,6929451.8679244034],[790305.81580265122,6929481.0396737931],[790387.09062123275,6930712.2445556363],[790387.11907264614,6930712.6755367862]]},"properties":{"FID":43,"ID_con":2013,"bw_id":"SNK_uab_19570_31485","U_NR":7,"name":"Düker Twister Aa bis Schöninghsdorf-Hoogeveen-Kanal","GEW":"SNK","stat_von":19570,"stat_bis":31485,"bauart":"U-Abschnitt","upflicht":"NLWKN","KTR":"MAAEN10100","bemerk":" ","beschreib":"Unterhaltungsabschnitt 7 von  Düker Twister Aa bis Schöninghsdorf-Hoogeveen-Kanal. WSP Sommer 15.50 m NN, Winter: 15,40 m NN (Sohle ca. bei 13,70 m NN, Profile siehe Links)","beschreib_":" ","bemerk_uab":" ","beschreib1":"Für die einzelnen Kanalabschnitte sind die regelmäßig wiederkehrenden Unterhaltungsmaßnahmen nach Ufern getrennt in Arbeitsplänen (Stand 2004) dargestellt. Darin werden folgende Pflegemodi unterschieden (siehe auch Anlage 3):\n- zweimalige Mahd ab de","foto1":"https://nlwkn.hannit-share.de/index.php/core/preview?fileId=11060597&x=1280&y=819&a=true","foto2":"https://nlwkn.hannit-share.de/index.php/core/preview?fileId=11060600&x=1280&y=819&a=true","foto3":"https://nlwkn.hannit-share.de/index.php/core/preview?fileId=8273644&x=1280&y=819&a=true","foto4":"https://nlwkn.hannit-share.de/index.php/core/preview?fileId=8273630&x=1280&y=819&a=true","link1":"https://geoportal.bafg.de/birt_viewer/frameset?__report=RW_WKSB_21P1.rptdesign&param_wasserkoerper=DERW_DENI_03043","link2":" ","Laenge_U_A":11.91,"Bez_Anfang":"Düker Twister Aa","Bez_Ende":"Schöninghsdorf-Hoogeveen-Kanal","Kat":"S","BSB":"https://nlwkn.hannit-share.de/index.php/apps/files/files/11058260?dir=/db/SNK/Urpl/bsb&openfile=true","MNB":"https://nlwkn.hannit-share.de/index.php/apps/files/files/11058227?dir=/db/SNK/Urpl/mnb&openfile=true","U_Steckbri":"https://nlwkn.hannit-share.de/index.php/apps/files/files/11058200?dir=/db/SNK/Urpl/wsb_nlwkn&openfile=true","WK_NR":3043,"URL_WKDB":" ","IDUabschn":"SNK_7","BfG_WK":"https://geoportal.bafg.de/birt_viewer/frameset?__report=RW_WKSB_21P1.rptdesign&param_wasserkoerper=DERW_DENI_03043"}},{"type":"Feature","id":44,"geometry":{"type":"LineString","coordinates":[[837713.45329604275,6922451.8228281029],[837717.56902391196,6922491.9303349173],[837718.20889314194,6922511.0686570266],[837718.50264500442,6922519.815668893],[837715.63439060841,6922549.8816595236],[837701.71616321022,6922606.0830010846],[837692.44195133832,6922655.6005660417],[837690.09503981832,6922696.9748133738],[837689.58797236439,6922721.8185191182],[837696.46799595584,6922752.8393129986],[837711.60853087518,6922784.0295834085],[837737.23253739392,6922816.9413828822],[837779.25473712478,6922856.2131312462],[837836.17654132808,6922901.8175599389],[837907.44275190914,6922943.9488659035],[838030.77601227071,6923012.0007286016],[838117.0343273438,6923055.9456393914],[838297.55594047066,6923156.7975084037],[838374.92708134349,6923194.531280282],[838420.23566664057,6923220.3122238927],[838462.50801734952,6923247.5375277493],[838498.02353372704,6923274.6248594085],[838548.31434017699,6923314.0652699936],[838585.88243980182,6923350.9853914725],[838624.09585749847,6923393.1923171664],[838655.53566260566,6923436.0136200534],[838666.14130568225,6923451.2337950803],[838681.08936931461,6923472.6890072161],[838702.85797945946,6923510.7937121578],[838775.7401529745,6923630.7264973065],[838782.11324393086,6923641.2124010976],[838844.73552736524,6923739.6575313788],[839017.28415720758,6924012.8373808404],[839252.34137476108,6924391.2509513171],[839290.21326652844,6924450.7774347644],[839310.42265096121,6924491.8685986446],[839325.17858403188,6924542.640092779],[839333.87795195484,6924595.5497617219],[839334.48249209824,6924640.009308096],[839328.479384101,6924676.7995097414],[839314.2426674756,6924711.9176789168],[839283.94219678198,6924761.0228881892],[839254.40692700597,6924809.3911584951],[839230.86748459644,6924858.6340653058],[839219.00629975484,6924887.7740213545],[839214.85352455941,6924907.276078444],[839212.65047268034,6924941.8852888215],[839216.03085226263,6924997.7033044351],[839228.06997612899,6925034.1107600294],[839250.62618786655,6925070.7305620732],[839279.29917887796,6925102.2017095527],[839304.47582520125,6925120.7932907706],[839324.65186740865,6925126.4776505632],[839354.6690976097,6925128.5940816244],[839387.75387370284,6925127.759059255],[839420.19137475977,6925121.6359803928],[839461.81258850743,6925107.4143200722],[839534.56776784849,6925077.2475279924],[839599.77801166428,6925048.4356614314],[839815.41158803122,6924939.0467837006],[839992.31924794696,6924849.2107598502],[840032.92485897325,6924829.2952558594],[840097.05849949177,6924797.8396785324],[840149.35852931126,6924775.5429531438],[840191.711916695,6924762.0854477808],[840260.34138534358,6924749.9109118572],[840337.20438785502,6924739.4102619151],[840378.59514011617,6924736.4779424993],[840501.33912126662,6924723.8863570141],[840760.04412074992,6924714.0325109195],[841032.40742015222,6924697.6638357406],[841148.29804781463,6924689.4447265081],[841312.0755166132,6924678.5689893467],[841374.79237075173,6924674.40240042],[841465.05314975488,6924670.1850161888],[841498.85621550982,6924670.8623895356],[841534.82216818933,6924676.1031250982],[841576.73926526576,6924684.4762984244],[841606.2005810577,6924702.7047016937],[841607.72320698958,6924702.8738924619],[841653.88532746187,6924746.9156485461],[841660.35705555032,6924753.0903107394],[841687.81477932702,6924787.8839352774],[841729.8922664423,6924842.4770797631],[841770.4474483208,6924899.1523473924],[841819.03773808072,6924971.5016795583],[841874.26785574493,6925046.1131910793],[841929.14601449505,6925117.7804259937],[841979.63423800073,6925179.276153245],[842027.28979244642,6925218.4842973724],[842095.7809637523,6925250.6155585526],[842184.20983803237,6925280.2559087723],[842382.64694727864,6925327.4043611912],[842513.56046172755,6925355.049225078],[842632.38679878914,6925366.6632791059],[842679.59927897889,6925371.7451009937],[842717.88549652661,6925370.4881258756],[842760.45646463102,6925366.9867349863]]},"properties":{"FID":44,"ID_con":1990,"bw_id":"HAS_uab_38980_43380","U_NR":12,"name":"uh. Einmündung Lager Bach bis oh. Einmündung Südradde","GEW":"HAS","stat_von":38980,"stat_bis":43380,"bauart":"U-Abschnitt","upflicht":"NLWKN","KTR":"MAAHA00100","bemerk":" ","beschreib":"Entwicklungsstrecke mit Projektgebieten Andrup, Wehlage, Bookof","beschreib_":"Die Ufersicherungen sind nach Bedarf instand zu halten.\nUfersicherungen der Brücke Wehlage D 010 bei km 38,2.\nIm Bereich der landkreiseigenen Anliegerflächen sollen Ufererosionen in Abstimmung mit den Eigentümern innerhalb eines 5 m breiten Randstreif","bemerk_uab":"Entwicklungsstrecke. Mit landeseigener Brücke Wehlag und Projektgebieten","beschreib1":"Die Gewässerunterhaltung erfolgt allgemein naturschonend und mit artspezifischen Vermeidungs-/Minimierungsmaßnahmen (Erhalt von Längsbänken und Anlandungen; teilweise Tolerierung von Ufererosionen; räumlich und zeitlich gestaffelte Mahd der Ufersaum","foto1":" ","foto2":" ","foto3":" ","foto4":" ","link1":"https://geoportal.bafg.de/birt_viewer/frameset?__report=RW_WKSB_21P1.rptdesign&param_wasserkoerper=DERW_DENI_02096","link2":" ","Laenge_U_A":4.4000000000000004,"Bez_Anfang":"uh. Einmündung Lager Bach","Bez_Ende":"oh. Einmündung Südradde","Kat":"E","BSB":"https://nlwkn.hannit-share.de/index.php/apps/files/files/11063497?dir=/db/HAS/Urpl/bsb&openfile=true","MNB":"https://nlwkn.hannit-share.de/index.php/apps/files/files/11063446?dir=/db/HAS/Urpl/mnb&openfile=true","U_Steckbri":"https://nlwkn.hannit-share.de/index.php/apps/files/files/11063434?dir=/db/HAS/Urpl/wsb_nlwkn&openfile=true","WK_NR":2096,"URL_WKDB":"https://www.umweltkarten-niedersachsen.de/Download_OE/WRRL/WKDB_HE/02089_Hase_Grosse_Hase.pdf","IDUabschn":"HAS_12","BfG_WK":"https://geoportal.bafg.de/birt_viewer/frameset?__report=RW_WKSB_21P1.rptdesign&param_wasserkoerper=DERW_DENI_02096"}},{"type":"Feature","id":45,"geometry":{"type":"LineString","coordinates":[[816230.38045815122,6985663.4457784025],[816218.9759096608,6985667.9234644026],[816168.31887343584,6985678.7775283512],[816135.42188265815,6985684.0118600847],[816098.89784039522,6985684.9929146739],[816072.32397007139,6985682.2447283277],[816034.89240891906,6985670.1537670186],[816001.70499670214,6985658.6827369565],[815946.43113939231,6985641.4542641612],[815898.51517746726,6985624.8194939923],[815883.94209899614,6985619.7684867466],[815832.50722298049,6985614.6067573121],[815803.86961367319,6985620.443240013],[815772.85715152055,6985640.5896331053],[815749.78862577968,6985663.2514373213],[815730.70454458345,6985696.8948367769],[815711.89282062789,6985738.9970939839],[815698.49179125763,6985782.1972275861],[815691.7362417836,6985798.1363514755],[815671.15833684069,6985902.6973566012],[815708.58949636493,6986006.2975117983],[815792.80818665738,6986161.4441984827],[815855.29736419301,6986262.7517019445],[815882.83108888287,6986301.9681890635],[815891.94531948504,6986314.9692875193],[815923.62691754522,6986375.3218171988],[815935.88053866732,6986398.6639754986],[815941.19347993587,6986408.774565706],[815937.30029620312,6986478.0441624783],[815915.79226884246,6986516.6522812815],[815877.18458605371,6986550.3980651451]]},"properties":{"FID":45,"ID_con":1978,"bw_id":"GFD_UAB_4550_5400","U_NR":3,"name":"uh. Wehr Hebrum / Lehe bis Ende Flächen des NLWKN","GEW":"GFD","stat_von":4515,"stat_bis":5420,"bauart":"U-Abschnitt","upflicht":"NLWKN","KTR":"MABEN00100","bemerk":"Goldfischdever U3","beschreib":"Die Wechselwasserzone wird bei der Mahd komplett ausgelassen und darf sich ungestört entwickeln (Sumpf-Schwertlilie, Fische der Niederungsgewässer).","beschreib_":"Es ist von Stat. 4+900 bis 5+420 beidseitig eine Naturentwicklung mit gestrecktem Mahdturnus alle zwei Jahre (vgl. 3-B-3) zu empfehlen. Im Rahmen der geplanten Revitalisierungsmaßnahme „Blaues Band“ sollten die Ufer naturnah entwickelt werden bzw. s","bemerk_uab":"Entwicklungsstrecke","beschreib1":"Die Gewässerunterhaltung erfolgt zur Sicherung des ordnungsgemäßen Abflusses im planfestgestellten Umfang, aber mit artspezifischen Vermeidungs-/Minimierungsmaßnahmen (Beseitigung von Längsbänken und Anlandungen nur im konkreten Bedarfsfall; differ","foto1":"https://nlwkn.hannit-share.de/index.php/core/preview?fileId=11353013&x=1280&y=819&a=true","foto2":"https://nlwkn.hannit-share.de/index.php/core/preview?fileId=11353010&x=1280&y=819&a=true","foto3":"https://nlwkn.hannit-share.de/index.php/core/preview?fileId=11358057&x=1280&y=819&a=true","foto4":"https://nlwkn.hannit-share.de/index.php/core/preview?fileId=11358056&x=1280&y=819&a=true","link1":"https://geoportal.bafg.de/birt_viewer/frameset?__report=RW_WKSB_21P1.rptdesign&param_wasserkoerper=DERW_DENI_03029","link2":" ","Laenge_U_A":0.90000000000000002,"Bez_Anfang":"uh. Wehr Hebrum / Lehe","Bez_Ende":"Ende Flächen des NLWKN","Kat":"E","BSB":"https://nlwkn.hannit-share.de/index.php/apps/files/files/11066080?dir=/db/GFD/Urpl/bsb&openfile=true","MNB":"https://nlwkn.hannit-share.de/index.php/apps/files/files/11066071?dir=/db/GFD/Urpl/mnb&openfile=true","U_Steckbri":"https://nlwkn.hannit-share.de/index.php/apps/files/files/11066062?dir=/db/GFD/Urpl/wsb_nlwkn&openfile=true","WK_NR":3029,"URL_WKDB":" ","IDUabschn":"GFD_3","BfG_WK":"https://geoportal.bafg.de/birt_viewer/frameset?__report=RW_WKSB_21P1.rptdesign&param_wasserkoerper=DERW_DENI_03029"}},{"type":"Feature","id":46,"geometry":{"type":"LineString","coordinates":[[821790.99904103822,6923015.5348800458],[821845.97837129736,6923031.8976864526],[821977.28797651525,6923073.2638086816],[822130.29270256357,6923118.8807081589],[822206.33743107365,6923145.4438883374],[822252.44357470935,6923166.8152648648],[822285.85109148535,6923184.8886619937],[822319.15621648973,6923207.4789147237],[822336.76015483891,6923226.7039968139],[822350.44033804967,6923253.3734823987],[822361.73399229068,6923286.0155321164],[822363.98199854919,6923319.9612973984],[822363.1082399952,6923359.1092106905],[822360.23434966104,6923386.9143563583],[822346.40756234364,6923434.0587233659],[822326.55715406314,6923481.8205386093],[822312.31606742111,6923513.8890208555],[822223.00239127409,6923677.6004590858],[822184.05569919373,6923739.2465024749],[822142.30612896057,6923791.7918315157],[822109.18700591149,6923827.9570571268],[822079.25707778428,6923855.9101733556],[822022.03754265094,6923894.5486090276],[821912.23665334482,6923965.9012874756],[821792.56949602102,6924041.5508594578],[821745.16121101764,6924078.1499129785],[821686.04674539424,6924134.0685062241],[821629.93763862294,6924190.0564375278],[821583.75984302,6924238.7346864697],[821550.41691435804,6924284.68878101],[821529.87695972901,6924329.4249079628],[821521.47111783247,6924369.16196346],[821518.50780575559,6924400.7342443075],[821518.83762150037,6924419.5763878273],[821522.95603153727,6924436.9953773795],[821538.2219971359,6924459.9385545002],[821572.64589197934,6924499.8870985182],[821613.21245407476,6924533.9489526553],[821659.03822615859,6924568.1274325559],[821662.81061211892,6924570.2639280697],[821700.59521902038,6924591.6641939208],[821772.97858516418,6924614.3862084951],[821896.16973142407,6924650.3059569383],[821945.45676764427,6924664.2208048403],[821996.89701203594,6924682.7040461702],[822031.14454512589,6924697.0346564762],[822051.80617302982,6924714.0716037508],[822072.39882437233,6924734.1222053645],[822093.60897418368,6924760.2120301565],[822116.87130503228,6924795.3904394964],[822145.63687805808,6924853.2924735881],[822156.21510245104,6924884.4168076618],[822157.8184540394,6924890.9849823937],[822168.60703424457,6924935.1719243694],[822174.974520038,6924986.5446929168],[822179.18885113439,6925033.3489593631],[822175.52267956582,6925096.5517231897],[822173.53246553929,6925118.355218228],[822170.14561681147,6925202.6591448709],[822173.47497759643,6925255.4723127382],[822181.56378949038,6925297.090205214],[822190.65551514761,6925327.4317019694],[822204.33869180805,6925354.1085798284],[822234.29615467519,6925392.4514607433],[822289.49224968906,6925444.9230380198],[822353.20226905379,6925486.2845192766],[822435.77806324011,6925524.3007348645],[822578.58011105668,6925591.5431612553],[822655.03091627546,6925634.6953025842],[822701.01833092154,6925662.0957069593],[822732.85086411785,6925683.90380185],[822765.21574859263,6925715.5198227782],[822796.09704032342,6925746.3499925584],[822830.49748561671,6925787.8057486061],[822850.86180811829,6925818.3990267087],[822857.38741575985,6925829.0937765874],[822889.3362267724,6925879.536804962],[822914.97567869001,6925909.495524589],[822935.70751618291,6925923.5220721997],[822965.42117150244,6925939.2546441834],[822996.78969521658,6925948.2451153081],[823036.58895703463,6925949.8873821022],[823040.34243104397,6925949.5438113976],[823069.72651221603,6925946.861206213],[823134.58437590988,6925937.0069763754],[823242.60613343818,6925913.5494131502],[823250.92439778615,6925911.0382398842]]},"properties":{"FID":46,"ID_con":1983,"bw_id":"HAS_uab_15140_18000","U_NR":5,"name":"Oh. Einmündung Mühlenmoorgraben bis Uh. Einmündung Mittelradde","GEW":"HAS","stat_von":15140,"stat_bis":18000,"bauart":"U-Abschnitt","upflicht":"NLWKN","KTR":"MAAHA00100","bemerk":" ","beschreib":"Unterhaltungsabschnitt 5","beschreib_":" ","bemerk_uab":" ","beschreib1":" ","foto1":" ","foto2":" ","foto3":" ","foto4":" ","link1":"https://geoportal.bafg.de/birt_viewer/frameset?__report=RW_WKSB_21P1.rptdesign&param_wasserkoerper=DERW_DENI_02096","link2":" ","Laenge_U_A":2.8599999999999999,"Bez_Anfang":"Oh. Einmündung Mühlenmoorgraben","Bez_Ende":"Uh. Einmündung Mittelradde","Kat":"E","BSB":"https://nlwkn.hannit-share.de/index.php/apps/files/files/11063521?dir=/db/HAS/Urpl/bsb&openfile=true","MNB":"https://nlwkn.hannit-share.de/index.php/apps/files/files/11063470?dir=/db/HAS/Urpl/mnb&openfile=true","U_Steckbri":"https://nlwkn.hannit-share.de/index.php/apps/files/files/11063434?dir=/db/HAS/Urpl/wsb_nlwkn&openfile=true","WK_NR":2096,"URL_WKDB":"https://www.umweltkarten-niedersachsen.de/Download_OE/WRRL/WKDB_HE/02089_Hase_Grosse_Hase.pdf","IDUabschn":"HAS_5","BfG_WK":"https://geoportal.bafg.de/birt_viewer/frameset?__report=RW_WKSB_21P1.rptdesign&param_wasserkoerper=DERW_DENI_02096"}},{"type":"Feature","id":47,"geometry":{"type":"LineString","coordinates":[[791326.25214826188,6943879.3839163193],[791337.72574414604,6944055.9261213606],[791341.11732412002,6944097.1464856938],[791343.40992956981,6944125.0169968363],[791426.66599062365,6945266.5469198879],[791434.40269286733,6945396.9483844209],[791440.53825519804,6945479.1806063233],[791445.50576159055,6945545.6486157402],[791451.64742314746,6945644.344951815],[791455.15214826062,6945700.445471772],[791470.71520602168,6945881.3127875207],[791477.3567567654,6945985.6493460312],[791477.90025417018,6946072.3090279819],[791467.90570835234,6946138.1694576871],[791455.58296391752,6946179.428307876],[791433.40274845005,6946228.8969440153],[791413.71018147608,6946265.3236370189],[791389.84317277954,6946302.8070272449],[791372.04243070609,6946329.1429399811],[791354.43390112324,6946349.7847557552],[791314.19378938794,6946394.8860069085],[791293.31979607174,6946418.9865237763],[791262.01860909408,6946455.1292326655],[791238.18926229374,6946482.2529595774],[791211.50384209189,6946512.6491662264],[791174.62792881799,6946556.6893003304],[791138.7894007588,6946597.3527520308],[791116.16987421399,6946628.0997597706],[791100.66821183311,6946655.9067088664],[791090.62296295271,6946684.3244764367],[791087.51744688593,6946709.9878978897],[791088.38782668195,6946732.2977008242],[791092.19337054901,6946755.4212884642],[791101.66677360074,6946778.9725359986],[791113.02323810174,6946800.4072088171],[791128.82508994068,6946829.7175385207],[791143.94790546375,6946857.7969616735],[791202.6346843628,6946957.8326715026],[791276.47777263599,6947090.2364876177],[791410.07855644252,6947326.2700627344],[791506.23480069602,6947497.370139041],[791645.52911282529,6947742.0275683915],[791735.78296077892,6947902.4018157478],[791749.00614277704,6947925.8142130766],[791765.45288102725,6947954.9507314898],[791815.75458530278,6948043.4417705005],[791901.40881179506,6948197.3050483214],[792032.50791511498,6948428.3187056258],[792113.3876692605,6948569.7643703967],[792313.81751390744,6948924.439976153],[792335.17361428053,6948963.2193278186],[792452.26570132433,6949169.9514659913],[792575.21919385798,6949387.0250867307],[792590.81554583122,6949414.1097682957],[792605.80061459611,6949440.1289963294],[792628.62343876623,6949480.5923435511],[792703.20005474112,6949612.5149647985],[792786.77865257137,6949760.2565943152],[792881.68956810434,6949928.2327091377],[792965.05738362996,6950079.1265151277],[793058.90460118477,6950256.7929140329],[793104.51679759298,6950381.5314462734],[793122.69888897939,6950445.9933528472],[793138.34684736724,6950517.414364662],[793146.88512213773,6950580.8206108073],[793149.93900855759,6950654.7433756534],[793148.16892489302,6950721.0932119321],[793145.33626724605,6950792.4759580577],[793139.80756861367,6950841.336597424],[793128.7896951416,6950907.8668614868],[793120.76756625785,6950948.3080751318],[793111.03717876482,6950997.7819656311],[793102.59205366776,6951032.3178912727],[793088.8488105688,6951087.2689382592],[793067.54157881043,6951159.0626635216],[793051.07768775849,6951225.8122789152],[793033.12489315134,6951298.8622553088],[793014.12484535587,6951366.2489667144],[792990.88818799611,6951457.4129573749],[792972.31432977319,6951526.6814801283],[792946.9853195505,6951622.4836614942],[792929.02538811706,6951696.182572809],[792921.98296074837,6951722.6664970834]]},"properties":{"FID":47,"ID_con":2016,"bw_id":"SNK_uab_39475_44630","U_NR":10,"name":"uh. Wehr Fehndorf bis Wehr Altenberge","GEW":"SNK","stat_von":39475,"stat_bis":44630,"bauart":"U-Abschnitt","upflicht":"NLWKN","KTR":"MAAEN10100","bemerk":" ","beschreib":"Unterhaltungsabschnitt 10","beschreib_":" ","bemerk_uab":" ","beschreib1":"Für die einzelnen Kanalabschnitte sind die regelmäßig wiederkehrenden Unterhaltungsmaßnahmen nach Ufern getrennt in Arbeitsplänen (Stand 2004) dargestellt. Darin werden folgende Pflegemodi unterschieden (siehe auch Anlage 3):\n- zweimalige Mahd ab de","foto1":" ","foto2":" ","foto3":" ","foto4":" ","link1":"https://geoportal.bafg.de/birt_viewer/frameset?__report=RW_WKSB_21P1.rptdesign&param_wasserkoerper=DERW_DENI_03043","link2":" ","Laenge_U_A":5.1500000000000004,"Bez_Anfang":"uh. Wehr Fehndorf","Bez_Ende":"Wehr Altenberge","Kat":"S","BSB":"https://nlwkn.hannit-share.de/index.php/apps/files/files/11058239?dir=/db/SNK/Urpl/bsb&openfile=true","MNB":"https://nlwkn.hannit-share.de/index.php/apps/files/files/11058206?dir=/db/SNK/Urpl/mnb&openfile=true","U_Steckbri":"https://nlwkn.hannit-share.de/index.php/apps/files/files/11058200?dir=/db/SNK/Urpl/wsb_nlwkn&openfile=true","WK_NR":3043,"URL_WKDB":" ","IDUabschn":"SNK_10","BfG_WK":"https://geoportal.bafg.de/birt_viewer/frameset?__report=RW_WKSB_21P1.rptdesign&param_wasserkoerper=DERW_DENI_03043"}},{"type":"Feature","id":48,"geometry":{"type":"LineString","coordinates":[[772429.73707014602,6904898.6381063107],[772469.99124930089,6904870.3253608216],[772552.53369172523,6904810.5913462061],[772579.44667590235,6904787.1531424867],[772617.36073840014,6904746.1386629315],[772651.22824551875,6904699.7466511326],[772680.95791469363,6904651.1306385975],[772719.73867718491,6904579.6195003549],[772745.09200303699,6904537.1941186041],[772771.04481532495,6904510.5726621039],[772797.74843510846,6904494.4958820958],[773054.32065919554,6904364.6587436525],[773117.87969438639,6904332.492610814],[773329.25210788124,6904225.5176121695],[773412.32438526175,6904183.6863196846],[773461.64887118968,6904147.2056544181],[773489.9949531958,6904110.1269457918],[773507.1005820696,6904062.2036693785],[773508.44256745942,6904014.8848200375],[773496.95951618988,6903975.61948827],[773457.0308568459,6903902.9191061482],[773437.36597618018,6903856.0541869728],[773417.99799620663,6903798.674019061],[773408.13081973023,6903739.4614334796],[773409.50318067009,6903691.0918838428],[773427.52873127453,6903573.7450456619],[773462.20648418157,6903387.4206670001],[773479.66401444667,6903290.0535538197],[773493.38262727892,6903250.4582861112],[773509.91986436187,6903222.5168446358],[773532.78046145348,6903193.7054820219],[773579.19147717685,6903148.7277915319],[773640.4331116284,6903098.9102362171],[773678.21452911035,6903062.1044325037],[773700.17304378853,6903028.0051859869],[773711.58477813832,6902995.7110059075],[773711.60896449711,6902957.8304608269],[773709.29640411073,6902928.3010633392],[773693.52924662421,6902892.0763558997],[773677.61173205276,6902861.1080228854],[773646.92351545312,6902832.8761458537],[773606.67664069333,6902808.5806140387],[773569.66584581661,6902781.2202827763],[773546.40923069988,6902750.0430623451],[773522.54999493074,6902703.0655975565],[773510.07992868696,6902661.6733109318],[773507.58444376267,6902601.6273417939],[773510.4549362082,6902532.6561715547]]},"properties":{"FID":48,"ID_con":2023,"bw_id":"VEC_uab_91980_93880","U_NR":4,"name":"Hoogstede bis uh. Einmündung Lee","GEW":"VEC","stat_von":91980,"stat_bis":93880,"bauart":"U-Abschnitt","upflicht":"NLWKN","KTR":"MABVE00100","bemerk":" ","beschreib":"Unterhaltungsabschnitt 4","beschreib_":" ","bemerk_uab":" ","beschreib1":"überwiegend steile Böschungen, z.T. mit Abbruchkanten\n-Hindernisse beseitigen/sichern insbesondere im Bereich von Bauwerken und Anlagen","foto1":" ","foto2":" ","foto3":" ","foto4":" ","link1":"https://geoportal.bafg.de/birt_viewer/frameset?__report=RW_WKSB_21P1.rptdesign&param_wasserkoerper=DERW_DENI_32003","link2":" ","Laenge_U_A":1.8999999999999999,"Bez_Anfang":"Hoogstede","Bez_Ende":"uh. Einmündung Lee","Kat":"E","BSB":"https://nlwkn.hannit-share.de/index.php/apps/files/files/11053763?dir=/db/VEC/Urpl/bsb&openfile=true","MNB":"https://nlwkn.hannit-share.de/index.php/apps/files/files/11053706?dir=/db/VEC/Urpl/mnb&openfile=true","U_Steckbri":"https://nlwkn.hannit-share.de/index.php/apps/files/files/11053664?dir=/db/VEC/Urpl/wsb_nlwkn&openfile=true","WK_NR":32003,"URL_WKDB":"https://www.umweltkarten-niedersachsen.de/Download_OE/WRRL/WKDB_HE/32003_Vechte_Neuenhaus_Laar.pdf","IDUabschn":"VEC_4","BfG_WK":"https://geoportal.bafg.de/birt_viewer/frameset?__report=RW_WKSB_21P1.rptdesign&param_wasserkoerper=DERW_DENI_32003"}},{"type":"Feature","id":49,"geometry":{"type":"LineString","coordinates":[[786626.8325941941,6883362.8863736726],[786617.58133188717,6883373.6961218389],[786586.0915602434,6883405.1544323238],[786492.88325874892,6883513.9606603878],[786457.23776445712,6883555.5686420565],[786437.64323714189,6883578.441676029],[786354.24714826129,6883669.9617847465],[786253.85337478807,6883779.9356325604],[786223.84618892183,6883814.5850961506],[786154.87744667276,6883895.4619640838],[786120.15851238265,6883929.9849785743],[786090.34138623101,6883957.5475327382],[786064.68097953463,6883976.5562740648],[786029.63931157906,6883993.7362708896],[785997.88600981876,6884005.4886927921],[785972.60632407363,6884010.3245271463],[785947.38974317757,6884012.797361441],[785923.06265278754,6884011.3545083264],[785885.49083466094,6884005.6155218929],[785841.74083397654,6883995.7707309527],[785816.03387433058,6883987.1996609438],[785661.43314478942,6883949.1555109303],[785416.27932400454,6883888.17929848],[785034.64619218186,6883791.2637538519],[785020.50551074895,6883787.6713614864],[784983.75916522939,6883778.7075137217],[784624.63409072265,6883691.0831028661],[784576.23863271368,6883678.7413922446],[784557.4761273755,6883675.0823123325],[784544.18858019484,6883672.3593915366],[784484.44249867136,6883668.3469155822]]},"properties":{"FID":49,"ID_con":1975,"bw_id":"EVK_uab_19590_21092","U_NR":4,"name":"Süd-Nord-Kanal bis Koppelschleuse","GEW":"EVK","stat_von":19590,"stat_bis":21092,"bauart":"U-Abschnitt","upflicht":"NLWKN","KTR":"MAAVE20200","bemerk":" ","beschreib":"Unterhaltungsabschnitt 4","beschreib_":" ","bemerk_uab":" ","beschreib1":"Für die einzelnen Kanalabschnitte sind die regelmäßig wiederkehrenden Unterhaltungsmaßnahmen nach Ufern getrennt in Arbeitsplänen (Stand 2004) dargestellt. Darin werden folgende Pflegemodi unterschieden (siehe auch Anlage 3):\n- zweimalige Mahd ab de","foto1":" ","foto2":" ","foto3":" ","foto4":" ","link1":"https://geoportal.bafg.de/birt_viewer/frameset?__report=RW_WKSB_21P1.rptdesign&param_wasserkoerper=DERW_DENI_32042","link2":" ","Laenge_U_A":1.5,"Bez_Anfang":"Süd-Nord-Kanal","Bez_Ende":"Koppelschleuse","Kat":"S","BSB":"https://nlwkn.hannit-share.de/index.php/apps/files/files/11066638?dir=/db/EVK/Urpl/bsb&openfile=true","MNB":"https://nlwkn.hannit-share.de/index.php/apps/files/files/11066626?dir=/db/EVK/Urpl/mnb&openfile=true","U_Steckbri":"https://nlwkn.hannit-share.de/index.php/apps/files/files/11066614?dir=/db/EVK/Urpl/wsb_nlwkn&openfile=true","WK_NR":32042,"URL_WKDB":" ","IDUabschn":"EVK_4","BfG_WK":"https://geoportal.bafg.de/birt_viewer/frameset?__report=RW_WKSB_21P1.rptdesign&param_wasserkoerper=DERW_DENI_32042"}},{"type":"Feature","id":50,"geometry":{"type":"LineString","coordinates":[[830562.21167351713,6918011.5695108958],[830571.25424617808,6918020.3987775575],[830595.25266811717,6918057.0425857315],[830613.98063502868,6918094.3272359688],[830629.22216651309,6918142.9484377922],[830631.56049714971,6918150.4056906058],[830651.96227032703,6918250.2036840683],[830664.65589947102,6918288.8657909278],[830684.53376457863,6918342.7354060272],[830703.20053872769,6918383.0310210567],[830737.340715928,6918437.2060520677],[830777.37241368892,6918496.7776054703],[830799.88804277079,6918532.6392912557],[830817.18242106494,6918566.8837484149],[830824.83045237104,6918595.6520397458],[830826.6351461024,6918616.7690903582],[830827.00074535608,6918670.2237122227],[830821.02594847907,6918703.9716099696],[830809.68728965463,6918742.8741401639],[830788.98746634519,6918798.1387333628],[830763.9132128706,6918847.2877396354],[830645.72005953593,6919072.8628332764],[830634.55611043924,6919103.490117847],[830624.84377047082,6919136.4062154042],[830617.35033699928,6919170.8755814089],[830615.2084928886,6919200.9439834533],[830612.73009571875,6919246.8131201388],[830612.36044848978,6919299.5041824067],[830615.23193765839,6919340.9726600712],[830623.71153054002,6919365.9979731645],[830640.99089113483,6919400.9982005237],[830686.96801170951,6919463.7159278728],[830759.53851938178,6919547.3295496795],[830851.286222497,6919628.5787671097],[830864.9490858285,6919640.6779611828],[831031.26152810047,6919766.1959346514],[831174.81872154376,6919867.1337082721],[831243.43612776767,6919925.0632126443],[831270.91670308821,6919951.198728675],[831283.92563553003,6919963.5708372444],[831328.09035727265,6920005.9221198913],[831572.56252138922,6920236.249090489],[831610.85309325636,6920272.4515847228],[831635.81993824348,6920299.335390917],[831659.95739467477,6920329.9654009175],[831682.56153401302,6920362.0688719517],[831727.70677506609,6920429.2880782085],[831753.09182385064,6920471.9924512478],[831902.11412734457,6920706.3173841834],[832036.94560930994,6920937.3332210006],[832100.98151216528,6921035.075285499],[832186.22271374741,6921165.4597341595],[832186.84575851948,6921166.4127686499],[832233.59678153088,6921229.1515309205],[832371.69987977704,6921411.3452849109],[832419.23276045255,6921474.053546045],[832528.50127591565,6921636.0130677149],[832614.63226803928,6921755.311876718],[832672.99276803725,6921837.8785765655],[832708.08499425941,6921883.8049009861],[832753.50047963101,6921938.986891265],[832802.6733319629,6921992.8557827426],[832815.18378540711,6922006.5605619643],[832887.53670142917,6922084.7384939436],[832903.33090564073,6922101.8056192538],[832976.96844910341,6922172.6461090576],[833034.5589940038,6922220.5537507338],[833081.95596040937,6922253.1836051485],[833135.38928051724,6922284.4358966658],[833199.46431710885,6922309.885267077],[833286.06682825508,6922335.8103216551],[833326.35057496885,6922349.2914069565],[833439.75005029817,6922387.2456704667],[833498.97993560124,6922408.2931781597],[833656.01114941866,6922464.0930553814],[833773.77826962841,6922508.742483072],[833849.93569794355,6922531.4299841085],[833891.73726684623,6922544.3581049005],[833921.71172775317,6922547.9997236021],[833950.24887256185,6922548.5983412629],[833974.34142156912,6922546.0910176868],[834013.61058671272,6922536.3702427624],[834020.67272527004,6922532.1032681447],[834042.5245815384,6922518.9005146977],[834074.56641831575,6922495.4727532687],[834103.82397125242,6922461.4405698255],[834104.36731357395,6922460.5560661489],[834130.26731549494,6922418.3132194588],[834159.99512360257,6922361.6996886469],[834208.71832848713,6922258.7896252973],[834326.34332393715,6922021.7652852898],[834346.80809106748,6921977.006550028],[834358.10487945518,6921939.5889870571],[834367.96054995654,6921899.1289327936],[834368.68151241087,6921864.5028873757],[834369.3397663174,6921832.8863100326],[834369.00380702538,6921830.2699995702]]},"properties":{"FID":50,"ID_con":1987,"bw_id":"HAS_uab_30280_34580","U_NR":9,"name":"oh. Einmündung Lotter Beeke bis uh. Auslauf HWRB Haselünne","GEW":"HAS","stat_von":30280,"stat_bis":34580,"bauart":"U-Abschnitt","upflicht":"NLWKN","KTR":"MAAHA00100","bemerk":" ","beschreib":"Standardstrecke mit Projektgebiet \"Muhne\"","beschreib_":"Der Bestand an Ufergehölzen wird gepflegt und weiterentwickelt (Biber). Aufgekommene Einzelgehölze sind zu erhalten. Ein turnusmäßiger Rückschnitt von Gehölzen, die den ordnungsgemäßen Wasserabfluss behindern, ist Teil der Gehölzpflege. Dadurch","bemerk_uab":"Standardstrecke mit Projektgebiet \"Muhne\"","beschreib1":"Die Gewässerunterhaltung erfolgt allgemein naturschonend (keine Maßnahmen auf der Gewässersohle; Schutz und Pflege des Gehölzbestandes; räumlich und zeitlich gestaffelte Mahd der Ufersaumstreifen und der Unterhaltungsstreifen). Es sind keine signifi","foto1":" ","foto2":" ","foto3":" ","foto4":" ","link1":"https://geoportal.bafg.de/birt_viewer/frameset?__report=RW_WKSB_21P1.rptdesign&param_wasserkoerper=DERW_DENI_02096","link2":" ","Laenge_U_A":4.2999999999999998,"Bez_Anfang":"oh. Einmündung Lotter Beeke","Bez_Ende":"uh. Auslauf HWRB Haselünne","Kat":"S","BSB":"https://nlwkn.hannit-share.de/index.php/apps/files/files/11063533?dir=/db/HAS/Urpl/bsb&openfile=true","MNB":"https://nlwkn.hannit-share.de/index.php/apps/files/files/11063482?dir=/db/HAS/Urpl/mnb&openfile=true","U_Steckbri":"https://nlwkn.hannit-share.de/index.php/apps/files/files/11063434?dir=/db/HAS/Urpl/wsb_nlwkn&openfile=true","WK_NR":2096,"URL_WKDB":"https://www.umweltkarten-niedersachsen.de/Download_OE/WRRL/WKDB_HE/02089_Hase_Grosse_Hase.pdf","IDUabschn":"HAS_9","BfG_WK":"https://geoportal.bafg.de/birt_viewer/frameset?__report=RW_WKSB_21P1.rptdesign&param_wasserkoerper=DERW_DENI_02096"}},{"type":"Feature","id":51,"geometry":{"type":"LineString","coordinates":[[788193.94712365582,6880153.3807907812],[788181.89922109351,6880154.1745881215],[788114.04643956129,6880158.6443358483],[788092.54836092761,6880158.0718337325],[788007.93223062251,6880169.440933696],[787898.04098590882,6880195.6511876462],[787826.23427877668,6880201.3296312736],[787771.95212873223,6880203.6996687967],[787605.99693909951,6880217.8154082606],[787527.03598018107,6880223.0966697633],[787436.65760945913,6880230.1238498641],[787348.74874934682,6880235.8323286902],[787316.74689586379,6880238.2942273412],[787313.72684640496,6880238.8814303763],[787285.89424087992,6880244.2679750919],[787141.83847882785,6880252.6158267884],[787045.45103975711,6880260.613575899],[786967.54004588351,6880266.0882505402],[786906.6622806465,6880270.9135180665],[786866.53618051845,6880280.8639258854],[786841.02732378687,6880298.9267630223],[786822.5098111172,6880315.7569427798],[786807.02849186934,6880336.6079164725],[786796.21383497643,6880359.1562786344],[786788.4986858234,6880383.3653010847],[786783.88119934883,6880409.2313454244],[786781.7018351861,6880432.0130482987],[786784.45192603371,6880476.1913521215],[786797.94297331769,6880677.3885165202],[786815.01768778532,6880898.8491729135],[786816.62339740712,6880919.6882646075],[786821.22032085003,6880976.9095537011],[786836.09043717629,6881162.0146494228],[786838.58908882388,6881215.6422555856],[786839.39266366407,6881273.94929625],[786838.09171742026,6881322.749764733],[786833.53224376775,6881405.3324274188],[786825.19706864539,6881555.0953091886],[786822.53193578124,6881602.9727477562],[786819.9613768548,6881649.1522362744],[786809.52982309798,6881893.0633744318],[786813.31407380849,6882134.2105730865],[786818.53938990436,6882291.9007518934],[786818.46439567616,6882324.1973986002],[786817.85571956029,6882347.0266134813],[786814.70313848206,6882376.8769904878],[786787.64000852359,6882524.0345798414],[786770.58670259581,6882616.7548511829],[786728.03844871954,6882856.683473005],[786684.61976469425,6883099.7446741676],[786635.76206720318,6883340.3060365375],[786630.39054538705,6883355.1272233017],[786628.12739989965,6883361.373440397],[786626.8325941941,6883362.8863736726]]},"properties":{"FID":51,"ID_con":1974,"bw_id":"EVK_uab_16865_19590","U_NR":3,"name":"Verbindungskanal bis Süd-Nord-Kanal","GEW":"EVK","stat_von":16865,"stat_bis":19590,"bauart":"U-Abschnitt","upflicht":"NLWKN","KTR":"MAAVE20200","bemerk":" ","beschreib":"Unterhaltungsabschnitt 3","beschreib_":" ","bemerk_uab":" ","beschreib1":"Für die einzelnen Kanalabschnitte sind die regelmäßig wiederkehrenden Unterhaltungsmaßnahmen nach Ufern getrennt in Arbeitsplänen (Stand 2004) dargestellt. Darin werden folgende Pflegemodi unterschieden (siehe auch Anlage 3):\n- zweimalige Mahd ab de","foto1":" ","foto2":" ","foto3":" ","foto4":" ","link1":"https://geoportal.bafg.de/birt_viewer/frameset?__report=RW_WKSB_21P1.rptdesign&param_wasserkoerper=DERW_DENI_32042","link2":" ","Laenge_U_A":2.7200000000000002,"Bez_Anfang":"Verbindungskanal","Bez_Ende":"Süd-Nord-Kanal","Kat":"S","BSB":"https://nlwkn.hannit-share.de/index.php/apps/files/files/11066635?dir=/db/EVK/Urpl/bsb&openfile=true","MNB":"https://nlwkn.hannit-share.de/index.php/apps/files/files/11066623?dir=/db/EVK/Urpl/mnb&openfile=true","U_Steckbri":"https://nlwkn.hannit-share.de/index.php/apps/files/files/11066614?dir=/db/EVK/Urpl/wsb_nlwkn&openfile=true","WK_NR":32042,"URL_WKDB":" ","IDUabschn":"EVK_3","BfG_WK":"https://geoportal.bafg.de/birt_viewer/frameset?__report=RW_WKSB_21P1.rptdesign&param_wasserkoerper=DERW_DENI_32042"}},{"type":"Feature","id":52,"geometry":{"type":"LineString","coordinates":[[755499.98338008265,6910768.8897639541],[755541.76292795746,6910761.5293166302],[755600.69406924804,6910742.5849517696],[755651.48066345218,6910713.0113654472],[755727.79801029176,6910657.2638151404],[755866.00341415359,6910539.2962568747],[755993.62254417036,6910464.8333602156],[756120.77651434473,6910397.6718166899],[756226.01070580899,6910333.5845126249],[756256.77293011872,6910311.3024906581],[756282.84846047405,6910286.1386249941],[756333.43674985785,6910232.0261654956],[756404.25863533444,6910162.495391883],[756482.94399560953,6910081.8856293047],[756577.30974380288,6909983.6783468733],[756631.34302869579,6909939.7738474282],[756647.07293797121,6909926.0955539318],[756652.46816594002,6909921.4039811324],[756691.66446671705,6909904.7373823244],[756712.73434573621,6909895.7793049719],[756747.37272296427,6909889.9763766509],[756777.81214140041,6909884.8767024782],[756877.44255215896,6909879.8330082158],[756991.5225922215,6909817.5509626176],[757086.89011092181,6909718.514974013],[757182.76244790538,6909625.3377291095],[757285.88556314597,6909584.3589883214],[757357.85974989936,6909567.5278133368],[757400.59691936523,6909549.9023630079],[757431.88195881003,6909520.5304761678],[757456.87694184529,6909475.3347578859],[757478.72864741378,6909429.5803211853],[757497.75058888469,6909366.9845334962],[757502.62895926682,6909350.9267877247],[757520.60080423253,6909315.2813193947],[757536.31374837144,6909293.6764774537],[757550.85403699568,6909277.5215382334],[757570.44897503685,6909263.795754212],[757594.08064977406,6909253.9933889806],[757651.67582514079,6909241.5054275542],[757687.74338803533,6909239.009176027],[757736.12309104973,6909236.9176085396],[757780.12291277968,6909234.0845839102],[757807.19284047233,6909230.7007077783],[757831.92058224883,6909224.8384623853],[757851.60246412084,6909215.9217224717],[757886.72217090602,6909194.8220193787],[757909.41255769122,6909178.7551914342],[757938.35158455046,6909150.0180277666],[757970.40722068097,6909120.8025000785],[757989.80705434154,6909095.5816423809],[758015.38542649592,6909066.0750265652],[758036.23217841482,6909039.5707264943],[758048.33925461723,6909027.6407637252],[758080.74806174601,6909006.5899805501],[758107.16493774718,6908988.9826030098],[758141.49162588571,6908970.4115440678],[758198.08242119104,6908947.9006564096],[758227.76523148362,6908938.6054943586],[758273.99209045258,6908932.3847785341],[758311.95645748579,6908930.6880785143],[758365.18804145744,6908932.2935098531],[758412.12504717172,6908942.3521369677],[758429.27118755982,6908947.2039969144],[758504.19167539105,6908968.4031987628],[758709.38237891812,6909031.6118867761],[758868.76544554869,6909082.2967343638],[758949.65474410192,6909108.0187649997],[759415.64917199255,6909258.426895122],[759469.21601268766,6909276.7407867964],[759633.22427660029,6909332.6191392234],[759690.48306693789,6909351.143956379],[759721.45609002572,6909361.1639273493],[759845.15714376653,6909400.794130207],[759980.60658176383,6909437.4397290703],[760242.7831734689,6909496.2711811867],[760360.18505077658,6909524.0189770833],[760394.53088228742,6909533.7346941894],[760406.38965581765,6909537.0542770391],[760437.77586775483,6909545.5142276157],[760468.86206798884,6909563.979501415],[760505.03782161511,6909592.1907825759],[760511.17030777782,6909596.9735830305],[760563.36118393077,6909633.6044585677],[760615.8275097236,6909661.0609464692],[760663.70121532108,6909675.0250084661],[760703.07487149606,6909677.0333526777]]},"properties":{"FID":52,"ID_con":2021,"bw_id":"VEC_uab_79020_82680","U_NR":2,"name":"Oh. Einlauf Flutmulde bis Emlichheim (Reithalle)","GEW":"VEC","stat_von":79020,"stat_bis":82680,"bauart":"U-Abschnitt","upflicht":"NLWKN","KTR":"MABVE00100","bemerk":" ","beschreib":"Unterhaltungsabschnitt 2","beschreib_":" ","bemerk_uab":" ","beschreib1":"- flache, kurze Böschungen und Unterhaltungswege\n- Hindernisse beseitigen/sichern insbesondere in Abschnitten mit Ufergehölzen und im Bereich von Bauwerken und Anlagen","foto1":"https://nlwkn.hannit-share.de/index.php/core/preview?fileId=11057927&x=1280&y=819&a=true","foto2":" ","foto3":" ","foto4":" ","link1":"https://geoportal.bafg.de/birt_viewer/frameset?__report=RW_WKSB_21P1.rptdesign&param_wasserkoerper=DERW_DENI_32003","link2":" ","Laenge_U_A":3.6600000000000001,"Bez_Anfang":"Oh. Einlauf Flutmulde","Bez_Ende":"Emlichheim (Reithalle)","Kat":"S","BSB":"https://nlwkn.hannit-share.de/index.php/apps/files/files/11053757?dir=/db/VEC/Urpl/bsb&openfile=true","MNB":"https://nlwkn.hannit-share.de/index.php/apps/files/files/11053700?dir=/db/VEC/Urpl/mnb&openfile=true","U_Steckbri":"https://nlwkn.hannit-share.de/index.php/apps/files/files/11053664?dir=/db/VEC/Urpl/wsb_nlwkn&openfile=true","WK_NR":32003,"URL_WKDB":"https://www.umweltkarten-niedersachsen.de/Download_OE/WRRL/WKDB_HE/32003_Vechte_Neuenhaus_Laar.pdf","IDUabschn":"VEC_2","BfG_WK":"https://geoportal.bafg.de/birt_viewer/frameset?__report=RW_WKSB_21P1.rptdesign&param_wasserkoerper=DERW_DENI_32003"}},{"type":"Feature","id":53,"geometry":{"type":"LineString","coordinates":[[787007.32319612999,6903785.1936285049],[787006.33516976621,6903785.2769455547],[787005.11600201728,6903785.2442370569],[787005.04869513435,6903790.7191962451],[787005.21365643025,6903801.8927295078],[787005.52046242799,6903821.4752200004],[787005.61634569755,6903827.9752739286],[787013.2151894595,6903844.3705775635],[787028.70694767032,6903859.3659065692],[787036.47722880333,6903874.0801666761],[787044.40530976851,6903886.0776364747],[787047.61130705336,6903901.9306379482],[787050.90724713809,6903934.9160647504],[787048.90704175283,6904052.5533500584],[787045.34364917211,6904260.9812106257],[787043.69075242034,6904356.6104553016],[787037.65468766086,6904704.0657063127],[787032.46157319786,6905099.6270477641],[787025.23950790789,6905372.5876234137],[787024.40236643946,6905644.3258210653],[787022.83333284699,6905705.7751178471],[787018.27248428483,6905925.6361602759],[787002.15286474628,6906867.7945376681],[786998.47860272031,6907005.6538994955],[786986.86053174641,6907637.6643223986],[786971.22260493727,6908326.601339885],[786970.20827142149,6908356.7880189558],[786969.27144894213,6908384.5524101444],[786958.76167065569,6908859.7260397328],[786957.57007223915,6908890.2625889629],[786956.36884245439,6908921.2271055272],[786956.56551839947,6908948.8788528517],[786959.52820620616,6908984.7569052437],[786969.00684679404,6909019.0540607981],[786986.29505188332,6909060.3853139384],[787002.40188978252,6909085.1650169529],[787024.12370949297,6909111.9023575513],[787087.7091852657,6909171.9789872812],[787166.53211963945,6909245.6966126729],[787300.0439080795,6909375.1785075609],[787407.45261671976,6909477.2105814368],[787556.84766349394,6909620.1424973449],[787672.47233752243,6909728.3605978331],[787824.9868329959,6909872.7426894326],[788150.2060352671,6910176.7871752763],[788680.92900567513,6910673.5996074043],[788849.91019986861,6910832.0472326484],[788910.66583062534,6910888.9196699774],[788954.56824431533,6910932.1762102311],[788993.47720024083,6910976.5292147575],[789009.55486359168,6910995.3967127213],[789036.4919552753,6911030.4586131899],[789064.23473394138,6911066.5785949025],[789123.26923546358,6911153.0000639884],[789208.20944028441,6911277.8612457933],[789275.64075067313,6911384.2038514623]]},"properties":{"FID":53,"ID_con":2012,"bw_id":"SNK_uab_14365_19570","U_NR":6,"name":"Piccardie-Coevorden-Kanal bis Düker Twister Aa","GEW":"SNK","stat_von":14365,"stat_bis":19570,"bauart":"U-Abschnitt","upflicht":"NLWKN","KTR":"MAAVE10100","bemerk":" ","beschreib":"Unterhaltungsabschnitt 6 von Piccardie-Coevorden-Kanal in Georgsdorf bis Düker Twister Aa. WSP Sommer 15.50 m NN, Winter: 15,40 m NN (Sohle ca. bei 13,80 m NN, Profile siehe Links)","beschreib_":" ","bemerk_uab":" ","beschreib1":"Für die einzelnen Kanalabschnitte sind die regelmäßig wiederkehrenden Unterhaltungsmaßnahmen nach Ufern getrennt in Arbeitsplänen (Stand 2004) dargestellt. Darin werden folgende Pflegemodi unterschieden (siehe auch Anlage 3):\n- zweimalige Mahd ab de","foto1":"https://nlwkn.hannit-share.de/index.php/core/preview?fileId=11060579&x=1280&y=819&a=true","foto2":"https://nlwkn.hannit-share.de/index.php/core/preview?fileId=11060582&x=1280&y=819&a=true","foto3":"https://nlwkn.hannit-share.de/index.php/core/preview?fileId=8273919&x=1280&y=819&a=true","foto4":"https://nlwkn.hannit-share.de/index.php/core/preview?fileId=8273691&x=1280&y=819&a=true","link1":"https://geoportal.bafg.de/birt_viewer/frameset?__report=RW_WKSB_21P1.rptdesign&param_wasserkoerper=DERW_DENI_32040","link2":"https://nlwkn.hannit-share.de/index.php/core/preview?fileId=8273712&x=1280&y=819&a=true","Laenge_U_A":5.2000000000000002,"Bez_Anfang":"Piccardie-Coevorden-Kanal","Bez_Ende":"Düker Twister Aa","Kat":"S","BSB":"https://nlwkn.hannit-share.de/index.php/apps/files/files/11058257?dir=/db/SNK/Urpl/bsb&openfile=true","MNB":"https://nlwkn.hannit-share.de/index.php/apps/files/files/11058224?dir=/db/SNK/Urpl/mnb&openfile=true","U_Steckbri":"https://nlwkn.hannit-share.de/index.php/apps/files/files/11058200?dir=/db/SNK/Urpl/wsb_nlwkn&openfile=true","WK_NR":32040,"URL_WKDB":" ","IDUabschn":"SNK_6","BfG_WK":"https://geoportal.bafg.de/birt_viewer/frameset?__report=RW_WKSB_21P1.rptdesign&param_wasserkoerper=DERW_DENI_32040"}},{"type":"Feature","id":54,"geometry":{"type":"LineString","coordinates":[[813376.90360274061,6925486.0735773062],[813401.65275826992,6925460.9238953162],[813452.75118476141,6925429.5214677835],[813518.50279991329,6925399.515266154],[813576.5948107891,6925383.002619653],[813647.95050794468,6925382.5770221232],[813736.90922629053,6925392.0318022519],[813758.70291720238,6925396.6011959296],[813832.96447801741,6925412.1695018336],[813912.80543731735,6925433.7538420679],[813930.96928447485,6925438.6633073566],[814086.15809621301,6925487.5338864503],[814180.65038027801,6925529.7198812263],[814224.85847801948,6925568.6214473918],[814248.21708292887,6925601.7754175672],[814263.64923405729,6925632.4904855723]]},"properties":{"FID":54,"ID_con":1979,"bw_id":"HAS_uab_1500_2100","U_NR":1,"name":"Alter Emskanal bis Siedlungsrand Meppen","GEW":"HAS","stat_von":1500,"stat_bis":2100,"bauart":"U-Abschnitt","upflicht":"NLWKN","KTR":"MAAHA00100","bemerk":" ","beschreib":"Der Bestand an Ufergehölzen wird gepflegt und bereichsweise weiterentwickelt. Ein turnusmäßiger Rückschnitt und ein Auf-den-Stock-Setzen von Gehölzen, die den ordnungsgemäßen Wasserabfluss behindern, sind Teil der Gehölzpflege.","beschreib_":"Der Bestand an Ufergehölzen wird gepflegt und bereichsweise weiterentwickelt. Ein turnusmäßiger Rückschnitt und ein Auf-den-Stock-Setzen von Gehölzen, die den ordnungsgemäßen Wasserabfluss behindern, sind Teil der Gehölzpflege.\nDie Gewässerunter","bemerk_uab":"Standardstrecke (u.a. im Stadtgebiet Meppen)","beschreib1":"Die Gewässerunterhaltung erfolgt unter Sicherstellung des ordnungsgemäßen Wasserabflusses für die Ortslage Meppen allgemein naturschonend (keine Maßnahmen auf der Gewässersohle; Schutz, Pflege und Entwicklung des Gehölzbestandes; räumlich und zei","foto1":"https://nlwkn.hannit-share.de/index.php/core/preview?fileId=11370065&x=1280&y=819&a=true","foto2":"https://nlwkn.hannit-share.de/index.php/core/preview?fileId=11370064&x=1280&y=819&a=true","foto3":"https://nlwkn.hannit-share.de/index.php/core/preview?fileId=11370050&x=1280&y=819&a=true","foto4":"https://nlwkn.hannit-share.de/index.php/core/preview?fileId=11370051&x=1280&y=819&a=true","link1":"https://geoportal.bafg.de/birt_viewer/frameset?__report=RW_WKSB_21P1.rptdesign&param_wasserkoerper=DERW_DENI_02096","link2":" ","Laenge_U_A":0.59999999999999998,"Bez_Anfang":"Alter Emskanal","Bez_Ende":"Siedlungsrand Meppen","Kat":"S","BSB":"https://nlwkn.hannit-share.de/index.php/apps/files/files/11063488?dir=/db/HAS/Urpl/bsb&openfile=true","MNB":"https://nlwkn.hannit-share.de/index.php/apps/files/files/11063437?dir=/db/HAS/Urpl/mnb&openfile=true","U_Steckbri":"https://nlwkn.hannit-share.de/index.php/apps/files/files/11063434?dir=/db/HAS/Urpl/wsb_nlwkn&openfile=true","WK_NR":2096,"URL_WKDB":"https://www.umweltkarten-niedersachsen.de/Download_OE/WRRL/WKDB_HE/02089_Hase_Grosse_Hase.pdf","IDUabschn":"HAS_1","BfG_WK":"https://geoportal.bafg.de/birt_viewer/frameset?__report=RW_WKSB_21P1.rptdesign&param_wasserkoerper=DERW_DENI_02096"}},{"type":"Feature","id":55,"geometry":{"type":"LineString","coordinates":[[784985.19821056118,6880726.5653721681],[785017.57241983584,6880709.9129537139],[785037.52561821404,6880697.1692358498],[785060.98441655294,6880672.2980161412],[785094.3320837447,6880634.411235529],[785183.02348345669,6880509.2881143987],[785220.47812060174,6880456.6363912337],[785238.25222768087,6880426.2986768894],[785249.65697968239,6880396.3227215288],[785253.97745456535,6880373.5927333366],[785253.05373055872,6880309.2778134393],[785253.05280195992,6880289.6206989018],[785254.63621050969,6880250.3459689198],[785261.21780270815,6880222.3643669523],[785273.25215102453,6880188.6866561119],[785284.65137745021,6880169.0880313022],[785286.03148820496,6880166.7156481873],[785308.3279940848,6880145.534916738],[785342.37629110913,6880120.9502787897],[785347.48551486933,6880118.0417817403],[785476.92302832101,6880044.3535442017],[785656.06643057626,6879936.230763155],[785698.50917591213,6879921.33013424],[785748.22198418947,6879895.2607339686],[785802.74660267273,6879874.8634160617],[785852.60578391142,6879864.4651923403],[785910.38102835743,6879859.1839144174],[786019.38478956348,6879857.6596991718],[786100.07635427197,6879863.4302569916],[786148.96790300542,6879860.7887872839],[786198.33016904269,6879847.8835993251],[786244.54791976628,6879822.5842004642],[786270.33172704314,6879803.6601778278],[786285.27651346347,6879790.1615542592],[786311.95836301032,6879762.2479521632],[786333.28746821813,6879739.9413646162],[786377.07122068957,6879682.7752050357],[786404.8741699747,6879638.7286235383],[786428.64334066573,6879598.5966548575],[786458.3391558876,6879555.3101445539],[786493.90974791697,6879524.1295264196],[786535.39149698697,6879500.868796194],[786550.32513886015,6879496.7592290873],[786578.31739612028,6879489.057952147],[786618.94940165977,6879482.5324067632],[786703.1030032814,6879475.3006207589],[786767.36785393418,6879464.9191018604],[786807.24432070646,6879463.5668792007],[786826.96082828264,6879474.7168951118],[786827.46406048757,6879475.0012905616],[786840.25119029533,6879493.4987546932],[786846.45870584331,6879532.3961511534],[786850.78199502639,6879596.6592517495],[786856.95723726449,6879636.7658521319],[786871.77102702972,6879669.8430054057],[786890.6228018438,6879687.2922815271],[786915.70139305841,6879697.6472188747],[786942.2435300342,6879698.3579874272],[786971.39215645054,6879691.875845748],[787026.42480471823,6879665.5118022375],[787035.25940160686,6879660.5699949842],[787109.60053465131,6879618.9926938862],[787137.95214748033,6879603.1369827613],[787227.66409785592,6879543.808174341],[787254.73868023453,6879526.3915904481],[787258.37301071256,6879524.0549005112],[787288.22855488455,6879490.9635413112],[787296.96570562839,6879481.7373026367],[787321.7668790489,6879455.550105148],[787345.68667499139,6879418.6683136476],[787368.49525176594,6879378.1281158673],[787387.74937056261,6879335.0708426964],[787400.83282950404,6879292.0326893348],[787408.91792091564,6879265.4387134798],[787421.48515324655,6879231.5250827456],[787427.12503315136,6879216.3047219496],[787448.75920919876,6879174.5211329712],[787476.42468726635,6879132.9006794402],[787502.69133343711,6879098.5049051],[787559.18084281427,6879062.4954181649],[787608.24011473055,6879033.5476716645],[787652.3110081302,6879010.519074575],[787697.30013071187,6878998.4067523563],[787712.41756955953,6878997.246176728],[787732.38227234711,6878995.710925228],[787751.07732334093,6878996.2096084999]]},"properties":{"FID":55,"ID_con":2027,"bw_id":"VEC_uab_113340_115700","U_NR":8,"name":"Stadtgebiet Nordhorn (oh. Euregiobrücke) bis Vechtesee (Sandfang Nordhorn)","GEW":"VEC","stat_von":113340,"stat_bis":115700,"bauart":"U-Abschnitt","upflicht":"NLWKN","KTR":"MABVE00400","bemerk":" ","beschreib":"Unterhaltungsabschnitt 8","beschreib_":" ","bemerk_uab":" ","beschreib1":"Zeitliche Durchführung der Böschungsmahd zwischen Ende Juli und Ende März. Brut- und Laichzeit von Anfang April bis Mitte/Ende Juli soweit wie möglich ausnehmen; in unvermeidlichen Fällen nur abschnittsweise mähen.\nz.T. steil abfallende Böschungen","foto1":" ","foto2":" ","foto3":" ","foto4":" ","link1":"https://geoportal.bafg.de/birt_viewer/frameset?__report=RW_WKSB_21P1.rptdesign&param_wasserkoerper=DERW_DENI_32002","link2":" ","Laenge_U_A":2.3599999999999999,"Bez_Anfang":"Stadtgebiet Nordhorn (oh. Euregiobrücke)","Bez_Ende":"Vechtesee (Sandfang Nordhorn)","Kat":"S","BSB":"https://nlwkn.hannit-share.de/index.php/apps/files/files/11053775?dir=/db/VEC/Urpl/bsb&openfile=true","MNB":"https://nlwkn.hannit-share.de/index.php/apps/files/files/11053718?dir=/db/VEC/Urpl/mnb&openfile=true","U_Steckbri":"https://nlwkn.hannit-share.de/index.php/apps/files/files/11053664?dir=/db/VEC/Urpl/wsb_nlwkn&openfile=true","WK_NR":32002,"URL_WKDB":"https://www.umweltkarten-niedersachsen.de/Download_OE/WRRL/WKDB_HE/32002_Vechte_Nordhorn_Neuenhaus.pdf","IDUabschn":"VEC_8","BfG_WK":"https://geoportal.bafg.de/birt_viewer/frameset?__report=RW_WKSB_21P1.rptdesign&param_wasserkoerper=DERW_DENI_32002"}},{"type":"Feature","id":56,"geometry":{"type":"LineString","coordinates":[[844920.27710952144,6925204.6386238933],[844977.59677521663,6925199.1060850304],[845096.79080640699,6925179.2356043737],[845609.09873055341,6925084.2848065058],[845681.85655691184,6925070.5662335437],[845752.64057348063,6925054.7883021366],[845796.21030826389,6925040.4992736625],[845851.99439561064,6925019.381132816],[845895.66331325122,6925000.0467452817],[845933.390252157,6924975.5496809557],[845971.09741312638,6924952.0603966992],[846014.99847757735,6924920.618165276],[846018.49089715525,6924917.6726575382],[846047.75099034887,6924892.9954583244],[846087.84118925058,6924850.377275086],[846137.37924392801,6924787.7561686179],[846147.34059375676,6924773.6383805005],[846196.38556201314,6924704.1245943019],[846287.99415697821,6924558.5093250377],[846292.98396001325,6924550.5777916014],[846363.73908622353,6924431.8541677501],[846430.29792485584,6924311.086253861],[846463.896349121,6924250.1215951471],[846549.55301071587,6924089.3019432295],[846612.92348862265,6923987.5961853825],[846640.91255058849,6923945.753308611],[846692.53074706427,6923879.1400626181],[846754.11434900458,6923817.7662098063],[846814.43881026586,6923769.4861951414],[846871.5666489451,6923730.2261765841],[846927.43605658924,6923704.0615234012],[847001.43864929338,6923677.2375896806],[847107.81395563297,6923641.9568200987],[847266.70865652384,6923597.5977212051],[847347.18923523009,6923582.4382979227]]},"properties":{"FID":56,"ID_con":1992,"bw_id":"HAS_uab_44700_46595","U_NR":14,"name":"Einmündung Industriegraben bis uh. Einmündung Bakerder Graben","GEW":"HAS","stat_von":44700,"stat_bis":46595,"bauart":"U-Abschnitt","upflicht":"NLWKN","KTR":"MAAHA00100","bemerk":" ","beschreib":"Die Ufersicherungen in der Ortslage Herzlake sind nach Bedarf instand zu halten.","beschreib_":"Die Ufersicherungen in der Ortslage Herzlake sind nach Bedarf instand zu halten.\nDie Unterhaltungsstreifen werden zweimal jährlich nach Variante 1 gemäht (ab dem 15.06. und ab dem 15.09.). \nDie Hochwasserverwallungen sollten vom zuständigen Unterhaltu","bemerk_uab":"Standardstrecke. Ufersicherungen in der Ortslage Herzlake sind instand zu halten","beschreib1":"Die Gewässerunterhaltung erfolgt unter Sicherstellung des ordnungsgemäßen Wasserabflusses für die Ortslage Herzlake allgemein naturschonend (keine Maßnahmen auf der Gewässersohle; räumlich und zeitlich gestaffelte Mahd der Ufersaumstreifen und der","foto1":" ","foto2":" ","foto3":" ","foto4":" ","link1":"https://geoportal.bafg.de/birt_viewer/frameset?__report=RW_WKSB_21P1.rptdesign&param_wasserkoerper=DERW_DENI_02096","link2":" ","Laenge_U_A":1.8899999999999999,"Bez_Anfang":"Einmündung Industriegraben","Bez_Ende":"uh. Einmündung Bakerder Graben","Kat":"S","BSB":"https://nlwkn.hannit-share.de/index.php/apps/files/files/11063503?dir=/db/HAS/Urpl/bsb&openfile=true","MNB":"https://nlwkn.hannit-share.de/index.php/apps/files/files/11063452?dir=/db/HAS/Urpl/mnb&openfile=true","U_Steckbri":"https://nlwkn.hannit-share.de/index.php/apps/files/files/11063434?dir=/db/HAS/Urpl/wsb_nlwkn&openfile=true","WK_NR":2096,"URL_WKDB":"https://www.umweltkarten-niedersachsen.de/Download_OE/WRRL/WKDB_HE/02089_Hase_Grosse_Hase.pdf","IDUabschn":"HAS_14","BfG_WK":"https://geoportal.bafg.de/birt_viewer/frameset?__report=RW_WKSB_21P1.rptdesign&param_wasserkoerper=DERW_DENI_02096"}},{"type":"Feature","id":57,"geometry":{"type":"LineString","coordinates":[[834369.00380702538,6921830.2699995702],[834365.7997320859,6921805.3179644672],[834365.46133685682,6921802.6828142088],[834357.39253590279,6921757.329896112],[834337.21363772091,6921716.2423039572],[834299.5794933287,6921647.6782770492],[834247.39882203517,6921556.2196257915],[834187.74193443614,6921463.0988803245],[834164.6883596821,6921415.9274890609],[834145.04489159223,6921349.2484422121],[834137.35269459046,6921285.8324013017],[834129.07076844957,6921178.7314294912],[834130.98534666409,6921086.9043661552],[834132.24561512307,6920954.4016228104],[834127.36891059764,6920900.0838348465],[834116.73687205755,6920833.5993910693],[834098.62814422091,6920765.4510942623],[834072.07688539661,6920670.0202123849],[834053.84320976178,6920607.8943855083],[834041.83778504306,6920535.3596604429],[834037.33865121705,6920462.9812245313],[834038.97137851559,6920384.7097337982],[834041.85453553125,6920318.5111135282],[834049.33626095799,6920247.893276575],[834057.72126164939,6920205.9053929951],[834072.89879986807,6920126.4128435114],[834106.6569744451,6920020.2064964576],[834133.751178017,6919945.4847208653],[834168.09941760649,6919882.9603397362],[834199.00688316615,6919841.4459458422],[834237.41962461313,6919800.0889049452],[834312.08406354045,6919748.9497568961],[834372.7977842103,6919718.5997893801],[834416.83886077034,6919695.4282659171],[834449.18299950229,6919656.9554269798],[834478.64765152638,6919612.3994864756],[834512.61616581702,6919567.9377320148],[834540.4240044693,6919530.8761277525],[834564.75755259651,6919516.3269023094],[834578.45792518998,6919507.5786303096],[834581.48773805669,6919507.2856001602],[834604.04415330279,6919505.10166681],[834638.44937194546,6919511.8433712088],[834684.74062514876,6919524.8563183406],[834721.83614725689,6919546.7100417269],[834763.21739387582,6919579.1951843686],[834856.24051370996,6919656.4224728215],[834934.2840464731,6919731.8327667965],[835017.92742714251,6919826.9338953029],[835068.97907426825,6919900.2743812902],[835099.41627623129,6919953.611380076],[835120.94028232584,6920002.2454474773],[835136.11363683967,6920067.3121340387],[835148.19253752555,6920136.8308160454],[835149.32404781447,6920227.2063416354],[835146.16948590183,6920306.9504153291],[835143.85695549846,6920346.0545755057],[835147.9561420707,6920365.7169080442],[835152.02416687994,6920386.8830225328],[835168.19815553143,6920403.7851457978],[835194.94400559028,6920417.8954430474],[835245.87086725398,6920424.9792796811],[835334.30436921213,6920434.3473612079],[835395.7735332821,6920440.1436528834],[835434.68814177485,6920446.9766689995],[835496.00190470193,6920460.2985469876],[835537.79549600964,6920473.2146559292],[835632.89797927032,6920523.3786989255],[835799.23774922895,6920615.6796962544],[835971.15160261269,6920729.1775473142],[836065.06274576171,6920793.4299847381],[836111.87852606771,6920825.461495541],[836195.51585050055,6920883.8935903497],[836205.05420292052,6920890.5573511533]]},"properties":{"FID":57,"ID_con":1988,"bw_id":"HAS_uab_34580_37580","U_NR":10,"name":"oh. Auslauf HWRB Haselünne bis uh. Einlassbauwerk HWRB Haselünne","GEW":"HAS","stat_von":34580,"stat_bis":37580,"bauart":"U-Abschnitt","upflicht":"NLWKN","KTR":"MAAHA00100","bemerk":" ","beschreib":"Standardstrecke mit Hochwasserrückhaltebecken (Ein- und Auslaufbauwerk, Überlaufschwelle)","beschreib_":"Die Ufersicherungen sind nach Bedarf linksseitig instand zu halten.\nIm Bereich der landkreis- und landeseigenen Anliegerflächen entlang des NSG „Haselünner Kuhweide“ sollen Ufererosionen innerhalb eines 5 m breiten Randstreifens toleriert werden, s","bemerk_uab":"Standardstrecke mit Hochwasserrückhaltebecken (Ein- und Auslaufbauwerk, Überlaufschwelle)","beschreib1":"Die Gewässerunterhaltung erfolgt größtenteils mit artenschonenden Methoden (Tolerierung von Ufererosionen; Erhalt von Längsbänken und Anlandungen; Schutz und Pflege des Gehölzbestandes; räumlich begrenzte Mahd der Ufersaumstreifen und der Unterhal","foto1":" ","foto2":" ","foto3":" ","foto4":" ","link1":"https://geoportal.bafg.de/birt_viewer/frameset?__report=RW_WKSB_21P1.rptdesign&param_wasserkoerper=DERW_DENI_02096","link2":" ","Laenge_U_A":3,"Bez_Anfang":"oh. Auslauf HWRB Haselünne","Bez_Ende":"uh. Einlassbauwerk HWRB Haselünne","Kat":"S","BSB":"https://nlwkn.hannit-share.de/index.php/apps/files/files/11063491?dir=/db/HAS/Urpl/bsb&openfile=true","MNB":"https://nlwkn.hannit-share.de/index.php/apps/files/files/11063440?dir=/db/HAS/Urpl/mnb&openfile=true","U_Steckbri":"https://nlwkn.hannit-share.de/index.php/apps/files/files/11063434?dir=/db/HAS/Urpl/wsb_nlwkn&openfile=true","WK_NR":2096,"URL_WKDB":"https://www.umweltkarten-niedersachsen.de/Download_OE/WRRL/WKDB_HE/02089_Hase_Grosse_Hase.pdf","IDUabschn":"HAS_10","BfG_WK":"https://geoportal.bafg.de/birt_viewer/frameset?__report=RW_WKSB_21P1.rptdesign&param_wasserkoerper=DERW_DENI_02096"}},{"type":"Feature","id":58,"geometry":{"type":"LineString","coordinates":[[790129.28549382521,6888315.7892480511],[790133.84639639885,6888325.2335113892],[790136.96443955507,6888334.1895901756],[790142.85868826811,6888351.1349892588],[790306.75428046018,6888709.3116117315],[790346.05554367544,6888800.009432843],[790401.0341678249,6888926.9082039883],[790485.30773725885,6889125.1917368574],[790493.19184696698,6889154.3174107466],[790509.70671729813,6889215.3477339298],[790516.74100645888,6889262.8879197016],[790517.8128519305,6889318.2259480385],[790513.8776671458,6889372.9837477123],[790502.64470156119,6889444.7592360796],[790484.86726097518,6889510.7543364549],[790395.06468868733,6889847.8325399011],[790227.01402365696,6890479.1106890878],[790128.79712530284,6890848.6806522571],[789984.88508219679,6891390.1565872021],[789969.20891543303,6891456.9731520321],[789964.77663292375,6891506.3279208355],[789965.57443181099,6891555.6204793761],[789971.36095579725,6891604.2464061752],[790005.08326713694,6891723.1498490628],[790093.016978206,6892000.4423947632],[790103.22740024794,6892039.0590567384],[790131.15540699172,6892124.8887616377],[790152.94431072054,6892200.4415309895],[790150.892326987,6892258.5264191097],[790133.84976787365,6892309.9367126049],[790042.44661513437,6892505.628404553],[789978.26142395602,6892662.7592629222],[789930.91126987978,6892775.3687288444],[789916.19229141134,6892849.2661496932],[789872.57164037088,6893068.63572283],[789828.53328025271,6893295.1350034736],[789777.79818844295,6893542.0763205085],[789732.78954233276,6893735.2153512677],[789704.44907868304,6893894.2386537176],[789696.97550189518,6893928.3117842758]]},"properties":{"FID":58,"ID_con":2009,"bw_id":"SNK_uab_3790_7355","U_NR":3,"name":"Schleuse II (Unterhaupt) bis Schleuse III (Oberhaupt)","GEW":"SNK","stat_von":3790,"stat_bis":7355,"bauart":"U-Abschnitt","upflicht":"NLWKN","KTR":"MAAVE10100","bemerk":" ","beschreib":"Unterhaltungsabschnitt 3 von Schleuse 2  bis Schleuse 3. Ganzjährig: 17,20 m NN (Sohle ca. von bei 15,70 m, Profile siehe Links), Unterwasserstand: 16,10 m NN","beschreib_":" ","bemerk_uab":" ","beschreib1":"Für die einzelnen Kanalabschnitte sind die regelmäßig wiederkehrenden Unterhaltungsmaßnahmen nach Ufern getrennt in Arbeitsplänen (Stand 2004) dargestellt. Darin werden folgende Pflegemodi unterschieden (siehe auch Anlage 3):\n- zweimalige Mahd ab de","foto1":"https://nlwkn.hannit-share.de/index.php/core/preview?fileId=11060618&x=1280&y=819&a=true","foto2":" ","foto3":"https://nlwkn.hannit-share.de/index.php/core/preview?fileId=8273822&x=1280&y=819&a=true","foto4":"https://nlwkn.hannit-share.de/index.php/core/preview?fileId=8273829&x=1280&y=819&a=true","link1":"https://geoportal.bafg.de/birt_viewer/frameset?__report=RW_WKSB_21P1.rptdesign&param_wasserkoerper=DERW_DENI_32040","link2":" ","Laenge_U_A":3.5600000000000001,"Bez_Anfang":"Schleuse II (Unterhaupt)","Bez_Ende":"Schleuse III (Oberhaupt)","Kat":"S","BSB":"https://nlwkn.hannit-share.de/index.php/apps/files/files/11058248?dir=/db/SNK/Urpl/bsb&openfile=true","MNB":"https://nlwkn.hannit-share.de/index.php/apps/files/files/11058215?dir=/db/SNK/Urpl/mnb&openfile=true","U_Steckbri":"https://nlwkn.hannit-share.de/index.php/apps/files/files/11058200?dir=/db/SNK/Urpl/wsb_nlwkn&openfile=true","WK_NR":32040,"URL_WKDB":" ","IDUabschn":"SNK_3","BfG_WK":"https://geoportal.bafg.de/birt_viewer/frameset?__report=RW_WKSB_21P1.rptdesign&param_wasserkoerper=DERW_DENI_32040"}},{"type":"Feature","id":59,"geometry":{"type":"LineString","coordinates":[[755570.91654842836,6916859.5890627718],[755528.10162312153,6916902.7052919799],[755406.76559962297,6917034.2085786043],[755360.7372934547,6917084.0925421026],[755316.48745293019,6917132.5523344148],[755001.89537702908,6917478.5698348358],[754708.77382767922,6917802.0784513885],[754623.79502010159,6917896.789777413],[754389.36691524822,6918152.5899018114],[754345.10684876761,6918201.0489152474],[754259.78378432337,6918269.0980359148],[753967.57591522275,6918486.0255335839],[753899.69312461547,6918533.5753962509]]},"properties":{"FID":59,"ID_con":2005,"bw_id":"PCK_uab_22040_23481","U_NR":5,"name":"uh. Schleuse IV bis Landesgrenze","GEW":"PCK","stat_von":22040,"stat_bis":23481,"bauart":"U-Abschnitt","upflicht":"NLWKN","KTR":"MAAVE40500","bemerk":" ","beschreib":"Unterhaltungsabschnitt 5","beschreib_":" ","bemerk_uab":" ","beschreib1":"Für die einzelnen Kanalabschnitte sind die regelmäßig wiederkehrenden Unterhaltungsmaßnahmen nach Ufern getrennt in Arbeitsplänen (Stand 2004) dargestellt. Darin werden folgende Pflegemodi unterschieden (siehe auch Anlage 3):\n- zweimalige Mahd ab de","foto1":"https://nlwkn.hannit-share.de/index.php/core/preview?fileId=11061689&x=1280&y=819&a=true","foto2":"https://nlwkn.hannit-share.de/index.php/core/preview?fileId=11061692&x=1280&y=819&a=true","foto3":" ","foto4":"https://nlwkn.hannit-share.de/index.php/core/preview?fileId=8273147&x=1280&y=819&a=true","link1":"https://geoportal.bafg.de/birt_viewer/frameset?__report=RW_WKSB_21P1.rptdesign&param_wasserkoerper=DERW_DENI_32039","link2":" ","Laenge_U_A":1.4399999999999999,"Bez_Anfang":"uh. Schleuse IV","Bez_Ende":"Landesgrenze","Kat":"S","BSB":"https://nlwkn.hannit-share.de/index.php/apps/files/files/11060789?dir=/db/PCK/Urpl/bsb&openfile=true","MNB":"https://nlwkn.hannit-share.de/index.php/apps/files/files/11060774?dir=/db/PCK/Urpl/mnb&openfile=true","U_Steckbri":"https://nlwkn.hannit-share.de/index.php/apps/files/files/11060759?dir=/db/PCK/Urpl/wsb_nlwkn&openfile=true","WK_NR":32039,"URL_WKDB":" ","IDUabschn":"PCK_5","BfG_WK":"https://geoportal.bafg.de/birt_viewer/frameset?__report=RW_WKSB_21P1.rptdesign&param_wasserkoerper=DERW_DENI_32039"}},{"type":"Feature","id":60,"geometry":{"type":"LineString","coordinates":[[789696.97550189518,6893928.3117842758],[789695.9652456356,6893932.9176779725],[789693.88325548975,6893940.5455393605],[789689.74116706848,6893957.4050426781],[789689.16466461681,6893962.2927491302],[789686.8405445494,6893982.1072793826],[789682.60343199363,6894000.7663964331],[789681.64871539443,6894003.767887353],[789675.25511662231,6894023.8497899994],[789663.29735446582,6894051.3163394136],[789643.91233239148,6894076.3337132204],[789605.30144291092,6894120.3653650144],[789585.05009034055,6894149.8650669195],[789572.34302365617,6894177.3120662412],[789562.09796240425,6894195.2796596121],[789524.15303558332,6894246.4928832529],[789454.12975874601,6894343.2726506591],[789343.79548545659,6894508.6957875201],[789287.13414217497,6894625.1024478124],[789278.31403617829,6894654.666132099],[789273.41215426638,6894671.1155997133],[789262.57141725475,6894722.2483531339],[789247.98187926342,6894823.8807934579],[789226.09156339872,6895034.2229465498],[789184.94139709533,6895477.1816461794],[789113.77076507593,6895959.6229920797],[788998.4265892799,6896632.3884191765],[788973.90219657402,6896766.4758504173],[788968.28637513134,6896789.0746959234],[788965.1632861445,6896801.6545059532],[788879.5383376932,6897265.854145023],[788818.19680451555,6897623.6716226833],[788690.88915404794,6898339.229951595],[788623.76782880782,6898696.9416247495],[788556.64214869507,6899054.6668591602],[788527.2826615771,6899205.3240883518],[788507.51911700063,6899298.4372863732],[788492.43629504798,6899345.4332082402],[788466.98190229712,6899392.1534399958],[788452.63305656461,6899411.4256125186],[788421.66169883346,6899448.7510485128],[788403.39635760651,6899485.2583560823],[788391.67774390755,6899535.8131320253],[788381.77350876166,6899604.9145011567],[788380.40038556652,6899655.9183593299],[788379.52326930466,6899689.0149855921],[788381.00766969682,6899720.7700071018]]},"properties":{"FID":60,"ID_con":2010,"bw_id":"SNK_uab_7355_11010","U_NR":4,"name":"Schleuse III (Oberhaupt) bis Schleuse IV (Unterhaupt)","GEW":"SNK","stat_von":7355,"stat_bis":11010,"bauart":"U-Abschnitt","upflicht":"NLWKN","KTR":"MAAVE10100","bemerk":" ","beschreib":"Unterhaltungsabschnitt 4 von Schleuse 3  bis Schleuse 4. Sommer 16,00 m NN, Winter 16,00 m NN (Sohle ca. von bei 14,50 m bis 14,35, Profile siehe Links, Unterwasserstand: zw. 15,60 und 15,50 m NN","beschreib_":" ","bemerk_uab":" ","beschreib1":"Für die einzelnen Kanalabschnitte sind die regelmäßig wiederkehrenden Unterhaltungsmaßnahmen nach Ufern getrennt in Arbeitsplänen (Stand 2004) dargestellt. Darin werden folgende Pflegemodi unterschieden (siehe auch Anlage 3):\n- zweimalige Mahd ab de","foto1":"https://nlwkn.hannit-share.de/index.php/core/preview?fileId=11060633&x=1280&y=819&a=true","foto2":" ","foto3":" ","foto4":" ","link1":"https://geoportal.bafg.de/birt_viewer/frameset?__report=RW_WKSB_21P1.rptdesign&param_wasserkoerper=DERW_DENI_32040","link2":" ","Laenge_U_A":3.6499999999999999,"Bez_Anfang":"Schleuse III (Oberhaupt)","Bez_Ende":"Schleuse IV (Unterhaupt)","Kat":"S","BSB":"https://nlwkn.hannit-share.de/index.php/apps/files/files/11058251?dir=/db/SNK/Urpl/bsb&openfile=true","MNB":"https://nlwkn.hannit-share.de/index.php/apps/files/files/11058218?dir=/db/SNK/Urpl/mnb&openfile=true","U_Steckbri":"https://nlwkn.hannit-share.de/index.php/apps/files/files/11058200?dir=/db/SNK/Urpl/wsb_nlwkn&openfile=true","WK_NR":32040,"URL_WKDB":" ","IDUabschn":"SNK_4","BfG_WK":"https://geoportal.bafg.de/birt_viewer/frameset?__report=RW_WKSB_21P1.rptdesign&param_wasserkoerper=DERW_DENI_32040"}},{"type":"Feature","id":61,"geometry":{"type":"LineString","coordinates":[[786987.22130292177,6903784.8181955544],[786986.73491548118,6903784.7512413617],[786965.01249164867,6903777.2286025053],[786932.13154494658,6903755.5262681972],[786899.40352065885,6903728.0434478084],[786848.47598129325,6903690.8210206013],[786821.20579824061,6903675.0519146658],[786780.09994872462,6903658.9113445254],[786711.1685952252,6903647.8078890881],[786621.60742833582,6903631.5224976353],[786032.67783324001,6903520.8341736216],[785444.73039084743,6903417.0716876937],[784854.74272062827,6903303.9578963732],[784266.98389527074,6903194.3323096111],[784132.72058422875,6903167.5534956818],[784051.2083621911,6903152.6144886911],[784016.71570137679,6903148.2069502017],[783995.9324462642,6903148.7990516732],[783958.79050980054,6903157.0414282791],[783879.51896121062,6903187.2709918441],[783746.43066192418,6903244.9493565615],[783669.49401279411,6903274.0834745932],[783078.00441541511,6903514.7291729888],[782485.32803490572,6903755.3062180877],[782086.94572948827,6903915.9851109236],[782086.93907354248,6903915.9882219378],[782086.93159683747,6903915.9913104242],[781889.15793766652,6903995.7509753769],[781640.66261508362,6904095.3440750018],[781527.49240759562,6904140.816083895],[781449.35589716712,6904171.056536735],[781389.76099929097,6904198.3346858006],[781362.57573126676,6904221.8786253696],[781286.34532405471,6904308.8509806562],[780992.99732324202,6904654.7503617257],[780700.9047717402,6904996.0606747279],[780399.24267079053,6905348.6803142764],[780096.52942665375,6905696.6466721576],[779801.8634910048,6906044.8398768287],[779507.1702980377,6906393.0384142036],[779207.90301950974,6906738.797427034],[778912.00632775261,6907086.969579692],[778611.43742637022,6907436.1737099914],[778315.52124098863,6907783.1977534266],[778023.104583862,6908128.0080454722],[777719.06160073844,6908474.8114448925],[777423.00401053648,6908824.1584137902],[777124.64453304559,6909172.2870466812],[777040.97905107797,6909274.1127299946],[776990.77791891107,6909335.2083618864],[776966.86218308529,6909364.6313366331],[776943.17407261406,6909385.9593450511],[776876.11806290643,6909430.3769766586],[776770.37335801392,6909495.6988665685],[776758.97436569037,6909502.7521258257]]},"properties":{"FID":61,"ID_con":2001,"bw_id":"PCK_uab_0_7870","U_NR":1,"name":"Süd-Nord-Kanal bis Schleuse I","GEW":"PCK","stat_von":0,"stat_bis":7870,"bauart":"U-Abschnitt","upflicht":"NLWKN","KTR":"MAAVE40500","bemerk":" ","beschreib":"Unterhaltungsabschnitt 1","beschreib_":" ","bemerk_uab":" ","beschreib1":"Für die einzelnen Kanalabschnitte sind die regelmäßig wiederkehrenden Unterhaltungsmaßnahmen nach Ufern getrennt in Arbeitsplänen (Stand 2004) dargestellt. Darin werden folgende Pflegemodi unterschieden (siehe auch Anlage 3):\n- zweimalige Mahd ab de","foto1":"https://nlwkn.hannit-share.de/index.php/core/preview?fileId=11061635&x=1280&y=819&a=true","foto2":"https://nlwkn.hannit-share.de/index.php/core/preview?fileId=11061638&x=1280&y=819&a=true","foto3":"https://nlwkn.hannit-share.de/index.php/core/preview?fileId=8273237&x=1280&y=819&a=true","foto4":"https://nlwkn.hannit-share.de/index.php/core/preview?fileId=8272828&x=1280&y=819&a=true","link1":"https://geoportal.bafg.de/birt_viewer/frameset?__report=RW_WKSB_21P1.rptdesign&param_wasserkoerper=DERW_DENI_32039","link2":" ","Laenge_U_A":7.8700000000000001,"Bez_Anfang":"Süd-Nord-Kanal","Bez_Ende":"Schleuse I","Kat":"S","BSB":"https://nlwkn.hannit-share.de/index.php/apps/files/files/11060777?dir=/db/PCK/Urpl/bsb&openfile=true","MNB":"https://nlwkn.hannit-share.de/index.php/apps/files/files/11060762?dir=/db/PCK/Urpl/mnb&openfile=true","U_Steckbri":"https://nlwkn.hannit-share.de/index.php/apps/files/files/11060759?dir=/db/PCK/Urpl/wsb_nlwkn&openfile=true","WK_NR":32039,"URL_WKDB":" ","IDUabschn":"PCK_1","BfG_WK":"https://geoportal.bafg.de/birt_viewer/frameset?__report=RW_WKSB_21P1.rptdesign&param_wasserkoerper=DERW_DENI_32039"}},{"type":"Feature","id":62,"geometry":{"type":"LineString","coordinates":[[792921.98296074837,6951722.6664970834],[792921.77029323264,6951723.4662581822],[792917.96240051102,6951737.7501483103],[792744.72212124872,6952414.0554867294],[792720.42554631026,6952508.8959207619],[792675.05437683919,6952686.004974681],[792613.76872844819,6952921.6324840467],[792606.18888193497,6952947.9212430399],[792601.78442022379,6952984.6578063192],[792601.97214795265,6952988.0413917936],[792603.3028538659,6953012.0845162384],[792603.36070635822,6953012.337710618],[792603.36462448537,6953012.3775780536],[792606.44012200739,6953038.8878718978],[792607.1135118003,6953044.6823665546],[792630.38836321922,6953121.3028500173],[792649.06726172357,6953174.1721600145],[792668.32734087412,6953228.6915973881]]},"properties":{"FID":62,"ID_con":2017,"bw_id":"SNK_uab_44630_45570","U_NR":11,"name":"uh. Wehr Altenberge bis Haren-Rütenbrock-Kanal","GEW":"SNK","stat_von":44630,"stat_bis":45570,"bauart":"U-Abschnitt","upflicht":"NLWKN","KTR":"MAAEN10100","bemerk":" ","beschreib":"Unterhaltungsabschnitt 11","beschreib_":" ","bemerk_uab":" ","beschreib1":"Für die einzelnen Kanalabschnitte sind die regelmäßig wiederkehrenden Unterhaltungsmaßnahmen nach Ufern getrennt in Arbeitsplänen (Stand 2004) dargestellt. Darin werden folgende Pflegemodi unterschieden (siehe auch Anlage 3):\n- zweimalige Mahd ab de","foto1":" ","foto2":" ","foto3":" ","foto4":" ","link1":"https://geoportal.bafg.de/birt_viewer/frameset?__report=RW_WKSB_21P1.rptdesign&param_wasserkoerper=DERW_DENI_03043","link2":" ","Laenge_U_A":0.93999999999999995,"Bez_Anfang":"uh. Wehr Altenberge","Bez_Ende":"Haren-Rütenbrock-Kanal","Kat":"S","BSB":"https://nlwkn.hannit-share.de/index.php/apps/files/files/11058242?dir=/db/SNK/Urpl/bsb&openfile=true","MNB":"https://nlwkn.hannit-share.de/index.php/apps/files/files/11058209?dir=/db/SNK/Urpl/mnb&openfile=true","U_Steckbri":"https://nlwkn.hannit-share.de/index.php/apps/files/files/11058200?dir=/db/SNK/Urpl/wsb_nlwkn&openfile=true","WK_NR":3043,"URL_WKDB":" ","IDUabschn":"SNK_11","BfG_WK":"https://geoportal.bafg.de/birt_viewer/frameset?__report=RW_WKSB_21P1.rptdesign&param_wasserkoerper=DERW_DENI_03043"}},{"type":"Feature","id":63,"geometry":{"type":"LineString","coordinates":[[793157.34231984767,6872803.8483370617],[793202.7184393045,6872740.9681889685],[793287.26312269457,6872633.5227585873],[793363.22106266732,6872561.2398555512],[793423.31528971926,6872516.3084974373],[793507.72598279931,6872437.5479307417],[793737.47088453383,6872224.0280681625],[793775.88537247584,6872198.7010521805],[793992.57685111812,6872055.9027464036],[794375.79414838122,6871868.1936929962],[794427.36935710115,6871841.7863406008],[794610.15940765885,6871748.1893267194],[794680.04590873246,6871738.2822706429],[794733.99532426638,6871744.331898341],[794945.29841176327,6871803.2073377464],[795046.18970928725,6871828.3492078185],[795080.78812974156,6871821.6371084424],[795125.88890675863,6871798.6723822709],[795136.51123439102,6871789.8131505186],[795201.62521936791,6871735.49875258],[795269.79286694364,6871712.0711092958],[795375.17605372739,6871676.8863123255],[795413.38785272662,6871652.5891062878],[795444.44521504687,6871612.3874936579],[795470.430674879,6871546.2157293279],[795500.03146751586,6871472.8887304924],[795526.22133650654,6871450.6995830219],[795586.60547095828,6871433.6891187439],[795622.99876821041,6871427.9457390653],[795666.07525762776,6871428.0629395535],[795703.97633699619,6871447.2957307203],[795753.17225234816,6871485.8092062715],[795802.91807721241,6871521.823183951],[795849.64880868478,6871536.8649953492],[795894.5585368952,6871545.2800313579],[795909.06547378434,6871546.425931897],[795950.58895774221,6871549.6826655734],[796022.38116187125,6871544.5021814294],[796074.76349855494,6871528.1565819327],[796115.01332165173,6871500.659138686],[796127.25079649442,6871490.7417108789],[796158.81425493769,6871465.1710613277],[796186.06496584776,6871432.6022930555],[796252.423577465,6871360.4885638468],[796321.3740240155,6871308.5142076341],[796397.61607014399,6871265.71882666],[796485.29570104403,6871215.1325002788],[796508.88742963423,6871202.557289144],[796536.58259913663,6871187.7850164818],[796568.13701609743,6871161.7709930344],[796624.68760926451,6871112.8129783981],[796690.53477290587,6871036.7558735814],[796762.13808672212,6870950.5580733428],[796908.23085993668,6870776.8370666932],[797016.05363683146,6870651.1724456279],[797080.0400178429,6870575.7852773797],[797117.33657644223,6870539.0074329963],[797179.96984683222,6870508.8523318376],[797250.01530596556,6870492.2496261969],[797795.8246552021,6870370.6203067647],[797840.38437562645,6870365.7178143244],[797938.98204111552,6870368.7771847621],[797972.96392125974,6870373.110337697],[797998.16101054964,6870367.0301785637],[798009.81036320853,6870365.4160504695],[798047.87149637414,6870360.1261623148],[798080.30177041865,6870352.4047297761],[798134.69098025805,6870333.4910831293],[798199.36940219486,6870285.5758373272],[798229.91277424281,6870253.1311614607],[798245.90752660029,6870228.1370388363],[798278.84288498329,6870174.8042889228],[798429.37866176339,6869948.2685084222],[798464.53396555025,6869892.7849923065],[798474.8830829697,6869874.6021399563],[798488.55029856379,6869836.1394253513],[798582.0410311881,6869628.42129438],[798669.08274092339,6869420.4673304958],[798739.77318476385,6869255.0213080486],[798762.86864657863,6869208.3758449322],[798790.81424565415,6869172.4189761318],[798920.39428281772,6869035.5340008251],[798996.38342984242,6868955.2625635304],[799032.56778362545,6868925.39984963],[799053.16982450034,6868911.591442544],[799086.42267680203,6868894.4782994576],[799113.07420342846,6868882.6696805051],[799141.65285382012,6868873.7453234093],[799339.73598441517,6868824.2697118483],[799399.4017783521,6868808.9031712115],[799458.5103202333,6868798.5425179107],[799489.89866600977,6868798.5530583458],[799536.89616270794,6868800.4366245912],[799605.45312915789,6868812.0463503292],[799720.22050633887,6868829.3041970795],[799756.82288160257,6868830.2923438884],[799806.69244574453,6868828.8013369888],[799831.33969313069,6868822.4307857538],[799875.1631200054,6868803.108910636],[799902.02432849247,6868791.2932567792],[799969.81675157812,6868746.2050643787],[800049.34411275398,6868693.0589756044],[800075.58495646634,6868680.2046671147],[800096.47739000956,6868673.2555296784],[800119.69692585664,6868668.5791543918],[800147.96101205621,6868667.5892777974],[800227.92520157527,6868662.9931090036],[800255.51379582949,6868658.6702062422],[800289.29528962635,6868650.0986083895],[800314.66677709331,6868635.1763189202],[800338.72022908356,6868615.6709132567],[800353.85029611399,6868596.3106239233],[800379.08883470949,6868556.3660396691],[800408.52865860157,6868503.4527193382],[800419.26640959526,6868482.4795133481],[800425.27506003971,6868466.1391129848],[800434.16012233996,6868439.802616436],[800440.67616706353,6868420.4888271149],[800450.02484069159,6868388.475542211],[800460.88886386226,6868331.4295923179],[800475.52572405955,6868260.1628153501],[800479.6636213226,6868242.3942499282],[800490.32560252061,6868215.785078167],[800503.47464277421,6868189.3481984213],[800525.63130153099,6868151.9616493778],[800561.20625161333,6868091.6735847145],[800572.32490721915,6868067.9739430398],[800580.13644870045,6868045.9826292871],[800582.90442056139,6868020.520172935],[800580.94678488688,6867981.9939641366],[800576.79204566602,6867951.9907149384],[800573.58223334537,6867928.7420375394],[800562.89917979552,6867799.0347535182],[800560.32524945925,6867761.7643944733],[800559.13728130923,6867734.2699291613],[800560.993284759,6867717.9824226936],[800571.13019446807,6867667.4092764007],[800586.42571210919,6867614.4910189938],[800606.58232061239,6867567.9468446299],[800616.346268747,6867552.3985339897],[800644.10111517319,6867513.6930543222],[800654.88938373304,6867498.8816445451],[800668.79658886825,6867479.8074173061],[800703.87641577073,6867430.379701985],[800737.55972555361,6867384.4975744849],[800749.9815771901,6867365.5797236077],[800756.22267468739,6867350.4827612462],[800769.5553078095,6867290.7163400967],[800795.57716760121,6867169.7007836131],[800804.57382421824,6867127.4905246804],[800837.82511328103,6867033.6893510595],[800856.61614218052,6866977.7997044036],[800864.99127106636,6866936.6318407143],[800876.72311973979,6866880.8430032069],[800878.28193040064,6866873.3114907863],[800878.31767437072,6866845.8015434034],[800877.06675006519,6866736.2061348027],[800874.26511971501,6866713.9527006242],[800864.0722096673,6866681.5813421719],[800850.26910390134,6866629.4453339186],[800838.28989992267,6866557.0929159746],[800834.97774585348,6866526.721116811],[800830.91576079268,6866456.74529339],[800828.70626023319,6866431.7808002438],[800818.98228552344,6866403.9740966754],[800800.89505767054,6866371.5046065189],[800765.27906051779,6866319.6651800442],[800719.30630134931,6866269.0134117585],[800688.20525648887,6866243.1657858808],[800630.70396507706,6866202.0431561414],[800588.72732067178,6866170.7239726279],[800575.45991966117,6866157.9835031442],[800559.60989599151,6866138.1752641546],[800547.292120739,6866118.555574731],[800544.41176391265,6866104.4139262317],[800542.5310052553,6866088.4064681958],[800542.27737151482,6866070.0606501484],[800547.94688153162,6866043.1140933838],[800560.77487352956,6866007.3172219852],[800579.08634822362,6865963.108558177],[800596.81306083105,6865935.9957308304],[800615.51696521381,6865914.6499820175],[800631.09524135396,6865892.0956176082],[800642.67613763013,6865866.9031841448],[800650.26827118697,6865839.7118491875],[800648.97894939827,6865813.930264771],[800643.42483506911,6865781.3555247961],[800629.29756120068,6865746.0219612913],[800619.19023170322,6865714.7670593224],[800614.35759012436,6865688.2073674342],[800614.79786499741,6865666.345919407],[800620.47188737267,6865624.8370095976],[800635.45546565822,6865581.0614124564],[800649.4997021195,6865542.7067937581],[800657.37204228702,6865518.6252182461],[800661.43688347156,6865502.5367983552],[800663.27514523221,6865478.1451838566],[800659.35445069009,6865444.4954216918],[800650.23893491842,6865423.7740864214]]},"properties":{"FID":63,"ID_con":2032,"bw_id":"VEC_uab_121600_129270","U_NR":13,"name":"uh. Wehr Brandlecht bis oh. Einmündung Großer Limbeckgraben","GEW":"VEC","stat_von":121600,"stat_bis":129270,"bauart":"U-Abschnitt","upflicht":"NLWKN","KTR":"MABVE00200","bemerk":" ","beschreib":"Unterhaltungsabschnitt 13","beschreib_":" ","bemerk_uab":" ","beschreib1":" ","foto1":" ","foto2":" ","foto3":" ","foto4":" ","link1":"https://geoportal.bafg.de/birt_viewer/frameset?__report=RW_WKSB_21P1.rptdesign&param_wasserkoerper=DERW_DENI_32001","link2":" ","Laenge_U_A":7.6699999999999999,"Bez_Anfang":"uh. Wehr Brandlecht","Bez_Ende":"oh. Einmündung Großer Limbeckgraben","Kat":"E","BSB":"https://nlwkn.hannit-share.de/index.php/apps/files/files/11053739?dir=/db/VEC/Urpl/bsb&openfile=true","MNB":"https://nlwkn.hannit-share.de/index.php/apps/files/files/11053679?dir=/db/VEC/Urpl/mnb&openfile=true","U_Steckbri":"https://nlwkn.hannit-share.de/index.php/apps/files/files/11053664?dir=/db/VEC/Urpl/wsb_nlwkn&openfile=true","WK_NR":32001,"URL_WKDB":"https://www.umweltkarten-niedersachsen.de/Download_OE/WRRL/WKDB_HE/32001_Vechte_ohne_Nordhorn.pdf","IDUabschn":"VEC_13","BfG_WK":"https://geoportal.bafg.de/birt_viewer/frameset?__report=RW_WKSB_21P1.rptdesign&param_wasserkoerper=DERW_DENI_32001"}},{"type":"Feature","id":64,"geometry":{"type":"LineString","coordinates":[[827871.45900183124,6920279.6917931102],[827876.67805025214,6920274.5796433967],[827880.47406551847,6920270.3955916446],[827889.6357360048,6920221.8105847733],[827893.14139843755,6920194.5922632311],[827895.05148215697,6920179.7627891619],[827894.06068599108,6920076.993344469],[827893.15096216789,6920059.2549712686],[827887.45744416676,6919999.636725232],[827885.80222606624,6919982.2972886758],[827883.35613266961,6919925.9010811755],[827882.79514985066,6919912.9655358093],[827885.59846623079,6919852.7941108113],[827896.26664745354,6919776.2316725114],[827920.73844714975,6919686.4174699513],[827949.48772030021,6919607.2360183448],[827968.51086495048,6919560.9712992553],[827982.99901540461,6919516.1139602447],[827994.35407935712,6919477.2121023452],[827999.34595844592,6919454.7339288481],[828017.71422892401,6919369.3076241426],[828040.94226431474,6919267.424843438],[828058.72456997423,6919209.0890994947],[828079.24734326138,6919162.8589890543],[828104.56802094867,6919103.1834836556],[828157.59181745874,6919012.4883474289],[828170.05668525712,6918991.6808841024],[828202.88060835237,6918932.1674173931],[828220.27128584008,6918891.8933024276],[828224.148976036,6918851.3260943731],[828221.8303018352,6918819.657158481],[828210.95723810641,6918766.7253538175],[828192.61074443464,6918712.1277407547],[828183.10944199935,6918665.2489498155],[828173.44738966634,6918625.8932122421],[828174.03200722928,6918598.8064661948],[828179.28282457765,6918564.2932232302],[828186.99913939089,6918544.9470916186],[828191.19045003515,6918534.439418368],[828216.60836821201,6918504.8805840053],[828248.03085717885,6918475.4502605572],[828277.13564373751,6918448.9824960455],[828302.52049747028,6918420.9283401016],[828321.83591674117,6918395.7522619935],[828333.54693627602,6918370.6262482349],[828333.64528964576,6918370.4152414976],[828340.25021572842,6918342.7063371912],[828343.10324715462,6918314.9161562454],[828344.53442406259,6918283.3305185381],[828338.01856475847,6918237.2725476865],[828327.66980930942,6918194.894892076],[828315.6252873817,6918161.5121434825],[828295.27528837463,6918130.2085316796],[828272.46354713861,6918108.6383687472],[828242.78426778154,6918092.1877749013],[828210.641702767,6918085.4685896942],[828170.7501378163,6918089.8718025731],[828131.47978223243,6918100.3119458919],[828077.94991851109,6918110.4407241186],[828047.09719839389,6918113.5340291467],[828021.62733860093,6918110.72348963],[827979.01139816479,6918102.2705040975],[827956.07061163185,6918086.7171955639],[827938.41534537158,6918069.7746133432],[827914.34772952681,6918036.884115939],[827895.76271670545,6917993.574325107],[827889.05450099951,6917956.5448533548],[827889.18152676325,6917915.9011057075],[827894.48176976526,6917879.1329209963],[827900.94127000717,6917858.1982320091],[827923.77910875762,6917809.0156351523],[827946.8311570657,6917784.6771239154],[827968.28283597331,6917764.8201864092],[828020.89643855928,6917727.5745184291],[828049.99906000146,6917701.1100009317],[828077.63490669383,6917673.1065822542],[828094.72911275225,6917646.3814267945],[828107.07836343371,6917630.8432165124],[828120.56702453247,6917597.264560706],[828132.76576624042,6917553.8738646852],[828134.93277058285,6917523.0607088385],[828136.52856888378,6917483.9563801372],[828138.69553304394,6917453.1436542887],[828145.96888507553,6917429.2150719604],[828163.70003347169,6917407.7723949645],[828193.40623640944,6917388.094979181],[828245.64288023685,6917368.1540638851],[828313.55565093528,6917352.3136943327],[828372.98831608286,6917346.8282694034],[828456.17342791206,6917353.8982321816],[828519.06582866225,6917362.0352107799],[828554.90890208422,6917371.0897192135],[828634.7379100488,6917394.6445248611],[828671.08946405526,6917415.0008255001],[828711.71765061317,6917445.9857295826],[828747.77681129402,6917479.8825371219],[828791.99530451349,6917518.4736633766],[828818.67342364124,6917534.8561568838],[828859.59378001862,6917552.3000429394],[828925.32696253515,6917568.0205571745],[829000.83366906818,6917583.1982053583],[829072.55677265686,6917599.8006377928],[829111.32277018426,6917612.6804223852],[829142.45455429016,6917631.4172119787],[829176.47727545642,6917655.4844544884],[829206.53519306146,6917689.2505267011],[829226.87153956748,6917721.3016626369],[829236.07863810065,6917747.0928644259],[829239.0895997585,6917781.7815099414],[829235.36115425464,6917815.5730291456],[829227.25876955979,6917843.2486892901],[829212.48298856325,6917867.0159245944],[829186.40001647267,6917892.7984698778],[829124.68912094925,6917934.3725678297],[829029.59847265854,6917991.7848886205],[828963.39898421068,6918032.5079263952],[828866.7419033288,6918092.8962520836],[828784.84297649306,6918130.2696065074],[828727.23788841127,6918155.3700749185],[828689.95973658387,6918177.8987454837],[828670.75961892831,6918197.8071998581],[828655.93125412776,6918223.8325399691],[828647.19006272592,6918246.2248577913],[828642.07127164362,6918274.7195825446],[828642.40093757655,6918299.2146108849],[828642.64912749652,6918317.6377923461],[828650.36005723185,6918378.0254553091],[828660.93764981814,6918409.8696608525],[828676.11581320502,6918437.298324151],[828697.41373088269,6918459.5891827904],[828721.12298006273,6918474.4041026076],[828746.54400192853,6918479.4705857197],[828788.47949570627,6918484.8939127969],[828824.55440573464,6918483.4145800853],[828869.73318737408,6918477.6165062236],[828951.55272207246,6918444.0037184684],[829028.8212547967,6918412.5510270819],[829103.70740808733,6918387.0686377911],[829156.58503352711,6918372.4000675529],[829213.08539563033,6918363.8333418611],[829258.15036882635,6918363.2994786724],[829284.37119648373,6918366.1238404987],[829316.41915350151,6918377.3519184114],[829352.80916828394,6918396.2028613808],[829378.56240544538,6918420.8469325174],[829412.91786416736,6918464.493432221],[829433.74868545472,6918508.6024791012],[829450.01348025282,6918555.6245610127],[829465.31568273949,6918612.4133621929],[829486.82004457759,6918730.3099250114],[829505.76382638572,6918792.4473718032],[829525.11092761194,6918835.7738603177],[829551.0840819038,6918885.2643189933],[829582.26432564028,6918937.1263594339],[829604.21930837305,6918963.9471403034],[829670.24282623501,6919036.8849150576],[829706.3308716648,6919070.0326055298],[829737.50189229776,6919087.2654376412],[829771.8221120002,6919097.7895517685],[829822.06450464414,6919101.127063456],[829861.19277794263,6919097.4506119695],[829889.92624488799,6919088.2817997178],[829918.77067196928,6919073.8442363329],[829947.02590309409,6919051.8672630191],[829986.09527880535,6919015.8176507447],[830024.54137435928,6918973.7318286607],[830049.30073555291,6918939.6344718821],[830130.09311023133,6918813.3919134121],[830243.10144345369,6918620.0899605239],[830282.80929082818,6918553.9440781213],[830290.37454265694,6918537.5134117454],[830296.19417356513,6918524.8726834748],[830304.90084499214,6918503.9809678309],[830313.11077447596,6918471.0356174773],[830313.67229465686,6918444.7009024564],[830309.0446691392,6918415.2438239772],[830305.07064198307,6918390.3175485022],[830265.71969609358,6918263.7645303188],[830252.69530631893,6918205.5246227086],[830249.42309548834,6918182.8715589214],[830249.17085818248,6918159.5312594287],[830250.69083087519,6918123.4329720289],[830262.065030806,6918083.0295128915],[830276.26490906603,6918050.9662784869],[830296.40308217343,6918022.0413562329],[830320.19850552373,6917997.7113626348],[830352.95205698058,6917975.8323659804],[830384.73115213215,6917964.4690771988],[830411.90921403968,6917957.5236968789],[830438.22528358141,6917955.8280910924],[830471.19932185777,6917958.7931100288],[830501.02854241885,6917968.4645707943],[830524.7878592523,6917981.015164461],[830549.18631667481,6917998.8513756264],[830562.21167351713,6918011.5695108958]]},"properties":{"FID":64,"ID_con":1986,"bw_id":"HAS_uab_24880_30280","U_NR":8,"name":"oh. ehem. Altarm Blanke bis uh. Einmündung Lotter Beeke","GEW":"HAS","stat_von":24880,"stat_bis":30280,"bauart":"U-Abschnitt","upflicht":"NLWKN","KTR":"MAAHA00100","bemerk":" ","beschreib":"Entwicklungsstrecke im E+E-Gebiet","beschreib_":"Maßnahmen zur Ufersicherung werden nach Einzelfallentscheidung (Gewässerbesichtigung) durchgeführt.\nIm Bereich der landkreiseigenen Anliegerflächen und der landeseigenen Anliegerflächen sollen Ufererosionen innerhalb eines 5 m breiten Randstreifens","bemerk_uab":"Entwicklungsstrecke im E+E-Gebiet","beschreib1":"Die Gewässerunterhaltung erfolgt allgemein naturschonend (keine Maßnahmen auf der Gewässersohle; Schutz und Pflege des Gehölzbestandes; räumlich und zeitlich gestaffelte Mahd der Ufersaumstreifen und der Unterhaltungsstreifen). Es sind keine signifi","foto1":" ","foto2":" ","foto3":" ","foto4":" ","link1":"https://geoportal.bafg.de/birt_viewer/frameset?__report=RW_WKSB_21P1.rptdesign&param_wasserkoerper=DERW_DENI_02096","link2":" ","Laenge_U_A":5.4000000000000004,"Bez_Anfang":"oh. ehem. Altarm Blanke","Bez_Ende":"uh. Einmündung Lotter Beeke","Kat":"E","BSB":"https://nlwkn.hannit-share.de/index.php/apps/files/files/11063530?dir=/db/HAS/Urpl/bsb&openfile=true","MNB":"https://nlwkn.hannit-share.de/index.php/apps/files/files/11063479?dir=/db/HAS/Urpl/mnb&openfile=true","U_Steckbri":"https://nlwkn.hannit-share.de/index.php/apps/files/files/11063434?dir=/db/HAS/Urpl/wsb_nlwkn&openfile=true","WK_NR":2096,"URL_WKDB":"https://www.umweltkarten-niedersachsen.de/Download_OE/WRRL/WKDB_HE/02089_Hase_Grosse_Hase.pdf","IDUabschn":"HAS_8","BfG_WK":"https://geoportal.bafg.de/birt_viewer/frameset?__report=RW_WKSB_21P1.rptdesign&param_wasserkoerper=DERW_DENI_02096"}},{"type":"Feature","id":65,"geometry":{"type":"LineString","coordinates":[[789954.06509697437,6875779.0331468806],[790005.767070167,6875692.8833578192],[790014.29191822244,6875680.1226545498],[790050.80301289633,6875625.4623517469],[790096.2507946596,6875572.2468921496],[790144.09882720036,6875517.5184605969],[790225.58009314246,6875440.0173279243],[790310.05252572068,6875373.8758494854],[790358.09244642616,6875336.2614409169],[790576.67419028049,6875178.7508230638],[790677.9822072871,6875105.744637223],[790994.66830376524,6874876.7140880106],[791062.92193965765,6874823.3080899362],[791153.73910531239,6874749.2035136018],[791274.55997163896,6874640.4044768866],[791296.48123991571,6874614.16998195],[791353.33127583005,6874545.4825998098],[791398.49163329601,6874472.5477399305],[791432.64967595146,6874399.3233482223],[791458.09838506149,6874328.238025303],[791478.4146503699,6874242.826680162],[791497.13720964559,6874158.161659291],[791503.78875973856,6874114.1822435642],[791514.60652230843,6874000.9264625357],[791521.5597505084,6873915.1684046984],[791536.52898519323,6873672.7236596625],[791546.2656225852,6873540.5248848163],[791558.22166147851,6873443.8641129024],[791573.12054970721,6873385.1251133103],[791590.0700454748,6873338.265889544],[791622.77835989522,6873290.241934617],[791660.05734731769,6873247.8561200676],[791681.35899531457,6873229.9545612065],[791694.6281369467,6873218.8026704257],[791745.66327676456,6873191.7574505275],[791798.10343699728,6873171.0543119218],[791875.54962570069,6873156.5248227082],[792015.82183787029,6873145.212344408],[792048.07615089254,6873143.4705024101],[792094.57219630876,6873140.9626823477],[792111.71329531027,6873140.3526354777],[792145.73511871055,6873139.1453158213],[792150.30086691817,6873138.9932598881]]},"properties":{"FID":65,"ID_con":2030,"bw_id":"VEC_uab_118510_120800","U_NR":11,"name":"Oh. Einmündung Brandlechter Bruchgraben bis oh. Brücke Tillenberger Weg (Brandlecht)","GEW":"VEC","stat_von":118510,"stat_bis":120800,"bauart":"U-Abschnitt","upflicht":"NLWKN","KTR":"MABVE00200","bemerk":" ","beschreib":"Unterhaltungsabschnitt 11","beschreib_":" ","bemerk_uab":" ","beschreib1":"relativ flache kurze Böschungen","foto1":" ","foto2":" ","foto3":" ","foto4":" ","link1":"https://geoportal.bafg.de/birt_viewer/frameset?__report=RW_WKSB_21P1.rptdesign&param_wasserkoerper=DERW_DENI_32001","link2":" ","Laenge_U_A":2.29,"Bez_Anfang":"Oh. Einmündung Brandlechter Bruchgraben","Bez_Ende":"oh. Brücke Tillenberger Weg (Brandlecht)","Kat":"S","BSB":"https://nlwkn.hannit-share.de/index.php/apps/files/files/11053730?dir=/db/VEC/Urpl/bsb&openfile=true","MNB":"https://nlwkn.hannit-share.de/index.php/apps/files/files/11053673?dir=/db/VEC/Urpl/mnb&openfile=true","U_Steckbri":"https://nlwkn.hannit-share.de/index.php/apps/files/files/11053664?dir=/db/VEC/Urpl/wsb_nlwkn&openfile=true","WK_NR":32001,"URL_WKDB":"https://www.umweltkarten-niedersachsen.de/Download_OE/WRRL/WKDB_HE/32001_Vechte_ohne_Nordhorn.pdf","IDUabschn":"VEC_11","BfG_WK":"https://geoportal.bafg.de/birt_viewer/frameset?__report=RW_WKSB_21P1.rptdesign&param_wasserkoerper=DERW_DENI_32001"}},{"type":"Feature","id":66,"geometry":{"type":"LineString","coordinates":[[851332.31819042249,6924978.3624828234],[851337.30329822027,6924982.7457916941],[851350.6440451378,6924994.4764487529],[851387.09000057296,6925037.5525319446],[851424.50582120102,6925082.6654569507],[851456.77615438332,6925133.7370078024],[851470.14985864901,6925172.3430421334],[851477.59703552432,6925204.781099814],[851480.83020635031,6925247.2337563597],[851479.1267225045,6925284.5470053758],[851473.35817507363,6925323.802583145],[851461.57038190612,6925361.9351868359],[851446.89426224562,6925392.9496296998],[851435.18994972412,6925424.4893045435],[851333.43880309444,6925698.6733090216],[851271.08785602369,6925855.9754157597],[851252.8987188075,6925913.1689115511],[851239.74247440859,6925970.457402911],[851233.02339938399,6926006.6710879831],[851228.9640821605,6926039.4126545768],[851225.90578437771,6926064.0739619751],[851221.39746644208,6926125.4414661853],[851220.50017837551,6926137.6603831863],[851211.13459358562,6926315.1479079714],[851204.840177543,6926436.165637169],[851207.92116670008,6926486.6972407978],[851214.13598762744,6926531.2316590119],[851228.51639293903,6926569.8637347417],[851254.56318588438,6926630.9238456162],[851405.80456321361,6926943.6916372254],[851470.05655548419,6927062.0073025618],[851507.19909138989,6927122.268611039],[851535.73279345816,6927158.1396423364],[851617.46174599801,6927257.6031609001],[851701.33946234093,6927350.0402072035],[851758.59899176715,6927411.6901143631],[851797.33659345424,6927440.6857440742],[851844.29535413766,6927460.7489384441],[851883.38942963455,6927470.5680601476],[851918.60754625639,6927472.2366242129],[851979.1073458835,6927468.3217245778],[852061.77542039927,6927463.8127943883],[852094.01034330728,6927463.4057299849],[852127.21352190978,6927465.0374503331],[852164.35094546061,6927471.7891988168],[852204.30264807737,6927489.7003560374],[852239.12659298256,6927512.5639221221],[852273.78184964648,6927544.5087695969],[852340.89038577408,6927618.4558627391],[852371.83361837454,6927658.0692678448],[852371.84328475303,6927658.081009374],[852388.10886596353,6927678.9054020485],[852434.17212595639,6927747.4113161536],[852518.18702715554,6927879.3511617072],[852553.59309486905,6927934.9535593437],[852554.54205676063,6927936.4438478639],[852634.87186663784,6928058.0939595811],[852665.31690835929,6928100.0582593493],[852708.75694505544,6928147.3134944765],[852764.31756245997,6928192.7754753977],[852813.05342723697,6928225.9935082421],[852853.01050696371,6928243.9031563252],[852906.09361159883,6928260.0362026282],[852951.27243683452,6928267.9450552734],[853000.60758030263,6928268.8630483383],[853052.05134238431,6928264.7711584819],[853107.65266712185,6928253.6881450098],[853170.47148360393,6928233.6535147047],[853216.20845365012,6928211.280262283],[853295.50772963755,6928171.3542349208],[853382.80570519215,6928134.6072532367],[853385.97456710343,6928133.7101270081],[853459.75456912536,6928112.8119259356],[853524.41573693638,6928101.8943800544],[853584.86374548415,6928100.9954590378],[853631.12287117494,6928104.8804486673],[853695.30183184624,6928120.2048444496],[853734.38284736569,6928131.0257403133],[853931.90781865059,6928184.5726807956],[853965.66935361724,6928193.724048757]]},"properties":{"FID":66,"ID_con":1994,"bw_id":"HAS_uab_49300_52530","U_NR":16,"name":"uh. Mündung Hahnenmoorkanal bis Brücke Düenkamp","GEW":"HAS","stat_von":49300,"stat_bis":52530,"bauart":"U-Abschnitt","upflicht":"NLWKN","KTR":"MABHA00200","bemerk":" ","beschreib":"Prioritäre Ziele: Planfestgestellten Abfluss sicherstellen, Hochwasserschutz Umland / Ortschaft Westrum","beschreib_":"Prioritäre Ziele: Planfestgestellten Abfluss sicherstellen, Hochwasserschutz Umland / Ortschaft Westrum.\nFür vorhandene Bauwerke, Bootsstege, Brücken und Einlaufbauwerke sind die Eigentümer oder Nutzungsberechtigten bzw. Unterhaltungspflichtigen zust","bemerk_uab":"Technische Ausbaustrecke; Planfestgestellten Abfluss sicherstellen, Hochwasserschutz Umland / Ortschaft Westrum","beschreib1":"Die Gewässerunterhaltung erfolgt allgemein naturschonend (keine Maßnahmen auf der Gewässersohle; zeitlich gestaffelte Mahd der Böschungen unter Schonung der Wasserwechselzonen; Erhalt der Röhrichtbestände).\nEs sind keine signifikant erhöhten Schä","foto1":"https://nlwkn.hannit-share.de/index.php/core/preview?fileId=11369813&x=1280&y=819&a=true","foto2":"https://nlwkn.hannit-share.de/index.php/core/preview?fileId=11369812&x=1280&y=819&a=true","foto3":"https://nlwkn.hannit-share.de/index.php/core/preview?fileId=11369815&x=1280&y=819&a=true","foto4":"https://nlwkn.hannit-share.de/index.php/core/preview?fileId=11369814&x=1280&y=819&a=true","link1":" ","link2":" ","Laenge_U_A":3.23,"Bez_Anfang":"uh. Mündung Hahnenmoorkanal","Bez_Ende":"Brücke Düenkamp","Kat":"S","BSB":"https://nlwkn.hannit-share.de/index.php/apps/files/files/11063509?dir=/db/HAS/Urpl/bsb&openfile=true","MNB":"https://nlwkn.hannit-share.de/index.php/apps/files/files/11063458?dir=/db/HAS/Urpl/mnb&openfile=true","U_Steckbri":"https://nlwkn.hannit-share.de/index.php/apps/files/files/11063434?dir=/db/HAS/Urpl/wsb_nlwkn&openfile=true","WK_NR":2095,"URL_WKDB":"https://www.umweltkarten-niedersachsen.de/Download_OE/WRRL/WKDB_HE/02089_Hase_Grosse_Hase.pdf","IDUabschn":"HAS_16","BfG_WK":"https://geoportal.bafg.de/birt_viewer/frameset?__report=RW_WKSB_21P1.rptdesign&param_wasserkoerper=DERW_DENI_02095"}},{"type":"Feature","id":67,"geometry":{"type":"LineString","coordinates":[[775749.70566563413,6888415.7989711957],[775749.92090980476,6888405.4133429835],[775748.93269156676,6888372.2173524527],[775743.00793421408,6888344.171318016],[775733.68727002433,6888317.4706079736],[775705.36357569462,6888250.3384319562],[775678.25421312265,6888174.1091622114],[775650.12008636526,6888100.2537730513],[775626.03510073095,6888052.9500889368],[775595.24449989712,6888005.4573617531],[775572.23378813616,6887971.162154749],[775551.89661068353,6887944.1533129523],[775532.84743861679,6887922.4661932793],[775516.90936863772,6887909.520128198],[775497.1511479686,6887895.9849490235],[775470.74137628649,6887880.3382625515],[775439.95261822885,6887866.9730801554],[775416.92370289133,6887850.4620585777],[775405.33789209509,6887836.194754553],[775398.36072360806,6887811.48531147],[775397.42218361248,6887793.6741510285],[775400.75628520572,6887777.4261137526],[775413.583131194,6887747.5076317759],[775431.33430421597,6887712.9228778193],[775448.35677216877,6887670.14575822],[775474.04982641886,6887608.8682772666],[775498.19695010909,6887551.3919052156],[775507.15084167453,6887522.8072873298],[775509.55212856352,6887505.5724530602],[775503.37101599772,6887486.6530101663],[775487.27918953798,6887462.16711675],[775471.6117766283,6887439.6171320267],[775463.55537132232,6887419.2025247514],[775462.49523548351,6887405.7159620002],[775465.83266914694,6887392.4375794772],[775467.89336420805,6887384.2403403856],[775477.32520735974,6887355.6681992589],[775492.36344253155,6887315.240445287],[775504.05587466236,6887291.5391695965],[775517.78536453366,6887263.5700121699],[775546.79588471469,6887220.6536004618],[775600.12896405975,6887148.1435586531],[775701.97276655515,6887003.9492746042],[775807.22149800218,6886857.9320095759],[775810.48256606457,6886852.9577268288],[775842.93906997726,6886803.4438455328],[775901.87328969757,6886713.5378365731],[775916.23525854573,6886697.122846093],[775933.52616311843,6886678.86669097],[775949.73631967232,6886664.9052074449],[775982.29998433613,6886649.0026843697],[776036.72940692399,6886622.6620185757],[776145.98303329153,6886572.8722024104],[776223.27353176882,6886534.6795651847],[776244.77850134927,6886519.905730404],[776254.17571550154,6886509.5978881009],[776293.95096306573,6886441.5130808065],[776329.33403883362,6886376.1913834894],[776342.10124169092,6886348.1967967963],[776360.3288913687,6886296.3277809629],[776389.01992720529,6886202.6219059918],[776398.87007489684,6886170.4499396766]]},"properties":{"FID":67,"ID_con":1968,"bw_id":"DIN_uab_2760_4450","U_NR":3,"name":"Brücke Südring (B 403) bis oh. Kalverlage Brücke","GEW":"DIN","stat_von":2760,"stat_bis":4450,"bauart":"U-Abschnitt","upflicht":"NLWKN","KTR":"MABVE00300","bemerk":" ","beschreib":"Unterhaltungsabschnitt 3 der Dinkel (Entwicklungsstrecke)","beschreib_":" ","bemerk_uab":" ","beschreib1":"Prioritäre Ziele: Fließgewässerentwicklung mit Schwerpunkt Ufer- und Sohlstrukturen verbessern sowie Galeriewaldentwicklung\nHinweis: Ufersicherungen für vorhandene Verkehrsanlagen, Bootsstege und Brücken sind durch die Eigentümer oder Nutzungsberec","foto1":" ","foto2":" ","foto3":" ","foto4":" ","link1":"https://geoportal.bafg.de/birt_viewer/frameset?__report=RW_WKSB_21P1.rptdesign&param_wasserkoerper=DERW_DENI_32004","link2":" ","Laenge_U_A":1.6899999999999999,"Bez_Anfang":"Brücke Südring (B 403)","Bez_Ende":"oh. Kalverlage Brücke","Kat":"E","BSB":"https://nlwkn.hannit-share.de/index.php/apps/files/files/11067454?dir=/db/DIN/Urpl/bsb&openfile=true","MNB":"https://nlwkn.hannit-share.de/index.php/apps/files/files/11067439?dir=/db/DIN/Urpl/mnb&openfile=true","U_Steckbri":"https://nlwkn.hannit-share.de/index.php/apps/files/files/11067430?dir=/db/HAS/Urpl/wsb_nlwkn&openfile=true","WK_NR":32004,"URL_WKDB":"https://www.umweltkarten-niedersachsen.de/Download_OE/WRRL/WKDB_HE/32004_Dinkel.pdf","IDUabschn":"DIN_3","BfG_WK":"https://geoportal.bafg.de/birt_viewer/frameset?__report=RW_WKSB_21P1.rptdesign&param_wasserkoerper=DERW_DENI_32004"}},{"type":"Feature","id":68,"geometry":{"type":"LineString","coordinates":[[768000.33321990352,6912719.2314045401],[767965.67824581254,6912730.5096635325],[767609.72158314497,6912855.5907212822],[767540.78211781243,6912882.5229381397],[767242.01509557874,6913026.6345130587],[767010.50211024215,6913043.0088721178],[766792.08982860122,6913054.1248665033],[766721.21563447581,6913057.7197762188],[766447.60851098143,6913091.3693867708],[765853.43850463384,6913183.8923091376],[765313.80913737696,6913267.561079232],[764928.63539106946,6913323.3414249122],[764892.78760092647,6913324.5960332388],[764857.1425426451,6913318.9096061746],[764695.76240279456,6913267.8065971825],[764329.38850765408,6913156.192258914],[764151.99373241176,6913099.9728359692],[764125.65164047945,6913092.2423013141],[764091.09466959746,6913088.9004361322],[763568.04878183419,6913080.2982704183],[763077.45774907828,6913067.9970592568],[762497.8247689812,6913058.7954394063],[761999.0907183669,6913048.5001759781],[761900.98673659307,6913045.560353063],[761843.24487731932,6913044.9880987871],[761813.09762874024,6913048.7153307572],[761773.20137344976,6913069.5228690626],[761305.22026567732,6913305.6205468718],[760696.4162136158,6913613.8944156803],[760093.23400692211,6913925.7787815314],[759587.48573512118,6914184.9830375295],[759506.49153963476,6914229.1182574444]]},"properties":{"FID":68,"ID_con":2003,"bw_id":"PCK_uab_13685_19095","U_NR":3,"name":"uh. Schleuse II bis Schleuse III","GEW":"PCK","stat_von":13685,"stat_bis":19095,"bauart":"U-Abschnitt","upflicht":"NLWKN","KTR":"MAAVE40500","bemerk":" ","beschreib":"Unterhaltungsabschnitt 3","beschreib_":" ","bemerk_uab":" ","beschreib1":"Für die einzelnen Kanalabschnitte sind die regelmäßig wiederkehrenden Unterhaltungsmaßnahmen nach Ufern getrennt in Arbeitsplänen (Stand 2004) dargestellt. Darin werden folgende Pflegemodi unterschieden (siehe auch Anlage 3):\n- zweimalige Mahd ab de","foto1":"https://nlwkn.hannit-share.de/index.php/core/preview?fileId=11061665&x=1280&y=819&a=true","foto2":"https://nlwkn.hannit-share.de/index.php/core/preview?fileId=11061668&x=1280&y=819&a=true","foto3":"https://nlwkn.hannit-share.de/index.php/core/preview?fileId=8272963&x=1280&y=819&a=true","foto4":"https://nlwkn.hannit-share.de/index.php/core/preview?fileId=8272955&x=1280&y=819&a=true","link1":"https://geoportal.bafg.de/birt_viewer/frameset?__report=RW_WKSB_21P1.rptdesign&param_wasserkoerper=DERW_DENI_32039","link2":"https://nlwkn.hannit-share.de/index.php/core/preview?fileId=8272989&x=1280&y=819&a=true","Laenge_U_A":5.4100000000000001,"Bez_Anfang":"uh. Schleuse II","Bez_Ende":"Schleuse III","Kat":"S","BSB":"https://nlwkn.hannit-share.de/index.php/apps/files/files/11060783?dir=/db/PCK/Urpl/bsb&openfile=true","MNB":"https://nlwkn.hannit-share.de/index.php/apps/files/files/11060768?dir=/db/PCK/Urpl/mnb&openfile=true","U_Steckbri":"https://nlwkn.hannit-share.de/index.php/apps/files/files/11060759?dir=/db/PCK/Urpl/wsb_nlwkn&openfile=true","WK_NR":32039,"URL_WKDB":" ","IDUabschn":"PCK_3","BfG_WK":"https://geoportal.bafg.de/birt_viewer/frameset?__report=RW_WKSB_21P1.rptdesign&param_wasserkoerper=DERW_DENI_32039"}},{"type":"Feature","id":69,"geometry":{"type":"LineString","coordinates":[[788241.00259759626,6878068.9982561497],[788241.01974895818,6878068.9500306854],[788270.71670841274,6877995.9237057501],[788311.51488727459,6877922.7339375596],[788332.413676447,6877898.7914567674],[788387.5927234171,6877835.573853693],[788438.95835207414,6877797.4996348219],[788513.16895571875,6877758.4523035409],[788580.09306781145,6877727.1001867997],[788679.31679370441,6877694.2391640386],[788741.8498860643,6877680.1228102678],[788796.56842465594,6877675.8127335897],[788831.73658125126,6877673.0424987813],[788844.18523613003,6877671.7500582999],[788995.06065977423,6877656.0767885139],[789083.54132552166,6877642.6474951636],[789165.02787761623,6877625.8749548234],[789275.95905642153,6877596.4725789223],[789368.92956519988,6877561.859653987],[789442.22231766407,6877527.5142699871],[789493.41505790607,6877495.7391701788],[789551.04304875061,6877458.6128160497],[789591.22789918783,6877426.5462615509],[789646.14516605972,6877372.7825233126],[789694.66951521847,6877322.7942287382],[789744.18544191506,6877264.945205221],[789784.43111781881,6877200.540946776],[789822.35928500025,6877134.4974132283],[789848.16205618344,6877080.7545185266],[789863.49433810462,6877036.2006668076],[789877.33751530969,6876988.4525246797],[789890.82876208192,6876924.1327570919],[789896.37377113209,6876862.7570556197],[789896.68618649465,6876790.9911446748],[789888.83965506358,6876679.5169245545],[789882.51328831573,6876589.6685299762],[789879.49840358109,6876546.8247342743],[789865.52925422729,6876326.4450353058],[789864.04201226123,6876301.0821444718],[789862.09831617272,6876255.2872495549],[789861.60368031031,6876184.2928380035],[789867.79015390249,6876098.4926385665],[789879.37729617266,6876016.7780608553],[789894.50199126406,6875950.1436273782],[789914.42525840492,6875880.4799128808],[789939.76775683928,6875814.1145753181],[789953.25182837469,6875780.3882670235],[789954.06509697437,6875779.0331468806]]},"properties":{"FID":69,"ID_con":2029,"bw_id":"VEC_uab_116480_118510","U_NR":10,"name":"Einlauf Vechtesee bis Einmündung Brandlechter Bruchgraben (Wasserkörpergrenze)","GEW":"VEC","stat_von":116480,"stat_bis":118510,"bauart":"U-Abschnitt","upflicht":"NLWKN","KTR":"MABVE00200","bemerk":" ","beschreib":"Unterhaltungsabschnitt 10","beschreib_":" ","bemerk_uab":" ","beschreib1":"Zeitliche Durchführung der Böschungsmahd zwischen Ende Juli und Ende März. Brut- und Laichzeit von Anfang April bis Mitte/Ende Juli soweit wie möglich ausnehmen; in unvermeidlichen Fällen nur abschnittsweise mähen.\nrelativ flache,kurze Böschungen\n","foto1":" ","foto2":" ","foto3":" ","foto4":" ","link1":"https://geoportal.bafg.de/birt_viewer/frameset?__report=RW_WKSB_21P1.rptdesign&param_wasserkoerper=DERW_DENI_32002","link2":" ","Laenge_U_A":2.0299999999999998,"Bez_Anfang":"Einlauf Vechtesee","Bez_Ende":"Einmündung Brandlechter Bruchgraben (Wasserkörpergrenze)","Kat":"S","BSB":"https://nlwkn.hannit-share.de/index.php/apps/files/files/11053727?dir=/db/VEC/Urpl/bsb&openfile=true","MNB":"https://nlwkn.hannit-share.de/index.php/apps/files/files/11053670?dir=/db/VEC/Urpl/mnb&openfile=true","U_Steckbri":"https://nlwkn.hannit-share.de/index.php/apps/files/files/11053664?dir=/db/VEC/Urpl/wsb_nlwkn&openfile=true","WK_NR":32002,"URL_WKDB":"https://www.umweltkarten-niedersachsen.de/Download_OE/WRRL/WKDB_HE/32002_Vechte_Nordhorn_Neuenhaus.pdf","IDUabschn":"VEC_10","BfG_WK":"https://geoportal.bafg.de/birt_viewer/frameset?__report=RW_WKSB_21P1.rptdesign&param_wasserkoerper=DERW_DENI_32002"}},{"type":"Feature","id":70,"geometry":{"type":"LineString","coordinates":[[823250.92439778615,6925911.0382398842],[823274.3644868494,6925903.9619380534],[823322.06068794045,6925888.4495695326],[823376.63429856417,6925867.8167534834],[823423.67818130855,6925847.7700489964],[823458.75215643586,6925825.1950637158],[823501.45530349482,6925797.5146855209],[823549.01614095888,6925754.1219359254],[823605.87530711642,6925698.1264325092],[823628.92816284648,6925675.2833211664],[823646.67484747025,6925654.5814408846],[823661.58160826552,6925626.2834350634],[823665.10389709403,6925603.0053464649],[823670.41224527475,6925566.9591623964],[823671.01288431743,6925539.8480192367],[823666.45434302196,6925508.1031183824],[823658.22407052992,6925472.5084294891],[823644.90307797247,6925429.2659507189],[823643.07274174818,6925422.2601567889],[823639.36053111497,6925408.047814847],[823637.02334185271,6925377.8580893641],[823639.12655066664,6925350.7827209877],[823645.77034990792,6925322.3016580064],[823657.43157117569,6925287.7472693725],[823658.64072509797,6925284.1640595701],[823677.08537136368,6925231.8362720376],[823736.54335036874,6925092.2745376909],[823775.21651429648,6925008.7566247275],[823782.68921639782,6924996.1485029664],[823792.96131189878,6924978.8174935207],[823811.49693125742,6924965.7350369841],[823821.41158920899,6924963.8875094978],[823836.47400162695,6924961.08072758],[823845.09125000087,6924959.4748960556],[823883.08065504662,6924965.7809539847],[823900.2830657158,6924971.5447049225],[823944.1787164117,6924986.2521789819],[823985.07812991634,6925006.5357620846],[823993.74718881887,6925010.8350815205],[824019.60244579532,6925023.9693516865],[824050.60880278132,6925052.4420320997],[824082.48764044931,6925100.592226753],[824099.81266179855,6925132.9547295654],[824117.18929337699,6925151.1643859604],[824131.32500707358,6925162.2251338139],[824156.35528966621,6925165.4024809701],[824174.92166672647,6925165.2908122744],[824195.01471658773,6925155.252686074],[824209.07314798341,6925134.3342455765],[824213.56057993229,6925108.7471438339],[824214.99903236865,6925079.160867692],[824207.52249937446,6925038.5039295135],[824185.97918215266,6924972.6254656855],[824151.46564771654,6924896.3562757149],[824151.41885501717,6924896.2528720153],[824138.20263658941,6924867.0472051911],[824125.51536548499,6924839.0099156974],[824097.83239265217,6924776.1387355085],[824094.68413844891,6924768.0818517338],[824019.99023071583,6924611.253679052],[824012.10882854159,6924602.7410042621],[823978.1627140491,6924573.1436097939],[823947.758126801,6924553.9545259429],[823919.0259490126,6924535.8205625061],[823863.63297406828,6924503.4838942057],[823820.38597169577,6924485.6485280553],[823759.93983542069,6924480.7649729457],[823717.58223517903,6924485.1712856116],[823664.37092404265,6924497.5016318765],[823650.05445877393,6924502.2870286489],[823608.66306389659,6924520.2669842942],[823564.11937800213,6924543.4349586098],[823528.79376081983,6924556.7960456396],[823495.15043186501,6924565.5883289957],[823458.35746674275,6924564.9162285747],[823434.7576618772,6924561.946306427],[823421.99491673231,6924547.0835542604],[823418.02410582476,6924530.1056462266],[823429.1282944507,6924502.4687866047],[823459.86601713637,6924467.279432538],[823532.19577490585,6924411.6380537935],[823568.76228907274,6924394.2765944041],[823652.30386540492,6924370.3308337312],[823680.1880739074,6924362.3381146668],[823725.082604861,6924352.60723997],[823804.5610474837,6924335.4246146353],[823911.78236670722,6924306.6088214638],[824083.41302448104,6924249.375428861],[824088.84067818162,6924247.9503430789],[824174.1359331453,6924225.5550844502],[824306.61104473181,6924215.620326912],[824347.17795944447,6924214.605823651],[824373.93645944935,6924210.2305331565],[824482.41383837909,6924177.2719164994],[824543.25400136865,6924123.3122147657],[824551.75118803547,6924116.3072644481],[824581.52085570048,6924091.7680360973],[824613.68063116411,6924064.608341773],[824637.49458378507,6924041.0296056261],[824655.3327915963,6924015.8137153611],[824672.73408960155,6923976.2742213784],[824703.5844244638,6923906.1480838275],[824735.63385621749,6923815.712661515],[824761.02573732031,6923754.5062420471],[824777.47699770611,6923723.9863266489],[824792.21191297786,6923703.2221037401],[824837.48289301246,6923660.5348503161],[824878.55168143089,6923638.0923979701],[824955.83631095605,6923608.9176662676],[825048.17250047089,6923578.5682498496],[825125.50379548187,6923547.1342453407],[825169.59199268511,6923524.0031205127],[825213.73104013805,6923498.6140674958],[825240.51262160728,6923476.608878132],[825278.08784416306,6923442.0355922105],[825332.73236698983,6923382.982315205],[825395.06633427541,6923315.8137062788],[825414.40256685449,6923290.62965969],[825454.52717461518,6923242.555964198],[825475.39114249917,6923213.1452810401],[825483.99038912694,6923201.0256126486],[825521.97585248738,6923147.6313830707],[825575.62614853471,6923065.2075253269],[825600.53080322791,6923025.8362667263],[825625.70076707669,6922974.4209967768],[825664.39512532344,6922888.6560702063],[825753.99339295854,6922688.1070596864],[825762.35952012613,6922669.3806292936],[825782.97047935717,6922620.1255725604],[825789.53840164479,6922594.6618889431],[825803.3583895968,6922546.7642001379],[825820.73610336427,6922507.9830934973],[825858.99768760102,6922441.7951654624],[825893.37145331781,6922381.5472686505],[825909.89781194413,6922347.2653083475],[825918.78466068406,6922318.8423867431],[825923.09821197356,6922293.3301260564],[825922.90797286353,6922267.7205306655],[825920.36524481885,6922246.5764837731],[825907.55666763347,6922213.9121067934],[825885.39883383503,6922162.2129320987],[825878.54836364079,6922131.9369325358],[825874.84993705794,6922094.9527958892],[825878.47932920733,6922066.4152992703],[825888.9155235932,6922035.7672067787],[825909.783563192,6922009.1151568284],[825929.70046504948,6921991.4780097576],[825975.21363194031,6921971.3925184486],[826020.56211479043,6921958.8326075636],[826065.69662904285,6921956.0577485729],[826110.60083931242,6921963.8226450887],[826169.64137007215,6921977.9212149102],[826350.88733823784,6922037.6271397006],[826418.67716904392,6922063.9657055996],[826467.98927124625,6922076.3424848346],[826503.18108994048,6922081.6323464755],[826530.93114311865,6922083.7465353729],[826563.30155105703,6922080.6908418098],[826587.46184945188,6922075.1948282076],[826592.72232099366,6922072.3635498546],[826604.94529212615,6922065.7861348167],[826621.10706999362,6922048.0665285187],[826635.88174072444,6922025.043883631],[826650.15240422508,6921990.712693247],[826656.83167712751,6921959.9834349686],[826658.76597254793,6921909.101584957],[826660.35019404534,6921867.4297387926],[826659.21155176789,6921816.1951514268],[826651.33882818138,6921694.7777562765],[826653.25446205772,6921641.3524784707],[826657.07777281455,6921603.7818482444],[826665.86497007089,6921545.2369790636],[826676.24827987282,6921516.8471953655],[826696.34433577536,6921490.930154942],[826723.79956850491,6921471.9526573587],[826770.15789816773,6921447.3624188183],[826817.88495046552,6921428.8280699635],[826848.08261612966,6921421.9576003887],[826872.90899624396,6921420.240463214],[826896.10263340001,6921424.5136626568],[826914.67676381057,6921433.9547345797],[826937.54305149929,6921453.2821420366],[826962.5304538575,6921478.6787721412],[826982.45904835954,6921494.927925487],[826998.74883548589,6921505.8268493786],[827021.10933719832,6921513.8444413999],[827042.81970218744,6921517.3309682831],[827069.93070988497,6921514.1583518488],[827100.86227892269,6921508.0569277927],[827131.22197489406,6921493.6582392249],[827160.17970559467,6921474.7104158187],[827187.07974648103,6921446.6822600001],[827211.15544390131,6921415.4962945431],[827228.81717481813,6921392.6197675569],[827309.79320526531,6921295.7390674166],[827361.95906412357,6921245.6703896988],[827386.72639091907,6921218.6412810488]]},"properties":{"FID":70,"ID_con":1984,"bw_id":"HAS_uab_18000_23500","U_NR":6,"name":"uh. Einmündung Mittelradde bis uh. ehem. Altarm Blanke","GEW":"HAS","stat_von":18000,"stat_bis":23500,"bauart":"U-Abschnitt","upflicht":"NLWKN","KTR":"MAAHA00100","bemerk":" ","beschreib":"Unterhaltungsabschnitt 6","beschreib_":" ","bemerk_uab":" ","beschreib1":" ","foto1":" ","foto2":" ","foto3":" ","foto4":" ","link1":"https://geoportal.bafg.de/birt_viewer/frameset?__report=RW_WKSB_21P1.rptdesign&param_wasserkoerper=DERW_DENI_02096","link2":" ","Laenge_U_A":5.5,"Bez_Anfang":"uh. Einmündung Mittelradde","Bez_Ende":"uh. ehem. Altarm Blanke","Kat":"E","BSB":"https://nlwkn.hannit-share.de/index.php/apps/files/files/11063524?dir=/db/HAS/Urpl/bsb&openfile=true","MNB":"https://nlwkn.hannit-share.de/index.php/apps/files/files/11063473?dir=/db/HAS/Urpl/mnb&openfile=true","U_Steckbri":"https://nlwkn.hannit-share.de/index.php/apps/files/files/11063434?dir=/db/HAS/Urpl/wsb_nlwkn&openfile=true","WK_NR":2096,"URL_WKDB":"https://www.umweltkarten-niedersachsen.de/Download_OE/WRRL/WKDB_HE/02089_Hase_Grosse_Hase.pdf","IDUabschn":"HAS_6","BfG_WK":"https://geoportal.bafg.de/birt_viewer/frameset?__report=RW_WKSB_21P1.rptdesign&param_wasserkoerper=DERW_DENI_02096"}},{"type":"Feature","id":71,"geometry":{"type":"LineString","coordinates":[[759506.49153963476,6914229.1182574444],[759404.24065794155,6914284.8351018289],[758993.48796791653,6914495.9283682713],[758567.42664582748,6914715.805322051],[758392.44836863433,6914808.9423949877],[758249.30078906124,6914881.0367789557],[758040.34542958834,6914989.350528392],[757904.25851229613,6915057.0214174436],[757869.13450912957,6915072.1673590159],[757802.63023139269,6915093.3083121944],[757343.0402526051,6915235.6627696389],[757208.97680656018,6915274.4255746948],[757051.57694185257,6915320.5837147227],[756986.8532052309,6915340.0336243371],[756952.35740076378,6915353.4577022539],[756931.22493202344,6915364.3956865482],[756909.91597577557,6915381.119690842],[756815.57566497196,6915481.3303459203],[756730.01479667332,6915577.755895053],[756574.56866114924,6915749.0769298915],[756416.80557684565,6915920.3293963773],[756261.85222210293,6916093.9834687589],[756104.63482595445,6916265.8326303111],[755949.12642854883,6916438.3137691738],[755635.77782585728,6916783.2046994045],[755580.57217661908,6916849.8654195592],[755570.91654842836,6916859.5890627718]]},"properties":{"FID":71,"ID_con":2004,"bw_id":"PCK_uab_19095_22040","U_NR":4,"name":"uh. Schleuse III bis Schleuse IV","GEW":"PCK","stat_von":19095,"stat_bis":22040,"bauart":"U-Abschnitt","upflicht":"NLWKN","KTR":"MAAVE40500","bemerk":" ","beschreib":"Unterhaltungsabschnitt 4","beschreib_":" ","bemerk_uab":" ","beschreib1":"Für die einzelnen Kanalabschnitte sind die regelmäßig wiederkehrenden Unterhaltungsmaßnahmen nach Ufern getrennt in Arbeitsplänen (Stand 2004) dargestellt. Darin werden folgende Pflegemodi unterschieden (siehe auch Anlage 3):\n- zweimalige Mahd ab de","foto1":"https://nlwkn.hannit-share.de/index.php/core/preview?fileId=11061677&x=1280&y=819&a=true","foto2":"https://nlwkn.hannit-share.de/index.php/core/preview?fileId=11061680&x=1280&y=819&a=true","foto3":"https://nlwkn.hannit-share.de/index.php/core/preview?fileId=8273057&x=1280&y=819&a=true","foto4":"https://nlwkn.hannit-share.de/index.php/core/preview?fileId=8273100&x=1280&y=819&a=true","link1":"https://geoportal.bafg.de/birt_viewer/frameset?__report=RW_WKSB_21P1.rptdesign&param_wasserkoerper=DERW_DENI_32039","link2":" ","Laenge_U_A":2.9399999999999999,"Bez_Anfang":"uh. Schleuse III","Bez_Ende":"Schleuse IV","Kat":"S","BSB":"https://nlwkn.hannit-share.de/index.php/apps/files/files/11060786?dir=/db/PCK/Urpl/bsb&openfile=true","MNB":"https://nlwkn.hannit-share.de/index.php/apps/files/files/11060771?dir=/db/PCK/Urpl/mnb&openfile=true","U_Steckbri":"https://nlwkn.hannit-share.de/index.php/apps/files/files/11060759?dir=/db/PCK/Urpl/wsb_nlwkn&openfile=true","WK_NR":32039,"URL_WKDB":" ","IDUabschn":"PCK_4","BfG_WK":"https://geoportal.bafg.de/birt_viewer/frameset?__report=RW_WKSB_21P1.rptdesign&param_wasserkoerper=DERW_DENI_32039"}},{"type":"Feature","id":72,"geometry":{"type":"LineString","coordinates":[[799816.46057333576,6862577.2964441301],[799908.81304086722,6862489.2482015276],[799937.12367322017,6862460.4358906345],[799951.78202394967,6862447.8301072624],[799962.51089542906,6862438.5827121362],[799973.25395072217,6862429.3487770008],[799988.7869478456,6862416.2554209856],[800483.57750231295,6861950.1878603892],[800532.44350229402,6861896.2108237697],[800546.66721083887,6861881.0408748202],[800556.39284138591,6861871.6125699198],[800611.67408562929,6861832.2662749486],[800694.99776030285,6861781.0119454693],[800713.86129231169,6861772.8720097234],[800767.24320885527,6861752.2900222754],[800788.84970790462,6861746.1689325571],[800832.94397418492,6861735.7939622244],[800884.72113706742,6861726.8963393336],[800919.38964505296,6861720.4758825842],[800952.36895723024,6861704.734556837],[800969.75662240514,6861686.4335672818],[800986.37858819764,6861662.3344248412],[801003.2436665619,6861640.0788290296],[801037.53185828973,6861582.9035445917],[801048.04405311111,6861571.62792431],[801061.00731726247,6861559.4604638889],[801089.96880429308,6861539.8537140898],[801224.59907849494,6861442.6818763735],[801235.19381055876,6861435.366278802],[801264.16229293135,6861425.1112477034],[801293.62011038116,6861417.7765974915],[801335.16932095424,6861413.697627251],[801367.79704703903,6861409.4057893073],[801411.93136710965,6861409.6205457533],[801481.82381142781,6861430.4813587237],[801510.50720578665,6861434.6056389101],[801537.40024526278,6861433.1422287244],[801578.05829211301,6861426.5884025889],[801614.72682157147,6861417.8225055393],[801666.74195895973,6861409.5550456801],[801729.74099893251,6861401.8406952163],[801797.91729536268,6861397.0532799084],[801839.02344361797,6861396.8596942443],[801893.00654990762,6861396.9730024859],[801935.72640250379,6861392.6253718175],[801985.9334682842,6861388.627290789],[802036.29373700405,6861379.2224951591],[802069.82586248277,6861367.461940323],[802105.99478462699,6861350.2711214181],[802145.0286011782,6861326.5966403941],[802181.97488477232,6861302.1218472244],[802209.40398366959,6861280.852520233],[802228.57682069601,6861266.1065084282],[802239.93221088161,6861258.4990490153],[802244.59827577253,6861255.2106027137],[802250.65160674264,6861250.9183702134],[802260.79201715533,6861246.8685618574],[802274.2686624357,6861244.0396436956],[802294.61901401915,6861245.0246804543],[802323.03284022491,6861244.7787048696],[802358.53863807267,6861245.6583782881],[802386.13811316621,6861244.5240699723],[802392.34135582694,6861244.2734724609],[802412.98077335779,6861238.1145820403],[802432.7545981427,6861229.038913358],[802473.47906808124,6861205.8930092975],[802529.44490003516,6861176.2345338203],[802583.15032931638,6861148.0719938017],[802617.95933765953,6861131.6874500019],[802654.02245625097,6861103.3951645857],[802672.46910794941,6861076.4461864391],[802681.85411042173,6861053.5940713687],[802687.4786407249,6861028.5149985421],[802697.66303346306,6860964.6192639964],[802701.7154926894,6860932.4754463462],[802707.89534774481,6860904.4714752594],[802720.85474789201,6860871.770760294],[802734.7868695904,6860847.3861159068],[802747.39908774476,6860830.94941092],[802753.71581679804,6860822.9025853947],[802768.14040696516,6860804.5672678864],[802804.80464749818,6860762.528018198],[802823.94008156774,6860739.7263927553],[802835.31379809894,6860724.5544451382],[802855.95325599134,6860703.8073438425],[802879.2490757996,6860681.7718798146],[802925.19551709061,6860648.95828164],[802984.75620480347,6860610.9044773104],[803044.56378345366,6860574.9441597629],[803116.10587192245,6860533.5936143287],[803152.3178965461,6860514.4674918987],[803180.56153826183,6860503.1688673487],[803219.76048713166,6860489.8206626661],[803257.37833754439,6860480.4595319144],[803308.63778186415,6860468.5928271329],[803361.65001800039,6860458.9073378183],[803485.95212412963,6860434.0363993384],[803522.00603844307,6860422.0976102315],[803551.60792528617,6860407.1244619023],[803569.26624291181,6860396.67519469],[803600.97816843493,6860369.3873795718],[803641.38902682159,6860329.0845693247],[803688.39631389827,6860272.2489230391],[803711.26509152935,6860235.7133680787],[803721.75611733412,6860203.1035964796],[803727.24766581459,6860167.4351735981],[803723.5114238268,6860123.9980690144],[803709.05304112087,6860055.7449780209],[803690.40260020329,6859998.3518870985],[803677.27995920612,6859964.8155616373],[803662.86916845571,6859928.405377184],[803644.15720902651,6859880.99841196],[803641.13054188027,6859871.8996195402],[803638.19601928699,6859841.137715036],[803641.92220158584,6859826.7174538821],[803659.35486997024,6859786.5269482415],[803701.29868963477,6859723.9366682144],[803715.96927783766,6859699.9431487191]]},"properties":{"FID":72,"ID_con":2034,"bw_id":"VEC_uab_131440_134740","U_NR":15,"name":"uh. Autobahnbrücke A 30 bis uh. Kläranlage Schüttorf","GEW":"VEC","stat_von":131440,"stat_bis":134740,"bauart":"U-Abschnitt","upflicht":"NLWKN","KTR":"MABVE00200","bemerk":" ","beschreib":"Unterhaltungsabschnitt 15","beschreib_":" ","bemerk_uab":" ","beschreib1":"steile Uferböschungenund abschnittsweise Gehölzsäume ohne Mahd\nHindernisse beseitigen/sichern insbesondere in Abschnitten mit\nUfergehölzen und im Bereich von Bauwerken und Anlagen","foto1":" ","foto2":" ","foto3":" ","foto4":" ","link1":"https://geoportal.bafg.de/birt_viewer/frameset?__report=RW_WKSB_21P1.rptdesign&param_wasserkoerper=DERW_DENI_32001","link2":" ","Laenge_U_A":3.2999999999999998,"Bez_Anfang":"uh. Autobahnbrücke A 30","Bez_Ende":"uh. Kläranlage Schüttorf","Kat":"E","BSB":"https://nlwkn.hannit-share.de/index.php/apps/files/files/11053745?dir=/db/VEC/Urpl/bsb&openfile=true","MNB":"https://nlwkn.hannit-share.de/index.php/apps/files/files/11053685?dir=/db/VEC/Urpl/mnb&openfile=true","U_Steckbri":"https://nlwkn.hannit-share.de/index.php/apps/files/files/11053664?dir=/db/VEC/Urpl/wsb_nlwkn&openfile=true","WK_NR":32001,"URL_WKDB":"https://www.umweltkarten-niedersachsen.de/Download_OE/WRRL/WKDB_HE/32001_Vechte_ohne_Nordhorn.pdf","IDUabschn":"VEC_15","BfG_WK":"https://geoportal.bafg.de/birt_viewer/frameset?__report=RW_WKSB_21P1.rptdesign&param_wasserkoerper=DERW_DENI_32001"}}]}